<?xml version="1.0" ?><gpx xmlns="http://www.topografix.com/GPX/1/1" creator="GaiaGPS" version="1.1" xmlns:xsi="http://www.w3.org/2001/XMLSchema-instance" xsi:schemaLocation="http://www.topografix.com/GPX/1/1 http://www.topografix.com/GPX/1/1/gpx.xsd"><wpt lat="42.2028488838736" lon="-73.28893223423812"><time>2026-09-18T16:37:53Z</time><name>Car Dropoff</name><desc>Started here.</desc><sym>car-24</sym></wpt><wpt lat="42.24315598708577" lon="-73.20561676457889"><time>2026-09-18T16:38:35Z</time><name>Car pickup</name><desc>Ended here. Got picked up and returned to the start to pick up my car.</desc><sym>car-24</sym></wpt><wpt lat="42.252013020912614" lon="-73.22467119474491"><time>2026-07-06T00:10:21Z</time><name>Shaker Camp</name><desc>Camped here for the night. Rainy night and morning. Nice site. Wrote in the journal. First night / trip I ever did solo.</desc><sym>emoji-⛺</sym></wpt><rte><name>Jacobs Ladder Scenic Bi-way, Lee to Benedict Pond Dam, Great Barrington, MA, USA</name><desc></desc><extensions><line xmlns="http://www.topografix.com/GPX/gpx_style/0/2"><color>E834EC</color></line></extensions><rtept lat="42.2928" lon="-73.160904"><ele>414.9</ele><time>2026-07-05T23:59:00Z</time></rtept><rtept lat="42.292644" lon="-73.160402"><ele>414.0</ele><time>2026-07-05T23:59:00Z</time></rtept><rtept lat="42.29257" lon="-73.160158"><ele>413.8</ele><time>2026-07-05T23:59:00Z</time></rtept><rtept lat="42.292458" lon="-73.159833"><ele>413.1</ele><time>2026-07-05T23:59:00Z</time></rtept><rtept lat="42.292408" lon="-73.159859"><ele>413.1</ele><time>2026-07-05T23:59:00Z</time></rtept><rtept lat="42.292385" lon="-73.159867"><ele>413.0</ele><time>2026-07-05T23:59:00Z</time></rtept><rtept lat="42.292242" lon="-73.159449"><ele>413.0</ele><time>2026-07-05T23:59:00Z</time></rtept><rtept lat="42.292136" lon="-73.159085"><ele>413.4</ele><time>2026-07-05T23:59:00Z</time></rtept><rtept lat="42.291996" lon="-73.15867"><ele>413.0</ele><time>2026-07-05T23:59:00Z</time></rtept><rtept lat="42.291956" lon="-73.158568"><ele>413.2</ele><time>2026-07-05T23:59:00Z</time></rtept><rtept lat="42.291956" lon="-73.158568"><ele>413.2</ele><time>2026-07-05T23:59:00Z</time></rtept><rtept lat="42.291952" lon="-73.158568"><ele>413.2</ele><time>2026-07-05T23:59:00Z</time></rtept><rtept lat="42.291895" lon="-73.158424"><ele>413.4</ele><time>2026-07-05T23:59:00Z</time></rtept><rtept lat="42.291801" lon="-73.158205"><ele>413.5</ele><time>2026-07-05T23:59:00Z</time></rtept><rtept lat="42.291686" lon="-73.157951"><ele>414.8</ele><time>2026-07-05T23:59:00Z</time></rtept><rtept lat="42.291555" lon="-73.157687"><ele>415.9</ele><time>2026-07-05T23:59:00Z</time></rtept><rtept lat="42.291555" lon="-73.157687"><ele>415.9</ele><time>2026-07-05T23:59:00Z</time></rtept><rtept lat="42.291556" lon="-73.157688"><ele>415.9</ele><time>2026-07-05T23:59:00Z</time></rtept><rtept lat="42.291516" lon="-73.157607"><ele>416.3</ele><time>2026-07-05T23:59:00Z</time></rtept><rtept lat="42.291449" lon="-73.157503"><ele>417.3</ele><time>2026-07-05T23:59:00Z</time></rtept><rtept lat="42.291414" lon="-73.157556"><ele>417.0</ele><time>2026-07-05T23:59:00Z</time></rtept><rtept lat="42.291385" lon="-73.157644"><ele>416.5</ele><time>2026-07-05T23:59:00Z</time></rtept><rtept lat="42.29135" lon="-73.157748"><ele>415.9</ele><time>2026-07-05T23:59:00Z</time></rtept><rtept lat="42.291318" lon="-73.157815"><ele>415.5</ele><time>2026-07-05T23:59:00Z</time></rtept><rtept lat="42.291318" lon="-73.157815"><ele>415.5</ele><time>2026-07-05T23:59:00Z</time></rtept><rtept lat="42.29132" lon="-73.157816"><ele>415.5</ele><time>2026-07-05T23:59:00Z</time></rtept><rtept lat="42.291315" lon="-73.157827"><ele>415.5</ele><time>2026-07-05T23:59:00Z</time></rtept><rtept lat="42.29127" lon="-73.157971"><ele>414.6</ele><time>2026-07-05T23:59:00Z</time></rtept><rtept lat="42.291211" lon="-73.158027"><ele>414.6</ele><time>2026-07-05T23:59:00Z</time></rtept><rtept lat="42.291136" lon="-73.158065"><ele>415.2</ele><time>2026-07-05T23:59:00Z</time></rtept><rtept lat="42.291035" lon="-73.158095"><ele>415.9</ele><time>2026-07-05T23:59:00Z</time></rtept><rtept lat="42.290961" lon="-73.15815"><ele>415.7</ele><time>2026-07-05T23:59:00Z</time></rtept><rtept lat="42.290873" lon="-73.158166"><ele>416.0</ele><time>2026-07-05T23:59:00Z</time></rtept><rtept lat="42.290819" lon="-73.158209"><ele>415.6</ele><time>2026-07-05T23:59:00Z</time></rtept><rtept lat="42.290777" lon="-73.158268"><ele>414.8</ele><time>2026-07-05T23:59:00Z</time></rtept><rtept lat="42.290774" lon="-73.158271"><ele>414.8</ele><time>2026-07-05T23:59:00Z</time></rtept><rtept lat="42.290772" lon="-73.158272"><ele>414.8</ele><time>2026-07-05T23:59:00Z</time></rtept><rtept lat="42.290772" lon="-73.158272"><ele>414.8</ele><time>2026-07-05T23:59:00Z</time></rtept><rtept lat="42.290716" lon="-73.158333"><ele>413.9</ele><time>2026-07-05T23:59:00Z</time></rtept><rtept lat="42.290658" lon="-73.158322"><ele>414.2</ele><time>2026-07-05T23:59:00Z</time></rtept><rtept lat="42.290596" lon="-73.15831"><ele>414.3</ele><time>2026-07-05T23:59:00Z</time></rtept><rtept lat="42.290538" lon="-73.158286"><ele>414.6</ele><time>2026-07-05T23:59:00Z</time></rtept><rtept lat="42.290506" lon="-73.158305"><ele>414.3</ele><time>2026-07-05T23:59:00Z</time></rtept><rtept lat="42.290462" lon="-73.158322"><ele>414.1</ele><time>2026-07-05T23:59:00Z</time></rtept><rtept lat="42.290437" lon="-73.1583"><ele>414.3</ele><time>2026-07-05T23:59:00Z</time></rtept><rtept lat="42.29041" lon="-73.158249"><ele>414.6</ele><time>2026-07-05T23:59:00Z</time></rtept><rtept lat="42.29038" lon="-73.158134"><ele>415.4</ele><time>2026-07-05T23:59:00Z</time></rtept><rtept lat="42.290327" lon="-73.158052"><ele>416.0</ele><time>2026-07-05T23:59:00Z</time></rtept><rtept lat="42.290298" lon="-73.158044"><ele>416.1</ele><time>2026-07-05T23:59:00Z</time></rtept><rtept lat="42.290276" lon="-73.158038"><ele>416.1</ele><time>2026-07-05T23:59:00Z</time></rtept><rtept lat="42.29021" lon="-73.157982"><ele>416.3</ele><time>2026-07-05T23:59:00Z</time></rtept><rtept lat="42.290148" lon="-73.157953"><ele>416.0</ele><time>2026-07-05T23:59:00Z</time></rtept><rtept lat="42.29009" lon="-73.157929"><ele>416.9</ele><time>2026-07-05T23:59:00Z</time></rtept><rtept lat="42.290047" lon="-73.157909"><ele>417.7</ele><time>2026-07-05T23:59:00Z</time></rtept><rtept lat="42.289978" lon="-73.157794"><ele>418.9</ele><time>2026-07-05T23:59:00Z</time></rtept><rtept lat="42.289935" lon="-73.157706"><ele>419.7</ele><time>2026-07-05T23:59:00Z</time></rtept><rtept lat="42.289885" lon="-73.157642"><ele>420.6</ele><time>2026-07-05T23:59:00Z</time></rtept><rtept lat="42.289858" lon="-73.157589"><ele>421.0</ele><time>2026-07-05T23:59:00Z</time></rtept><rtept lat="42.289837" lon="-73.157501"><ele>421.2</ele><time>2026-07-05T23:59:00Z</time></rtept><rtept lat="42.289829" lon="-73.157387"><ele>420.8</ele><time>2026-07-05T23:59:00Z</time></rtept><rtept lat="42.289818" lon="-73.157301"><ele>420.6</ele><time>2026-07-05T23:59:00Z</time></rtept><rtept lat="42.289805" lon="-73.157267"><ele>420.6</ele><time>2026-07-05T23:59:00Z</time></rtept><rtept lat="42.289769" lon="-73.157166"><ele>420.6</ele><time>2026-07-05T23:59:00Z</time></rtept><rtept lat="42.289768" lon="-73.157168"><ele>420.6</ele><time>2026-07-05T23:59:00Z</time></rtept><rtept lat="42.289768" lon="-73.157168"><ele>420.6</ele><time>2026-07-05T23:59:00Z</time></rtept><rtept lat="42.289766" lon="-73.157162"><ele>420.6</ele><time>2026-07-05T23:59:00Z</time></rtept><rtept lat="42.289724" lon="-73.15709"><ele>420.8</ele><time>2026-07-05T23:59:00Z</time></rtept><rtept lat="42.289681" lon="-73.157023"><ele>420.8</ele><time>2026-07-05T23:59:00Z</time></rtept><rtept lat="42.289585" lon="-73.157001"><ele>421.2</ele><time>2026-07-05T23:59:00Z</time></rtept><rtept lat="42.289548" lon="-73.157006"><ele>421.3</ele><time>2026-07-05T23:59:00Z</time></rtept><rtept lat="42.289444" lon="-73.157049"><ele>421.9</ele><time>2026-07-05T23:59:00Z</time></rtept><rtept lat="42.289421" lon="-73.157062"><ele>422.2</ele><time>2026-07-05T23:59:00Z</time></rtept><rtept lat="42.289421" lon="-73.157062"><ele>422.2</ele><time>2026-07-05T23:59:00Z</time></rtept><rtept lat="42.289424" lon="-73.157056"><ele>422.1</ele><time>2026-07-05T23:59:00Z</time></rtept><rtept lat="42.28938" lon="-73.15708"><ele>422.6</ele><time>2026-07-05T23:59:00Z</time></rtept><rtept lat="42.289335" lon="-73.157064"><ele>422.6</ele><time>2026-07-05T23:59:00Z</time></rtept><rtept lat="42.289287" lon="-73.157072"><ele>423.1</ele><time>2026-07-05T23:59:00Z</time></rtept><rtept lat="42.289247" lon="-73.157085"><ele>423.9</ele><time>2026-07-05T23:59:00Z</time></rtept><rtept lat="42.289234" lon="-73.157107"><ele>424.3</ele><time>2026-07-05T23:59:00Z</time></rtept><rtept lat="42.289225" lon="-73.157144"><ele>424.8</ele><time>2026-07-05T23:59:00Z</time></rtept><rtept lat="42.289196" lon="-73.157179"><ele>425.4</ele><time>2026-07-05T23:59:00Z</time></rtept><rtept lat="42.289175" lon="-73.157203"><ele>425.8</ele><time>2026-07-05T23:59:00Z</time></rtept><rtept lat="42.289138" lon="-73.157224"><ele>426.2</ele><time>2026-07-05T23:59:00Z</time></rtept><rtept lat="42.28909" lon="-73.157219"><ele>426.5</ele><time>2026-07-05T23:59:00Z</time></rtept><rtept lat="42.28907" lon="-73.15721"><ele>426.7</ele><time>2026-07-05T23:59:00Z</time></rtept><rtept lat="42.289068" lon="-73.157216"><ele>426.7</ele><time>2026-07-05T23:59:00Z</time></rtept><rtept lat="42.289068" lon="-73.157216"><ele>426.7</ele><time>2026-07-05T23:59:00Z</time></rtept><rtept lat="42.289037" lon="-73.157203"><ele>426.9</ele><time>2026-07-05T23:59:00Z</time></rtept><rtept lat="42.28901" lon="-73.157156"><ele>427.2</ele><time>2026-07-05T23:59:00Z</time></rtept><rtept lat="42.288907" lon="-73.157022"><ele>428.1</ele><time>2026-07-05T23:59:00Z</time></rtept><rtept lat="42.288869" lon="-73.156944"><ele>428.1</ele><time>2026-07-05T23:59:00Z</time></rtept><rtept lat="42.288859" lon="-73.156863"><ele>427.2</ele><time>2026-07-05T23:59:00Z</time></rtept><rtept lat="42.288863" lon="-73.15685"><ele>427.0</ele><time>2026-07-05T23:59:00Z</time></rtept><rtept lat="42.288864" lon="-73.156848"><ele>426.9</ele><time>2026-07-05T23:59:00Z</time></rtept><rtept lat="42.288864" lon="-73.156848"><ele>426.9</ele><time>2026-07-05T23:59:00Z</time></rtept><rtept lat="42.288883" lon="-73.156781"><ele>425.7</ele><time>2026-07-05T23:59:00Z</time></rtept><rtept lat="42.288962" lon="-73.156746"><ele>423.9</ele><time>2026-07-05T23:59:00Z</time></rtept><rtept lat="42.289044" lon="-73.156787"><ele>423.4</ele><time>2026-07-05T23:59:00Z</time></rtept><rtept lat="42.289078" lon="-73.156882"><ele>424.8</ele><time>2026-07-05T23:59:00Z</time></rtept><rtept lat="42.289061" lon="-73.156953"><ele>426.3</ele><time>2026-07-05T23:59:00Z</time></rtept><rtept lat="42.289032" lon="-73.157006"><ele>426.9</ele><time>2026-07-05T23:59:00Z</time></rtept><rtept lat="42.288979" lon="-73.157063"><ele>427.5</ele><time>2026-07-05T23:59:00Z</time></rtept><rtept lat="42.288934" lon="-73.157125"><ele>428.1</ele><time>2026-07-05T23:59:00Z</time></rtept><rtept lat="42.288822" lon="-73.157265"><ele>430.3</ele><time>2026-07-05T23:59:00Z</time></rtept><rtept lat="42.288785" lon="-73.157311"><ele>431.3</ele><time>2026-07-05T23:59:00Z</time></rtept><rtept lat="42.288758" lon="-73.157371"><ele>432.4</ele><time>2026-07-05T23:59:00Z</time></rtept><rtept lat="42.288758" lon="-73.157379"><ele>432.5</ele><time>2026-07-05T23:59:00Z</time></rtept><rtept lat="42.28876" lon="-73.157376"><ele>432.5</ele><time>2026-07-05T23:59:00Z</time></rtept><rtept lat="42.28876" lon="-73.157376"><ele>432.5</ele><time>2026-07-05T23:59:00Z</time></rtept><rtept lat="42.288758" lon="-73.157421"><ele>433.0</ele><time>2026-07-05T23:59:00Z</time></rtept><rtept lat="42.288789" lon="-73.157508"><ele>433.1</ele><time>2026-07-05T23:59:00Z</time></rtept><rtept lat="42.288826" lon="-73.157576"><ele>432.9</ele><time>2026-07-05T23:59:00Z</time></rtept><rtept lat="42.288893" lon="-73.157674"><ele>432.6</ele><time>2026-07-05T23:59:00Z</time></rtept><rtept lat="42.288955" lon="-73.157754"><ele>432.7</ele><time>2026-07-05T23:59:00Z</time></rtept><rtept lat="42.289038" lon="-73.15782"><ele>432.2</ele><time>2026-07-05T23:59:00Z</time></rtept><rtept lat="42.289117" lon="-73.157884"><ele>430.8</ele><time>2026-07-05T23:59:00Z</time></rtept><rtept lat="42.289136" lon="-73.15795"><ele>430.9</ele><time>2026-07-05T23:59:00Z</time></rtept><rtept lat="42.289123" lon="-73.158022"><ele>431.9</ele><time>2026-07-05T23:59:00Z</time></rtept><rtept lat="42.289113" lon="-73.158035"><ele>432.3</ele><time>2026-07-05T23:59:00Z</time></rtept><rtept lat="42.289113" lon="-73.158035"><ele>432.3</ele><time>2026-07-05T23:59:00Z</time></rtept><rtept lat="42.289112" lon="-73.15804"><ele>432.4</ele><time>2026-07-05T23:59:00Z</time></rtept><rtept lat="42.289056" lon="-73.158108"><ele>434.2</ele><time>2026-07-05T23:59:00Z</time></rtept><rtept lat="42.288946" lon="-73.158227"><ele>437.9</ele><time>2026-07-05T23:59:00Z</time></rtept><rtept lat="42.288874" lon="-73.158332"><ele>442.2</ele><time>2026-07-05T23:59:00Z</time></rtept><rtept lat="42.288903" lon="-73.158423"><ele>442.3</ele><time>2026-07-05T23:59:00Z</time></rtept><rtept lat="42.288937" lon="-73.158531"><ele>442.6</ele><time>2026-07-05T23:59:00Z</time></rtept><rtept lat="42.288936" lon="-73.158528"><ele>442.6</ele><time>2026-07-05T23:59:00Z</time></rtept><rtept lat="42.288936" lon="-73.158528"><ele>442.6</ele><time>2026-07-05T23:59:00Z</time></rtept><rtept lat="42.288942" lon="-73.158548"><ele>442.6</ele><time>2026-07-05T23:59:00Z</time></rtept><rtept lat="42.288952" lon="-73.158583"><ele>442.8</ele><time>2026-07-05T23:59:00Z</time></rtept><rtept lat="42.288955" lon="-73.158615"><ele>443.2</ele><time>2026-07-05T23:59:00Z</time></rtept><rtept lat="42.288947" lon="-73.158648"><ele>443.9</ele><time>2026-07-05T23:59:00Z</time></rtept><rtept lat="42.288908" lon="-73.158665"><ele>445.8</ele><time>2026-07-05T23:59:00Z</time></rtept><rtept lat="42.28882" lon="-73.158662"><ele>449.4</ele><time>2026-07-05T23:59:00Z</time></rtept><rtept lat="42.288782" lon="-73.15866"><ele>451.0</ele><time>2026-07-05T23:59:00Z</time></rtept><rtept lat="42.288671" lon="-73.158627"><ele>453.5</ele><time>2026-07-05T23:59:00Z</time></rtept><rtept lat="42.28862" lon="-73.158622"><ele>454.4</ele><time>2026-07-05T23:59:00Z</time></rtept><rtept lat="42.288603" lon="-73.158616"><ele>454.7</ele><time>2026-07-05T23:59:00Z</time></rtept><rtept lat="42.288577" lon="-73.158582"><ele>454.8</ele><time>2026-07-05T23:59:00Z</time></rtept><rtept lat="42.288549" lon="-73.158528"><ele>454.9</ele><time>2026-07-05T23:59:00Z</time></rtept><rtept lat="42.288492" lon="-73.158477"><ele>455.6</ele><time>2026-07-05T23:59:00Z</time></rtept><rtept lat="42.288399" lon="-73.158414"><ele>457.1</ele><time>2026-07-05T23:59:00Z</time></rtept><rtept lat="42.288315" lon="-73.158418"><ele>458.8</ele><time>2026-07-05T23:59:00Z</time></rtept><rtept lat="42.288285" lon="-73.158418"><ele>459.4</ele><time>2026-07-05T23:59:00Z</time></rtept><rtept lat="42.288233" lon="-73.158437"><ele>460.7</ele><time>2026-07-05T23:59:00Z</time></rtept><rtept lat="42.288175" lon="-73.15842"><ele>462.3</ele><time>2026-07-05T23:59:00Z</time></rtept><rtept lat="42.288127" lon="-73.158375"><ele>464.2</ele><time>2026-07-05T23:59:00Z</time></rtept><rtept lat="42.288002" lon="-73.158406"><ele>471.4</ele><time>2026-07-05T23:59:00Z</time></rtept><rtept lat="42.287948" lon="-73.158465"><ele>475.2</ele><time>2026-07-05T23:59:00Z</time></rtept><rtept lat="42.287844" lon="-73.158584"><ele>480.3</ele><time>2026-07-05T23:59:00Z</time></rtept><rtept lat="42.287826" lon="-73.158654"><ele>481.1</ele><time>2026-07-05T23:59:00Z</time></rtept><rtept lat="42.287759" lon="-73.158726"><ele>482.8</ele><time>2026-07-05T23:59:00Z</time></rtept><rtept lat="42.287682" lon="-73.158761"><ele>484.6</ele><time>2026-07-05T23:59:00Z</time></rtept><rtept lat="42.287599" lon="-73.158766"><ele>486.8</ele><time>2026-07-05T23:59:00Z</time></rtept><rtept lat="42.287471" lon="-73.15875"><ele>490.9</ele><time>2026-07-05T23:59:00Z</time></rtept><rtept lat="42.287423" lon="-73.158769"><ele>492.6</ele><time>2026-07-05T23:59:00Z</time></rtept><rtept lat="42.287381" lon="-73.158822"><ele>494.1</ele><time>2026-07-05T23:59:00Z</time></rtept><rtept lat="42.287298" lon="-73.158907"><ele>496.4</ele><time>2026-07-05T23:59:00Z</time></rtept><rtept lat="42.287201" lon="-73.15894"><ele>498.5</ele><time>2026-07-05T23:59:00Z</time></rtept><rtept lat="42.287053" lon="-73.159043"><ele>501.4</ele><time>2026-07-05T23:59:00Z</time></rtept><rtept lat="42.286986" lon="-73.159071"><ele>502.4</ele><time>2026-07-05T23:59:00Z</time></rtept><rtept lat="42.286949" lon="-73.159115"><ele>502.9</ele><time>2026-07-05T23:59:00Z</time></rtept><rtept lat="42.286878" lon="-73.159113"><ele>504.0</ele><time>2026-07-05T23:59:00Z</time></rtept><rtept lat="42.286878" lon="-73.159113"><ele>504.0</ele><time>2026-07-05T23:59:00Z</time></rtept><rtept lat="42.286949" lon="-73.159116"><ele>503.2000000000007</ele><time>2026-07-05T23:59:00Z</time></rtept><rtept lat="42.286949" lon="-73.159116"><ele>503.2000000000007</ele><time>2026-07-05T23:59:00Z</time></rtept><rtept lat="42.286949" lon="-73.159164"><ele>503.2000000000007</ele><time>2026-07-05T23:59:00Z</time></rtept><rtept lat="42.286939" lon="-73.159213"><ele>503.2000000000007</ele><time>2026-07-05T23:59:00Z</time></rtept><rtept lat="42.286922" lon="-73.159263"><ele>503.2000000000007</ele><time>2026-07-05T23:59:00Z</time></rtept><rtept lat="42.286909" lon="-73.159329"><ele>503.2000000000007</ele><time>2026-07-05T23:59:00Z</time></rtept><rtept lat="42.286912" lon="-73.159398"><ele>503.0</ele><time>2026-07-05T23:59:00Z</time></rtept><rtept lat="42.286869" lon="-73.159463"><ele>503.60000000000036</ele><time>2026-07-05T23:59:00Z</time></rtept><rtept lat="42.286802" lon="-73.159513"><ele>504.2000000000007</ele><time>2026-07-05T23:59:00Z</time></rtept><rtept lat="42.286788" lon="-73.159582"><ele>504.2000000000007</ele><time>2026-07-05T23:59:00Z</time></rtept><rtept lat="42.286742" lon="-73.159625"><ele>504.60000000000036</ele><time>2026-07-05T23:59:00Z</time></rtept><rtept lat="42.286698" lon="-73.159647"><ele>505.2000000000007</ele><time>2026-07-05T23:59:00Z</time></rtept><rtept lat="42.286624" lon="-73.159705"><ele>505.40000000000146</ele><time>2026-07-05T23:59:00Z</time></rtept><rtept lat="42.286563" lon="-73.159727"><ele>506.0</ele><time>2026-07-05T23:59:00Z</time></rtept><rtept lat="42.286509" lon="-73.159815"><ele>505.8000000000011</ele><time>2026-07-05T23:59:00Z</time></rtept><rtept lat="42.286509" lon="-73.159908"><ele>505.0</ele><time>2026-07-05T23:59:00Z</time></rtept><rtept lat="42.286464" lon="-73.159988"><ele>504.0</ele><time>2026-07-05T23:59:00Z</time></rtept><rtept lat="42.286453" lon="-73.160076"><ele>503.0</ele><time>2026-07-05T23:59:00Z</time></rtept><rtept lat="42.286421" lon="-73.160158"><ele>502.0</ele><time>2026-07-05T23:59:00Z</time></rtept><rtept lat="42.286373" lon="-73.160262"><ele>500.40000000000146</ele><time>2026-07-05T23:59:00Z</time></rtept><rtept lat="42.286325" lon="-73.160372"><ele>497.40000000000146</ele><time>2026-07-05T23:59:00Z</time></rtept><rtept lat="42.286261" lon="-73.160502"><ele>497.0</ele><time>2026-07-05T23:59:00Z</time></rtept><rtept lat="42.286099" lon="-73.160827"><ele>500.60000000000036</ele><time>2026-07-05T23:59:00Z</time></rtept><rtept lat="42.286035" lon="-73.161072"><ele>505.2000000000007</ele><time>2026-07-05T23:59:00Z</time></rtept><rtept lat="42.285872" lon="-73.161483"><ele>511.60000000000036</ele><time>2026-07-05T23:59:00Z</time></rtept><rtept lat="42.285793" lon="-73.161669"><ele>514.8000000000011</ele><time>2026-07-05T23:59:00Z</time></rtept><rtept lat="42.285807" lon="-73.161773"><ele>515.8000000000011</ele><time>2026-07-05T23:59:00Z</time></rtept><rtept lat="42.285784" lon="-73.161839"><ele>516.8000000000011</ele><time>2026-07-05T23:59:00Z</time></rtept><rtept lat="42.285744" lon="-73.16188"><ele>517.8000000000011</ele><time>2026-07-05T23:59:00Z</time></rtept><rtept lat="42.285723" lon="-73.16196"><ele>518.8000000000011</ele><time>2026-07-05T23:59:00Z</time></rtept><rtept lat="42.28567" lon="-73.162059"><ele>520.8000000000011</ele><time>2026-07-05T23:59:00Z</time></rtept><rtept lat="42.285659" lon="-73.162208"><ele>523.0</ele><time>2026-07-05T23:59:00Z</time></rtept><rtept lat="42.285619" lon="-73.162341"><ele>527.2000000000007</ele><time>2026-07-05T23:59:00Z</time></rtept><rtept lat="42.285576" lon="-73.162397"><ele>527.2000000000007</ele><time>2026-07-05T23:59:00Z</time></rtept><rtept lat="42.285587" lon="-73.162424"><ele>528.8000000000011</ele><time>2026-07-05T23:59:00Z</time></rtept><rtept lat="42.285563" lon="-73.162548"><ele>531.4000000000015</ele><time>2026-07-05T23:59:00Z</time></rtept><rtept lat="42.28552" lon="-73.162638"><ele>532.6000000000004</ele><time>2026-07-05T23:59:00Z</time></rtept><rtept lat="42.285502" lon="-73.16271"><ele>534.0</ele><time>2026-07-05T23:59:00Z</time></rtept><rtept lat="42.285491" lon="-73.162798"><ele>536.4000000000015</ele><time>2026-07-05T23:59:00Z</time></rtept><rtept lat="42.285432" lon="-73.162883"><ele>538.8000000000011</ele><time>2026-07-05T23:59:00Z</time></rtept><rtept lat="42.285395" lon="-73.162961"><ele>539.8000000000011</ele><time>2026-07-05T23:59:00Z</time></rtept><rtept lat="42.285377" lon="-73.16307"><ele>540.4000000000015</ele><time>2026-07-05T23:59:00Z</time></rtept><rtept lat="42.285331" lon="-73.163131"><ele>542.0</ele><time>2026-07-05T23:59:00Z</time></rtept><rtept lat="42.285315" lon="-73.163256"><ele>542.4000000000015</ele><time>2026-07-05T23:59:00Z</time></rtept><rtept lat="42.285325" lon="-73.163399"><ele>543.0</ele><time>2026-07-05T23:59:00Z</time></rtept><rtept lat="42.285316" lon="-73.16348"><ele>543.2000000000007</ele><time>2026-07-05T23:59:00Z</time></rtept><rtept lat="42.285275" lon="-73.163561"><ele>543.4000000000015</ele><time>2026-07-05T23:59:00Z</time></rtept><rtept lat="42.285209" lon="-73.163671"><ele>543.2000000000007</ele><time>2026-07-05T23:59:00Z</time></rtept><rtept lat="42.285178" lon="-73.163813"><ele>542.0</ele><time>2026-07-05T23:59:00Z</time></rtept><rtept lat="42.285139" lon="-73.16398"><ele>540.8000000000011</ele><time>2026-07-05T23:59:00Z</time></rtept><rtept lat="42.285124" lon="-73.164159"><ele>539.4000000000015</ele><time>2026-07-05T23:59:00Z</time></rtept><rtept lat="42.285153" lon="-73.164263"><ele>538.6000000000004</ele><time>2026-07-05T23:59:00Z</time></rtept><rtept lat="42.285166" lon="-73.164362"><ele>537.8000000000011</ele><time>2026-07-05T23:59:00Z</time></rtept><rtept lat="42.285129" lon="-73.164437"><ele>537.0</ele><time>2026-07-05T23:59:00Z</time></rtept><rtept lat="42.285121" lon="-73.164584"><ele>535.6000000000004</ele><time>2026-07-05T23:59:00Z</time></rtept><rtept lat="42.285078" lon="-73.164744"><ele>533.2000000000007</ele><time>2026-07-05T23:59:00Z</time></rtept><rtept lat="42.285081" lon="-73.164824"><ele>533.2000000000007</ele><time>2026-07-05T23:59:00Z</time></rtept><rtept lat="42.285049" lon="-73.164896"><ele>530.6000000000004</ele><time>2026-07-05T23:59:00Z</time></rtept><rtept lat="42.285175" lon="-73.165497"><ele>529.4000000000015</ele><time>2026-07-05T23:59:00Z</time></rtept><rtept lat="42.285175" lon="-73.165497"><ele>529.4000000000015</ele><time>2026-07-05T23:59:00Z</time></rtept><rtept lat="42.285284" lon="-73.166019"><ele>526.0</ele><time>2026-07-05T23:59:00Z</time></rtept><rtept lat="42.285534" lon="-73.165994"><ele>530.2000000000007</ele><time>2026-07-05T23:59:00Z</time></rtept><rtept lat="42.285566" lon="-73.16608"><ele>530.4000000000015</ele><time>2026-07-05T23:59:00Z</time></rtept><rtept lat="42.285579" lon="-73.166175"><ele>530.0</ele><time>2026-07-05T23:59:00Z</time></rtept><rtept lat="42.285598" lon="-73.166257"><ele>529.4000000000015</ele><time>2026-07-05T23:59:00Z</time></rtept><rtept lat="42.285656" lon="-73.16638"><ele>529.4000000000015</ele><time>2026-07-05T23:59:00Z</time></rtept><rtept lat="42.285726" lon="-73.166543"><ele>529.4000000000015</ele><time>2026-07-05T23:59:00Z</time></rtept><rtept lat="42.285798" lon="-73.166665"><ele>530.4000000000015</ele><time>2026-07-05T23:59:00Z</time></rtept><rtept lat="42.285878" lon="-73.166801"><ele>529.8000000000011</ele><time>2026-07-05T23:59:00Z</time></rtept><rtept lat="42.285949" lon="-73.166936"><ele>532.2000000000007</ele><time>2026-07-05T23:59:00Z</time></rtept><rtept lat="42.285998" lon="-73.167013"><ele>531.0</ele><time>2026-07-05T23:59:00Z</time></rtept><rtept lat="42.28604" lon="-73.167085"><ele>531.2000000000007</ele><time>2026-07-05T23:59:00Z</time></rtept><rtept lat="42.286048" lon="-73.167213"><ele>530.0</ele><time>2026-07-05T23:59:00Z</time></rtept><rtept lat="42.286073" lon="-73.167269"><ele>530.2000000000007</ele><time>2026-07-05T23:59:00Z</time></rtept><rtept lat="42.286109" lon="-73.167322"><ele>529.2000000000007</ele><time>2026-07-05T23:59:00Z</time></rtept><rtept lat="42.286144" lon="-73.167378"><ele>530.4000000000015</ele><time>2026-07-05T23:59:00Z</time></rtept><rtept lat="42.286176" lon="-73.167509"><ele>528.4000000000015</ele><time>2026-07-05T23:59:00Z</time></rtept><rtept lat="42.286235" lon="-73.167578"><ele>528.4000000000015</ele><time>2026-07-05T23:59:00Z</time></rtept><rtept lat="42.286261" lon="-73.167695"><ele>527.2000000000007</ele><time>2026-07-05T23:59:00Z</time></rtept><rtept lat="42.286315" lon="-73.167816"><ele>527.4000000000015</ele><time>2026-07-05T23:59:00Z</time></rtept><rtept lat="42.286376" lon="-73.167955"><ele>526.4000000000015</ele><time>2026-07-05T23:59:00Z</time></rtept><rtept lat="42.286427" lon="-73.168019"><ele>526.6000000000004</ele><time>2026-07-05T23:59:00Z</time></rtept><rtept lat="42.286531" lon="-73.168115"><ele>527.6000000000004</ele><time>2026-07-05T23:59:00Z</time></rtept><rtept lat="42.286584" lon="-73.168216"><ele>527.2000000000007</ele><time>2026-07-05T23:59:00Z</time></rtept><rtept lat="42.286626" lon="-73.168315"><ele>526.2000000000007</ele><time>2026-07-05T23:59:00Z</time></rtept><rtept lat="42.286633" lon="-73.168408"><ele>525.0</ele><time>2026-07-05T23:59:00Z</time></rtept><rtept lat="42.286693" lon="-73.168496"><ele>524.8000000000011</ele><time>2026-07-05T23:59:00Z</time></rtept><rtept lat="42.286741" lon="-73.168571"><ele>524.6000000000004</ele><time>2026-07-05T23:59:00Z</time></rtept><rtept lat="42.286749" lon="-73.168652"><ele>523.6000000000004</ele><time>2026-07-05T23:59:00Z</time></rtept><rtept lat="42.286738" lon="-73.168775"><ele>519.6000000000004</ele><time>2026-07-05T23:59:00Z</time></rtept><rtept lat="42.286784" lon="-73.16887"><ele>519.0</ele><time>2026-07-05T23:59:00Z</time></rtept><rtept lat="42.286802" lon="-73.168969"><ele>516.0</ele><time>2026-07-05T23:59:00Z</time></rtept><rtept lat="42.286824" lon="-73.169038"><ele>513.8000000000011</ele><time>2026-07-05T23:59:00Z</time></rtept><rtept lat="42.2868" lon="-73.169075"><ele>513.8000000000011</ele><time>2026-07-05T23:59:00Z</time></rtept><rtept lat="42.286749" lon="-73.169081"><ele>512.0</ele><time>2026-07-05T23:59:00Z</time></rtept><rtept lat="42.28668" lon="-73.169105"><ele>510.0</ele><time>2026-07-05T23:59:00Z</time></rtept><rtept lat="42.286629" lon="-73.169142"><ele>505.60000000000036</ele><time>2026-07-05T23:59:00Z</time></rtept><rtept lat="42.286584" lon="-73.16918"><ele>505.60000000000036</ele><time>2026-07-05T23:59:00Z</time></rtept><rtept lat="42.286601" lon="-73.169231"><ele>503.40000000000146</ele><time>2026-07-05T23:59:00Z</time></rtept><rtept lat="42.286624" lon="-73.169282"><ele>503.40000000000146</ele><time>2026-07-05T23:59:00Z</time></rtept><rtept lat="42.286632" lon="-73.169345"><ele>501.60000000000036</ele><time>2026-07-05T23:59:00Z</time></rtept><rtept lat="42.286712" lon="-73.169525"><ele>504.60000000000036</ele><time>2026-07-05T23:59:00Z</time></rtept><rtept lat="42.286774" lon="-73.169638"><ele>505.2000000000007</ele><time>2026-07-05T23:59:00Z</time></rtept><rtept lat="42.286853" lon="-73.169708"><ele>507.60000000000036</ele><time>2026-07-05T23:59:00Z</time></rtept><rtept lat="42.286898" lon="-73.169786"><ele>508.2000000000007</ele><time>2026-07-05T23:59:00Z</time></rtept><rtept lat="42.286954" lon="-73.169863"><ele>507.2000000000007</ele><time>2026-07-05T23:59:00Z</time></rtept><rtept lat="42.287023" lon="-73.169959"><ele>508.0</ele><time>2026-07-05T23:59:00Z</time></rtept><rtept lat="42.28713" lon="-73.170218"><ele>508.40000000000146</ele><time>2026-07-05T23:59:00Z</time></rtept><rtept lat="42.287183" lon="-73.170371"><ele>508.0</ele><time>2026-07-05T23:59:00Z</time></rtept><rtept lat="42.287245" lon="-73.170535"><ele>507.40000000000146</ele><time>2026-07-05T23:59:00Z</time></rtept><rtept lat="42.287343" lon="-73.170631"><ele>508.60000000000036</ele><time>2026-07-05T23:59:00Z</time></rtept><rtept lat="42.287381" lon="-73.170752"><ele>506.2000000000007</ele><time>2026-07-05T23:59:00Z</time></rtept><rtept lat="42.287474" lon="-73.170877"><ele>506.40000000000146</ele><time>2026-07-05T23:59:00Z</time></rtept><rtept lat="42.287549" lon="-73.170938"><ele>506.0</ele><time>2026-07-05T23:59:00Z</time></rtept><rtept lat="42.287585" lon="-73.170994"><ele>506.0</ele><time>2026-07-05T23:59:00Z</time></rtept><rtept lat="42.28759" lon="-73.171119"><ele>504.0</ele><time>2026-07-05T23:59:00Z</time></rtept><rtept lat="42.287546" lon="-73.17124"><ele>503.0</ele><time>2026-07-05T23:59:00Z</time></rtept><rtept lat="42.287568" lon="-73.171406"><ele>500.2000000000007</ele><time>2026-07-05T23:59:00Z</time></rtept><rtept lat="42.287555" lon="-73.171531"><ele>497.8000000000011</ele><time>2026-07-05T23:59:00Z</time></rtept><rtept lat="42.287567" lon="-73.17163"><ele>496.60000000000036</ele><time>2026-07-05T23:59:00Z</time></rtept><rtept lat="42.287627" lon="-73.171743"><ele>496.8000000000011</ele><time>2026-07-05T23:59:00Z</time></rtept><rtept lat="42.287687" lon="-73.171782"><ele>496.8000000000011</ele><time>2026-07-05T23:59:00Z</time></rtept><rtept lat="42.287767" lon="-73.171865"><ele>496.40000000000146</ele><time>2026-07-05T23:59:00Z</time></rtept><rtept lat="42.287828" lon="-73.171981"><ele>495.60000000000036</ele><time>2026-07-05T23:59:00Z</time></rtept><rtept lat="42.287828" lon="-73.171981"><ele>495.60000000000036</ele><time>2026-07-05T23:59:00Z</time></rtept><rtept lat="42.287788" lon="-73.17202"><ele>494.4</ele><time>2026-07-05T23:59:00Z</time></rtept><rtept lat="42.287828" lon="-73.171981"><ele>495.60000000000036</ele><time>2026-07-05T23:59:00Z</time></rtept><rtept lat="42.287848" lon="-73.172018"><ele>495.60000000000036</ele><time>2026-07-05T23:59:00Z</time></rtept><rtept lat="42.287914" lon="-73.172202"><ele>493.60000000000036</ele><time>2026-07-05T23:59:00Z</time></rtept><rtept lat="42.287954" lon="-73.172317"><ele>491.60000000000036</ele><time>2026-07-05T23:59:00Z</time></rtept><rtept lat="42.287978" lon="-73.172572"><ele>488.2000000000007</ele><time>2026-07-05T23:59:00Z</time></rtept><rtept lat="42.28799" lon="-73.172664"><ele>486.60000000000036</ele><time>2026-07-05T23:59:00Z</time></rtept><rtept lat="42.288116" lon="-73.172855"><ele>482.2000000000007</ele><time>2026-07-05T23:59:00Z</time></rtept><rtept lat="42.28822" lon="-73.172908"><ele>479.60000000000036</ele><time>2026-07-05T23:59:00Z</time></rtept><rtept lat="42.288238" lon="-73.17299"><ele>477.8000000000011</ele><time>2026-07-05T23:59:00Z</time></rtept><rtept lat="42.288223" lon="-73.17306"><ele>478.0</ele><time>2026-07-05T23:59:00Z</time></rtept><rtept lat="42.288121" lon="-73.1731"><ele>476.8000000000011</ele><time>2026-07-05T23:59:00Z</time></rtept><rtept lat="42.288055" lon="-73.173104"><ele>477.0</ele><time>2026-07-05T23:59:00Z</time></rtept><rtept lat="42.287961" lon="-73.1732"><ele>475.40000000000146</ele><time>2026-07-05T23:59:00Z</time></rtept><rtept lat="42.287845" lon="-73.173366"><ele>473.2000000000007</ele><time>2026-07-05T23:59:00Z</time></rtept><rtept lat="42.287745" lon="-73.173311"><ele>473.2000000000007</ele><time>2026-07-05T23:59:00Z</time></rtept><rtept lat="42.287653" lon="-73.173317"><ele>472.40000000000146</ele><time>2026-07-05T23:59:00Z</time></rtept><rtept lat="42.287548" lon="-73.173305"><ele>471.8000000000011</ele><time>2026-07-05T23:59:00Z</time></rtept><rtept lat="42.287343" lon="-73.173239"><ele>469.8000000000011</ele><time>2026-07-05T23:59:00Z</time></rtept><rtept lat="42.287301" lon="-73.173233"><ele>469.60000000000036</ele><time>2026-07-05T23:59:00Z</time></rtept><rtept lat="42.287229" lon="-73.173199"><ele>468.8000000000011</ele><time>2026-07-05T23:59:00Z</time></rtept><rtept lat="42.286997" lon="-73.172892"><ele>465.8000000000011</ele><time>2026-07-05T23:59:00Z</time></rtept><rtept lat="42.286936" lon="-73.172795"><ele>464.8000000000011</ele><time>2026-07-05T23:59:00Z</time></rtept><rtept lat="42.286694" lon="-73.172578"><ele>459.8000000000011</ele><time>2026-07-05T23:59:00Z</time></rtept><rtept lat="42.286592" lon="-73.172503"><ele>459.60000000000036</ele><time>2026-07-05T23:59:00Z</time></rtept><rtept lat="42.286405" lon="-73.172402"><ele>455.60000000000036</ele><time>2026-07-05T23:59:00Z</time></rtept><rtept lat="42.286346" lon="-73.172395"><ele>454.40000000000146</ele><time>2026-07-05T23:59:00Z</time></rtept><rtept lat="42.286275" lon="-73.172355"><ele>454.2000000000007</ele><time>2026-07-05T23:59:00Z</time></rtept><rtept lat="42.286192" lon="-73.172234"><ele>453.2000000000007</ele><time>2026-07-05T23:59:00Z</time></rtept><rtept lat="42.286128" lon="-73.172201"><ele>453.0</ele><time>2026-07-05T23:59:00Z</time></rtept><rtept lat="42.28608" lon="-73.172142"><ele>453.0</ele><time>2026-07-05T23:59:00Z</time></rtept><rtept lat="42.285525" lon="-73.170598"><ele>452.2000000000007</ele><time>2026-07-05T23:59:00Z</time></rtept><rtept lat="42.285491" lon="-73.170256"><ele>452.8000000000011</ele><time>2026-07-05T23:59:00Z</time></rtept><rtept lat="42.285488" lon="-73.170134"><ele>453.60000000000036</ele><time>2026-07-05T23:59:00Z</time></rtept><rtept lat="42.28544" lon="-73.169945"><ele>454.2000000000007</ele><time>2026-07-05T23:59:00Z</time></rtept><rtept lat="42.285326" lon="-73.169729"><ele>451.8000000000011</ele><time>2026-07-05T23:59:00Z</time></rtept><rtept lat="42.285254" lon="-73.169433"><ele>452.0</ele><time>2026-07-05T23:59:00Z</time></rtept><rtept lat="42.285086" lon="-73.169196"><ele>451.0</ele><time>2026-07-05T23:59:00Z</time></rtept><rtept lat="42.285051" lon="-73.16911"><ele>451.0</ele><time>2026-07-05T23:59:00Z</time></rtept><rtept lat="42.284844" lon="-73.168841"><ele>452.0</ele><time>2026-07-05T23:59:00Z</time></rtept><rtept lat="42.284684" lon="-73.168689"><ele>451.40000000000146</ele><time>2026-07-05T23:59:00Z</time></rtept><rtept lat="42.28462" lon="-73.168586"><ele>453.8000000000011</ele><time>2026-07-05T23:59:00Z</time></rtept><rtept lat="42.284615" lon="-73.168466"><ele>455.8000000000011</ele><time>2026-07-05T23:59:00Z</time></rtept><rtept lat="42.284575" lon="-73.168375"><ele>456.40000000000146</ele><time>2026-07-05T23:59:00Z</time></rtept><rtept lat="42.284409" lon="-73.168159"><ele>457.2000000000007</ele><time>2026-07-05T23:59:00Z</time></rtept><rtept lat="42.28434" lon="-73.16805"><ele>457.40000000000146</ele><time>2026-07-05T23:59:00Z</time></rtept><rtept lat="42.284119" lon="-73.167762"><ele>457.8000000000011</ele><time>2026-07-05T23:59:00Z</time></rtept><rtept lat="42.283852" lon="-73.167341"><ele>457.8000000000011</ele><time>2026-07-05T23:59:00Z</time></rtept><rtept lat="42.283812" lon="-73.167089"><ele>458.0</ele><time>2026-07-05T23:59:00Z</time></rtept><rtept lat="42.283727" lon="-73.1669"><ele>457.60000000000036</ele><time>2026-07-05T23:59:00Z</time></rtept><rtept lat="42.283706" lon="-73.166758"><ele>456.60000000000036</ele><time>2026-07-05T23:59:00Z</time></rtept><rtept lat="42.283655" lon="-73.166694"><ele>455.60000000000036</ele><time>2026-07-05T23:59:00Z</time></rtept><rtept lat="42.283594" lon="-73.166569"><ele>454.60000000000036</ele><time>2026-07-05T23:59:00Z</time></rtept><rtept lat="42.283463" lon="-73.166297"><ele>454.0</ele><time>2026-07-05T23:59:00Z</time></rtept><rtept lat="42.283463" lon="-73.166297"><ele>454.0</ele><time>2026-07-05T23:59:00Z</time></rtept><rtept lat="42.283399" lon="-73.166165"><ele>454.8000000000011</ele><time>2026-07-05T23:59:00Z</time></rtept><rtept lat="42.283386" lon="-73.166064"><ele>455.40000000000146</ele><time>2026-07-05T23:59:00Z</time></rtept><rtept lat="42.283319" lon="-73.165942"><ele>456.0</ele><time>2026-07-05T23:59:00Z</time></rtept><rtept lat="42.283287" lon="-73.165835"><ele>457.40000000000146</ele><time>2026-07-05T23:59:00Z</time></rtept><rtept lat="42.283239" lon="-73.165758"><ele>457.60000000000036</ele><time>2026-07-05T23:59:00Z</time></rtept><rtept lat="42.283197" lon="-73.165662"><ele>457.8000000000011</ele><time>2026-07-05T23:59:00Z</time></rtept><rtept lat="42.283154" lon="-73.165536"><ele>458.40000000000146</ele><time>2026-07-05T23:59:00Z</time></rtept><rtept lat="42.283007" lon="-73.165329"><ele>458.8000000000011</ele><time>2026-07-05T23:59:00Z</time></rtept><rtept lat="42.282955" lon="-73.165217"><ele>459.0</ele><time>2026-07-05T23:59:00Z</time></rtept><rtept lat="42.282682" lon="-73.164906"><ele>459.40000000000146</ele><time>2026-07-05T23:59:00Z</time></rtept><rtept lat="42.28256" lon="-73.164826"><ele>458.40000000000146</ele><time>2026-07-05T23:59:00Z</time></rtept><rtept lat="42.28249" lon="-73.164752"><ele>458.2000000000007</ele><time>2026-07-05T23:59:00Z</time></rtept><rtept lat="42.282426" lon="-73.164732"><ele>458.2000000000007</ele><time>2026-07-05T23:59:00Z</time></rtept><rtept lat="42.282208" lon="-73.164582"><ele>456.8000000000011</ele><time>2026-07-05T23:59:00Z</time></rtept><rtept lat="42.281971" lon="-73.164367"><ele>455.8000000000011</ele><time>2026-07-05T23:59:00Z</time></rtept><rtept lat="42.281912" lon="-73.164267"><ele>455.60000000000036</ele><time>2026-07-05T23:59:00Z</time></rtept><rtept lat="42.281869" lon="-73.164083"><ele>455.60000000000036</ele><time>2026-07-05T23:59:00Z</time></rtept><rtept lat="42.281766" lon="-73.163995"><ele>455.2000000000007</ele><time>2026-07-05T23:59:00Z</time></rtept><rtept lat="42.281731" lon="-73.163896"><ele>455.0</ele><time>2026-07-05T23:59:00Z</time></rtept><rtept lat="42.281675" lon="-73.163816"><ele>454.8000000000011</ele><time>2026-07-05T23:59:00Z</time></rtept><rtept lat="42.281664" lon="-73.16372"><ele>454.8000000000011</ele><time>2026-07-05T23:59:00Z</time></rtept><rtept lat="42.281594" lon="-73.163588"><ele>454.8000000000011</ele><time>2026-07-05T23:59:00Z</time></rtept><rtept lat="42.281539" lon="-73.163547"><ele>454.8000000000011</ele><time>2026-07-05T23:59:00Z</time></rtept><rtept lat="42.281499" lon="-73.163606"><ele>455.0</ele><time>2026-07-05T23:59:00Z</time></rtept><rtept lat="42.281416" lon="-73.163643"><ele>455.0</ele><time>2026-07-05T23:59:00Z</time></rtept><rtept lat="42.28136" lon="-73.163594"><ele>455.60000000000036</ele><time>2026-07-05T23:59:00Z</time></rtept><rtept lat="42.281161" lon="-73.163583"><ele>457.0</ele><time>2026-07-05T23:59:00Z</time></rtept><rtept lat="42.280895" lon="-73.163464"><ele>460.60000000000036</ele><time>2026-07-05T23:59:00Z</time></rtept><rtept lat="42.280871" lon="-73.163441"><ele>461.0</ele><time>2026-07-05T23:59:00Z</time></rtept><rtept lat="42.280857" lon="-73.163394"><ele>462.0</ele><time>2026-07-05T23:59:00Z</time></rtept><rtept lat="42.280822" lon="-73.16336"><ele>462.2000000000007</ele><time>2026-07-05T23:59:00Z</time></rtept><rtept lat="42.280674" lon="-73.16343"><ele>465.8000000000011</ele><time>2026-07-05T23:59:00Z</time></rtept><rtept lat="42.28061" lon="-73.16343"><ele>467.2000000000007</ele><time>2026-07-05T23:59:00Z</time></rtept><rtept lat="42.28055" lon="-73.163414"><ele>467.2000000000007</ele><time>2026-07-05T23:59:00Z</time></rtept><rtept lat="42.280409" lon="-73.163422"><ele>469.2000000000007</ele><time>2026-07-05T23:59:00Z</time></rtept><rtept lat="42.280335" lon="-73.16344"><ele>469.60000000000036</ele><time>2026-07-05T23:59:00Z</time></rtept><rtept lat="42.280303" lon="-73.163505"><ele>469.40000000000146</ele><time>2026-07-05T23:59:00Z</time></rtept><rtept lat="42.2803" lon="-73.163591"><ele>469.2000000000007</ele><time>2026-07-05T23:59:00Z</time></rtept><rtept lat="42.280261" lon="-73.163723"><ele>468.8000000000011</ele><time>2026-07-05T23:59:00Z</time></rtept><rtept lat="42.280261" lon="-73.163723"><ele>468.8000000000011</ele><time>2026-07-05T23:59:00Z</time></rtept><rtept lat="42.280456" lon="-73.163828"><ele>466.8</ele><time>2026-07-05T23:59:00Z</time></rtept><rtept lat="42.280261" lon="-73.163723"><ele>468.8000000000011</ele><time>2026-07-05T23:59:00Z</time></rtept><rtept lat="42.280145" lon="-73.164119"><ele>465.60000000000036</ele><time>2026-07-05T23:59:00Z</time></rtept><rtept lat="42.28014" lon="-73.164264"><ele>461.60000000000036</ele><time>2026-07-05T23:59:00Z</time></rtept><rtept lat="42.280117" lon="-73.164352"><ele>459.40000000000146</ele><time>2026-07-05T23:59:00Z</time></rtept><rtept lat="42.279993" lon="-73.164518"><ele>456.0</ele><time>2026-07-05T23:59:00Z</time></rtept><rtept lat="42.279897" lon="-73.164569"><ele>455.0</ele><time>2026-07-05T23:59:00Z</time></rtept><rtept lat="42.279801" lon="-73.164604"><ele>455.0</ele><time>2026-07-05T23:59:00Z</time></rtept><rtept lat="42.279628" lon="-73.16462"><ele>455.40000000000146</ele><time>2026-07-05T23:59:00Z</time></rtept><rtept lat="42.279524" lon="-73.164713"><ele>454.8000000000011</ele><time>2026-07-05T23:59:00Z</time></rtept><rtept lat="42.279434" lon="-73.164774"><ele>454.60000000000036</ele><time>2026-07-05T23:59:00Z</time></rtept><rtept lat="42.279373" lon="-73.164784"><ele>454.8000000000011</ele><time>2026-07-05T23:59:00Z</time></rtept><rtept lat="42.279341" lon="-73.164825"><ele>454.8000000000011</ele><time>2026-07-05T23:59:00Z</time></rtept><rtept lat="42.279196" lon="-73.165062"><ele>457.0</ele><time>2026-07-05T23:59:00Z</time></rtept><rtept lat="42.279162" lon="-73.165201"><ele>457.40000000000146</ele><time>2026-07-05T23:59:00Z</time></rtept><rtept lat="42.279157" lon="-73.165355"><ele>457.60000000000036</ele><time>2026-07-05T23:59:00Z</time></rtept><rtept lat="42.279178" lon="-73.165481"><ele>457.8000000000011</ele><time>2026-07-05T23:59:00Z</time></rtept><rtept lat="42.279236" lon="-73.165582"><ele>456.60000000000036</ele><time>2026-07-05T23:59:00Z</time></rtept><rtept lat="42.279338" lon="-73.165692"><ele>457.0</ele><time>2026-07-05T23:59:00Z</time></rtept><rtept lat="42.27937" lon="-73.16574"><ele>456.40000000000146</ele><time>2026-07-05T23:59:00Z</time></rtept><rtept lat="42.279543" lon="-73.165898"><ele>456.60000000000036</ele><time>2026-07-05T23:59:00Z</time></rtept><rtept lat="42.279661" lon="-73.166054"><ele>457.60000000000036</ele><time>2026-07-05T23:59:00Z</time></rtept><rtept lat="42.279722" lon="-73.166097"><ele>457.40000000000146</ele><time>2026-07-05T23:59:00Z</time></rtept><rtept lat="42.279791" lon="-73.166084"><ele>457.2000000000007</ele><time>2026-07-05T23:59:00Z</time></rtept><rtept lat="42.279911" lon="-73.166082"><ele>457.0</ele><time>2026-07-05T23:59:00Z</time></rtept><rtept lat="42.279961" lon="-73.166094"><ele>456.8000000000011</ele><time>2026-07-05T23:59:00Z</time></rtept><rtept lat="42.279979" lon="-73.16613"><ele>457.2000000000007</ele><time>2026-07-05T23:59:00Z</time></rtept><rtept lat="42.279996" lon="-73.166191"><ele>457.2000000000007</ele><time>2026-07-05T23:59:00Z</time></rtept><rtept lat="42.280081" lon="-73.166289"><ele>458.0</ele><time>2026-07-05T23:59:00Z</time></rtept><rtept lat="42.280159" lon="-73.166356"><ele>457.60000000000036</ele><time>2026-07-05T23:59:00Z</time></rtept><rtept lat="42.280337" lon="-73.166471"><ele>457.60000000000036</ele><time>2026-07-05T23:59:00Z</time></rtept><rtept lat="42.280412" lon="-73.166559"><ele>457.8000000000011</ele><time>2026-07-05T23:59:00Z</time></rtept><rtept lat="42.28066" lon="-73.166647"><ele>457.0</ele><time>2026-07-05T23:59:00Z</time></rtept><rtept lat="42.28071" lon="-73.166713"><ele>456.8000000000011</ele><time>2026-07-05T23:59:00Z</time></rtept><rtept lat="42.280756" lon="-73.166835"><ele>457.2000000000007</ele><time>2026-07-05T23:59:00Z</time></rtept><rtept lat="42.280795" lon="-73.166908"><ele>457.60000000000036</ele><time>2026-07-05T23:59:00Z</time></rtept><rtept lat="42.280851" lon="-73.166932"><ele>457.40000000000146</ele><time>2026-07-05T23:59:00Z</time></rtept><rtept lat="42.280872" lon="-73.166952"><ele>457.2000000000007</ele><time>2026-07-05T23:59:00Z</time></rtept><rtept lat="42.281073" lon="-73.167148"><ele>456.8000000000011</ele><time>2026-07-05T23:59:00Z</time></rtept><rtept lat="42.28117" lon="-73.167218"><ele>456.40000000000146</ele><time>2026-07-05T23:59:00Z</time></rtept><rtept lat="42.28132" lon="-73.167299"><ele>455.40000000000146</ele><time>2026-07-05T23:59:00Z</time></rtept><rtept lat="42.281472" lon="-73.167473"><ele>455.0</ele><time>2026-07-05T23:59:00Z</time></rtept><rtept lat="42.281646" lon="-73.167647"><ele>455.2000000000007</ele><time>2026-07-05T23:59:00Z</time></rtept><rtept lat="42.281851" lon="-73.167811"><ele>455.8000000000011</ele><time>2026-07-05T23:59:00Z</time></rtept><rtept lat="42.281907" lon="-73.167879"><ele>456.2000000000007</ele><time>2026-07-05T23:59:00Z</time></rtept><rtept lat="42.281952" lon="-73.167975"><ele>456.60000000000036</ele><time>2026-07-05T23:59:00Z</time></rtept><rtept lat="42.282105" lon="-73.168245"><ele>456.8000000000011</ele><time>2026-07-05T23:59:00Z</time></rtept><rtept lat="42.282136" lon="-73.168495"><ele>456.0</ele><time>2026-07-05T23:59:00Z</time></rtept><rtept lat="42.282129" lon="-73.168739"><ele>455.8000000000011</ele><time>2026-07-05T23:59:00Z</time></rtept><rtept lat="42.282132" lon="-73.168926"><ele>455.60000000000036</ele><time>2026-07-05T23:59:00Z</time></rtept><rtept lat="42.282077" lon="-73.169137"><ele>455.60000000000036</ele><time>2026-07-05T23:59:00Z</time></rtept><rtept lat="42.282078" lon="-73.169209"><ele>455.8000000000011</ele><time>2026-07-05T23:59:00Z</time></rtept><rtept lat="42.282112" lon="-73.169304"><ele>456.0</ele><time>2026-07-05T23:59:00Z</time></rtept><rtept lat="42.282107" lon="-73.169378"><ele>456.40000000000146</ele><time>2026-07-05T23:59:00Z</time></rtept><rtept lat="42.282073" lon="-73.1695"><ele>456.8000000000011</ele><time>2026-07-05T23:59:00Z</time></rtept><rtept lat="42.28191" lon="-73.169765"><ele>460.40000000000146</ele><time>2026-07-05T23:59:00Z</time></rtept><rtept lat="42.28179" lon="-73.169902"><ele>462.8000000000011</ele><time>2026-07-05T23:59:00Z</time></rtept><rtept lat="42.281764" lon="-73.170071"><ele>464.40000000000146</ele><time>2026-07-05T23:59:00Z</time></rtept><rtept lat="42.281783" lon="-73.170204"><ele>465.2000000000007</ele><time>2026-07-05T23:59:00Z</time></rtept><rtept lat="42.281822" lon="-73.17047"><ele>466.60000000000036</ele><time>2026-07-05T23:59:00Z</time></rtept><rtept lat="42.281831" lon="-73.170686"><ele>469.2000000000007</ele><time>2026-07-05T23:59:00Z</time></rtept><rtept lat="42.281854" lon="-73.170936"><ele>472.40000000000146</ele><time>2026-07-05T23:59:00Z</time></rtept><rtept lat="42.281818" lon="-73.171278"><ele>476.60000000000036</ele><time>2026-07-05T23:59:00Z</time></rtept><rtept lat="42.28178" lon="-73.17152"><ele>480.2000000000007</ele><time>2026-07-05T23:59:00Z</time></rtept><rtept lat="42.281746" lon="-73.171735"><ele>486.8000000000011</ele><time>2026-07-05T23:59:00Z</time></rtept><rtept lat="42.28168" lon="-73.172011"><ele>492.60000000000036</ele><time>2026-07-05T23:59:00Z</time></rtept><rtept lat="42.281664" lon="-73.172217"><ele>496.8000000000011</ele><time>2026-07-05T23:59:00Z</time></rtept><rtept lat="42.281663" lon="-73.172385"><ele>499.60000000000036</ele><time>2026-07-05T23:59:00Z</time></rtept><rtept lat="42.281686" lon="-73.172553"><ele>502.40000000000146</ele><time>2026-07-05T23:59:00Z</time></rtept><rtept lat="42.281719" lon="-73.17276"><ele>503.40000000000146</ele><time>2026-07-05T23:59:00Z</time></rtept><rtept lat="42.281753" lon="-73.172934"><ele>506.0</ele><time>2026-07-05T23:59:00Z</time></rtept><rtept lat="42.281716" lon="-73.17306"><ele>507.2000000000007</ele><time>2026-07-05T23:59:00Z</time></rtept><rtept lat="42.281774" lon="-73.173218"><ele>507.8000000000011</ele><time>2026-07-05T23:59:00Z</time></rtept><rtept lat="42.281759" lon="-73.173387"><ele>510.0</ele><time>2026-07-05T23:59:00Z</time></rtept><rtept lat="42.281763" lon="-73.17359"><ele>513.6000000000004</ele><time>2026-07-05T23:59:00Z</time></rtept><rtept lat="42.281761" lon="-73.173753"><ele>516.0</ele><time>2026-07-05T23:59:00Z</time></rtept><rtept lat="42.281677" lon="-73.17388"><ele>519.2000000000007</ele><time>2026-07-05T23:59:00Z</time></rtept><rtept lat="42.281598" lon="-73.173994"><ele>521.0</ele><time>2026-07-05T23:59:00Z</time></rtept><rtept lat="42.281661" lon="-73.174118"><ele>521.4000000000015</ele><time>2026-07-05T23:59:00Z</time></rtept><rtept lat="42.281697" lon="-73.174245"><ele>521.0</ele><time>2026-07-05T23:59:00Z</time></rtept><rtept lat="42.281686" lon="-73.174389"><ele>523.4000000000015</ele><time>2026-07-05T23:59:00Z</time></rtept><rtept lat="42.281706" lon="-73.174536"><ele>523.8000000000011</ele><time>2026-07-05T23:59:00Z</time></rtept><rtept lat="42.281709" lon="-73.174701"><ele>525.4000000000015</ele><time>2026-07-05T23:59:00Z</time></rtept><rtept lat="42.281653" lon="-73.174827"><ele>527.2000000000007</ele><time>2026-07-05T23:59:00Z</time></rtept><rtept lat="42.281542" lon="-73.174922"><ele>530.6000000000004</ele><time>2026-07-05T23:59:00Z</time></rtept><rtept lat="42.281441" lon="-73.175073"><ele>533.6000000000004</ele><time>2026-07-05T23:59:00Z</time></rtept><rtept lat="42.281414" lon="-73.17528"><ele>535.0</ele><time>2026-07-05T23:59:00Z</time></rtept><rtept lat="42.281398" lon="-73.17537"><ele>535.4000000000015</ele><time>2026-07-05T23:59:00Z</time></rtept><rtept lat="42.281398" lon="-73.17537"><ele>535.4000000000015</ele><time>2026-07-05T23:59:00Z</time></rtept><rtept lat="42.281375" lon="-73.1755"><ele>535.8000000000011</ele><time>2026-07-05T23:59:00Z</time></rtept><rtept lat="42.281418" lon="-73.175667"><ele>536.2000000000007</ele><time>2026-07-05T23:59:00Z</time></rtept><rtept lat="42.281424" lon="-73.175897"><ele>537.0</ele><time>2026-07-05T23:59:00Z</time></rtept><rtept lat="42.281435" lon="-73.176124"><ele>538.4000000000015</ele><time>2026-07-05T23:59:00Z</time></rtept><rtept lat="42.281504" lon="-73.176219"><ele>537.6000000000004</ele><time>2026-07-05T23:59:00Z</time></rtept><rtept lat="42.281555" lon="-73.176331"><ele>538.6000000000004</ele><time>2026-07-05T23:59:00Z</time></rtept><rtept lat="42.281584" lon="-73.176473"><ele>538.2000000000007</ele><time>2026-07-05T23:59:00Z</time></rtept><rtept lat="42.281616" lon="-73.176713"><ele>539.4000000000015</ele><time>2026-07-05T23:59:00Z</time></rtept><rtept lat="42.281744" lon="-73.177058"><ele>538.6000000000004</ele><time>2026-07-05T23:59:00Z</time></rtept><rtept lat="42.281848" lon="-73.177282"><ele>537.8000000000011</ele><time>2026-07-05T23:59:00Z</time></rtept><rtept lat="42.281872" lon="-73.177439"><ele>538.2000000000007</ele><time>2026-07-05T23:59:00Z</time></rtept><rtept lat="42.281947" lon="-73.17754"><ele>537.8000000000011</ele><time>2026-07-05T23:59:00Z</time></rtept><rtept lat="42.282126" lon="-73.177705"><ele>537.2000000000007</ele><time>2026-07-05T23:59:00Z</time></rtept><rtept lat="42.28216" lon="-73.177771"><ele>536.4000000000015</ele><time>2026-07-05T23:59:00Z</time></rtept><rtept lat="42.282176" lon="-73.177863"><ele>536.8000000000011</ele><time>2026-07-05T23:59:00Z</time></rtept><rtept lat="42.282232" lon="-73.177994"><ele>536.8000000000011</ele><time>2026-07-05T23:59:00Z</time></rtept><rtept lat="42.282229" lon="-73.178114"><ele>537.0</ele><time>2026-07-05T23:59:00Z</time></rtept><rtept lat="42.282271" lon="-73.178385"><ele>536.6000000000004</ele><time>2026-07-05T23:59:00Z</time></rtept><rtept lat="42.282288" lon="-73.178454"><ele>536.8000000000011</ele><time>2026-07-05T23:59:00Z</time></rtept><rtept lat="42.282346" lon="-73.178546"><ele>535.8000000000011</ele><time>2026-07-05T23:59:00Z</time></rtept><rtept lat="42.2824" lon="-73.178682"><ele>534.8000000000011</ele><time>2026-07-05T23:59:00Z</time></rtept><rtept lat="42.282437" lon="-73.178857"><ele>535.2000000000007</ele><time>2026-07-05T23:59:00Z</time></rtept><rtept lat="42.282482" lon="-73.17895"><ele>533.8000000000011</ele><time>2026-07-05T23:59:00Z</time></rtept><rtept lat="42.282525" lon="-73.179112"><ele>533.0</ele><time>2026-07-05T23:59:00Z</time></rtept><rtept lat="42.28256" lon="-73.179368"><ele>534.0</ele><time>2026-07-05T23:59:00Z</time></rtept><rtept lat="42.282584" lon="-73.179684"><ele>533.6000000000004</ele><time>2026-07-05T23:59:00Z</time></rtept><rtept lat="42.282642" lon="-73.179881"><ele>534.6000000000004</ele><time>2026-07-05T23:59:00Z</time></rtept><rtept lat="42.282682" lon="-73.179983"><ele>533.4000000000015</ele><time>2026-07-05T23:59:00Z</time></rtept><rtept lat="42.282704" lon="-73.180158"><ele>534.4000000000015</ele><time>2026-07-05T23:59:00Z</time></rtept><rtept lat="42.28276" lon="-73.180313"><ele>533.0</ele><time>2026-07-05T23:59:00Z</time></rtept><rtept lat="42.282776" lon="-73.180388"><ele>530.4000000000015</ele><time>2026-07-05T23:59:00Z</time></rtept><rtept lat="42.282778" lon="-73.18057"><ele>529.6000000000004</ele><time>2026-07-05T23:59:00Z</time></rtept><rtept lat="42.28276" lon="-73.180741"><ele>530.4000000000015</ele><time>2026-07-05T23:59:00Z</time></rtept><rtept lat="42.282744" lon="-73.180818"><ele>529.2000000000007</ele><time>2026-07-05T23:59:00Z</time></rtept><rtept lat="42.282746" lon="-73.180959"><ele>528.4000000000015</ele><time>2026-07-05T23:59:00Z</time></rtept><rtept lat="42.282784" lon="-73.181018"><ele>526.4000000000015</ele><time>2026-07-05T23:59:00Z</time></rtept><rtept lat="42.282818" lon="-73.181133"><ele>525.8000000000011</ele><time>2026-07-05T23:59:00Z</time></rtept><rtept lat="42.282744" lon="-73.18149"><ele>523.2000000000007</ele><time>2026-07-05T23:59:00Z</time></rtept><rtept lat="42.282632" lon="-73.181889"><ele>523.0</ele><time>2026-07-05T23:59:00Z</time></rtept><rtept lat="42.2826" lon="-73.182095"><ele>521.6000000000004</ele><time>2026-07-05T23:59:00Z</time></rtept><rtept lat="42.282552" lon="-73.182175"><ele>521.4000000000015</ele><time>2026-07-05T23:59:00Z</time></rtept><rtept lat="42.282475" lon="-73.182225"><ele>521.6000000000004</ele><time>2026-07-05T23:59:00Z</time></rtept><rtept lat="42.282373" lon="-73.182409"><ele>519.8000000000011</ele><time>2026-07-05T23:59:00Z</time></rtept><rtept lat="42.282304" lon="-73.182558"><ele>517.8000000000011</ele><time>2026-07-05T23:59:00Z</time></rtept><rtept lat="42.282251" lon="-73.182606"><ele>518.4000000000015</ele><time>2026-07-05T23:59:00Z</time></rtept><rtept lat="42.282211" lon="-73.182686"><ele>520.4000000000015</ele><time>2026-07-05T23:59:00Z</time></rtept><rtept lat="42.282216" lon="-73.182918"><ele>522.6000000000004</ele><time>2026-07-05T23:59:00Z</time></rtept><rtept lat="42.282173" lon="-73.183201"><ele>521.0</ele><time>2026-07-05T23:59:00Z</time></rtept><rtept lat="42.282189" lon="-73.183374"><ele>520.2000000000007</ele><time>2026-07-05T23:59:00Z</time></rtept><rtept lat="42.282197" lon="-73.183579"><ele>520.6000000000004</ele><time>2026-07-05T23:59:00Z</time></rtept><rtept lat="42.282238" lon="-73.183688"><ele>521.6000000000004</ele><time>2026-07-05T23:59:00Z</time></rtept><rtept lat="42.282219" lon="-73.183754"><ele>522.2000000000007</ele><time>2026-07-05T23:59:00Z</time></rtept><rtept lat="42.282173" lon="-73.183827"><ele>522.4000000000015</ele><time>2026-07-05T23:59:00Z</time></rtept><rtept lat="42.282173" lon="-73.183926"><ele>522.6000000000004</ele><time>2026-07-05T23:59:00Z</time></rtept><rtept lat="42.282208" lon="-73.184115"><ele>523.2000000000007</ele><time>2026-07-05T23:59:00Z</time></rtept><rtept lat="42.282211" lon="-73.184219"><ele>522.6000000000004</ele><time>2026-07-05T23:59:00Z</time></rtept><rtept lat="42.28224" lon="-73.184341"><ele>520.2000000000007</ele><time>2026-07-05T23:59:00Z</time></rtept><rtept lat="42.282235" lon="-73.184461"><ele>518.8000000000011</ele><time>2026-07-05T23:59:00Z</time></rtept><rtept lat="42.282176" lon="-73.184568"><ele>515.2000000000007</ele><time>2026-07-05T23:59:00Z</time></rtept><rtept lat="42.282069" lon="-73.184634"><ele>514.0</ele><time>2026-07-05T23:59:00Z</time></rtept><rtept lat="42.281982" lon="-73.184736"><ele>513.2000000000007</ele><time>2026-07-05T23:59:00Z</time></rtept><rtept lat="42.28188" lon="-73.184725"><ele>512.2000000000007</ele><time>2026-07-05T23:59:00Z</time></rtept><rtept lat="42.281843" lon="-73.184711"><ele>512.2000000000007</ele><time>2026-07-05T23:59:00Z</time></rtept><rtept lat="42.281726" lon="-73.18457"><ele>511.2000000000007</ele><time>2026-07-05T23:59:00Z</time></rtept><rtept lat="42.281648" lon="-73.184445"><ele>510.40000000000146</ele><time>2026-07-05T23:59:00Z</time></rtept><rtept lat="42.281536" lon="-73.18424"><ele>507.2000000000007</ele><time>2026-07-05T23:59:00Z</time></rtept><rtept lat="42.281435" lon="-73.184109"><ele>503.8000000000011</ele><time>2026-07-05T23:59:00Z</time></rtept><rtept lat="42.281148" lon="-73.183825"><ele>495.60000000000036</ele><time>2026-07-05T23:59:00Z</time></rtept><rtept lat="42.281064" lon="-73.183771"><ele>493.40000000000146</ele><time>2026-07-05T23:59:00Z</time></rtept><rtept lat="42.280998" lon="-73.183782"><ele>492.2000000000007</ele><time>2026-07-05T23:59:00Z</time></rtept><rtept lat="42.280809" lon="-73.183858"><ele>489.60000000000036</ele><time>2026-07-05T23:59:00Z</time></rtept><rtept lat="42.280612" lon="-73.183856"><ele>486.2000000000007</ele><time>2026-07-05T23:59:00Z</time></rtept><rtept lat="42.280529" lon="-73.183794"><ele>486.0</ele><time>2026-07-05T23:59:00Z</time></rtept><rtept lat="42.280318" lon="-73.18372"><ele>484.0</ele><time>2026-07-05T23:59:00Z</time></rtept><rtept lat="42.280253" lon="-73.183708"><ele>483.2000000000007</ele><time>2026-07-05T23:59:00Z</time></rtept><rtept lat="42.279689" lon="-73.183834"><ele>479.2000000000007</ele><time>2026-07-05T23:59:00Z</time></rtept><rtept lat="42.279428" lon="-73.183818"><ele>478.8000000000011</ele><time>2026-07-05T23:59:00Z</time></rtept><rtept lat="42.279349" lon="-73.183836"><ele>478.2000000000007</ele><time>2026-07-05T23:59:00Z</time></rtept><rtept lat="42.279284" lon="-73.183878"><ele>477.40000000000146</ele><time>2026-07-05T23:59:00Z</time></rtept><rtept lat="42.27925" lon="-73.183975"><ele>474.8000000000011</ele><time>2026-07-05T23:59:00Z</time></rtept><rtept lat="42.279149" lon="-73.184163"><ele>472.2000000000007</ele><time>2026-07-05T23:59:00Z</time></rtept><rtept lat="42.279149" lon="-73.184163"><ele>472.2000000000007</ele><time>2026-07-05T23:59:00Z</time></rtept><rtept lat="42.279223" lon="-73.184235"><ele>472.8</ele><time>2026-07-05T23:59:00Z</time></rtept><rtept lat="42.279149" lon="-73.184163"><ele>472.2000000000007</ele><time>2026-07-05T23:59:00Z</time></rtept><rtept lat="42.279054" lon="-73.184342"><ele>471.40000000000146</ele><time>2026-07-05T23:59:00Z</time></rtept><rtept lat="42.279049" lon="-73.184422"><ele>471.40000000000146</ele><time>2026-07-05T23:59:00Z</time></rtept><rtept lat="42.279016" lon="-73.184484"><ele>471.60000000000036</ele><time>2026-07-05T23:59:00Z</time></rtept><rtept lat="42.278967" lon="-73.184516"><ele>471.60000000000036</ele><time>2026-07-05T23:59:00Z</time></rtept><rtept lat="42.278831" lon="-73.184532"><ele>473.2000000000007</ele><time>2026-07-05T23:59:00Z</time></rtept><rtept lat="42.278648" lon="-73.184473"><ele>473.60000000000036</ele><time>2026-07-05T23:59:00Z</time></rtept><rtept lat="42.278568" lon="-73.184375"><ele>473.60000000000036</ele><time>2026-07-05T23:59:00Z</time></rtept><rtept lat="42.278504" lon="-73.18434"><ele>473.8000000000011</ele><time>2026-07-05T23:59:00Z</time></rtept><rtept lat="42.278392" lon="-73.184332"><ele>474.0</ele><time>2026-07-05T23:59:00Z</time></rtept><rtept lat="42.278301" lon="-73.184303"><ele>474.0</ele><time>2026-07-05T23:59:00Z</time></rtept><rtept lat="42.278243" lon="-73.184263"><ele>474.2000000000007</ele><time>2026-07-05T23:59:00Z</time></rtept><rtept lat="42.278176" lon="-73.184188"><ele>474.2000000000007</ele><time>2026-07-05T23:59:00Z</time></rtept><rtept lat="42.278125" lon="-73.184087"><ele>474.2000000000007</ele><time>2026-07-05T23:59:00Z</time></rtept><rtept lat="42.278016" lon="-73.183951"><ele>474.2000000000007</ele><time>2026-07-05T23:59:00Z</time></rtept><rtept lat="42.277963" lon="-73.183916"><ele>474.60000000000036</ele><time>2026-07-05T23:59:00Z</time></rtept><rtept lat="42.277888" lon="-73.183815"><ele>474.60000000000036</ele><time>2026-07-05T23:59:00Z</time></rtept><rtept lat="42.277867" lon="-73.183746"><ele>475.0</ele><time>2026-07-05T23:59:00Z</time></rtept><rtept lat="42.277853" lon="-73.183644"><ele>475.0</ele><time>2026-07-05T23:59:00Z</time></rtept><rtept lat="42.277891" lon="-73.183466"><ele>474.60000000000036</ele><time>2026-07-05T23:59:00Z</time></rtept><rtept lat="42.277904" lon="-73.183341"><ele>474.8000000000011</ele><time>2026-07-05T23:59:00Z</time></rtept><rtept lat="42.27788" lon="-73.183197"><ele>475.60000000000036</ele><time>2026-07-05T23:59:00Z</time></rtept><rtept lat="42.277877" lon="-73.183079"><ele>476.0</ele><time>2026-07-05T23:59:00Z</time></rtept><rtept lat="42.277891" lon="-73.182901"><ele>475.40000000000146</ele><time>2026-07-05T23:59:00Z</time></rtept><rtept lat="42.277893" lon="-73.182648"><ele>475.8000000000011</ele><time>2026-07-05T23:59:00Z</time></rtept><rtept lat="42.277888" lon="-73.182418"><ele>476.2000000000007</ele><time>2026-07-05T23:59:00Z</time></rtept><rtept lat="42.27784" lon="-73.182123"><ele>477.0</ele><time>2026-07-05T23:59:00Z</time></rtept><rtept lat="42.277781" lon="-73.182005"><ele>477.60000000000036</ele><time>2026-07-05T23:59:00Z</time></rtept><rtept lat="42.277736" lon="-73.181877"><ele>478.0</ele><time>2026-07-05T23:59:00Z</time></rtept><rtept lat="42.27768" lon="-73.18175"><ele>478.2000000000007</ele><time>2026-07-05T23:59:00Z</time></rtept><rtept lat="42.277608" lon="-73.181622"><ele>478.40000000000146</ele><time>2026-07-05T23:59:00Z</time></rtept><rtept lat="42.277523" lon="-73.181547"><ele>478.60000000000036</ele><time>2026-07-05T23:59:00Z</time></rtept><rtept lat="42.277459" lon="-73.181536"><ele>479.0</ele><time>2026-07-05T23:59:00Z</time></rtept><rtept lat="42.277294" lon="-73.181596"><ele>480.2000000000007</ele><time>2026-07-05T23:59:00Z</time></rtept><rtept lat="42.277205" lon="-73.181571"><ele>480.60000000000036</ele><time>2026-07-05T23:59:00Z</time></rtept><rtept lat="42.276997" lon="-73.18165"><ele>481.40000000000146</ele><time>2026-07-05T23:59:00Z</time></rtept><rtept lat="42.276881" lon="-73.181738"><ele>481.8000000000011</ele><time>2026-07-05T23:59:00Z</time></rtept><rtept lat="42.276815" lon="-73.181815"><ele>482.0</ele><time>2026-07-05T23:59:00Z</time></rtept><rtept lat="42.276775" lon="-73.181887"><ele>482.40000000000146</ele><time>2026-07-05T23:59:00Z</time></rtept><rtept lat="42.276702" lon="-73.182203"><ele>482.40000000000146</ele><time>2026-07-05T23:59:00Z</time></rtept><rtept lat="42.276617" lon="-73.182479"><ele>482.0</ele><time>2026-07-05T23:59:00Z</time></rtept><rtept lat="42.276565" lon="-73.182546"><ele>482.0</ele><time>2026-07-05T23:59:00Z</time></rtept><rtept lat="42.276388" lon="-73.182634"><ele>483.2000000000007</ele><time>2026-07-05T23:59:00Z</time></rtept><rtept lat="42.276278" lon="-73.182709"><ele>484.0</ele><time>2026-07-05T23:59:00Z</time></rtept><rtept lat="42.276052" lon="-73.182898"><ele>485.40000000000146</ele><time>2026-07-05T23:59:00Z</time></rtept><rtept lat="42.275884" lon="-73.183066"><ele>487.8000000000011</ele><time>2026-07-05T23:59:00Z</time></rtept><rtept lat="42.275772" lon="-73.183146"><ele>489.8000000000011</ele><time>2026-07-05T23:59:00Z</time></rtept><rtept lat="42.275676" lon="-73.183138"><ele>490.60000000000036</ele><time>2026-07-05T23:59:00Z</time></rtept><rtept lat="42.275537" lon="-73.183191"><ele>492.2000000000007</ele><time>2026-07-05T23:59:00Z</time></rtept><rtept lat="42.275458" lon="-73.183311"><ele>493.8000000000011</ele><time>2026-07-05T23:59:00Z</time></rtept><rtept lat="42.275359" lon="-73.183439"><ele>494.60000000000036</ele><time>2026-07-05T23:59:00Z</time></rtept><rtept lat="42.275154" lon="-73.183674"><ele>497.40000000000146</ele><time>2026-07-05T23:59:00Z</time></rtept><rtept lat="42.275063" lon="-73.183796"><ele>498.40000000000146</ele><time>2026-07-05T23:59:00Z</time></rtept><rtept lat="42.274935" lon="-73.183884"><ele>499.0</ele><time>2026-07-05T23:59:00Z</time></rtept><rtept lat="42.274799" lon="-73.183962"><ele>499.40000000000146</ele><time>2026-07-05T23:59:00Z</time></rtept><rtept lat="42.274749" lon="-73.184002"><ele>499.60000000000036</ele><time>2026-07-05T23:59:00Z</time></rtept><rtept lat="42.274695" lon="-73.184074"><ele>499.60000000000036</ele><time>2026-07-05T23:59:00Z</time></rtept><rtept lat="42.274629" lon="-73.184212"><ele>499.8000000000011</ele><time>2026-07-05T23:59:00Z</time></rtept><rtept lat="42.274533" lon="-73.184263"><ele>500.0</ele><time>2026-07-05T23:59:00Z</time></rtept><rtept lat="42.274423" lon="-73.184292"><ele>500.40000000000146</ele><time>2026-07-05T23:59:00Z</time></rtept><rtept lat="42.274296" lon="-73.184257"><ele>501.0</ele><time>2026-07-05T23:59:00Z</time></rtept><rtept lat="42.274122" lon="-73.184189"><ele>502.2000000000007</ele><time>2026-07-05T23:59:00Z</time></rtept><rtept lat="42.273944" lon="-73.184203"><ele>502.8000000000011</ele><time>2026-07-05T23:59:00Z</time></rtept><rtept lat="42.273856" lon="-73.184235"><ele>503.40000000000146</ele><time>2026-07-05T23:59:00Z</time></rtept><rtept lat="42.273824" lon="-73.184352"><ele>503.40000000000146</ele><time>2026-07-05T23:59:00Z</time></rtept><rtept lat="42.273765" lon="-73.184511"><ele>504.0</ele><time>2026-07-05T23:59:00Z</time></rtept><rtept lat="42.27376" lon="-73.184633"><ele>503.8000000000011</ele><time>2026-07-05T23:59:00Z</time></rtept><rtept lat="42.27372" lon="-73.184729"><ele>504.8000000000011</ele><time>2026-07-05T23:59:00Z</time></rtept><rtept lat="42.27372" lon="-73.184809"><ele>504.8000000000011</ele><time>2026-07-05T23:59:00Z</time></rtept><rtept lat="42.273695" lon="-73.184873"><ele>504.8000000000011</ele><time>2026-07-05T23:59:00Z</time></rtept><rtept lat="42.273597" lon="-73.184908"><ele>507.8000000000011</ele><time>2026-07-05T23:59:00Z</time></rtept><rtept lat="42.273552" lon="-73.184982"><ele>509.0</ele><time>2026-07-05T23:59:00Z</time></rtept><rtept lat="42.27355" lon="-73.185142"><ele>508.8000000000011</ele><time>2026-07-05T23:59:00Z</time></rtept><rtept lat="42.27351" lon="-73.185263"><ele>508.40000000000146</ele><time>2026-07-05T23:59:00Z</time></rtept><rtept lat="42.273464" lon="-73.185337"><ele>509.60000000000036</ele><time>2026-07-05T23:59:00Z</time></rtept><rtept lat="42.273286" lon="-73.185445"><ele>512.0</ele><time>2026-07-05T23:59:00Z</time></rtept><rtept lat="42.27323" lon="-73.185458"><ele>512.8000000000011</ele><time>2026-07-05T23:59:00Z</time></rtept><rtept lat="42.273198" lon="-73.185513"><ele>512.6000000000004</ele><time>2026-07-05T23:59:00Z</time></rtept><rtept lat="42.273162" lon="-73.185533"><ele>513.4000000000015</ele><time>2026-07-05T23:59:00Z</time></rtept><rtept lat="42.273096" lon="-73.185546"><ele>514.0</ele><time>2026-07-05T23:59:00Z</time></rtept><rtept lat="42.273024" lon="-73.185645"><ele>514.6000000000004</ele><time>2026-07-05T23:59:00Z</time></rtept><rtept lat="42.272929" lon="-73.18573"><ele>515.4000000000015</ele><time>2026-07-05T23:59:00Z</time></rtept><rtept lat="42.272907" lon="-73.185807"><ele>516.2000000000007</ele><time>2026-07-05T23:59:00Z</time></rtept><rtept lat="42.27291" lon="-73.185962"><ele>516.2000000000007</ele><time>2026-07-05T23:59:00Z</time></rtept><rtept lat="42.272878" lon="-73.186055"><ele>516.0</ele><time>2026-07-05T23:59:00Z</time></rtept><rtept lat="42.272894" lon="-73.186212"><ele>515.8000000000011</ele><time>2026-07-05T23:59:00Z</time></rtept><rtept lat="42.272944" lon="-73.186395"><ele>514.8000000000011</ele><time>2026-07-05T23:59:00Z</time></rtept><rtept lat="42.272942" lon="-73.186595"><ele>514.8000000000011</ele><time>2026-07-05T23:59:00Z</time></rtept><rtept lat="42.272901" lon="-73.186676"><ele>516.0</ele><time>2026-07-05T23:59:00Z</time></rtept><rtept lat="42.272635" lon="-73.186981"><ele>520.0</ele><time>2026-07-05T23:59:00Z</time></rtept><rtept lat="42.272585" lon="-73.187098"><ele>521.0</ele><time>2026-07-05T23:59:00Z</time></rtept><rtept lat="42.272494" lon="-73.18724"><ele>521.6000000000004</ele><time>2026-07-05T23:59:00Z</time></rtept><rtept lat="42.272433" lon="-73.18731"><ele>522.8000000000011</ele><time>2026-07-05T23:59:00Z</time></rtept><rtept lat="42.272348" lon="-73.187324"><ele>525.4000000000015</ele><time>2026-07-05T23:59:00Z</time></rtept><rtept lat="42.272273" lon="-73.187388"><ele>526.8000000000011</ele><time>2026-07-05T23:59:00Z</time></rtept><rtept lat="42.272209" lon="-73.18746"><ele>527.6000000000004</ele><time>2026-07-05T23:59:00Z</time></rtept><rtept lat="42.272206" lon="-73.187522"><ele>527.4000000000015</ele><time>2026-07-05T23:59:00Z</time></rtept><rtept lat="42.272176" lon="-73.187548"><ele>527.4000000000015</ele><time>2026-07-05T23:59:00Z</time></rtept><rtept lat="42.272108" lon="-73.187545"><ele>528.4000000000015</ele><time>2026-07-05T23:59:00Z</time></rtept><rtept lat="42.271836" lon="-73.18761"><ele>532.4000000000015</ele><time>2026-07-05T23:59:00Z</time></rtept><rtept lat="42.271821" lon="-73.187662"><ele>532.2000000000007</ele><time>2026-07-05T23:59:00Z</time></rtept><rtept lat="42.271799" lon="-73.18767"><ele>532.2000000000007</ele><time>2026-07-05T23:59:00Z</time></rtept><rtept lat="42.271599" lon="-73.187637"><ele>534.2000000000007</ele><time>2026-07-05T23:59:00Z</time></rtept><rtept lat="42.2715" lon="-73.187583"><ele>534.8000000000011</ele><time>2026-07-05T23:59:00Z</time></rtept><rtept lat="42.271439" lon="-73.187594"><ele>535.0</ele><time>2026-07-05T23:59:00Z</time></rtept><rtept lat="42.271324" lon="-73.187593"><ele>535.0</ele><time>2026-07-05T23:59:00Z</time></rtept><rtept lat="42.271297" lon="-73.187603"><ele>535.0</ele><time>2026-07-05T23:59:00Z</time></rtept><rtept lat="42.271297" lon="-73.187603"><ele>535.0</ele><time>2026-07-05T23:59:00Z</time></rtept><rtept lat="42.271226" lon="-73.18763"><ele>535.0</ele><time>2026-07-05T23:59:00Z</time></rtept><rtept lat="42.271177" lon="-73.187624"><ele>535.2000000000007</ele><time>2026-07-05T23:59:00Z</time></rtept><rtept lat="42.271139" lon="-73.187657"><ele>535.2000000000007</ele><time>2026-07-05T23:59:00Z</time></rtept><rtept lat="42.271138" lon="-73.187713"><ele>535.2000000000007</ele><time>2026-07-05T23:59:00Z</time></rtept><rtept lat="42.271092" lon="-73.187769"><ele>535.4000000000015</ele><time>2026-07-05T23:59:00Z</time></rtept><rtept lat="42.271007" lon="-73.187833"><ele>535.4000000000015</ele><time>2026-07-05T23:59:00Z</time></rtept><rtept lat="42.270959" lon="-73.187913"><ele>535.4000000000015</ele><time>2026-07-05T23:59:00Z</time></rtept><rtept lat="42.270938" lon="-73.188041"><ele>535.6000000000004</ele><time>2026-07-05T23:59:00Z</time></rtept><rtept lat="42.270893" lon="-73.188128"><ele>535.6000000000004</ele><time>2026-07-05T23:59:00Z</time></rtept><rtept lat="42.270778" lon="-73.188212"><ele>535.6000000000004</ele><time>2026-07-05T23:59:00Z</time></rtept><rtept lat="42.270519" lon="-73.188263"><ele>535.6000000000004</ele><time>2026-07-05T23:59:00Z</time></rtept><rtept lat="42.270359" lon="-73.188188"><ele>535.0</ele><time>2026-07-05T23:59:00Z</time></rtept><rtept lat="42.270306" lon="-73.188095"><ele>534.2000000000007</ele><time>2026-07-05T23:59:00Z</time></rtept><rtept lat="42.270162" lon="-73.187265"><ele>528.6000000000004</ele><time>2026-07-05T23:59:00Z</time></rtept><rtept lat="42.270034" lon="-73.186872"><ele>526.6000000000004</ele><time>2026-07-05T23:59:00Z</time></rtept><rtept lat="42.270045" lon="-73.186661"><ele>525.8000000000011</ele><time>2026-07-05T23:59:00Z</time></rtept><rtept lat="42.270005" lon="-73.186467"><ele>523.2000000000007</ele><time>2026-07-05T23:59:00Z</time></rtept><rtept lat="42.269896" lon="-73.186259"><ele>520.4000000000015</ele><time>2026-07-05T23:59:00Z</time></rtept><rtept lat="42.269856" lon="-73.186112"><ele>520.0</ele><time>2026-07-05T23:59:00Z</time></rtept><rtept lat="42.269859" lon="-73.185881"><ele>521.8000000000011</ele><time>2026-07-05T23:59:00Z</time></rtept><rtept lat="42.269844" lon="-73.185825"><ele>522.6000000000004</ele><time>2026-07-05T23:59:00Z</time></rtept><rtept lat="42.2698" lon="-73.185754"><ele>522.8000000000011</ele><time>2026-07-05T23:59:00Z</time></rtept><rtept lat="42.269712" lon="-73.185658"><ele>523.0</ele><time>2026-07-05T23:59:00Z</time></rtept><rtept lat="42.269573" lon="-73.185554"><ele>522.4000000000015</ele><time>2026-07-05T23:59:00Z</time></rtept><rtept lat="42.269525" lon="-73.185559"><ele>521.8000000000011</ele><time>2026-07-05T23:59:00Z</time></rtept><rtept lat="42.269483" lon="-73.185493"><ele>521.8000000000011</ele><time>2026-07-05T23:59:00Z</time></rtept><rtept lat="42.269467" lon="-73.185335"><ele>522.8000000000011</ele><time>2026-07-05T23:59:00Z</time></rtept><rtept lat="42.269472" lon="-73.185242"><ele>523.2000000000007</ele><time>2026-07-05T23:59:00Z</time></rtept><rtept lat="42.269463" lon="-73.185155"><ele>523.4000000000015</ele><time>2026-07-05T23:59:00Z</time></rtept><rtept lat="42.269405" lon="-73.185036"><ele>523.0</ele><time>2026-07-05T23:59:00Z</time></rtept><rtept lat="42.269315" lon="-73.184745"><ele>522.2000000000007</ele><time>2026-07-05T23:59:00Z</time></rtept><rtept lat="42.269275" lon="-73.184505"><ele>522.4000000000015</ele><time>2026-07-05T23:59:00Z</time></rtept><rtept lat="42.269245" lon="-73.184431"><ele>523.2000000000007</ele><time>2026-07-05T23:59:00Z</time></rtept><rtept lat="42.269166" lon="-73.184401"><ele>522.2000000000007</ele><time>2026-07-05T23:59:00Z</time></rtept><rtept lat="42.268995" lon="-73.184207"><ele>523.6000000000004</ele><time>2026-07-05T23:59:00Z</time></rtept><rtept lat="42.268926" lon="-73.184142"><ele>523.2000000000007</ele><time>2026-07-05T23:59:00Z</time></rtept><rtept lat="42.268864" lon="-73.18411"><ele>523.6000000000004</ele><time>2026-07-05T23:59:00Z</time></rtept><rtept lat="42.268843" lon="-73.184134"><ele>523.2000000000007</ele><time>2026-07-05T23:59:00Z</time></rtept><rtept lat="42.26875" lon="-73.184142"><ele>522.2000000000007</ele><time>2026-07-05T23:59:00Z</time></rtept><rtept lat="42.268683" lon="-73.184208"><ele>522.2000000000007</ele><time>2026-07-05T23:59:00Z</time></rtept><rtept lat="42.268569" lon="-73.18416"><ele>522.0</ele><time>2026-07-05T23:59:00Z</time></rtept><rtept lat="42.268518" lon="-73.184075"><ele>522.8000000000011</ele><time>2026-07-05T23:59:00Z</time></rtept><rtept lat="42.268371" lon="-73.183935"><ele>524.6000000000004</ele><time>2026-07-05T23:59:00Z</time></rtept><rtept lat="42.268312" lon="-73.183896"><ele>524.8000000000011</ele><time>2026-07-05T23:59:00Z</time></rtept><rtept lat="42.268243" lon="-73.183807"><ele>526.0</ele><time>2026-07-05T23:59:00Z</time></rtept><rtept lat="42.268161" lon="-73.183767"><ele>527.4000000000015</ele><time>2026-07-05T23:59:00Z</time></rtept><rtept lat="42.268094" lon="-73.183743"><ele>527.6000000000004</ele><time>2026-07-05T23:59:00Z</time></rtept><rtept lat="42.267958" lon="-73.18381"><ele>527.2000000000007</ele><time>2026-07-05T23:59:00Z</time></rtept><rtept lat="42.267897" lon="-73.18381"><ele>527.6000000000004</ele><time>2026-07-05T23:59:00Z</time></rtept><rtept lat="42.26787" lon="-73.183762"><ele>528.4000000000015</ele><time>2026-07-05T23:59:00Z</time></rtept><rtept lat="42.267807" lon="-73.183683"><ele>529.4000000000015</ele><time>2026-07-05T23:59:00Z</time></rtept><rtept lat="42.267788" lon="-73.183627"><ele>529.4000000000015</ele><time>2026-07-05T23:59:00Z</time></rtept><rtept lat="42.267726" lon="-73.18359"><ele>530.4000000000015</ele><time>2026-07-05T23:59:00Z</time></rtept><rtept lat="42.267615" lon="-73.183547"><ele>530.8000000000011</ele><time>2026-07-05T23:59:00Z</time></rtept><rtept lat="42.267588" lon="-73.183401"><ele>532.8000000000011</ele><time>2026-07-05T23:59:00Z</time></rtept><rtept lat="42.267609" lon="-73.183337"><ele>533.4000000000015</ele><time>2026-07-05T23:59:00Z</time></rtept><rtept lat="42.267607" lon="-73.183246"><ele>534.0</ele><time>2026-07-05T23:59:00Z</time></rtept><rtept lat="42.267593" lon="-73.183142"><ele>534.6000000000004</ele><time>2026-07-05T23:59:00Z</time></rtept><rtept lat="42.267561" lon="-73.183116"><ele>535.0</ele><time>2026-07-05T23:59:00Z</time></rtept><rtept lat="42.267537" lon="-73.18306"><ele>535.4000000000015</ele><time>2026-07-05T23:59:00Z</time></rtept><rtept lat="42.267537" lon="-73.183006"><ele>536.0</ele><time>2026-07-05T23:59:00Z</time></rtept><rtept lat="42.267521" lon="-73.182932"><ele>536.8000000000011</ele><time>2026-07-05T23:59:00Z</time></rtept><rtept lat="42.267487" lon="-73.182889"><ele>536.8000000000011</ele><time>2026-07-05T23:59:00Z</time></rtept><rtept lat="42.267388" lon="-73.182817"><ele>537.6000000000004</ele><time>2026-07-05T23:59:00Z</time></rtept><rtept lat="42.267351" lon="-73.182761"><ele>538.2000000000007</ele><time>2026-07-05T23:59:00Z</time></rtept><rtept lat="42.267297" lon="-73.182722"><ele>538.2000000000007</ele><time>2026-07-05T23:59:00Z</time></rtept><rtept lat="42.267159" lon="-73.182576"><ele>539.4000000000015</ele><time>2026-07-05T23:59:00Z</time></rtept><rtept lat="42.267084" lon="-73.182581"><ele>539.6000000000004</ele><time>2026-07-05T23:59:00Z</time></rtept><rtept lat="42.267047" lon="-73.182613"><ele>539.2000000000007</ele><time>2026-07-05T23:59:00Z</time></rtept><rtept lat="42.26698" lon="-73.182714"><ele>539.0</ele><time>2026-07-05T23:59:00Z</time></rtept><rtept lat="42.266898" lon="-73.182808"><ele>538.6000000000004</ele><time>2026-07-05T23:59:00Z</time></rtept><rtept lat="42.266834" lon="-73.182856"><ele>538.2000000000007</ele><time>2026-07-05T23:59:00Z</time></rtept><rtept lat="42.266772" lon="-73.182857"><ele>538.4000000000015</ele><time>2026-07-05T23:59:00Z</time></rtept><rtept lat="42.266661" lon="-73.182905"><ele>539.0</ele><time>2026-07-05T23:59:00Z</time></rtept><rtept lat="42.266637" lon="-73.182961"><ele>538.8000000000011</ele><time>2026-07-05T23:59:00Z</time></rtept><rtept lat="42.266575" lon="-73.182966"><ele>539.0</ele><time>2026-07-05T23:59:00Z</time></rtept><rtept lat="42.266549" lon="-73.182996"><ele>539.0</ele><time>2026-07-05T23:59:00Z</time></rtept><rtept lat="42.266533" lon="-73.183044"><ele>539.2000000000007</ele><time>2026-07-05T23:59:00Z</time></rtept><rtept lat="42.266514" lon="-73.183068"><ele>539.2000000000007</ele><time>2026-07-05T23:59:00Z</time></rtept><rtept lat="42.266423" lon="-73.183109"><ele>540.6000000000004</ele><time>2026-07-05T23:59:00Z</time></rtept><rtept lat="42.266387" lon="-73.183101"><ele>540.2000000000007</ele><time>2026-07-05T23:59:00Z</time></rtept><rtept lat="42.266117" lon="-73.182976"><ele>544.0</ele><time>2026-07-05T23:59:00Z</time></rtept><rtept lat="42.265949" lon="-73.182968"><ele>545.4000000000015</ele><time>2026-07-05T23:59:00Z</time></rtept><rtept lat="42.265906" lon="-73.183002"><ele>546.0</ele><time>2026-07-05T23:59:00Z</time></rtept><rtept lat="42.265898" lon="-73.183083"><ele>546.2000000000007</ele><time>2026-07-05T23:59:00Z</time></rtept><rtept lat="42.265869" lon="-73.183125"><ele>547.0</ele><time>2026-07-05T23:59:00Z</time></rtept><rtept lat="42.265768" lon="-73.183231"><ele>547.6000000000004</ele><time>2026-07-05T23:59:00Z</time></rtept><rtept lat="42.265725" lon="-73.183293"><ele>548.6000000000004</ele><time>2026-07-05T23:59:00Z</time></rtept><rtept lat="42.265536" lon="-73.183454"><ele>551.2000000000007</ele><time>2026-07-05T23:59:00Z</time></rtept><rtept lat="42.265418" lon="-73.18357"><ele>552.6000000000004</ele><time>2026-07-05T23:59:00Z</time></rtept><rtept lat="42.265376" lon="-73.183654"><ele>552.4000000000015</ele><time>2026-07-05T23:59:00Z</time></rtept><rtept lat="42.265355" lon="-73.183725"><ele>552.8000000000011</ele><time>2026-07-05T23:59:00Z</time></rtept><rtept lat="42.265248" lon="-73.183776"><ele>553.8000000000011</ele><time>2026-07-05T23:59:00Z</time></rtept><rtept lat="42.26515" lon="-73.18389"><ele>556.2000000000007</ele><time>2026-07-05T23:59:00Z</time></rtept><rtept lat="42.265038" lon="-73.183884"><ele>558.2000000000007</ele><time>2026-07-05T23:59:00Z</time></rtept><rtept lat="42.264952" lon="-73.183834"><ele>558.8000000000011</ele><time>2026-07-05T23:59:00Z</time></rtept><rtept lat="42.26483" lon="-73.183677"><ele>559.0</ele><time>2026-07-05T23:59:00Z</time></rtept><rtept lat="42.264808" lon="-73.183559"><ele>558.8000000000011</ele><time>2026-07-05T23:59:00Z</time></rtept><rtept lat="42.264705" lon="-73.18335"><ele>558.6000000000004</ele><time>2026-07-05T23:59:00Z</time></rtept><rtept lat="42.264651" lon="-73.18331"><ele>558.8000000000011</ele><time>2026-07-05T23:59:00Z</time></rtept><rtept lat="42.264504" lon="-73.183251"><ele>559.0</ele><time>2026-07-05T23:59:00Z</time></rtept><rtept lat="42.264297" lon="-73.183094"><ele>558.8000000000011</ele><time>2026-07-05T23:59:00Z</time></rtept><rtept lat="42.26403" lon="-73.183017"><ele>557.8000000000011</ele><time>2026-07-05T23:59:00Z</time></rtept><rtept lat="42.26395" lon="-73.182966"><ele>557.2000000000007</ele><time>2026-07-05T23:59:00Z</time></rtept><rtept lat="42.263806" lon="-73.182796"><ele>557.2000000000007</ele><time>2026-07-05T23:59:00Z</time></rtept><rtept lat="42.263702" lon="-73.182527"><ele>557.6000000000004</ele><time>2026-07-05T23:59:00Z</time></rtept><rtept lat="42.263572" lon="-73.182332"><ele>557.4000000000015</ele><time>2026-07-05T23:59:00Z</time></rtept><rtept lat="42.263508" lon="-73.182276"><ele>556.2000000000007</ele><time>2026-07-05T23:59:00Z</time></rtept><rtept lat="42.263294" lon="-73.182168"><ele>551.6000000000004</ele><time>2026-07-05T23:59:00Z</time></rtept><rtept lat="42.263233" lon="-73.182182"><ele>549.2000000000007</ele><time>2026-07-05T23:59:00Z</time></rtept><rtept lat="42.26318" lon="-73.182208"><ele>546.8000000000011</ele><time>2026-07-05T23:59:00Z</time></rtept><rtept lat="42.263067" lon="-73.18221"><ele>543.8000000000011</ele><time>2026-07-05T23:59:00Z</time></rtept><rtept lat="42.263006" lon="-73.182179"><ele>542.8000000000011</ele><time>2026-07-05T23:59:00Z</time></rtept><rtept lat="42.262823" lon="-73.182003"><ele>539.2000000000007</ele><time>2026-07-05T23:59:00Z</time></rtept><rtept lat="42.262524" lon="-73.181807"><ele>535.0</ele><time>2026-07-05T23:59:00Z</time></rtept><rtept lat="42.26243" lon="-73.181697"><ele>532.4000000000015</ele><time>2026-07-05T23:59:00Z</time></rtept><rtept lat="42.26239" lon="-73.181604"><ele>532.8000000000011</ele><time>2026-07-05T23:59:00Z</time></rtept><rtept lat="42.262378" lon="-73.181453"><ele>531.2000000000007</ele><time>2026-07-05T23:59:00Z</time></rtept><rtept lat="42.262339" lon="-73.181373"><ele>531.8000000000011</ele><time>2026-07-05T23:59:00Z</time></rtept><rtept lat="42.262141" lon="-73.18131"><ele>527.6000000000004</ele><time>2026-07-05T23:59:00Z</time></rtept><rtept lat="42.262022" lon="-73.181318"><ele>527.2000000000007</ele><time>2026-07-05T23:59:00Z</time></rtept><rtept lat="42.261943" lon="-73.181305"><ele>527.2000000000007</ele><time>2026-07-05T23:59:00Z</time></rtept><rtept lat="42.261758" lon="-73.181222"><ele>527.8000000000011</ele><time>2026-07-05T23:59:00Z</time></rtept><rtept lat="42.261663" lon="-73.181207"><ele>528.0</ele><time>2026-07-05T23:59:00Z</time></rtept><rtept lat="42.261403" lon="-73.181319"><ele>520.8000000000011</ele><time>2026-07-05T23:59:00Z</time></rtept><rtept lat="42.261275" lon="-73.181431"><ele>517.2000000000007</ele><time>2026-07-05T23:59:00Z</time></rtept><rtept lat="42.261141" lon="-73.181447"><ele>516.6000000000004</ele><time>2026-07-05T23:59:00Z</time></rtept><rtept lat="42.261045" lon="-73.181497"><ele>513.6000000000004</ele><time>2026-07-05T23:59:00Z</time></rtept><rtept lat="42.260899" lon="-73.181515"><ele>513.2000000000007</ele><time>2026-07-05T23:59:00Z</time></rtept><rtept lat="42.26079" lon="-73.181568"><ele>511.0</ele><time>2026-07-05T23:59:00Z</time></rtept><rtept lat="42.260507" lon="-73.181527"><ele>513.8000000000011</ele><time>2026-07-05T23:59:00Z</time></rtept><rtept lat="42.260363" lon="-73.181399"><ele>516.4000000000015</ele><time>2026-07-05T23:59:00Z</time></rtept><rtept lat="42.260281" lon="-73.181365"><ele>517.4000000000015</ele><time>2026-07-05T23:59:00Z</time></rtept><rtept lat="42.260198" lon="-73.181354"><ele>517.0</ele><time>2026-07-05T23:59:00Z</time></rtept><rtept lat="42.260126" lon="-73.181411"><ele>515.6000000000004</ele><time>2026-07-05T23:59:00Z</time></rtept><rtept lat="42.260076" lon="-73.18143"><ele>515.0</ele><time>2026-07-05T23:59:00Z</time></rtept><rtept lat="42.260005" lon="-73.181441"><ele>514.4000000000015</ele><time>2026-07-05T23:59:00Z</time></rtept><rtept lat="42.259963" lon="-73.181418"><ele>513.4000000000015</ele><time>2026-07-05T23:59:00Z</time></rtept><rtept lat="42.259902" lon="-73.181358"><ele>514.0</ele><time>2026-07-05T23:59:00Z</time></rtept><rtept lat="42.259825" lon="-73.181321"><ele>513.0</ele><time>2026-07-05T23:59:00Z</time></rtept><rtept lat="42.25975" lon="-73.181353"><ele>512.0</ele><time>2026-07-05T23:59:00Z</time></rtept><rtept lat="42.259659" lon="-73.181458"><ele>510.40000000000146</ele><time>2026-07-05T23:59:00Z</time></rtept><rtept lat="42.259542" lon="-73.181481"><ele>509.8000000000011</ele><time>2026-07-05T23:59:00Z</time></rtept><rtept lat="42.259438" lon="-73.181453"><ele>510.60000000000036</ele><time>2026-07-05T23:59:00Z</time></rtept><rtept lat="42.2593" lon="-73.181314"><ele>511.0</ele><time>2026-07-05T23:59:00Z</time></rtept><rtept lat="42.259169" lon="-73.181237"><ele>511.0</ele><time>2026-07-05T23:59:00Z</time></rtept><rtept lat="42.259105" lon="-73.181122"><ele>512.6000000000004</ele><time>2026-07-05T23:59:00Z</time></rtept><rtept lat="42.259049" lon="-73.180991"><ele>513.0</ele><time>2026-07-05T23:59:00Z</time></rtept><rtept lat="42.259025" lon="-73.180877"><ele>514.2000000000007</ele><time>2026-07-05T23:59:00Z</time></rtept><rtept lat="42.258924" lon="-73.180644"><ele>516.0</ele><time>2026-07-05T23:59:00Z</time></rtept><rtept lat="42.258868" lon="-73.180537"><ele>516.2000000000007</ele><time>2026-07-05T23:59:00Z</time></rtept><rtept lat="42.258781" lon="-73.180463"><ele>516.6000000000004</ele><time>2026-07-05T23:59:00Z</time></rtept><rtept lat="42.258781" lon="-73.180463"><ele>516.6000000000004</ele><time>2026-07-05T23:59:00Z</time></rtept><rtept lat="42.258746" lon="-73.180433"><ele>517.0</ele><time>2026-07-05T23:59:00Z</time></rtept><rtept lat="42.258562" lon="-73.180311"><ele>515.6000000000004</ele><time>2026-07-05T23:59:00Z</time></rtept><rtept lat="42.258434" lon="-73.180191"><ele>515.2000000000007</ele><time>2026-07-05T23:59:00Z</time></rtept><rtept lat="42.258375" lon="-73.180195"><ele>515.2000000000007</ele><time>2026-07-05T23:59:00Z</time></rtept><rtept lat="42.258274" lon="-73.180235"><ele>515.4000000000015</ele><time>2026-07-05T23:59:00Z</time></rtept><rtept lat="42.25822" lon="-73.180307"><ele>516.0</ele><time>2026-07-05T23:59:00Z</time></rtept><rtept lat="42.258199" lon="-73.180448"><ele>515.6000000000004</ele><time>2026-07-05T23:59:00Z</time></rtept><rtept lat="42.258191" lon="-73.180605"><ele>515.0</ele><time>2026-07-05T23:59:00Z</time></rtept><rtept lat="42.258162" lon="-73.180736"><ele>514.2000000000007</ele><time>2026-07-05T23:59:00Z</time></rtept><rtept lat="42.258125" lon="-73.18084"><ele>513.4000000000015</ele><time>2026-07-05T23:59:00Z</time></rtept><rtept lat="42.258079" lon="-73.180917"><ele>512.8000000000011</ele><time>2026-07-05T23:59:00Z</time></rtept><rtept lat="42.257959" lon="-73.180999"><ele>511.8000000000011</ele><time>2026-07-05T23:59:00Z</time></rtept><rtept lat="42.257869" lon="-73.181013"><ele>511.2000000000007</ele><time>2026-07-05T23:59:00Z</time></rtept><rtept lat="42.257812" lon="-73.181006"><ele>511.2000000000007</ele><time>2026-07-05T23:59:00Z</time></rtept><rtept lat="42.257762" lon="-73.180958"><ele>511.40000000000146</ele><time>2026-07-05T23:59:00Z</time></rtept><rtept lat="42.257645" lon="-73.180924"><ele>510.2000000000007</ele><time>2026-07-05T23:59:00Z</time></rtept><rtept lat="42.257469" lon="-73.18084"><ele>508.60000000000036</ele><time>2026-07-05T23:59:00Z</time></rtept><rtept lat="42.257439" lon="-73.180799"><ele>508.60000000000036</ele><time>2026-07-05T23:59:00Z</time></rtept><rtept lat="42.257421" lon="-73.180708"><ele>508.0</ele><time>2026-07-05T23:59:00Z</time></rtept><rtept lat="42.257392" lon="-73.18062"><ele>508.0</ele><time>2026-07-05T23:59:00Z</time></rtept><rtept lat="42.257381" lon="-73.180477"><ele>508.2000000000007</ele><time>2026-07-05T23:59:00Z</time></rtept><rtept lat="42.257352" lon="-73.180403"><ele>507.60000000000036</ele><time>2026-07-05T23:59:00Z</time></rtept><rtept lat="42.257216" lon="-73.180184"><ele>506.40000000000146</ele><time>2026-07-05T23:59:00Z</time></rtept><rtept lat="42.257043" lon="-73.179995"><ele>505.0</ele><time>2026-07-05T23:59:00Z</time></rtept><rtept lat="42.256985" lon="-73.179947"><ele>505.0</ele><time>2026-07-05T23:59:00Z</time></rtept><rtept lat="42.256978" lon="-73.179884"><ele>504.40000000000146</ele><time>2026-07-05T23:59:00Z</time></rtept><rtept lat="42.257003" lon="-73.179832"><ele>505.0</ele><time>2026-07-05T23:59:00Z</time></rtept><rtept lat="42.257043" lon="-73.179546"><ele>504.8000000000011</ele><time>2026-07-05T23:59:00Z</time></rtept><rtept lat="42.257032" lon="-73.179157"><ele>505.2000000000007</ele><time>2026-07-05T23:59:00Z</time></rtept><rtept lat="42.256963" lon="-73.179002"><ele>504.60000000000036</ele><time>2026-07-05T23:59:00Z</time></rtept><rtept lat="42.256888" lon="-73.178925"><ele>504.0</ele><time>2026-07-05T23:59:00Z</time></rtept><rtept lat="42.256797" lon="-73.178617"><ele>504.60000000000036</ele><time>2026-07-05T23:59:00Z</time></rtept><rtept lat="42.256792" lon="-73.178521"><ele>504.40000000000146</ele><time>2026-07-05T23:59:00Z</time></rtept><rtept lat="42.256755" lon="-73.178428"><ele>504.8000000000011</ele><time>2026-07-05T23:59:00Z</time></rtept><rtept lat="42.256757" lon="-73.178358"><ele>505.2000000000007</ele><time>2026-07-05T23:59:00Z</time></rtept><rtept lat="42.256604" lon="-73.178106"><ele>505.8000000000011</ele><time>2026-07-05T23:59:00Z</time></rtept><rtept lat="42.256544" lon="-73.177985"><ele>505.60000000000036</ele><time>2026-07-05T23:59:00Z</time></rtept><rtept lat="42.256523" lon="-73.177884"><ele>505.60000000000036</ele><time>2026-07-05T23:59:00Z</time></rtept><rtept lat="42.256478" lon="-73.177777"><ele>507.8000000000011</ele><time>2026-07-05T23:59:00Z</time></rtept><rtept lat="42.25647" lon="-73.177547"><ele>508.2000000000007</ele><time>2026-07-05T23:59:00Z</time></rtept><rtept lat="42.256459" lon="-73.177448"><ele>508.8000000000011</ele><time>2026-07-05T23:59:00Z</time></rtept><rtept lat="42.256443" lon="-73.177382"><ele>509.0</ele><time>2026-07-05T23:59:00Z</time></rtept><rtept lat="42.256451" lon="-73.177227"><ele>509.40000000000146</ele><time>2026-07-05T23:59:00Z</time></rtept><rtept lat="42.256491" lon="-73.177147"><ele>510.2000000000007</ele><time>2026-07-05T23:59:00Z</time></rtept><rtept lat="42.256528" lon="-73.177014"><ele>510.2000000000007</ele><time>2026-07-05T23:59:00Z</time></rtept><rtept lat="42.256486" lon="-73.176854"><ele>510.40000000000146</ele><time>2026-07-05T23:59:00Z</time></rtept><rtept lat="42.256456" lon="-73.176809"><ele>510.2000000000007</ele><time>2026-07-05T23:59:00Z</time></rtept><rtept lat="42.256366" lon="-73.176754"><ele>510.60000000000036</ele><time>2026-07-05T23:59:00Z</time></rtept><rtept lat="42.256184" lon="-73.176765"><ele>509.40000000000146</ele><time>2026-07-05T23:59:00Z</time></rtept><rtept lat="42.256065" lon="-73.176789"><ele>509.2000000000007</ele><time>2026-07-05T23:59:00Z</time></rtept><rtept lat="42.255995" lon="-73.176842"><ele>507.8000000000011</ele><time>2026-07-05T23:59:00Z</time></rtept><rtept lat="42.255985" lon="-73.176935"><ele>506.8000000000011</ele><time>2026-07-05T23:59:00Z</time></rtept><rtept lat="42.255939" lon="-73.177038"><ele>505.2000000000007</ele><time>2026-07-05T23:59:00Z</time></rtept><rtept lat="42.255838" lon="-73.177096"><ele>504.60000000000036</ele><time>2026-07-05T23:59:00Z</time></rtept><rtept lat="42.255784" lon="-73.177143"><ele>503.8000000000011</ele><time>2026-07-05T23:59:00Z</time></rtept><rtept lat="42.255731" lon="-73.177147"><ele>503.8000000000011</ele><time>2026-07-05T23:59:00Z</time></rtept><rtept lat="42.255606" lon="-73.177088"><ele>504.8000000000011</ele><time>2026-07-05T23:59:00Z</time></rtept><rtept lat="42.255531" lon="-73.177041"><ele>505.60000000000036</ele><time>2026-07-05T23:59:00Z</time></rtept><rtept lat="42.255492" lon="-73.177057"><ele>506.8000000000011</ele><time>2026-07-05T23:59:00Z</time></rtept><rtept lat="42.255398" lon="-73.17705"><ele>508.60000000000036</ele><time>2026-07-05T23:59:00Z</time></rtept><rtept lat="42.255164" lon="-73.176783"><ele>511.2000000000007</ele><time>2026-07-05T23:59:00Z</time></rtept><rtept lat="42.255126" lon="-73.17669"><ele>512.2000000000007</ele><time>2026-07-05T23:59:00Z</time></rtept><rtept lat="42.255111" lon="-73.176562"><ele>511.0</ele><time>2026-07-05T23:59:00Z</time></rtept><rtept lat="42.25507" lon="-73.176461"><ele>511.60000000000036</ele><time>2026-07-05T23:59:00Z</time></rtept><rtept lat="42.255012" lon="-73.17641"><ele>512.4000000000015</ele><time>2026-07-05T23:59:00Z</time></rtept><rtept lat="42.254937" lon="-73.176296"><ele>513.2000000000007</ele><time>2026-07-05T23:59:00Z</time></rtept><rtept lat="42.254852" lon="-73.17627"><ele>513.4000000000015</ele><time>2026-07-05T23:59:00Z</time></rtept><rtept lat="42.254788" lon="-73.176172"><ele>514.0</ele><time>2026-07-05T23:59:00Z</time></rtept><rtept lat="42.254737" lon="-73.176156"><ele>514.6000000000004</ele><time>2026-07-05T23:59:00Z</time></rtept><rtept lat="42.254628" lon="-73.176164"><ele>516.6000000000004</ele><time>2026-07-05T23:59:00Z</time></rtept><rtept lat="42.254553" lon="-73.176129"><ele>517.8000000000011</ele><time>2026-07-05T23:59:00Z</time></rtept><rtept lat="42.254511" lon="-73.176078"><ele>517.8000000000011</ele><time>2026-07-05T23:59:00Z</time></rtept><rtept lat="42.254471" lon="-73.176062"><ele>519.2000000000007</ele><time>2026-07-05T23:59:00Z</time></rtept><rtept lat="42.25442" lon="-73.176073"><ele>520.6000000000004</ele><time>2026-07-05T23:59:00Z</time></rtept><rtept lat="42.254255" lon="-73.176354"><ele>521.4000000000015</ele><time>2026-07-05T23:59:00Z</time></rtept><rtept lat="42.254207" lon="-73.176491"><ele>521.6000000000004</ele><time>2026-07-05T23:59:00Z</time></rtept><rtept lat="42.254143" lon="-73.176621"><ele>521.2000000000007</ele><time>2026-07-05T23:59:00Z</time></rtept><rtept lat="42.254063" lon="-73.176717"><ele>521.2000000000007</ele><time>2026-07-05T23:59:00Z</time></rtept><rtept lat="42.254007" lon="-73.176813"><ele>521.2000000000007</ele><time>2026-07-05T23:59:00Z</time></rtept><rtept lat="42.253925" lon="-73.176879"><ele>522.0</ele><time>2026-07-05T23:59:00Z</time></rtept><rtept lat="42.253834" lon="-73.176895"><ele>522.6000000000004</ele><time>2026-07-05T23:59:00Z</time></rtept><rtept lat="42.253602" lon="-73.176891"><ele>526.4000000000015</ele><time>2026-07-05T23:59:00Z</time></rtept><rtept lat="42.253551" lon="-73.17695"><ele>526.8000000000011</ele><time>2026-07-05T23:59:00Z</time></rtept><rtept lat="42.253416" lon="-73.177051"><ele>528.6000000000004</ele><time>2026-07-05T23:59:00Z</time></rtept><rtept lat="42.253357" lon="-73.177081"><ele>530.2000000000007</ele><time>2026-07-05T23:59:00Z</time></rtept><rtept lat="42.253328" lon="-73.17711"><ele>529.6000000000004</ele><time>2026-07-05T23:59:00Z</time></rtept><rtept lat="42.25329" lon="-73.177182"><ele>531.2000000000007</ele><time>2026-07-05T23:59:00Z</time></rtept><rtept lat="42.253266" lon="-73.17732"><ele>530.0</ele><time>2026-07-05T23:59:00Z</time></rtept><rtept lat="42.253256" lon="-73.177531"><ele>529.2000000000007</ele><time>2026-07-05T23:59:00Z</time></rtept><rtept lat="42.253197" lon="-73.177647"><ele>530.0</ele><time>2026-07-05T23:59:00Z</time></rtept><rtept lat="42.253027" lon="-73.177881"><ele>532.2000000000007</ele><time>2026-07-05T23:59:00Z</time></rtept><rtept lat="42.252845" lon="-73.178047"><ele>534.4000000000015</ele><time>2026-07-05T23:59:00Z</time></rtept><rtept lat="42.25272" lon="-73.178268"><ele>535.8000000000011</ele><time>2026-07-05T23:59:00Z</time></rtept><rtept lat="42.252648" lon="-73.178338"><ele>536.4000000000015</ele><time>2026-07-05T23:59:00Z</time></rtept><rtept lat="42.252589" lon="-73.17848"><ele>537.2000000000007</ele><time>2026-07-05T23:59:00Z</time></rtept><rtept lat="42.252571" lon="-73.178602"><ele>537.4000000000015</ele><time>2026-07-05T23:59:00Z</time></rtept><rtept lat="42.252545" lon="-73.178704"><ele>537.4000000000015</ele><time>2026-07-05T23:59:00Z</time></rtept><rtept lat="42.252493" lon="-73.178802"><ele>538.2000000000007</ele><time>2026-07-05T23:59:00Z</time></rtept><rtept lat="42.252488" lon="-73.178882"><ele>538.2000000000007</ele><time>2026-07-05T23:59:00Z</time></rtept><rtept lat="42.252473" lon="-73.178909"><ele>539.0</ele><time>2026-07-05T23:59:00Z</time></rtept><rtept lat="42.252403" lon="-73.178946"><ele>540.2000000000007</ele><time>2026-07-05T23:59:00Z</time></rtept><rtept lat="42.252296" lon="-73.178949"><ele>543.2000000000007</ele><time>2026-07-05T23:59:00Z</time></rtept><rtept lat="42.252203" lon="-73.178877"><ele>549.2000000000007</ele><time>2026-07-05T23:59:00Z</time></rtept><rtept lat="42.252096" lon="-73.178862"><ele>551.8000000000011</ele><time>2026-07-05T23:59:00Z</time></rtept><rtept lat="42.252024" lon="-73.178817"><ele>556.8000000000011</ele><time>2026-07-05T23:59:00Z</time></rtept><rtept lat="42.251923" lon="-73.178782"><ele>558.2000000000007</ele><time>2026-07-05T23:59:00Z</time></rtept><rtept lat="42.251822" lon="-73.178777"><ele>562.4000000000015</ele><time>2026-07-05T23:59:00Z</time></rtept><rtept lat="42.251777" lon="-73.178726"><ele>561.4000000000015</ele><time>2026-07-05T23:59:00Z</time></rtept><rtept lat="42.251678" lon="-73.178673"><ele>564.8000000000011</ele><time>2026-07-05T23:59:00Z</time></rtept><rtept lat="42.251577" lon="-73.178656"><ele>567.4000000000015</ele><time>2026-07-05T23:59:00Z</time></rtept><rtept lat="42.251553" lon="-73.17861"><ele>566.4000000000015</ele><time>2026-07-05T23:59:00Z</time></rtept><rtept lat="42.251507" lon="-73.178613"><ele>567.6000000000004</ele><time>2026-07-05T23:59:00Z</time></rtept><rtept lat="42.251422" lon="-73.178576"><ele>568.6000000000004</ele><time>2026-07-05T23:59:00Z</time></rtept><rtept lat="42.251297" lon="-73.178613"><ele>570.4000000000015</ele><time>2026-07-05T23:59:00Z</time></rtept><rtept lat="42.251206" lon="-73.178594"><ele>571.0</ele><time>2026-07-05T23:59:00Z</time></rtept><rtept lat="42.2511" lon="-73.17864"><ele>572.0</ele><time>2026-07-05T23:59:00Z</time></rtept><rtept lat="42.25102" lon="-73.178642"><ele>572.6000000000004</ele><time>2026-07-05T23:59:00Z</time></rtept><rtept lat="42.250932" lon="-73.178777"><ele>575.6000000000004</ele><time>2026-07-05T23:59:00Z</time></rtept><rtept lat="42.250801" lon="-73.17887"><ele>576.6000000000004</ele><time>2026-07-05T23:59:00Z</time></rtept><rtept lat="42.250652" lon="-73.178947"><ele>576.4000000000015</ele><time>2026-07-05T23:59:00Z</time></rtept><rtept lat="42.250601" lon="-73.178992"><ele>576.4000000000015</ele><time>2026-07-05T23:59:00Z</time></rtept><rtept lat="42.250564" lon="-73.179044"><ele>576.0</ele><time>2026-07-05T23:59:00Z</time></rtept><rtept lat="42.250537" lon="-73.179129"><ele>576.2000000000007</ele><time>2026-07-05T23:59:00Z</time></rtept><rtept lat="42.250473" lon="-73.179218"><ele>576.0</ele><time>2026-07-05T23:59:00Z</time></rtept><rtept lat="42.250423" lon="-73.179258"><ele>575.6000000000004</ele><time>2026-07-05T23:59:00Z</time></rtept><rtept lat="42.250362" lon="-73.179381"><ele>575.0</ele><time>2026-07-05T23:59:00Z</time></rtept><rtept lat="42.250196" lon="-73.179556"><ele>573.8000000000011</ele><time>2026-07-05T23:59:00Z</time></rtept><rtept lat="42.250118" lon="-73.17959"><ele>572.4000000000015</ele><time>2026-07-05T23:59:00Z</time></rtept><rtept lat="42.250075" lon="-73.179633"><ele>572.4000000000015</ele><time>2026-07-05T23:59:00Z</time></rtept><rtept lat="42.250082" lon="-73.179697"><ele>572.6000000000004</ele><time>2026-07-05T23:59:00Z</time></rtept><rtept lat="42.250054" lon="-73.179923"><ele>571.6000000000004</ele><time>2026-07-05T23:59:00Z</time></rtept><rtept lat="42.250033" lon="-73.179971"><ele>571.6000000000004</ele><time>2026-07-05T23:59:00Z</time></rtept><rtept lat="42.249879" lon="-73.180155"><ele>569.2000000000007</ele><time>2026-07-05T23:59:00Z</time></rtept><rtept lat="42.249842" lon="-73.180336"><ele>568.4000000000015</ele><time>2026-07-05T23:59:00Z</time></rtept><rtept lat="42.24978" lon="-73.180464"><ele>567.4000000000015</ele><time>2026-07-05T23:59:00Z</time></rtept><rtept lat="42.249703" lon="-73.180533"><ele>566.4000000000015</ele><time>2026-07-05T23:59:00Z</time></rtept><rtept lat="42.249514" lon="-73.180565"><ele>563.0</ele><time>2026-07-05T23:59:00Z</time></rtept><rtept lat="42.249477" lon="-73.180546"><ele>562.0</ele><time>2026-07-05T23:59:00Z</time></rtept><rtept lat="42.249437" lon="-73.180432"><ele>561.8000000000011</ele><time>2026-07-05T23:59:00Z</time></rtept><rtept lat="42.249383" lon="-73.180314"><ele>560.6000000000004</ele><time>2026-07-05T23:59:00Z</time></rtept><rtept lat="42.24937" lon="-73.180247"><ele>560.4000000000015</ele><time>2026-07-05T23:59:00Z</time></rtept><rtept lat="42.249349" lon="-73.179999"><ele>557.6000000000004</ele><time>2026-07-05T23:59:00Z</time></rtept><rtept lat="42.249333" lon="-73.179916"><ele>557.0</ele><time>2026-07-05T23:59:00Z</time></rtept><rtept lat="42.249293" lon="-73.179834"><ele>554.6000000000004</ele><time>2026-07-05T23:59:00Z</time></rtept><rtept lat="42.249181" lon="-73.179823"><ele>553.0</ele><time>2026-07-05T23:59:00Z</time></rtept><rtept lat="42.249069" lon="-73.179924"><ele>550.8000000000011</ele><time>2026-07-05T23:59:00Z</time></rtept><rtept lat="42.248968" lon="-73.179943"><ele>548.6000000000004</ele><time>2026-07-05T23:59:00Z</time></rtept><rtept lat="42.248813" lon="-73.180027"><ele>546.2000000000007</ele><time>2026-07-05T23:59:00Z</time></rtept><rtept lat="42.24868" lon="-73.180056"><ele>544.0</ele><time>2026-07-05T23:59:00Z</time></rtept><rtept lat="42.248525" lon="-73.180133"><ele>540.6000000000004</ele><time>2026-07-05T23:59:00Z</time></rtept><rtept lat="42.248453" lon="-73.180197"><ele>539.2000000000007</ele><time>2026-07-05T23:59:00Z</time></rtept><rtept lat="42.248368" lon="-73.180371"><ele>537.4000000000015</ele><time>2026-07-05T23:59:00Z</time></rtept><rtept lat="42.248307" lon="-73.180437"><ele>535.8000000000011</ele><time>2026-07-05T23:59:00Z</time></rtept><rtept lat="42.248278" lon="-73.180486"><ele>534.0</ele><time>2026-07-05T23:59:00Z</time></rtept><rtept lat="42.248275" lon="-73.180569"><ele>533.6000000000004</ele><time>2026-07-05T23:59:00Z</time></rtept><rtept lat="42.248211" lon="-73.18075"><ele>531.2000000000007</ele><time>2026-07-05T23:59:00Z</time></rtept><rtept lat="42.248184" lon="-73.180956"><ele>530.2000000000007</ele><time>2026-07-05T23:59:00Z</time></rtept><rtept lat="42.248128" lon="-73.181123"><ele>527.8000000000011</ele><time>2026-07-05T23:59:00Z</time></rtept><rtept lat="42.248104" lon="-73.181275"><ele>526.6000000000004</ele><time>2026-07-05T23:59:00Z</time></rtept><rtept lat="42.24798" lon="-73.181585"><ele>520.6000000000004</ele><time>2026-07-05T23:59:00Z</time></rtept><rtept lat="42.247955" lon="-73.181668"><ele>518.0</ele><time>2026-07-05T23:59:00Z</time></rtept><rtept lat="42.247944" lon="-73.18182"><ele>516.2000000000007</ele><time>2026-07-05T23:59:00Z</time></rtept><rtept lat="42.247968" lon="-73.18197"><ele>517.4000000000015</ele><time>2026-07-05T23:59:00Z</time></rtept><rtept lat="42.247999" lon="-73.182074"><ele>516.2000000000007</ele><time>2026-07-05T23:59:00Z</time></rtept><rtept lat="42.24799" lon="-73.182259"><ele>512.0</ele><time>2026-07-05T23:59:00Z</time></rtept><rtept lat="42.247952" lon="-73.182369"><ele>509.2000000000007</ele><time>2026-07-05T23:59:00Z</time></rtept><rtept lat="42.247891" lon="-73.182407"><ele>507.40000000000146</ele><time>2026-07-05T23:59:00Z</time></rtept><rtept lat="42.247808" lon="-73.182359"><ele>505.40000000000146</ele><time>2026-07-05T23:59:00Z</time></rtept><rtept lat="42.247694" lon="-73.182389"><ele>500.40000000000146</ele><time>2026-07-05T23:59:00Z</time></rtept><rtept lat="42.247609" lon="-73.182373"><ele>498.0</ele><time>2026-07-05T23:59:00Z</time></rtept><rtept lat="42.247371" lon="-73.182291"><ele>492.40000000000146</ele><time>2026-07-05T23:59:00Z</time></rtept><rtept lat="42.24715" lon="-73.182175"><ele>489.60000000000036</ele><time>2026-07-05T23:59:00Z</time></rtept><rtept lat="42.24702" lon="-73.182124"><ele>488.60000000000036</ele><time>2026-07-05T23:59:00Z</time></rtept><rtept lat="42.246953" lon="-73.18217"><ele>486.2000000000007</ele><time>2026-07-05T23:59:00Z</time></rtept><rtept lat="42.246905" lon="-73.182279"><ele>484.40000000000146</ele><time>2026-07-05T23:59:00Z</time></rtept><rtept lat="42.246902" lon="-73.182423"><ele>482.40000000000146</ele><time>2026-07-05T23:59:00Z</time></rtept><rtept lat="42.246924" lon="-73.182543"><ele>481.40000000000146</ele><time>2026-07-05T23:59:00Z</time></rtept><rtept lat="42.246924" lon="-73.18261"><ele>480.60000000000036</ele><time>2026-07-05T23:59:00Z</time></rtept><rtept lat="42.246897" lon="-73.182655"><ele>480.60000000000036</ele><time>2026-07-05T23:59:00Z</time></rtept><rtept lat="42.246752" lon="-73.182695"><ele>476.40000000000146</ele><time>2026-07-05T23:59:00Z</time></rtept><rtept lat="42.246691" lon="-73.182671"><ele>476.8000000000011</ele><time>2026-07-05T23:59:00Z</time></rtept><rtept lat="42.246645" lon="-73.182666"><ele>476.8000000000011</ele><time>2026-07-05T23:59:00Z</time></rtept><rtept lat="42.246609" lon="-73.182699"><ele>474.40000000000146</ele><time>2026-07-05T23:59:00Z</time></rtept><rtept lat="42.246583" lon="-73.182697"><ele>474.40000000000146</ele><time>2026-07-05T23:59:00Z</time></rtept><rtept lat="42.246495" lon="-73.182648"><ele>474.0</ele><time>2026-07-05T23:59:00Z</time></rtept><rtept lat="42.246423" lon="-73.182683"><ele>472.2000000000007</ele><time>2026-07-05T23:59:00Z</time></rtept><rtept lat="42.246321" lon="-73.182885"><ele>469.2000000000007</ele><time>2026-07-05T23:59:00Z</time></rtept><rtept lat="42.246252" lon="-73.182984"><ele>467.8000000000011</ele><time>2026-07-05T23:59:00Z</time></rtept><rtept lat="42.246092" lon="-73.183156"><ele>465.0</ele><time>2026-07-05T23:59:00Z</time></rtept><rtept lat="42.24601" lon="-73.183185"><ele>465.0</ele><time>2026-07-05T23:59:00Z</time></rtept><rtept lat="42.245916" lon="-73.183236"><ele>463.8000000000011</ele><time>2026-07-05T23:59:00Z</time></rtept><rtept lat="42.24569" lon="-73.183316"><ele>462.2000000000007</ele><time>2026-07-05T23:59:00Z</time></rtept><rtept lat="42.245583" lon="-73.183366"><ele>460.40000000000146</ele><time>2026-07-05T23:59:00Z</time></rtept><rtept lat="42.245554" lon="-73.183415"><ele>460.40000000000146</ele><time>2026-07-05T23:59:00Z</time></rtept><rtept lat="42.245402" lon="-73.183527"><ele>458.60000000000036</ele><time>2026-07-05T23:59:00Z</time></rtept><rtept lat="42.245373" lon="-73.183639"><ele>456.0</ele><time>2026-07-05T23:59:00Z</time></rtept><rtept lat="42.245327" lon="-73.183727"><ele>455.2000000000007</ele><time>2026-07-05T23:59:00Z</time></rtept><rtept lat="42.245269" lon="-73.183778"><ele>455.60000000000036</ele><time>2026-07-05T23:59:00Z</time></rtept><rtept lat="42.245159" lon="-73.184008"><ele>453.60000000000036</ele><time>2026-07-05T23:59:00Z</time></rtept><rtept lat="42.245091" lon="-73.184074"><ele>452.8000000000011</ele><time>2026-07-05T23:59:00Z</time></rtept><rtept lat="42.24501" lon="-73.18411"><ele>453.2000000000007</ele><time>2026-07-05T23:59:00Z</time></rtept><rtept lat="42.244898" lon="-73.184182"><ele>452.8000000000011</ele><time>2026-07-05T23:59:00Z</time></rtept><rtept lat="42.244768" lon="-73.184406"><ele>449.8000000000011</ele><time>2026-07-05T23:59:00Z</time></rtept><rtept lat="42.244634" lon="-73.184507"><ele>449.60000000000036</ele><time>2026-07-05T23:59:00Z</time></rtept><rtept lat="42.244499" lon="-73.184591"><ele>449.0</ele><time>2026-07-05T23:59:00Z</time></rtept><rtept lat="42.244392" lon="-73.184708"><ele>448.2000000000007</ele><time>2026-07-05T23:59:00Z</time></rtept><rtept lat="42.244349" lon="-73.184689"><ele>448.2000000000007</ele><time>2026-07-05T23:59:00Z</time></rtept><rtept lat="42.244245" lon="-73.184689"><ele>449.2000000000007</ele><time>2026-07-05T23:59:00Z</time></rtept><rtept lat="42.244165" lon="-73.184753"><ele>449.2000000000007</ele><time>2026-07-05T23:59:00Z</time></rtept><rtept lat="42.244091" lon="-73.184704"><ele>450.60000000000036</ele><time>2026-07-05T23:59:00Z</time></rtept><rtept lat="42.244046" lon="-73.184588"><ele>452.0</ele><time>2026-07-05T23:59:00Z</time></rtept><rtept lat="42.243957" lon="-73.184459"><ele>455.60000000000036</ele><time>2026-07-05T23:59:00Z</time></rtept><rtept lat="42.243878" lon="-73.184431"><ele>456.2000000000007</ele><time>2026-07-05T23:59:00Z</time></rtept><rtept lat="42.243758" lon="-73.18442"><ele>457.60000000000036</ele><time>2026-07-05T23:59:00Z</time></rtept><rtept lat="42.243683" lon="-73.184476"><ele>458.2000000000007</ele><time>2026-07-05T23:59:00Z</time></rtept><rtept lat="42.243563" lon="-73.184607"><ele>458.60000000000036</ele><time>2026-07-05T23:59:00Z</time></rtept><rtept lat="42.243507" lon="-73.184649"><ele>459.2000000000007</ele><time>2026-07-05T23:59:00Z</time></rtept><rtept lat="42.243315" lon="-73.185028"><ele>458.60000000000036</ele><time>2026-07-05T23:59:00Z</time></rtept><rtept lat="42.243283" lon="-73.185134"><ele>458.2000000000007</ele><time>2026-07-05T23:59:00Z</time></rtept><rtept lat="42.243195" lon="-73.185299"><ele>458.8000000000011</ele><time>2026-07-05T23:59:00Z</time></rtept><rtept lat="42.24315" lon="-73.185342"><ele>458.60000000000036</ele><time>2026-07-05T23:59:00Z</time></rtept><rtept lat="42.242884" lon="-73.185368"><ele>461.60000000000036</ele><time>2026-07-05T23:59:00Z</time></rtept><rtept lat="42.242796" lon="-73.185341"><ele>462.60000000000036</ele><time>2026-07-05T23:59:00Z</time></rtept><rtept lat="42.242694" lon="-73.185354"><ele>463.0</ele><time>2026-07-05T23:59:00Z</time></rtept><rtept lat="42.242614" lon="-73.185411"><ele>463.8000000000011</ele><time>2026-07-05T23:59:00Z</time></rtept><rtept lat="42.242585" lon="-73.185508"><ele>464.0</ele><time>2026-07-05T23:59:00Z</time></rtept><rtept lat="42.242556" lon="-73.185557"><ele>464.60000000000036</ele><time>2026-07-05T23:59:00Z</time></rtept><rtept lat="42.242373" lon="-73.185624"><ele>465.2000000000007</ele><time>2026-07-05T23:59:00Z</time></rtept><rtept lat="42.242218" lon="-73.185729"><ele>465.40000000000146</ele><time>2026-07-05T23:59:00Z</time></rtept><rtept lat="42.242111" lon="-73.185815"><ele>465.2000000000007</ele><time>2026-07-05T23:59:00Z</time></rtept><rtept lat="42.242033" lon="-73.185893"><ele>464.8000000000011</ele><time>2026-07-05T23:59:00Z</time></rtept><rtept lat="42.241917" lon="-73.186059"><ele>462.60000000000036</ele><time>2026-07-05T23:59:00Z</time></rtept><rtept lat="42.241832" lon="-73.186132"><ele>461.40000000000146</ele><time>2026-07-05T23:59:00Z</time></rtept><rtept lat="42.241694" lon="-73.186181"><ele>461.40000000000146</ele><time>2026-07-05T23:59:00Z</time></rtept><rtept lat="42.241621" lon="-73.186188"><ele>461.40000000000146</ele><time>2026-07-05T23:59:00Z</time></rtept><rtept lat="42.241586" lon="-73.186212"><ele>460.2000000000007</ele><time>2026-07-05T23:59:00Z</time></rtept><rtept lat="42.241561" lon="-73.186275"><ele>460.2000000000007</ele><time>2026-07-05T23:59:00Z</time></rtept><rtept lat="42.241554" lon="-73.186536"><ele>456.40000000000146</ele><time>2026-07-05T23:59:00Z</time></rtept><rtept lat="42.241572" lon="-73.186747"><ele>452.40000000000146</ele><time>2026-07-05T23:59:00Z</time></rtept><rtept lat="42.241599" lon="-73.186936"><ele>449.40000000000146</ele><time>2026-07-05T23:59:00Z</time></rtept><rtept lat="42.241572" lon="-73.187013"><ele>447.2000000000007</ele><time>2026-07-05T23:59:00Z</time></rtept><rtept lat="42.241458" lon="-73.187125"><ele>442.60000000000036</ele><time>2026-07-05T23:59:00Z</time></rtept><rtept lat="42.241367" lon="-73.187145"><ele>439.40000000000146</ele><time>2026-07-05T23:59:00Z</time></rtept><rtept lat="42.241312" lon="-73.187137"><ele>440.2000000000007</ele><time>2026-07-05T23:59:00Z</time></rtept><rtept lat="42.241128" lon="-73.187145"><ele>435.2000000000007</ele><time>2026-07-05T23:59:00Z</time></rtept><rtept lat="42.240793" lon="-73.187259"><ele>427.8000000000011</ele><time>2026-07-05T23:59:00Z</time></rtept><rtept lat="42.240753" lon="-73.187257"><ele>426.0</ele><time>2026-07-05T23:59:00Z</time></rtept><rtept lat="42.240613" lon="-73.187341"><ele>419.2000000000007</ele><time>2026-07-05T23:59:00Z</time></rtept><rtept lat="42.240509" lon="-73.187371"><ele>413.60000000000036</ele><time>2026-07-05T23:59:00Z</time></rtept><rtept lat="42.240476" lon="-73.187369"><ele>413.60000000000036</ele><time>2026-07-05T23:59:00Z</time></rtept><rtept lat="42.240385" lon="-73.187408"><ele>407.60000000000036</ele><time>2026-07-05T23:59:00Z</time></rtept><rtept lat="42.24031" lon="-73.187403"><ele>406.2000000000007</ele><time>2026-07-05T23:59:00Z</time></rtept><rtept lat="42.240269" lon="-73.187356"><ele>406.40000000000146</ele><time>2026-07-05T23:59:00Z</time></rtept><rtept lat="42.240136" lon="-73.187371"><ele>403.2000000000007</ele><time>2026-07-05T23:59:00Z</time></rtept><rtept lat="42.240077" lon="-73.187345"><ele>401.60000000000036</ele><time>2026-07-05T23:59:00Z</time></rtept><rtept lat="42.240003" lon="-73.18734"><ele>399.8000000000011</ele><time>2026-07-05T23:59:00Z</time></rtept><rtept lat="42.23992" lon="-73.187385"><ele>398.0</ele><time>2026-07-05T23:59:00Z</time></rtept><rtept lat="42.23984" lon="-73.187412"><ele>394.40000000000146</ele><time>2026-07-05T23:59:00Z</time></rtept><rtept lat="42.2398" lon="-73.18743"><ele>392.8000000000011</ele><time>2026-07-05T23:59:00Z</time></rtept><rtept lat="42.239686" lon="-73.18743"><ele>389.8000000000011</ele><time>2026-07-05T23:59:00Z</time></rtept><rtept lat="42.239651" lon="-73.187441"><ele>389.8000000000011</ele><time>2026-07-05T23:59:00Z</time></rtept><rtept lat="42.2396" lon="-73.187441"><ele>388.40000000000146</ele><time>2026-07-05T23:59:00Z</time></rtept><rtept lat="42.239504" lon="-73.187444"><ele>386.2000000000007</ele><time>2026-07-05T23:59:00Z</time></rtept><rtept lat="42.239422" lon="-73.187445"><ele>385.40000000000146</ele><time>2026-07-05T23:59:00Z</time></rtept><rtept lat="42.239347" lon="-73.187474"><ele>384.8000000000011</ele><time>2026-07-05T23:59:00Z</time></rtept><rtept lat="42.239203" lon="-73.187458"><ele>383.0</ele><time>2026-07-05T23:59:00Z</time></rtept><rtept lat="42.239083" lon="-73.187534"><ele>379.2000000000007</ele><time>2026-07-05T23:59:00Z</time></rtept><rtept lat="42.23895" lon="-73.187614"><ele>374.60000000000036</ele><time>2026-07-05T23:59:00Z</time></rtept><rtept lat="42.238851" lon="-73.187633"><ele>373.0</ele><time>2026-07-05T23:59:00Z</time></rtept><rtept lat="42.23874" lon="-73.18766"><ele>370.40000000000146</ele><time>2026-07-05T23:59:00Z</time></rtept><rtept lat="42.238689" lon="-73.18771"><ele>370.40000000000146</ele><time>2026-07-05T23:59:00Z</time></rtept><rtept lat="42.238622" lon="-73.187834"><ele>367.0</ele><time>2026-07-05T23:59:00Z</time></rtept><rtept lat="42.238577" lon="-73.18793"><ele>365.0</ele><time>2026-07-05T23:59:00Z</time></rtept><rtept lat="42.238438" lon="-73.188181"><ele>359.60000000000036</ele><time>2026-07-05T23:59:00Z</time></rtept><rtept lat="42.238377" lon="-73.188341"><ele>358.0</ele><time>2026-07-05T23:59:00Z</time></rtept><rtept lat="42.238364" lon="-73.188519"><ele>354.40000000000146</ele><time>2026-07-05T23:59:00Z</time></rtept><rtept lat="42.238374" lon="-73.188682"><ele>353.8000000000011</ele><time>2026-07-05T23:59:00Z</time></rtept><rtept lat="42.238342" lon="-73.188788"><ele>350.8000000000011</ele><time>2026-07-05T23:59:00Z</time></rtept><rtept lat="42.238257" lon="-73.188879"><ele>349.60000000000036</ele><time>2026-07-05T23:59:00Z</time></rtept><rtept lat="42.238183" lon="-73.188991"><ele>348.2000000000007</ele><time>2026-07-05T23:59:00Z</time></rtept><rtept lat="42.238156" lon="-73.189059"><ele>347.0</ele><time>2026-07-05T23:59:00Z</time></rtept><rtept lat="42.238114" lon="-73.18909"><ele>347.0</ele><time>2026-07-05T23:59:00Z</time></rtept><rtept lat="42.238063" lon="-73.1891"><ele>346.60000000000036</ele><time>2026-07-05T23:59:00Z</time></rtept><rtept lat="42.237996" lon="-73.189135"><ele>345.2000000000007</ele><time>2026-07-05T23:59:00Z</time></rtept><rtept lat="42.237945" lon="-73.189177"><ele>344.8000000000011</ele><time>2026-07-05T23:59:00Z</time></rtept><rtept lat="42.2379" lon="-73.189233"><ele>343.40000000000146</ele><time>2026-07-05T23:59:00Z</time></rtept><rtept lat="42.237815" lon="-73.189223"><ele>343.2000000000007</ele><time>2026-07-05T23:59:00Z</time></rtept><rtept lat="42.237769" lon="-73.189251"><ele>343.0</ele><time>2026-07-05T23:59:00Z</time></rtept><rtept lat="42.237732" lon="-73.189275"><ele>342.8000000000011</ele><time>2026-07-05T23:59:00Z</time></rtept><rtept lat="42.237696" lon="-73.189396"><ele>340.8000000000011</ele><time>2026-07-05T23:59:00Z</time></rtept><rtept lat="42.237649" lon="-73.189499"><ele>339.2000000000007</ele><time>2026-07-05T23:59:00Z</time></rtept><rtept lat="42.237578" lon="-73.189585"><ele>337.8000000000011</ele><time>2026-07-05T23:59:00Z</time></rtept><rtept lat="42.237532" lon="-73.189721"><ele>335.60000000000036</ele><time>2026-07-05T23:59:00Z</time></rtept><rtept lat="42.237475" lon="-73.189788"><ele>335.40000000000146</ele><time>2026-07-05T23:59:00Z</time></rtept><rtept lat="42.237406" lon="-73.189826"><ele>334.2000000000007</ele><time>2026-07-05T23:59:00Z</time></rtept><rtept lat="42.237349" lon="-73.189929"><ele>333.2000000000007</ele><time>2026-07-05T23:59:00Z</time></rtept><rtept lat="42.237305" lon="-73.189962"><ele>333.2000000000007</ele><time>2026-07-05T23:59:00Z</time></rtept><rtept lat="42.237232" lon="-73.190107"><ele>331.8000000000011</ele><time>2026-07-05T23:59:00Z</time></rtept><rtept lat="42.237131" lon="-73.190167"><ele>330.8000000000011</ele><time>2026-07-05T23:59:00Z</time></rtept><rtept lat="42.237068" lon="-73.190168"><ele>330.60000000000036</ele><time>2026-07-05T23:59:00Z</time></rtept><rtept lat="42.23703" lon="-73.190189"><ele>330.40000000000146</ele><time>2026-07-05T23:59:00Z</time></rtept><rtept lat="42.236971" lon="-73.190333"><ele>329.2000000000007</ele><time>2026-07-05T23:59:00Z</time></rtept><rtept lat="42.236925" lon="-73.190388"><ele>329.0</ele><time>2026-07-05T23:59:00Z</time></rtept><rtept lat="42.236872" lon="-73.190522"><ele>327.60000000000036</ele><time>2026-07-05T23:59:00Z</time></rtept><rtept lat="42.236784" lon="-73.190815"><ele>325.8000000000011</ele><time>2026-07-05T23:59:00Z</time></rtept><rtept lat="42.236536" lon="-73.191252"><ele>321.60000000000036</ele><time>2026-07-05T23:59:00Z</time></rtept><rtept lat="42.236513" lon="-73.191382"><ele>320.0</ele><time>2026-07-05T23:59:00Z</time></rtept><rtept lat="42.236487" lon="-73.191471"><ele>319.2000000000007</ele><time>2026-07-05T23:59:00Z</time></rtept><rtept lat="42.236333" lon="-73.191721"><ele>316.0</ele><time>2026-07-05T23:59:00Z</time></rtept><rtept lat="42.236275" lon="-73.191751"><ele>316.0</ele><time>2026-07-05T23:59:00Z</time></rtept><rtept lat="42.236217" lon="-73.191817"><ele>314.60000000000036</ele><time>2026-07-05T23:59:00Z</time></rtept><rtept lat="42.236051" lon="-73.192065"><ele>311.60000000000036</ele><time>2026-07-05T23:59:00Z</time></rtept><rtept lat="42.236005" lon="-73.192212"><ele>309.2000000000007</ele><time>2026-07-05T23:59:00Z</time></rtept><rtept lat="42.235968" lon="-73.192326"><ele>308.40000000000146</ele><time>2026-07-05T23:59:00Z</time></rtept><rtept lat="42.235891" lon="-73.192393"><ele>307.60000000000036</ele><time>2026-07-05T23:59:00Z</time></rtept><rtept lat="42.235864" lon="-73.19242"><ele>307.60000000000036</ele><time>2026-07-05T23:59:00Z</time></rtept><rtept lat="42.235672" lon="-73.192514"><ele>306.8000000000011</ele><time>2026-07-05T23:59:00Z</time></rtept><rtept lat="42.235539" lon="-73.192583"><ele>305.40000000000146</ele><time>2026-07-05T23:59:00Z</time></rtept><rtept lat="42.235456" lon="-73.192586"><ele>305.0</ele><time>2026-07-05T23:59:00Z</time></rtept><rtept lat="42.235406" lon="-73.192642"><ele>303.60000000000036</ele><time>2026-07-05T23:59:00Z</time></rtept><rtept lat="42.235347" lon="-73.192706"><ele>303.0</ele><time>2026-07-05T23:59:00Z</time></rtept><rtept lat="42.23523" lon="-73.19277"><ele>301.40000000000146</ele><time>2026-07-05T23:59:00Z</time></rtept><rtept lat="42.235171" lon="-73.192815"><ele>300.2000000000007</ele><time>2026-07-05T23:59:00Z</time></rtept><rtept lat="42.235122" lon="-73.19288"><ele>299.8000000000011</ele><time>2026-07-05T23:59:00Z</time></rtept><rtept lat="42.235102" lon="-73.192982"><ele>298.60000000000036</ele><time>2026-07-05T23:59:00Z</time></rtept><rtept lat="42.23503" lon="-73.193094"><ele>297.8000000000011</ele><time>2026-07-05T23:59:00Z</time></rtept><rtept lat="42.23495" lon="-73.193134"><ele>297.8000000000011</ele><time>2026-07-05T23:59:00Z</time></rtept><rtept lat="42.234898" lon="-73.193198"><ele>297.0</ele><time>2026-07-05T23:59:00Z</time></rtept><rtept lat="42.234883" lon="-73.193275"><ele>296.60000000000036</ele><time>2026-07-05T23:59:00Z</time></rtept><rtept lat="42.234851" lon="-73.193392"><ele>295.8000000000011</ele><time>2026-07-05T23:59:00Z</time></rtept><rtept lat="42.234851" lon="-73.193473"><ele>295.2000000000007</ele><time>2026-07-05T23:59:00Z</time></rtept><rtept lat="42.234851" lon="-73.193473"><ele>295.2000000000007</ele><time>2026-07-05T23:59:00Z</time></rtept><rtept lat="42.234808" lon="-73.193473"><ele>295.0</ele><time>2026-07-05T23:59:00Z</time></rtept><rtept lat="42.234851" lon="-73.193473"><ele>295.2000000000007</ele><time>2026-07-05T23:59:00Z</time></rtept><rtept lat="42.234851" lon="-73.193544"><ele>294.60000000000036</ele><time>2026-07-05T23:59:00Z</time></rtept><rtept lat="42.234881" lon="-73.193688"><ele>294.0</ele><time>2026-07-05T23:59:00Z</time></rtept><rtept lat="42.234907" lon="-73.193776"><ele>293.60000000000036</ele><time>2026-07-05T23:59:00Z</time></rtept><rtept lat="42.234891" lon="-73.19388"><ele>293.2000000000007</ele><time>2026-07-05T23:59:00Z</time></rtept><rtept lat="42.234846" lon="-73.193947"><ele>292.8000000000011</ele><time>2026-07-05T23:59:00Z</time></rtept><rtept lat="42.234826" lon="-73.194011"><ele>292.40000000000146</ele><time>2026-07-05T23:59:00Z</time></rtept><rtept lat="42.234814" lon="-73.194064"><ele>292.40000000000146</ele><time>2026-07-05T23:59:00Z</time></rtept><rtept lat="42.234787" lon="-73.194168"><ele>291.8000000000011</ele><time>2026-07-05T23:59:00Z</time></rtept><rtept lat="42.2348" lon="-73.194244"><ele>291.40000000000146</ele><time>2026-07-05T23:59:00Z</time></rtept><rtept lat="42.234814" lon="-73.19449"><ele>289.60000000000036</ele><time>2026-07-05T23:59:00Z</time></rtept><rtept lat="42.234782" lon="-73.194626"><ele>288.2000000000007</ele><time>2026-07-05T23:59:00Z</time></rtept><rtept lat="42.234767" lon="-73.194688"><ele>288.2000000000007</ele><time>2026-07-05T23:59:00Z</time></rtept><rtept lat="42.234685" lon="-73.194865"><ele>286.60000000000036</ele><time>2026-07-05T23:59:00Z</time></rtept><rtept lat="42.234662" lon="-73.194954"><ele>285.2000000000007</ele><time>2026-07-05T23:59:00Z</time></rtept><rtept lat="42.234667" lon="-73.195"><ele>285.2000000000007</ele><time>2026-07-05T23:59:00Z</time></rtept><rtept lat="42.234683" lon="-73.195098"><ele>284.60000000000036</ele><time>2026-07-05T23:59:00Z</time></rtept><rtept lat="42.234696" lon="-73.195186"><ele>284.2000000000007</ele><time>2026-07-05T23:59:00Z</time></rtept><rtept lat="42.234681" lon="-73.195394"><ele>283.2000000000007</ele><time>2026-07-05T23:59:00Z</time></rtept><rtept lat="42.234668" lon="-73.195483"><ele>283.0</ele><time>2026-07-05T23:59:00Z</time></rtept><rtept lat="42.234618" lon="-73.195562"><ele>282.60000000000036</ele><time>2026-07-05T23:59:00Z</time></rtept><rtept lat="42.234566" lon="-73.195614"><ele>282.60000000000036</ele><time>2026-07-05T23:59:00Z</time></rtept><rtept lat="42.234526" lon="-73.195676"><ele>282.2000000000007</ele><time>2026-07-05T23:59:00Z</time></rtept><rtept lat="42.234513" lon="-73.195696"><ele>282.2000000000007</ele><time>2026-07-05T23:59:00Z</time></rtept><rtept lat="42.234499" lon="-73.195781"><ele>282.0</ele><time>2026-07-05T23:59:00Z</time></rtept><rtept lat="42.234499" lon="-73.19588"><ele>281.8000000000011</ele><time>2026-07-05T23:59:00Z</time></rtept><rtept lat="42.234498" lon="-73.195963"><ele>281.40000000000146</ele><time>2026-07-05T23:59:00Z</time></rtept><rtept lat="42.234479" lon="-73.196052"><ele>280.8000000000011</ele><time>2026-07-05T23:59:00Z</time></rtept><rtept lat="42.234461" lon="-73.196117"><ele>280.40000000000146</ele><time>2026-07-05T23:59:00Z</time></rtept><rtept lat="42.234424" lon="-73.196172"><ele>280.0</ele><time>2026-07-05T23:59:00Z</time></rtept><rtept lat="42.234372" lon="-73.196221"><ele>280.0</ele><time>2026-07-05T23:59:00Z</time></rtept><rtept lat="42.234315" lon="-73.196299"><ele>280.0</ele><time>2026-07-05T23:59:00Z</time></rtept><rtept lat="42.234291" lon="-73.196321"><ele>280.0</ele><time>2026-07-05T23:59:00Z</time></rtept><rtept lat="42.23429" lon="-73.196376"><ele>280.0</ele><time>2026-07-05T23:59:00Z</time></rtept><rtept lat="42.234307" lon="-73.196419"><ele>280.2000000000007</ele><time>2026-07-05T23:59:00Z</time></rtept><rtept lat="42.234344" lon="-73.196464"><ele>280.2000000000007</ele><time>2026-07-05T23:59:00Z</time></rtept><rtept lat="42.234358" lon="-73.196533"><ele>280.40000000000146</ele><time>2026-07-05T23:59:00Z</time></rtept><rtept lat="42.234337" lon="-73.196628"><ele>280.40000000000146</ele><time>2026-07-05T23:59:00Z</time></rtept><rtept lat="42.234314" lon="-73.196758"><ele>280.60000000000036</ele><time>2026-07-05T23:59:00Z</time></rtept><rtept lat="42.234273" lon="-73.196862"><ele>280.8000000000011</ele><time>2026-07-05T23:59:00Z</time></rtept><rtept lat="42.23415" lon="-73.197029"><ele>281.0</ele><time>2026-07-05T23:59:00Z</time></rtept><rtept lat="42.234087" lon="-73.19715"><ele>281.0</ele><time>2026-07-05T23:59:00Z</time></rtept><rtept lat="42.23406" lon="-73.197152"><ele>281.0</ele><time>2026-07-05T23:59:00Z</time></rtept><rtept lat="42.233995" lon="-73.19721"><ele>281.0</ele><time>2026-07-05T23:59:00Z</time></rtept><rtept lat="42.23379" lon="-73.1974"><ele>281.0</ele><time>2026-07-05T23:59:00Z</time></rtept><rtept lat="42.23372" lon="-73.197514"><ele>281.2000000000007</ele><time>2026-07-05T23:59:00Z</time></rtept><rtept lat="42.233698" lon="-73.197611"><ele>281.2000000000007</ele><time>2026-07-05T23:59:00Z</time></rtept><rtept lat="42.233645" lon="-73.197676"><ele>281.2000000000007</ele><time>2026-07-05T23:59:00Z</time></rtept><rtept lat="42.233517" lon="-73.197848"><ele>281.2000000000007</ele><time>2026-07-05T23:59:00Z</time></rtept><rtept lat="42.23326" lon="-73.198168"><ele>281.40000000000146</ele><time>2026-07-05T23:59:00Z</time></rtept><rtept lat="42.233125" lon="-73.198333"><ele>281.40000000000146</ele><time>2026-07-05T23:59:00Z</time></rtept><rtept lat="42.233085" lon="-73.198414"><ele>281.60000000000036</ele><time>2026-07-05T23:59:00Z</time></rtept><rtept lat="42.23301" lon="-73.198584"><ele>281.8000000000011</ele><time>2026-07-05T23:59:00Z</time></rtept><rtept lat="42.232913" lon="-73.198844"><ele>281.8000000000011</ele><time>2026-07-05T23:59:00Z</time></rtept><rtept lat="42.232906" lon="-73.198875"><ele>281.8000000000011</ele><time>2026-07-05T23:59:00Z</time></rtept><rtept lat="42.23288" lon="-73.199013"><ele>281.8000000000011</ele><time>2026-07-05T23:59:00Z</time></rtept><rtept lat="42.232905" lon="-73.19914"><ele>281.8000000000011</ele><time>2026-07-05T23:59:00Z</time></rtept><rtept lat="42.232968" lon="-73.199213"><ele>281.8000000000011</ele><time>2026-07-05T23:59:00Z</time></rtept><rtept lat="42.233" lon="-73.199294"><ele>282.0</ele><time>2026-07-05T23:59:00Z</time></rtept><rtept lat="42.233029" lon="-73.199369"><ele>282.0</ele><time>2026-07-05T23:59:00Z</time></rtept><rtept lat="42.233033" lon="-73.199381"><ele>282.0</ele><time>2026-07-05T23:59:00Z</time></rtept><rtept lat="42.233065" lon="-73.199461"><ele>282.0</ele><time>2026-07-05T23:59:00Z</time></rtept><rtept lat="42.233091" lon="-73.199541"><ele>282.2000000000007</ele><time>2026-07-05T23:59:00Z</time></rtept><rtept lat="42.233132" lon="-73.199602"><ele>282.40000000000146</ele><time>2026-07-05T23:59:00Z</time></rtept><rtept lat="42.233166" lon="-73.199672"><ele>282.40000000000146</ele><time>2026-07-05T23:59:00Z</time></rtept><rtept lat="42.233199" lon="-73.19972"><ele>282.40000000000146</ele><time>2026-07-05T23:59:00Z</time></rtept><rtept lat="42.233228" lon="-73.199759"><ele>282.40000000000146</ele><time>2026-07-05T23:59:00Z</time></rtept><rtept lat="42.233261" lon="-73.199804"><ele>282.40000000000146</ele><time>2026-07-05T23:59:00Z</time></rtept><rtept lat="42.233286" lon="-73.199896"><ele>282.60000000000036</ele><time>2026-07-05T23:59:00Z</time></rtept><rtept lat="42.233401" lon="-73.2"><ele>282.60000000000036</ele><time>2026-07-05T23:59:00Z</time></rtept><rtept lat="42.233461" lon="-73.200107"><ele>282.8000000000011</ele><time>2026-07-05T23:59:00Z</time></rtept><rtept lat="42.233519" lon="-73.200269"><ele>282.8000000000011</ele><time>2026-07-05T23:59:00Z</time></rtept><rtept lat="42.233552" lon="-73.200453"><ele>283.0</ele><time>2026-07-05T23:59:00Z</time></rtept><rtept lat="42.233566" lon="-73.200588"><ele>283.0</ele><time>2026-07-05T23:59:00Z</time></rtept><rtept lat="42.233693" lon="-73.20109"><ele>283.40000000000146</ele><time>2026-07-05T23:59:00Z</time></rtept><rtept lat="42.23376" lon="-73.201208"><ele>283.40000000000146</ele><time>2026-07-05T23:59:00Z</time></rtept><rtept lat="42.233887" lon="-73.201474"><ele>283.60000000000036</ele><time>2026-07-05T23:59:00Z</time></rtept><rtept lat="42.233921" lon="-73.201604"><ele>283.8000000000011</ele><time>2026-07-05T23:59:00Z</time></rtept><rtept lat="42.234025" lon="-73.201746"><ele>284.0</ele><time>2026-07-05T23:59:00Z</time></rtept><rtept lat="42.234043" lon="-73.201809"><ele>284.0</ele><time>2026-07-05T23:59:00Z</time></rtept><rtept lat="42.234051" lon="-73.201905"><ele>284.0</ele><time>2026-07-05T23:59:00Z</time></rtept><rtept lat="42.234193" lon="-73.202116"><ele>284.0</ele><time>2026-07-05T23:59:00Z</time></rtept><rtept lat="42.234263" lon="-73.202276"><ele>284.2000000000007</ele><time>2026-07-05T23:59:00Z</time></rtept><rtept lat="42.234329" lon="-73.20237"><ele>284.40000000000146</ele><time>2026-07-05T23:59:00Z</time></rtept><rtept lat="42.234465" lon="-73.202615"><ele>284.60000000000036</ele><time>2026-07-05T23:59:00Z</time></rtept><rtept lat="42.23451" lon="-73.202748"><ele>284.60000000000036</ele><time>2026-07-05T23:59:00Z</time></rtept><rtept lat="42.234553" lon="-73.202845"><ele>284.8000000000011</ele><time>2026-07-05T23:59:00Z</time></rtept><rtept lat="42.234537" lon="-73.202947"><ele>285.2000000000007</ele><time>2026-07-05T23:59:00Z</time></rtept><rtept lat="42.234497" lon="-73.203029"><ele>285.60000000000036</ele><time>2026-07-05T23:59:00Z</time></rtept><rtept lat="42.234487" lon="-73.203143"><ele>285.8000000000011</ele><time>2026-07-05T23:59:00Z</time></rtept><rtept lat="42.234406" lon="-73.203298"><ele>286.60000000000036</ele><time>2026-07-05T23:59:00Z</time></rtept><rtept lat="42.23443" lon="-73.203469"><ele>287.2000000000007</ele><time>2026-07-05T23:59:00Z</time></rtept><rtept lat="42.23446" lon="-73.203594"><ele>287.60000000000036</ele><time>2026-07-05T23:59:00Z</time></rtept><rtept lat="42.234473" lon="-73.203735"><ele>289.2000000000007</ele><time>2026-07-05T23:59:00Z</time></rtept><rtept lat="42.23446" lon="-73.20385"><ele>290.2000000000007</ele><time>2026-07-05T23:59:00Z</time></rtept><rtept lat="42.234454" lon="-73.204007"><ele>291.2000000000007</ele><time>2026-07-05T23:59:00Z</time></rtept><rtept lat="42.234398" lon="-73.204197"><ele>292.2000000000007</ele><time>2026-07-05T23:59:00Z</time></rtept><rtept lat="42.23438" lon="-73.204388"><ele>292.40000000000146</ele><time>2026-07-05T23:59:00Z</time></rtept><rtept lat="42.234356" lon="-73.204492"><ele>292.8000000000011</ele><time>2026-07-05T23:59:00Z</time></rtept><rtept lat="42.234428" lon="-73.20474"><ele>293.0</ele><time>2026-07-05T23:59:00Z</time></rtept><rtept lat="42.234484" lon="-73.204868"><ele>293.40000000000146</ele><time>2026-07-05T23:59:00Z</time></rtept><rtept lat="42.234527" lon="-73.204938"><ele>293.60000000000036</ele><time>2026-07-05T23:59:00Z</time></rtept><rtept lat="42.234593" lon="-73.204964"><ele>293.40000000000146</ele><time>2026-07-05T23:59:00Z</time></rtept><rtept lat="42.234689" lon="-73.205044"><ele>293.2000000000007</ele><time>2026-07-05T23:59:00Z</time></rtept><rtept lat="42.234801" lon="-73.205039"><ele>292.40000000000146</ele><time>2026-07-05T23:59:00Z</time></rtept><rtept lat="42.234867" lon="-73.205084"><ele>292.2000000000007</ele><time>2026-07-05T23:59:00Z</time></rtept><rtept lat="42.234862" lon="-73.205283"><ele>292.8000000000011</ele><time>2026-07-05T23:59:00Z</time></rtept><rtept lat="42.234883" lon="-73.205402"><ele>293.0</ele><time>2026-07-05T23:59:00Z</time></rtept><rtept lat="42.234929" lon="-73.205488"><ele>293.2000000000007</ele><time>2026-07-05T23:59:00Z</time></rtept><rtept lat="42.235027" lon="-73.205565"><ele>294.2000000000007</ele><time>2026-07-05T23:59:00Z</time></rtept><rtept lat="42.235139" lon="-73.205613"><ele>295.40000000000146</ele><time>2026-07-05T23:59:00Z</time></rtept><rtept lat="42.235206" lon="-73.205672"><ele>295.60000000000036</ele><time>2026-07-05T23:59:00Z</time></rtept><rtept lat="42.235274" lon="-73.205815"><ele>296.60000000000036</ele><time>2026-07-05T23:59:00Z</time></rtept><rtept lat="42.235352" lon="-73.205877"><ele>297.0</ele><time>2026-07-05T23:59:00Z</time></rtept><rtept lat="42.235432" lon="-73.205981"><ele>297.40000000000146</ele><time>2026-07-05T23:59:00Z</time></rtept><rtept lat="42.235552" lon="-73.206039"><ele>297.60000000000036</ele><time>2026-07-05T23:59:00Z</time></rtept><rtept lat="42.23563" lon="-73.206141"><ele>298.0</ele><time>2026-07-05T23:59:00Z</time></rtept><rtept lat="42.235692" lon="-73.206252"><ele>298.40000000000146</ele><time>2026-07-05T23:59:00Z</time></rtept><rtept lat="42.235739" lon="-73.206386"><ele>299.40000000000146</ele><time>2026-07-05T23:59:00Z</time></rtept><rtept lat="42.235799" lon="-73.20647"><ele>300.0</ele><time>2026-07-05T23:59:00Z</time></rtept><rtept lat="42.235912" lon="-73.206501"><ele>300.0</ele><time>2026-07-05T23:59:00Z</time></rtept><rtept lat="42.235997" lon="-73.206463"><ele>300.0</ele><time>2026-07-05T23:59:00Z</time></rtept><rtept lat="42.236099" lon="-73.20654"><ele>300.8000000000011</ele><time>2026-07-05T23:59:00Z</time></rtept><rtept lat="42.236152" lon="-73.206668"><ele>301.2000000000007</ele><time>2026-07-05T23:59:00Z</time></rtept><rtept lat="42.236245" lon="-73.206796"><ele>301.8000000000011</ele><time>2026-07-05T23:59:00Z</time></rtept><rtept lat="42.236373" lon="-73.207007"><ele>303.8000000000011</ele><time>2026-07-05T23:59:00Z</time></rtept><rtept lat="42.236584" lon="-73.207271"><ele>306.40000000000146</ele><time>2026-07-05T23:59:00Z</time></rtept><rtept lat="42.236701" lon="-73.207535"><ele>309.60000000000036</ele><time>2026-07-05T23:59:00Z</time></rtept><rtept lat="42.23676" lon="-73.207801"><ele>311.8000000000011</ele><time>2026-07-05T23:59:00Z</time></rtept><rtept lat="42.23677" lon="-73.208038"><ele>315.0</ele><time>2026-07-05T23:59:00Z</time></rtept><rtept lat="42.236754" lon="-73.208094"><ele>316.0</ele><time>2026-07-05T23:59:00Z</time></rtept><rtept lat="42.23673" lon="-73.208142"><ele>316.0</ele><time>2026-07-05T23:59:00Z</time></rtept><rtept lat="42.236736" lon="-73.208241"><ele>317.0</ele><time>2026-07-05T23:59:00Z</time></rtept><rtept lat="42.236762" lon="-73.208302"><ele>318.0</ele><time>2026-07-05T23:59:00Z</time></rtept><rtept lat="42.236797" lon="-73.208329"><ele>317.8000000000011</ele><time>2026-07-05T23:59:00Z</time></rtept><rtept lat="42.236874" lon="-73.208382"><ele>318.8000000000011</ele><time>2026-07-05T23:59:00Z</time></rtept><rtept lat="42.236952" lon="-73.208427"><ele>318.8000000000011</ele><time>2026-07-05T23:59:00Z</time></rtept><rtept lat="42.237004" lon="-73.208394"><ele>318.60000000000036</ele><time>2026-07-05T23:59:00Z</time></rtept><rtept lat="42.237052" lon="-73.208401"><ele>318.60000000000036</ele><time>2026-07-05T23:59:00Z</time></rtept><rtept lat="42.237099" lon="-73.208469"><ele>320.0</ele><time>2026-07-05T23:59:00Z</time></rtept><rtept lat="42.237124" lon="-73.208529"><ele>321.40000000000146</ele><time>2026-07-05T23:59:00Z</time></rtept><rtept lat="42.237182" lon="-73.208614"><ele>322.8000000000011</ele><time>2026-07-05T23:59:00Z</time></rtept><rtept lat="42.237235" lon="-73.208677"><ele>322.60000000000036</ele><time>2026-07-05T23:59:00Z</time></rtept><rtept lat="42.237285" lon="-73.20873"><ele>324.0</ele><time>2026-07-05T23:59:00Z</time></rtept><rtept lat="42.237364" lon="-73.208815"><ele>325.0</ele><time>2026-07-05T23:59:00Z</time></rtept><rtept lat="42.237403" lon="-73.208886"><ele>326.40000000000146</ele><time>2026-07-05T23:59:00Z</time></rtept><rtept lat="42.237444" lon="-73.208952"><ele>327.40000000000146</ele><time>2026-07-05T23:59:00Z</time></rtept><rtept lat="42.237503" lon="-73.208999"><ele>327.2000000000007</ele><time>2026-07-05T23:59:00Z</time></rtept><rtept lat="42.23754" lon="-73.209058"><ele>328.60000000000036</ele><time>2026-07-05T23:59:00Z</time></rtept><rtept lat="42.237581" lon="-73.209112"><ele>328.40000000000146</ele><time>2026-07-05T23:59:00Z</time></rtept><rtept lat="42.237652" lon="-73.209215"><ele>331.40000000000146</ele><time>2026-07-05T23:59:00Z</time></rtept><rtept lat="42.237713" lon="-73.2093"><ele>332.60000000000036</ele><time>2026-07-05T23:59:00Z</time></rtept><rtept lat="42.237773" lon="-73.209359"><ele>332.40000000000146</ele><time>2026-07-05T23:59:00Z</time></rtept><rtept lat="42.237818" lon="-73.209457"><ele>333.60000000000036</ele><time>2026-07-05T23:59:00Z</time></rtept><rtept lat="42.237887" lon="-73.209493"><ele>334.60000000000036</ele><time>2026-07-05T23:59:00Z</time></rtept><rtept lat="42.23796" lon="-73.209437"><ele>333.60000000000036</ele><time>2026-07-05T23:59:00Z</time></rtept><rtept lat="42.238214" lon="-73.20924"><ele>331.40000000000146</ele><time>2026-07-05T23:59:00Z</time></rtept><rtept lat="42.238296" lon="-73.209387"><ele>333.2000000000007</ele><time>2026-07-05T23:59:00Z</time></rtept><rtept lat="42.238562" lon="-73.209599"><ele>338.60000000000036</ele><time>2026-07-05T23:59:00Z</time></rtept><rtept lat="42.23871" lon="-73.209683"><ele>340.40000000000146</ele><time>2026-07-05T23:59:00Z</time></rtept><rtept lat="42.238804" lon="-73.209729"><ele>342.2000000000007</ele><time>2026-07-05T23:59:00Z</time></rtept><rtept lat="42.238891" lon="-73.209777"><ele>343.0</ele><time>2026-07-05T23:59:00Z</time></rtept><rtept lat="42.239048" lon="-73.209855"><ele>344.8000000000011</ele><time>2026-07-05T23:59:00Z</time></rtept><rtept lat="42.239215" lon="-73.209855"><ele>346.0</ele><time>2026-07-05T23:59:00Z</time></rtept><rtept lat="42.239387" lon="-73.20987"><ele>348.2000000000007</ele><time>2026-07-05T23:59:00Z</time></rtept><rtept lat="42.23951" lon="-73.20991"><ele>350.40000000000146</ele><time>2026-07-05T23:59:00Z</time></rtept><rtept lat="42.239674" lon="-73.209955"><ele>352.2000000000007</ele><time>2026-07-05T23:59:00Z</time></rtept><rtept lat="42.239874" lon="-73.209973"><ele>354.40000000000146</ele><time>2026-07-05T23:59:00Z</time></rtept><rtept lat="42.240018" lon="-73.210083"><ele>355.8000000000011</ele><time>2026-07-05T23:59:00Z</time></rtept><rtept lat="42.240147" lon="-73.21023"><ele>357.8000000000011</ele><time>2026-07-05T23:59:00Z</time></rtept><rtept lat="42.2404" lon="-73.210502"><ele>360.0</ele><time>2026-07-05T23:59:00Z</time></rtept><rtept lat="42.240525" lon="-73.210593"><ele>360.8000000000011</ele><time>2026-07-05T23:59:00Z</time></rtept><rtept lat="42.240696" lon="-73.210827"><ele>363.0</ele><time>2026-07-05T23:59:00Z</time></rtept><rtept lat="42.240835" lon="-73.210967"><ele>364.8000000000011</ele><time>2026-07-05T23:59:00Z</time></rtept><rtept lat="42.240919" lon="-73.211063"><ele>366.40000000000146</ele><time>2026-07-05T23:59:00Z</time></rtept><rtept lat="42.241072" lon="-73.211267"><ele>370.2000000000007</ele><time>2026-07-05T23:59:00Z</time></rtept><rtept lat="42.241151" lon="-73.211349"><ele>372.2000000000007</ele><time>2026-07-05T23:59:00Z</time></rtept><rtept lat="42.241209" lon="-73.21139"><ele>373.8000000000011</ele><time>2026-07-05T23:59:00Z</time></rtept><rtept lat="42.241365" lon="-73.211398"><ele>378.2000000000007</ele><time>2026-07-05T23:59:00Z</time></rtept><rtept lat="42.241558" lon="-73.211328"><ele>382.8000000000011</ele><time>2026-07-05T23:59:00Z</time></rtept><rtept lat="42.241633" lon="-73.21129"><ele>384.2000000000007</ele><time>2026-07-05T23:59:00Z</time></rtept><rtept lat="42.241768" lon="-73.211179"><ele>387.2000000000007</ele><time>2026-07-05T23:59:00Z</time></rtept><rtept lat="42.241835" lon="-73.211033"><ele>389.40000000000146</ele><time>2026-07-05T23:59:00Z</time></rtept><rtept lat="42.241894" lon="-73.210957"><ele>391.60000000000036</ele><time>2026-07-05T23:59:00Z</time></rtept><rtept lat="42.241965" lon="-73.210939"><ele>393.2000000000007</ele><time>2026-07-05T23:59:00Z</time></rtept><rtept lat="42.242063" lon="-73.210943"><ele>395.60000000000036</ele><time>2026-07-05T23:59:00Z</time></rtept><rtept lat="42.242148" lon="-73.21095"><ele>395.8000000000011</ele><time>2026-07-05T23:59:00Z</time></rtept><rtept lat="42.242083" lon="-73.210826"><ele>398.2000000000007</ele><time>2026-07-05T23:59:00Z</time></rtept><rtept lat="42.242092" lon="-73.210689"><ele>398.2000000000007</ele><time>2026-07-05T23:59:00Z</time></rtept><rtept lat="42.242175" lon="-73.210598"><ele>400.0</ele><time>2026-07-05T23:59:00Z</time></rtept><rtept lat="42.242294" lon="-73.210431"><ele>402.60000000000036</ele><time>2026-07-05T23:59:00Z</time></rtept><rtept lat="42.242457" lon="-73.210327"><ele>406.60000000000036</ele><time>2026-07-05T23:59:00Z</time></rtept><rtept lat="42.242585" lon="-73.210279"><ele>407.2000000000007</ele><time>2026-07-05T23:59:00Z</time></rtept><rtept lat="42.242752" lon="-73.210312"><ele>408.40000000000146</ele><time>2026-07-05T23:59:00Z</time></rtept><rtept lat="42.242911" lon="-73.210364"><ele>410.2000000000007</ele><time>2026-07-05T23:59:00Z</time></rtept><rtept lat="42.243109" lon="-73.210435"><ele>411.0</ele><time>2026-07-05T23:59:00Z</time></rtept><rtept lat="42.2434" lon="-73.210488"><ele>411.60000000000036</ele><time>2026-07-05T23:59:00Z</time></rtept><rtept lat="42.243742" lon="-73.210451"><ele>412.60000000000036</ele><time>2026-07-05T23:59:00Z</time></rtept><rtept lat="42.244238" lon="-73.210617"><ele>396.60000000000036</ele><time>2026-07-05T23:59:00Z</time></rtept><rtept lat="42.244341" lon="-73.210417"><ele>396.8000000000011</ele><time>2026-07-05T23:59:00Z</time></rtept><rtept lat="42.244439" lon="-73.210294"><ele>399.40000000000146</ele><time>2026-07-05T23:59:00Z</time></rtept><rtept lat="42.244596" lon="-73.210198"><ele>401.8000000000011</ele><time>2026-07-05T23:59:00Z</time></rtept><rtept lat="42.244733" lon="-73.210166"><ele>402.40000000000146</ele><time>2026-07-05T23:59:00Z</time></rtept><rtept lat="42.244868" lon="-73.210298"><ele>401.60000000000036</ele><time>2026-07-05T23:59:00Z</time></rtept><rtept lat="42.245026" lon="-73.210601"><ele>400.2000000000007</ele><time>2026-07-05T23:59:00Z</time></rtept><rtept lat="42.24498" lon="-73.210756"><ele>399.40000000000146</ele><time>2026-07-05T23:59:00Z</time></rtept><rtept lat="42.245004" lon="-73.210877"><ele>398.8000000000011</ele><time>2026-07-05T23:59:00Z</time></rtept><rtept lat="42.245009" lon="-73.211103"><ele>395.2000000000007</ele><time>2026-07-05T23:59:00Z</time></rtept><rtept lat="42.244922" lon="-73.211173"><ele>394.40000000000146</ele><time>2026-07-05T23:59:00Z</time></rtept><rtept lat="42.244787" lon="-73.211296"><ele>391.0</ele><time>2026-07-05T23:59:00Z</time></rtept><rtept lat="42.244653" lon="-73.2115"><ele>390.40000000000146</ele><time>2026-07-05T23:59:00Z</time></rtept><rtept lat="42.244637" lon="-73.211622"><ele>387.8000000000011</ele><time>2026-07-05T23:59:00Z</time></rtept><rtept lat="42.244736" lon="-73.211803"><ele>383.60000000000036</ele><time>2026-07-05T23:59:00Z</time></rtept><rtept lat="42.244839" lon="-73.211957"><ele>382.2000000000007</ele><time>2026-07-05T23:59:00Z</time></rtept><rtept lat="42.244886" lon="-73.212031"><ele>383.0</ele><time>2026-07-05T23:59:00Z</time></rtept><rtept lat="42.244917" lon="-73.212113"><ele>381.60000000000036</ele><time>2026-07-05T23:59:00Z</time></rtept><rtept lat="42.244766" lon="-73.21218"><ele>378.8000000000011</ele><time>2026-07-05T23:59:00Z</time></rtept><rtept lat="42.244725" lon="-73.212266"><ele>377.0</ele><time>2026-07-05T23:59:00Z</time></rtept><rtept lat="42.244897" lon="-73.212543"><ele>371.2000000000007</ele><time>2026-07-05T23:59:00Z</time></rtept><rtept lat="42.244998" lon="-73.212611"><ele>369.2000000000007</ele><time>2026-07-05T23:59:00Z</time></rtept><rtept lat="42.245109" lon="-73.212618"><ele>368.40000000000146</ele><time>2026-07-05T23:59:00Z</time></rtept><rtept lat="42.245256" lon="-73.212641"><ele>366.0</ele><time>2026-07-05T23:59:00Z</time></rtept><rtept lat="42.245469" lon="-73.212698"><ele>364.40000000000146</ele><time>2026-07-05T23:59:00Z</time></rtept><rtept lat="42.245658" lon="-73.212822"><ele>360.60000000000036</ele><time>2026-07-05T23:59:00Z</time></rtept><rtept lat="42.245741" lon="-73.212995"><ele>359.0</ele><time>2026-07-05T23:59:00Z</time></rtept><rtept lat="42.245756" lon="-73.213159"><ele>358.40000000000146</ele><time>2026-07-05T23:59:00Z</time></rtept><rtept lat="42.245756" lon="-73.213159"><ele>358.40000000000146</ele><time>2026-07-05T23:59:00Z</time></rtept><rtept lat="42.245768" lon="-73.213286"><ele>358.0</ele><time>2026-07-05T23:59:00Z</time></rtept><rtept lat="42.245893" lon="-73.213464"><ele>357.2000000000007</ele><time>2026-07-05T23:59:00Z</time></rtept><rtept lat="42.246236" lon="-73.213737"><ele>355.40000000000146</ele><time>2026-07-05T23:59:00Z</time></rtept><rtept lat="42.246414" lon="-73.213946"><ele>354.0</ele><time>2026-07-05T23:59:00Z</time></rtept><rtept lat="42.246546" lon="-73.214141"><ele>352.40000000000146</ele><time>2026-07-05T23:59:00Z</time></rtept><rtept lat="42.246762" lon="-73.214346"><ele>349.8000000000011</ele><time>2026-07-05T23:59:00Z</time></rtept><rtept lat="42.246862" lon="-73.214357"><ele>349.0</ele><time>2026-07-05T23:59:00Z</time></rtept><rtept lat="42.246964" lon="-73.214333"><ele>347.60000000000036</ele><time>2026-07-05T23:59:00Z</time></rtept><rtept lat="42.247065" lon="-73.214309"><ele>346.40000000000146</ele><time>2026-07-05T23:59:00Z</time></rtept><rtept lat="42.247156" lon="-73.214382"><ele>343.8000000000011</ele><time>2026-07-05T23:59:00Z</time></rtept><rtept lat="42.24729" lon="-73.214494"><ele>341.0</ele><time>2026-07-05T23:59:00Z</time></rtept><rtept lat="42.247473" lon="-73.214558"><ele>337.60000000000036</ele><time>2026-07-05T23:59:00Z</time></rtept><rtept lat="42.247604" lon="-73.214557"><ele>335.8000000000011</ele><time>2026-07-05T23:59:00Z</time></rtept><rtept lat="42.247777" lon="-73.214522"><ele>333.0</ele><time>2026-07-05T23:59:00Z</time></rtept><rtept lat="42.247857" lon="-73.214509"><ele>331.60000000000036</ele><time>2026-07-05T23:59:00Z</time></rtept><rtept lat="42.247979" lon="-73.214488"><ele>328.0</ele><time>2026-07-05T23:59:00Z</time></rtept><rtept lat="42.248066" lon="-73.214356"><ele>324.8000000000011</ele><time>2026-07-05T23:59:00Z</time></rtept><rtept lat="42.248111" lon="-73.214208"><ele>321.60000000000036</ele><time>2026-07-05T23:59:00Z</time></rtept><rtept lat="42.248295" lon="-73.214161"><ele>316.60000000000036</ele><time>2026-07-05T23:59:00Z</time></rtept><rtept lat="42.248355" lon="-73.214172"><ele>315.2000000000007</ele><time>2026-07-05T23:59:00Z</time></rtept><rtept lat="42.248501" lon="-73.214255"><ele>312.8000000000011</ele><time>2026-07-05T23:59:00Z</time></rtept><rtept lat="42.248547" lon="-73.21425"><ele>311.0</ele><time>2026-07-05T23:59:00Z</time></rtept><rtept lat="42.248571" lon="-73.214199"><ele>311.0</ele><time>2026-07-05T23:59:00Z</time></rtept><rtept lat="42.2486" lon="-73.214209"><ele>308.60000000000036</ele><time>2026-07-05T23:59:00Z</time></rtept><rtept lat="42.248659" lon="-73.214212"><ele>308.60000000000036</ele><time>2026-07-05T23:59:00Z</time></rtept><rtept lat="42.248941" lon="-73.214365"><ele>296.2000000000007</ele><time>2026-07-05T23:59:00Z</time></rtept><rtept lat="42.249032" lon="-73.214402"><ele>293.60000000000036</ele><time>2026-07-05T23:59:00Z</time></rtept><rtept lat="42.249168" lon="-73.214429"><ele>288.8000000000011</ele><time>2026-07-05T23:59:00Z</time></rtept><rtept lat="42.24928" lon="-73.214489"><ele>285.2000000000007</ele><time>2026-07-05T23:59:00Z</time></rtept><rtept lat="42.249336" lon="-73.214548"><ele>283.8000000000011</ele><time>2026-07-05T23:59:00Z</time></rtept><rtept lat="42.249385" lon="-73.214551"><ele>281.60000000000036</ele><time>2026-07-05T23:59:00Z</time></rtept><rtept lat="42.249422" lon="-73.214594"><ele>281.60000000000036</ele><time>2026-07-05T23:59:00Z</time></rtept><rtept lat="42.249504" lon="-73.214678"><ele>277.8000000000011</ele><time>2026-07-05T23:59:00Z</time></rtept><rtept lat="42.249602" lon="-73.214742"><ele>276.2000000000007</ele><time>2026-07-05T23:59:00Z</time></rtept><rtept lat="42.249663" lon="-73.214795"><ele>274.8000000000011</ele><time>2026-07-05T23:59:00Z</time></rtept><rtept lat="42.249807" lon="-73.214853"><ele>269.60000000000036</ele><time>2026-07-05T23:59:00Z</time></rtept><rtept lat="42.249874" lon="-73.214946"><ele>269.0</ele><time>2026-07-05T23:59:00Z</time></rtept><rtept lat="42.250106" lon="-73.215026"><ele>267.2000000000007</ele><time>2026-07-05T23:59:00Z</time></rtept><rtept lat="42.25015" lon="-73.214989"><ele>266.8000000000011</ele><time>2026-07-05T23:59:00Z</time></rtept><rtept lat="42.250215" lon="-73.214742"><ele>266.0</ele><time>2026-07-05T23:59:00Z</time></rtept><rtept lat="42.250215" lon="-73.214742"><ele>266.0</ele><time>2026-07-05T23:59:00Z</time></rtept><rtept lat="42.250215" lon="-73.214742"><ele>266.0</ele><time>2026-07-05T23:59:00Z</time></rtept><rtept lat="42.250201" lon="-73.214546"><ele>266.40000000000146</ele><time>2026-07-05T23:59:00Z</time></rtept><rtept lat="42.25022" lon="-73.2144"><ele>267.0</ele><time>2026-07-05T23:59:00Z</time></rtept><rtept lat="42.250282" lon="-73.214338"><ele>266.0</ele><time>2026-07-05T23:59:00Z</time></rtept><rtept lat="42.250346" lon="-73.214305"><ele>265.0</ele><time>2026-07-05T23:59:00Z</time></rtept><rtept lat="42.250484" lon="-73.214444"><ele>264.0</ele><time>2026-07-05T23:59:00Z</time></rtept><rtept lat="42.250551" lon="-73.214556"><ele>263.60000000000036</ele><time>2026-07-05T23:59:00Z</time></rtept><rtept lat="42.250685" lon="-73.214793"><ele>263.40000000000146</ele><time>2026-07-05T23:59:00Z</time></rtept><rtept lat="42.250831" lon="-73.215002"><ele>263.2000000000007</ele><time>2026-07-05T23:59:00Z</time></rtept><rtept lat="42.250913" lon="-73.215129"><ele>263.40000000000146</ele><time>2026-07-05T23:59:00Z</time></rtept><rtept lat="42.250992" lon="-73.21528"><ele>263.40000000000146</ele><time>2026-07-05T23:59:00Z</time></rtept><rtept lat="42.251056" lon="-73.215448"><ele>263.40000000000146</ele><time>2026-07-05T23:59:00Z</time></rtept><rtept lat="42.251114" lon="-73.215673"><ele>263.60000000000036</ele><time>2026-07-05T23:59:00Z</time></rtept><rtept lat="42.251166" lon="-73.215818"><ele>263.8000000000011</ele><time>2026-07-05T23:59:00Z</time></rtept><rtept lat="42.251226" lon="-73.215881"><ele>263.60000000000036</ele><time>2026-07-05T23:59:00Z</time></rtept><rtept lat="42.251348" lon="-73.215993"><ele>263.60000000000036</ele><time>2026-07-05T23:59:00Z</time></rtept><rtept lat="42.251332" lon="-73.216247"><ele>263.8000000000011</ele><time>2026-07-05T23:59:00Z</time></rtept><rtept lat="42.251304" lon="-73.216515"><ele>264.40000000000146</ele><time>2026-07-05T23:59:00Z</time></rtept><rtept lat="42.251272" lon="-73.216844"><ele>264.60000000000036</ele><time>2026-07-05T23:59:00Z</time></rtept><rtept lat="42.251454" lon="-73.217199"><ele>264.2000000000007</ele><time>2026-07-05T23:59:00Z</time></rtept><rtept lat="42.251498" lon="-73.217449"><ele>264.40000000000146</ele><time>2026-07-05T23:59:00Z</time></rtept><rtept lat="42.251496" lon="-73.217562"><ele>264.40000000000146</ele><time>2026-07-05T23:59:00Z</time></rtept><rtept lat="42.251325" lon="-73.217758"><ele>266.2000000000007</ele><time>2026-07-05T23:59:00Z</time></rtept><rtept lat="42.251172" lon="-73.217903"><ele>267.60000000000036</ele><time>2026-07-05T23:59:00Z</time></rtept><rtept lat="42.251008" lon="-73.218107"><ele>269.8000000000011</ele><time>2026-07-05T23:59:00Z</time></rtept><rtept lat="42.250863" lon="-73.218403"><ele>271.60000000000036</ele><time>2026-07-05T23:59:00Z</time></rtept><rtept lat="42.250862" lon="-73.218624"><ele>272.2000000000007</ele><time>2026-07-05T23:59:00Z</time></rtept><rtept lat="42.250885" lon="-73.219035"><ele>274.40000000000146</ele><time>2026-07-05T23:59:00Z</time></rtept><rtept lat="42.250881" lon="-73.219155"><ele>276.2000000000007</ele><time>2026-07-05T23:59:00Z</time></rtept><rtept lat="42.250847" lon="-73.219261"><ele>276.40000000000146</ele><time>2026-07-05T23:59:00Z</time></rtept><rtept lat="42.250849" lon="-73.219398"><ele>276.40000000000146</ele><time>2026-07-05T23:59:00Z</time></rtept><rtept lat="42.250892" lon="-73.219593"><ele>275.0</ele><time>2026-07-05T23:59:00Z</time></rtept><rtept lat="42.250855" lon="-73.21991"><ele>275.2000000000007</ele><time>2026-07-05T23:59:00Z</time></rtept><rtept lat="42.250814" lon="-73.220122"><ele>276.60000000000036</ele><time>2026-07-05T23:59:00Z</time></rtept><rtept lat="42.25077" lon="-73.220373"><ele>275.60000000000036</ele><time>2026-07-05T23:59:00Z</time></rtept><rtept lat="42.250812" lon="-73.220471"><ele>275.2000000000007</ele><time>2026-07-05T23:59:00Z</time></rtept><rtept lat="42.250937" lon="-73.220527"><ele>273.60000000000036</ele><time>2026-07-05T23:59:00Z</time></rtept><rtept lat="42.251015" lon="-73.220612"><ele>271.8000000000011</ele><time>2026-07-05T23:59:00Z</time></rtept><rtept lat="42.251108" lon="-73.220737"><ele>270.2000000000007</ele><time>2026-07-05T23:59:00Z</time></rtept><rtept lat="42.251225" lon="-73.220817"><ele>268.60000000000036</ele><time>2026-07-05T23:59:00Z</time></rtept><rtept lat="42.251265" lon="-73.22095"><ele>268.2000000000007</ele><time>2026-07-05T23:59:00Z</time></rtept><rtept lat="42.251278" lon="-73.221084"><ele>267.2000000000007</ele><time>2026-07-05T23:59:00Z</time></rtept><rtept lat="42.25127" lon="-73.22116"><ele>267.2000000000007</ele><time>2026-07-05T23:59:00Z</time></rtept><rtept lat="42.251308" lon="-73.221332"><ele>267.2000000000007</ele><time>2026-07-05T23:59:00Z</time></rtept><rtept lat="42.251312" lon="-73.221581"><ele>267.0</ele><time>2026-07-05T23:59:00Z</time></rtept><rtept lat="42.251234" lon="-73.221838"><ele>268.8000000000011</ele><time>2026-07-05T23:59:00Z</time></rtept><rtept lat="42.251297" lon="-73.222183"><ele>270.8000000000011</ele><time>2026-07-05T23:59:00Z</time></rtept><rtept lat="42.251285" lon="-73.222457"><ele>274.2000000000007</ele><time>2026-07-05T23:59:00Z</time></rtept><rtept lat="42.251276" lon="-73.222611"><ele>276.2000000000007</ele><time>2026-07-05T23:59:00Z</time></rtept><rtept lat="42.251358" lon="-73.222848"><ele>277.0</ele><time>2026-07-05T23:59:00Z</time></rtept><rtept lat="42.251436" lon="-73.222959"><ele>276.2000000000007</ele><time>2026-07-05T23:59:00Z</time></rtept><rtept lat="42.251452" lon="-73.223073"><ele>276.8000000000011</ele><time>2026-07-05T23:59:00Z</time></rtept><rtept lat="42.251505" lon="-73.223158"><ele>276.0</ele><time>2026-07-05T23:59:00Z</time></rtept><rtept lat="42.251609" lon="-73.223236"><ele>272.8000000000011</ele><time>2026-07-05T23:59:00Z</time></rtept><rtept lat="42.251684" lon="-73.22331"><ele>271.40000000000146</ele><time>2026-07-05T23:59:00Z</time></rtept><rtept lat="42.251724" lon="-73.223422"><ele>270.2000000000007</ele><time>2026-07-05T23:59:00Z</time></rtept><rtept lat="42.251766" lon="-73.22363"><ele>272.60000000000036</ele><time>2026-07-05T23:59:00Z</time></rtept><rtept lat="42.251795" lon="-73.223713"><ele>272.8000000000011</ele><time>2026-07-05T23:59:00Z</time></rtept><rtept lat="42.251939" lon="-73.223861"><ele>272.2000000000007</ele><time>2026-07-05T23:59:00Z</time></rtept><rtept lat="42.252113" lon="-73.224161"><ele>273.2000000000007</ele><time>2026-07-05T23:59:00Z</time></rtept><rtept lat="42.252159" lon="-73.224275"><ele>273.2000000000007</ele><time>2026-07-05T23:59:00Z</time></rtept><rtept lat="42.252232" lon="-73.224445"><ele>273.8000000000011</ele><time>2026-07-05T23:59:00Z</time></rtept><rtept lat="42.252243" lon="-73.224912"><ele>278.0</ele><time>2026-07-05T23:59:00Z</time></rtept><rtept lat="42.252273" lon="-73.225075"><ele>278.2000000000007</ele><time>2026-07-05T23:59:00Z</time></rtept><rtept lat="42.25231" lon="-73.225187"><ele>278.2000000000007</ele><time>2026-07-05T23:59:00Z</time></rtept><rtept lat="42.252318" lon="-73.225293"><ele>278.40000000000146</ele><time>2026-07-05T23:59:00Z</time></rtept><rtept lat="42.252312" lon="-73.225498"><ele>278.60000000000036</ele><time>2026-07-05T23:59:00Z</time></rtept><rtept lat="42.25232" lon="-73.225666"><ele>278.8000000000011</ele><time>2026-07-05T23:59:00Z</time></rtept><rtept lat="42.252275" lon="-73.225768"><ele>280.0</ele><time>2026-07-05T23:59:00Z</time></rtept><rtept lat="42.252229" lon="-73.225789"><ele>280.0</ele><time>2026-07-05T23:59:00Z</time></rtept><rtept lat="42.252171" lon="-73.225746"><ele>280.8000000000011</ele><time>2026-07-05T23:59:00Z</time></rtept><rtept lat="42.252011" lon="-73.225562"><ele>283.8000000000011</ele><time>2026-07-05T23:59:00Z</time></rtept><rtept lat="42.251953" lon="-73.225506"><ele>284.8000000000011</ele><time>2026-07-05T23:59:00Z</time></rtept><rtept lat="42.251905" lon="-73.225488"><ele>284.8000000000011</ele><time>2026-07-05T23:59:00Z</time></rtept><rtept lat="42.251859" lon="-73.225522"><ele>287.40000000000146</ele><time>2026-07-05T23:59:00Z</time></rtept><rtept lat="42.251804" lon="-73.225664"><ele>290.2000000000007</ele><time>2026-07-05T23:59:00Z</time></rtept><rtept lat="42.25175" lon="-73.22567"><ele>292.40000000000146</ele><time>2026-07-05T23:59:00Z</time></rtept><rtept lat="42.251676" lon="-73.225625"><ele>294.2000000000007</ele><time>2026-07-05T23:59:00Z</time></rtept><rtept lat="42.251628" lon="-73.225612"><ele>295.8000000000011</ele><time>2026-07-05T23:59:00Z</time></rtept><rtept lat="42.251609" lon="-73.225689"><ele>296.40000000000146</ele><time>2026-07-05T23:59:00Z</time></rtept><rtept lat="42.251598" lon="-73.22578"><ele>297.0</ele><time>2026-07-05T23:59:00Z</time></rtept><rtept lat="42.251556" lon="-73.225814"><ele>298.2000000000007</ele><time>2026-07-05T23:59:00Z</time></rtept><rtept lat="42.25154" lon="-73.225868"><ele>299.2000000000007</ele><time>2026-07-05T23:59:00Z</time></rtept><rtept lat="42.251569" lon="-73.225921"><ele>299.2000000000007</ele><time>2026-07-05T23:59:00Z</time></rtept><rtept lat="42.25155" lon="-73.225985"><ele>300.40000000000146</ele><time>2026-07-05T23:59:00Z</time></rtept><rtept lat="42.25147" lon="-73.226009"><ele>302.8000000000011</ele><time>2026-07-05T23:59:00Z</time></rtept><rtept lat="42.251358" lon="-73.226007"><ele>308.2000000000007</ele><time>2026-07-05T23:59:00Z</time></rtept><rtept lat="42.2513" lon="-73.226034"><ele>311.60000000000036</ele><time>2026-07-05T23:59:00Z</time></rtept><rtept lat="42.251263" lon="-73.226145"><ele>314.8000000000011</ele><time>2026-07-05T23:59:00Z</time></rtept><rtept lat="42.251222" lon="-73.226186"><ele>314.8000000000011</ele><time>2026-07-05T23:59:00Z</time></rtept><rtept lat="42.251156" lon="-73.226132"><ele>316.8000000000011</ele><time>2026-07-05T23:59:00Z</time></rtept><rtept lat="42.251113" lon="-73.226069"><ele>317.60000000000036</ele><time>2026-07-05T23:59:00Z</time></rtept><rtept lat="42.251047" lon="-73.22603"><ele>319.40000000000146</ele><time>2026-07-05T23:59:00Z</time></rtept><rtept lat="42.250993" lon="-73.226034"><ele>321.0</ele><time>2026-07-05T23:59:00Z</time></rtept><rtept lat="42.250959" lon="-73.226103"><ele>321.0</ele><time>2026-07-05T23:59:00Z</time></rtept><rtept lat="42.250927" lon="-73.226223"><ele>324.0</ele><time>2026-07-05T23:59:00Z</time></rtept><rtept lat="42.250889" lon="-73.226327"><ele>324.60000000000036</ele><time>2026-07-05T23:59:00Z</time></rtept><rtept lat="42.250884" lon="-73.226395"><ele>327.0</ele><time>2026-07-05T23:59:00Z</time></rtept><rtept lat="42.250925" lon="-73.226619"><ele>327.0</ele><time>2026-07-05T23:59:00Z</time></rtept><rtept lat="42.250927" lon="-73.226747"><ele>328.2000000000007</ele><time>2026-07-05T23:59:00Z</time></rtept><rtept lat="42.250865" lon="-73.226902"><ele>332.0</ele><time>2026-07-05T23:59:00Z</time></rtept><rtept lat="42.250796" lon="-73.226971"><ele>336.40000000000146</ele><time>2026-07-05T23:59:00Z</time></rtept><rtept lat="42.250732" lon="-73.227016"><ele>338.2000000000007</ele><time>2026-07-05T23:59:00Z</time></rtept><rtept lat="42.250671" lon="-73.227035"><ele>339.8000000000011</ele><time>2026-07-05T23:59:00Z</time></rtept><rtept lat="42.250599" lon="-73.22704"><ele>341.40000000000146</ele><time>2026-07-05T23:59:00Z</time></rtept><rtept lat="42.250556" lon="-73.227072"><ele>343.8000000000011</ele><time>2026-07-05T23:59:00Z</time></rtept><rtept lat="42.250559" lon="-73.227117"><ele>343.8000000000011</ele><time>2026-07-05T23:59:00Z</time></rtept><rtept lat="42.250583" lon="-73.227222"><ele>343.60000000000036</ele><time>2026-07-05T23:59:00Z</time></rtept><rtept lat="42.250572" lon="-73.227271"><ele>344.60000000000036</ele><time>2026-07-05T23:59:00Z</time></rtept><rtept lat="42.250516" lon="-73.227327"><ele>346.60000000000036</ele><time>2026-07-05T23:59:00Z</time></rtept><rtept lat="42.250436" lon="-73.227345"><ele>348.60000000000036</ele><time>2026-07-05T23:59:00Z</time></rtept><rtept lat="42.250378" lon="-73.22734"><ele>348.60000000000036</ele><time>2026-07-05T23:59:00Z</time></rtept><rtept lat="42.250252" lon="-73.227305"><ele>349.60000000000036</ele><time>2026-07-05T23:59:00Z</time></rtept><rtept lat="42.250203" lon="-73.227267"><ele>350.60000000000036</ele><time>2026-07-05T23:59:00Z</time></rtept><rtept lat="42.25016" lon="-73.227258"><ele>351.60000000000036</ele><time>2026-07-05T23:59:00Z</time></rtept><rtept lat="42.250122" lon="-73.227292"><ele>352.8000000000011</ele><time>2026-07-05T23:59:00Z</time></rtept><rtept lat="42.25007" lon="-73.227375"><ele>353.40000000000146</ele><time>2026-07-05T23:59:00Z</time></rtept><rtept lat="42.250047" lon="-73.227387"><ele>355.0</ele><time>2026-07-05T23:59:00Z</time></rtept><rtept lat="42.250042" lon="-73.227456"><ele>355.60000000000036</ele><time>2026-07-05T23:59:00Z</time></rtept><rtept lat="42.250031" lon="-73.227557"><ele>356.60000000000036</ele><time>2026-07-05T23:59:00Z</time></rtept><rtept lat="42.249984" lon="-73.227608"><ele>359.60000000000036</ele><time>2026-07-05T23:59:00Z</time></rtept><rtept lat="42.249918" lon="-73.227616"><ele>361.60000000000036</ele><time>2026-07-05T23:59:00Z</time></rtept><rtept lat="42.249899" lon="-73.227655"><ele>362.8000000000011</ele><time>2026-07-05T23:59:00Z</time></rtept><rtept lat="42.249908" lon="-73.227723"><ele>362.8000000000011</ele><time>2026-07-05T23:59:00Z</time></rtept><rtept lat="42.249868" lon="-73.22778"><ele>366.40000000000146</ele><time>2026-07-05T23:59:00Z</time></rtept><rtept lat="42.249835" lon="-73.227828"><ele>368.0</ele><time>2026-07-05T23:59:00Z</time></rtept><rtept lat="42.249835" lon="-73.227828"><ele>368.0</ele><time>2026-07-05T23:59:00Z</time></rtept><rtept lat="42.249818" lon="-73.227853"><ele>368.0</ele><time>2026-07-05T23:59:00Z</time></rtept><rtept lat="42.249838" lon="-73.227997"><ele>371.60000000000036</ele><time>2026-07-05T23:59:00Z</time></rtept><rtept lat="42.249876" lon="-73.228058"><ele>369.40000000000146</ele><time>2026-07-05T23:59:00Z</time></rtept><rtept lat="42.249922" lon="-73.228106"><ele>371.40000000000146</ele><time>2026-07-05T23:59:00Z</time></rtept><rtept lat="42.249973" lon="-73.228208"><ele>371.2000000000007</ele><time>2026-07-05T23:59:00Z</time></rtept><rtept lat="42.249955" lon="-73.228258"><ele>373.60000000000036</ele><time>2026-07-05T23:59:00Z</time></rtept><rtept lat="42.249909" lon="-73.228262"><ele>375.8000000000011</ele><time>2026-07-05T23:59:00Z</time></rtept><rtept lat="42.249821" lon="-73.228224"><ele>375.60000000000036</ele><time>2026-07-05T23:59:00Z</time></rtept><rtept lat="42.249684" lon="-73.228186"><ele>380.0</ele><time>2026-07-05T23:59:00Z</time></rtept><rtept lat="42.249645" lon="-73.228195"><ele>382.2000000000007</ele><time>2026-07-05T23:59:00Z</time></rtept><rtept lat="42.249597" lon="-73.228214"><ele>384.60000000000036</ele><time>2026-07-05T23:59:00Z</time></rtept><rtept lat="42.24949" lon="-73.228201"><ele>386.60000000000036</ele><time>2026-07-05T23:59:00Z</time></rtept><rtept lat="42.249338" lon="-73.228217"><ele>392.2000000000007</ele><time>2026-07-05T23:59:00Z</time></rtept><rtept lat="42.249213" lon="-73.228217"><ele>395.60000000000036</ele><time>2026-07-05T23:59:00Z</time></rtept><rtept lat="42.249132" lon="-73.228213"><ele>397.2000000000007</ele><time>2026-07-05T23:59:00Z</time></rtept><rtept lat="42.249092" lon="-73.228215"><ele>398.8000000000011</ele><time>2026-07-05T23:59:00Z</time></rtept><rtept lat="42.249087" lon="-73.228215"><ele>398.8000000000011</ele><time>2026-07-05T23:59:00Z</time></rtept><rtept lat="42.249083" lon="-73.228267"><ele>400.40000000000146</ele><time>2026-07-05T23:59:00Z</time></rtept><rtept lat="42.24908" lon="-73.228364"><ele>401.8000000000011</ele><time>2026-07-05T23:59:00Z</time></rtept><rtept lat="42.249074" lon="-73.228434"><ele>403.0</ele><time>2026-07-05T23:59:00Z</time></rtept><rtept lat="42.249144" lon="-73.228534"><ele>403.0</ele><time>2026-07-05T23:59:00Z</time></rtept><rtept lat="42.2492" lon="-73.228647"><ele>403.2000000000007</ele><time>2026-07-05T23:59:00Z</time></rtept><rtept lat="42.249256" lon="-73.22882"><ele>405.40000000000146</ele><time>2026-07-05T23:59:00Z</time></rtept><rtept lat="42.249296" lon="-73.228999"><ele>409.40000000000146</ele><time>2026-07-05T23:59:00Z</time></rtept><rtept lat="42.24933" lon="-73.229191"><ele>412.60000000000036</ele><time>2026-07-05T23:59:00Z</time></rtept><rtept lat="42.249378" lon="-73.229364"><ele>416.60000000000036</ele><time>2026-07-05T23:59:00Z</time></rtept><rtept lat="42.249423" lon="-73.229404"><ele>418.8000000000011</ele><time>2026-07-05T23:59:00Z</time></rtept><rtept lat="42.24944" lon="-73.229432"><ele>418.0</ele><time>2026-07-05T23:59:00Z</time></rtept><rtept lat="42.249433" lon="-73.229507"><ele>420.0</ele><time>2026-07-05T23:59:00Z</time></rtept><rtept lat="42.249392" lon="-73.229524"><ele>421.0</ele><time>2026-07-05T23:59:00Z</time></rtept><rtept lat="42.249344" lon="-73.229503"><ele>422.2000000000007</ele><time>2026-07-05T23:59:00Z</time></rtept><rtept lat="42.249258" lon="-73.229441"><ele>421.0</ele><time>2026-07-05T23:59:00Z</time></rtept><rtept lat="42.249205" lon="-73.229417"><ele>422.60000000000036</ele><time>2026-07-05T23:59:00Z</time></rtept><rtept lat="42.249114" lon="-73.229348"><ele>421.40000000000146</ele><time>2026-07-05T23:59:00Z</time></rtept><rtept lat="42.249013" lon="-73.229334"><ele>424.60000000000036</ele><time>2026-07-05T23:59:00Z</time></rtept><rtept lat="42.248872" lon="-73.229331"><ele>428.40000000000146</ele><time>2026-07-05T23:59:00Z</time></rtept><rtept lat="42.248717" lon="-73.229294"><ele>433.2000000000007</ele><time>2026-07-05T23:59:00Z</time></rtept><rtept lat="42.248694" lon="-73.229285"><ele>433.2000000000007</ele><time>2026-07-05T23:59:00Z</time></rtept><rtept lat="42.248656" lon="-73.229272"><ele>433.2000000000007</ele><time>2026-07-05T23:59:00Z</time></rtept><rtept lat="42.248541" lon="-73.229182"><ele>433.40000000000146</ele><time>2026-07-05T23:59:00Z</time></rtept><rtept lat="42.24843" lon="-73.229174"><ele>436.8000000000011</ele><time>2026-07-05T23:59:00Z</time></rtept><rtept lat="42.248329" lon="-73.229127"><ele>440.2000000000007</ele><time>2026-07-05T23:59:00Z</time></rtept><rtept lat="42.248289" lon="-73.22913"><ele>440.2000000000007</ele><time>2026-07-05T23:59:00Z</time></rtept><rtept lat="42.24827" lon="-73.229192"><ele>441.8000000000011</ele><time>2026-07-05T23:59:00Z</time></rtept><rtept lat="42.248264" lon="-73.229323"><ele>446.40000000000146</ele><time>2026-07-05T23:59:00Z</time></rtept><rtept lat="42.248272" lon="-73.229435"><ele>448.40000000000146</ele><time>2026-07-05T23:59:00Z</time></rtept><rtept lat="42.248302" lon="-73.229565"><ele>450.0</ele><time>2026-07-05T23:59:00Z</time></rtept><rtept lat="42.24832" lon="-73.229641"><ele>451.40000000000146</ele><time>2026-07-05T23:59:00Z</time></rtept><rtept lat="42.248316" lon="-73.229707"><ele>451.40000000000146</ele><time>2026-07-05T23:59:00Z</time></rtept><rtept lat="42.248296" lon="-73.229771"><ele>453.40000000000146</ele><time>2026-07-05T23:59:00Z</time></rtept><rtept lat="42.248282" lon="-73.229844"><ele>455.8000000000011</ele><time>2026-07-05T23:59:00Z</time></rtept><rtept lat="42.248258" lon="-73.229874"><ele>457.2000000000007</ele><time>2026-07-05T23:59:00Z</time></rtept><rtept lat="42.248224" lon="-73.229891"><ele>459.8000000000011</ele><time>2026-07-05T23:59:00Z</time></rtept><rtept lat="42.248177" lon="-73.229951"><ele>461.0</ele><time>2026-07-05T23:59:00Z</time></rtept><rtept lat="42.248163" lon="-73.230015"><ele>463.40000000000146</ele><time>2026-07-05T23:59:00Z</time></rtept><rtept lat="42.248166" lon="-73.230056"><ele>463.40000000000146</ele><time>2026-07-05T23:59:00Z</time></rtept><rtept lat="42.24816" lon="-73.230208"><ele>467.60000000000036</ele><time>2026-07-05T23:59:00Z</time></rtept><rtept lat="42.248177" lon="-73.230336"><ele>470.40000000000146</ele><time>2026-07-05T23:59:00Z</time></rtept><rtept lat="42.248155" lon="-73.230482"><ele>471.60000000000036</ele><time>2026-07-05T23:59:00Z</time></rtept><rtept lat="42.248078" lon="-73.230682"><ele>475.60000000000036</ele><time>2026-07-05T23:59:00Z</time></rtept><rtept lat="42.248046" lon="-73.230751"><ele>476.40000000000146</ele><time>2026-07-05T23:59:00Z</time></rtept><rtept lat="42.24799" lon="-73.230782"><ele>477.40000000000146</ele><time>2026-07-05T23:59:00Z</time></rtept><rtept lat="42.247809" lon="-73.230745"><ele>481.0</ele><time>2026-07-05T23:59:00Z</time></rtept><rtept lat="42.247702" lon="-73.230713"><ele>482.8000000000011</ele><time>2026-07-05T23:59:00Z</time></rtept><rtept lat="42.247532" lon="-73.230655"><ele>484.2000000000007</ele><time>2026-07-05T23:59:00Z</time></rtept><rtept lat="42.247447" lon="-73.230659"><ele>486.2000000000007</ele><time>2026-07-05T23:59:00Z</time></rtept><rtept lat="42.247238" lon="-73.230795"><ele>489.40000000000146</ele><time>2026-07-05T23:59:00Z</time></rtept><rtept lat="42.247225" lon="-73.230873"><ele>489.8000000000011</ele><time>2026-07-05T23:59:00Z</time></rtept><rtept lat="42.247161" lon="-73.230962"><ele>490.40000000000146</ele><time>2026-07-05T23:59:00Z</time></rtept><rtept lat="42.247105" lon="-73.231022"><ele>490.2000000000007</ele><time>2026-07-05T23:59:00Z</time></rtept><rtept lat="42.247065" lon="-73.231115"><ele>489.2000000000007</ele><time>2026-07-05T23:59:00Z</time></rtept><rtept lat="42.247031" lon="-73.231273"><ele>487.40000000000146</ele><time>2026-07-05T23:59:00Z</time></rtept><rtept lat="42.247005" lon="-73.231523"><ele>482.0</ele><time>2026-07-05T23:59:00Z</time></rtept><rtept lat="42.247007" lon="-73.231746"><ele>479.2000000000007</ele><time>2026-07-05T23:59:00Z</time></rtept><rtept lat="42.247065" lon="-73.232033"><ele>476.2000000000007</ele><time>2026-07-05T23:59:00Z</time></rtept><rtept lat="42.247142" lon="-73.232185"><ele>476.2000000000007</ele><time>2026-07-05T23:59:00Z</time></rtept><rtept lat="42.247167" lon="-73.232332"><ele>473.60000000000036</ele><time>2026-07-05T23:59:00Z</time></rtept><rtept lat="42.24716" lon="-73.232392"><ele>472.2000000000007</ele><time>2026-07-05T23:59:00Z</time></rtept><rtept lat="42.247134" lon="-73.232456"><ele>471.60000000000036</ele><time>2026-07-05T23:59:00Z</time></rtept><rtept lat="42.247067" lon="-73.232532"><ele>468.0</ele><time>2026-07-05T23:59:00Z</time></rtept><rtept lat="42.246996" lon="-73.232576"><ele>464.40000000000146</ele><time>2026-07-05T23:59:00Z</time></rtept><rtept lat="42.246928" lon="-73.23266"><ele>462.2000000000007</ele><time>2026-07-05T23:59:00Z</time></rtept><rtept lat="42.246861" lon="-73.232706"><ele>461.60000000000036</ele><time>2026-07-05T23:59:00Z</time></rtept><rtept lat="42.246727" lon="-73.232771"><ele>459.8000000000011</ele><time>2026-07-05T23:59:00Z</time></rtept><rtept lat="42.246695" lon="-73.232838"><ele>459.0</ele><time>2026-07-05T23:59:00Z</time></rtept><rtept lat="42.246714" lon="-73.232988"><ele>457.0</ele><time>2026-07-05T23:59:00Z</time></rtept><rtept lat="42.246754" lon="-73.233094"><ele>456.0</ele><time>2026-07-05T23:59:00Z</time></rtept><rtept lat="42.246791" lon="-73.23314"><ele>456.40000000000146</ele><time>2026-07-05T23:59:00Z</time></rtept><rtept lat="42.246961" lon="-73.233294"><ele>455.60000000000036</ele><time>2026-07-05T23:59:00Z</time></rtept><rtept lat="42.247057" lon="-73.233332"><ele>455.2000000000007</ele><time>2026-07-05T23:59:00Z</time></rtept><rtept lat="42.247257" lon="-73.233444"><ele>455.0</ele><time>2026-07-05T23:59:00Z</time></rtept><rtept lat="42.247481" lon="-73.233636"><ele>452.8000000000011</ele><time>2026-07-05T23:59:00Z</time></rtept><rtept lat="42.247582" lon="-73.233656"><ele>452.40000000000146</ele><time>2026-07-05T23:59:00Z</time></rtept><rtept lat="42.247694" lon="-73.23367"><ele>451.8000000000011</ele><time>2026-07-05T23:59:00Z</time></rtept><rtept lat="42.247777" lon="-73.233699"><ele>451.0</ele><time>2026-07-05T23:59:00Z</time></rtept><rtept lat="42.247835" lon="-73.233747"><ele>451.0</ele><time>2026-07-05T23:59:00Z</time></rtept><rtept lat="42.247969" lon="-73.233774"><ele>447.60000000000036</ele><time>2026-07-05T23:59:00Z</time></rtept><rtept lat="42.248059" lon="-73.233784"><ele>446.40000000000146</ele><time>2026-07-05T23:59:00Z</time></rtept><rtept lat="42.248174" lon="-73.233859"><ele>443.60000000000036</ele><time>2026-07-05T23:59:00Z</time></rtept><rtept lat="42.248251" lon="-73.233936"><ele>442.2000000000007</ele><time>2026-07-05T23:59:00Z</time></rtept><rtept lat="42.248315" lon="-73.234013"><ele>441.0</ele><time>2026-07-05T23:59:00Z</time></rtept><rtept lat="42.248411" lon="-73.234064"><ele>438.8000000000011</ele><time>2026-07-05T23:59:00Z</time></rtept><rtept lat="42.248502" lon="-73.234131"><ele>437.0</ele><time>2026-07-05T23:59:00Z</time></rtept><rtept lat="42.248558" lon="-73.234197"><ele>435.2000000000007</ele><time>2026-07-05T23:59:00Z</time></rtept><rtept lat="42.24856" lon="-73.234232"><ele>435.2000000000007</ele><time>2026-07-05T23:59:00Z</time></rtept><rtept lat="42.248558" lon="-73.234315"><ele>434.8000000000011</ele><time>2026-07-05T23:59:00Z</time></rtept><rtept lat="42.248496" lon="-73.234395"><ele>435.8000000000011</ele><time>2026-07-05T23:59:00Z</time></rtept><rtept lat="42.248502" lon="-73.234432"><ele>435.8000000000011</ele><time>2026-07-05T23:59:00Z</time></rtept><rtept lat="42.248536" lon="-73.234512"><ele>434.40000000000146</ele><time>2026-07-05T23:59:00Z</time></rtept><rtept lat="42.248558" lon="-73.234589"><ele>435.0</ele><time>2026-07-05T23:59:00Z</time></rtept><rtept lat="42.248603" lon="-73.234725"><ele>436.0</ele><time>2026-07-05T23:59:00Z</time></rtept><rtept lat="42.248629" lon="-73.234824"><ele>437.60000000000036</ele><time>2026-07-05T23:59:00Z</time></rtept><rtept lat="42.248634" lon="-73.234878"><ele>439.2000000000007</ele><time>2026-07-05T23:59:00Z</time></rtept><rtept lat="42.248621" lon="-73.23493"><ele>439.2000000000007</ele><time>2026-07-05T23:59:00Z</time></rtept><rtept lat="42.248576" lon="-73.234973"><ele>442.60000000000036</ele><time>2026-07-05T23:59:00Z</time></rtept><rtept lat="42.248523" lon="-73.235005"><ele>444.60000000000036</ele><time>2026-07-05T23:59:00Z</time></rtept><rtept lat="42.248486" lon="-73.235037"><ele>445.40000000000146</ele><time>2026-07-05T23:59:00Z</time></rtept><rtept lat="42.248406" lon="-73.235037"><ele>449.60000000000036</ele><time>2026-07-05T23:59:00Z</time></rtept><rtept lat="42.248323" lon="-73.235002"><ele>450.8000000000011</ele><time>2026-07-05T23:59:00Z</time></rtept><rtept lat="42.248262" lon="-73.234986"><ele>452.60000000000036</ele><time>2026-07-05T23:59:00Z</time></rtept><rtept lat="42.248224" lon="-73.234991"><ele>452.60000000000036</ele><time>2026-07-05T23:59:00Z</time></rtept><rtept lat="42.248203" lon="-73.235031"><ele>454.2000000000007</ele><time>2026-07-05T23:59:00Z</time></rtept><rtept lat="42.248142" lon="-73.235061"><ele>456.40000000000146</ele><time>2026-07-05T23:59:00Z</time></rtept><rtept lat="42.248054" lon="-73.235031"><ele>456.60000000000036</ele><time>2026-07-05T23:59:00Z</time></rtept><rtept lat="42.24803" lon="-73.234962"><ele>456.60000000000036</ele><time>2026-07-05T23:59:00Z</time></rtept><rtept lat="42.248048" lon="-73.234888"><ele>455.60000000000036</ele><time>2026-07-05T23:59:00Z</time></rtept><rtept lat="42.24808" lon="-73.234792"><ele>454.2000000000007</ele><time>2026-07-05T23:59:00Z</time></rtept><rtept lat="42.248067" lon="-73.234677"><ele>451.0</ele><time>2026-07-05T23:59:00Z</time></rtept><rtept lat="42.248051" lon="-73.23456"><ele>449.40000000000146</ele><time>2026-07-05T23:59:00Z</time></rtept><rtept lat="42.248045" lon="-73.234524"><ele>449.40000000000146</ele><time>2026-07-05T23:59:00Z</time></rtept><rtept lat="42.248008" lon="-73.23451"><ele>450.0</ele><time>2026-07-05T23:59:00Z</time></rtept><rtept lat="42.247967" lon="-73.234463"><ele>450.0</ele><time>2026-07-05T23:59:00Z</time></rtept><rtept lat="42.247896" lon="-73.234417"><ele>453.0</ele><time>2026-07-05T23:59:00Z</time></rtept><rtept lat="42.24786" lon="-73.23442"><ele>453.0</ele><time>2026-07-05T23:59:00Z</time></rtept><rtept lat="42.247823" lon="-73.234433"><ele>456.0</ele><time>2026-07-05T23:59:00Z</time></rtept><rtept lat="42.247789" lon="-73.234453"><ele>458.2000000000007</ele><time>2026-07-05T23:59:00Z</time></rtept><rtept lat="42.247738" lon="-73.234461"><ele>462.40000000000146</ele><time>2026-07-05T23:59:00Z</time></rtept><rtept lat="42.247663" lon="-73.234501"><ele>466.2000000000007</ele><time>2026-07-05T23:59:00Z</time></rtept><rtept lat="42.24757" lon="-73.234533"><ele>472.40000000000146</ele><time>2026-07-05T23:59:00Z</time></rtept><rtept lat="42.247483" lon="-73.23453"><ele>474.60000000000036</ele><time>2026-07-05T23:59:00Z</time></rtept><rtept lat="42.247417" lon="-73.234459"><ele>476.40000000000146</ele><time>2026-07-05T23:59:00Z</time></rtept><rtept lat="42.247355" lon="-73.23441"><ele>477.0</ele><time>2026-07-05T23:59:00Z</time></rtept><rtept lat="42.24729" lon="-73.234452"><ele>480.40000000000146</ele><time>2026-07-05T23:59:00Z</time></rtept><rtept lat="42.24723" lon="-73.23442"><ele>481.0</ele><time>2026-07-05T23:59:00Z</time></rtept><rtept lat="42.247195" lon="-73.234491"><ele>484.0</ele><time>2026-07-05T23:59:00Z</time></rtept><rtept lat="42.247111" lon="-73.234509"><ele>486.0</ele><time>2026-07-05T23:59:00Z</time></rtept><rtept lat="42.247011" lon="-73.234505"><ele>489.0</ele><time>2026-07-05T23:59:00Z</time></rtept><rtept lat="42.246903" lon="-73.234615"><ele>494.40000000000146</ele><time>2026-07-05T23:59:00Z</time></rtept><rtept lat="42.246639" lon="-73.234753"><ele>499.60000000000036</ele><time>2026-07-05T23:59:00Z</time></rtept><rtept lat="42.246568" lon="-73.234797"><ele>500.40000000000146</ele><time>2026-07-05T23:59:00Z</time></rtept><rtept lat="42.246478" lon="-73.23485"><ele>503.40000000000146</ele><time>2026-07-05T23:59:00Z</time></rtept><rtept lat="42.246426" lon="-73.234873"><ele>504.2000000000007</ele><time>2026-07-05T23:59:00Z</time></rtept><rtept lat="42.246321" lon="-73.234969"><ele>505.2000000000007</ele><time>2026-07-05T23:59:00Z</time></rtept><rtept lat="42.246212" lon="-73.234987"><ele>509.40000000000146</ele><time>2026-07-05T23:59:00Z</time></rtept><rtept lat="42.246093" lon="-73.23506"><ele>512.8000000000011</ele><time>2026-07-05T23:59:00Z</time></rtept><rtept lat="42.245979" lon="-73.23515"><ele>517.0</ele><time>2026-07-05T23:59:00Z</time></rtept><rtept lat="42.245887" lon="-73.235142"><ele>519.6000000000004</ele><time>2026-07-05T23:59:00Z</time></rtept><rtept lat="42.245786" lon="-73.235222"><ele>523.6000000000004</ele><time>2026-07-05T23:59:00Z</time></rtept><rtept lat="42.245757" lon="-73.235298"><ele>522.6000000000004</ele><time>2026-07-05T23:59:00Z</time></rtept><rtept lat="42.245712" lon="-73.235418"><ele>523.4000000000015</ele><time>2026-07-05T23:59:00Z</time></rtept><rtept lat="42.245657" lon="-73.235518"><ele>524.0</ele><time>2026-07-05T23:59:00Z</time></rtept><rtept lat="42.245513" lon="-73.235645"><ele>524.6000000000004</ele><time>2026-07-05T23:59:00Z</time></rtept><rtept lat="42.24545" lon="-73.235626"><ele>527.8000000000011</ele><time>2026-07-05T23:59:00Z</time></rtept><rtept lat="42.245354" lon="-73.235786"><ele>527.2000000000007</ele><time>2026-07-05T23:59:00Z</time></rtept><rtept lat="42.245274" lon="-73.235844"><ele>526.6000000000004</ele><time>2026-07-05T23:59:00Z</time></rtept><rtept lat="42.245184" lon="-73.2359"><ele>525.6000000000004</ele><time>2026-07-05T23:59:00Z</time></rtept><rtept lat="42.24512" lon="-73.23593"><ele>526.2000000000007</ele><time>2026-07-05T23:59:00Z</time></rtept><rtept lat="42.245042" lon="-73.236083"><ele>523.6000000000004</ele><time>2026-07-05T23:59:00Z</time></rtept><rtept lat="42.244957" lon="-73.236232"><ele>524.8000000000011</ele><time>2026-07-05T23:59:00Z</time></rtept><rtept lat="42.244899" lon="-73.23632"><ele>524.8000000000011</ele><time>2026-07-05T23:59:00Z</time></rtept><rtept lat="42.244893" lon="-73.236347"><ele>523.2000000000007</ele><time>2026-07-05T23:59:00Z</time></rtept><rtept lat="42.244829" lon="-73.236419"><ele>523.2000000000007</ele><time>2026-07-05T23:59:00Z</time></rtept><rtept lat="42.244795" lon="-73.236477"><ele>523.2000000000007</ele><time>2026-07-05T23:59:00Z</time></rtept><rtept lat="42.244747" lon="-73.236619"><ele>523.8000000000011</ele><time>2026-07-05T23:59:00Z</time></rtept><rtept lat="42.244736" lon="-73.236718"><ele>524.4000000000015</ele><time>2026-07-05T23:59:00Z</time></rtept><rtept lat="42.244711" lon="-73.23678"><ele>527.8000000000011</ele><time>2026-07-05T23:59:00Z</time></rtept><rtept lat="42.244681" lon="-73.236876"><ele>528.6000000000004</ele><time>2026-07-05T23:59:00Z</time></rtept><rtept lat="42.24467" lon="-73.23702"><ele>530.2000000000007</ele><time>2026-07-05T23:59:00Z</time></rtept><rtept lat="42.24464" lon="-73.237121"><ele>533.4000000000015</ele><time>2026-07-05T23:59:00Z</time></rtept><rtept lat="42.244605" lon="-73.237315"><ele>534.6000000000004</ele><time>2026-07-05T23:59:00Z</time></rtept><rtept lat="42.244605" lon="-73.237467"><ele>535.4000000000015</ele><time>2026-07-05T23:59:00Z</time></rtept><rtept lat="42.244576" lon="-73.237534"><ele>537.2000000000007</ele><time>2026-07-05T23:59:00Z</time></rtept><rtept lat="42.244517" lon="-73.237574"><ele>539.0</ele><time>2026-07-05T23:59:00Z</time></rtept><rtept lat="42.244432" lon="-73.237745"><ele>539.8000000000011</ele><time>2026-07-05T23:59:00Z</time></rtept><rtept lat="42.244356" lon="-73.237804"><ele>540.6000000000004</ele><time>2026-07-05T23:59:00Z</time></rtept><rtept lat="42.244304" lon="-73.237883"><ele>541.6000000000004</ele><time>2026-07-05T23:59:00Z</time></rtept><rtept lat="42.244209" lon="-73.237977"><ele>542.6000000000004</ele><time>2026-07-05T23:59:00Z</time></rtept><rtept lat="42.24406" lon="-73.238017"><ele>543.2000000000007</ele><time>2026-07-05T23:59:00Z</time></rtept><rtept lat="42.244041" lon="-73.238199"><ele>545.6000000000004</ele><time>2026-07-05T23:59:00Z</time></rtept><rtept lat="42.244045" lon="-73.238565"><ele>553.8000000000011</ele><time>2026-07-05T23:59:00Z</time></rtept><rtept lat="42.244056" lon="-73.238708"><ele>554.8000000000011</ele><time>2026-07-05T23:59:00Z</time></rtept><rtept lat="42.244005" lon="-73.238802"><ele>555.2000000000007</ele><time>2026-07-05T23:59:00Z</time></rtept><rtept lat="42.243939" lon="-73.238856"><ele>555.4000000000015</ele><time>2026-07-05T23:59:00Z</time></rtept><rtept lat="42.243939" lon="-73.238999"><ele>557.4000000000015</ele><time>2026-07-05T23:59:00Z</time></rtept><rtept lat="42.243809" lon="-73.239181"><ele>557.6000000000004</ele><time>2026-07-05T23:59:00Z</time></rtept><rtept lat="42.243749" lon="-73.239448"><ele>560.0</ele><time>2026-07-05T23:59:00Z</time></rtept><rtept lat="42.243716" lon="-73.239542"><ele>561.0</ele><time>2026-07-05T23:59:00Z</time></rtept><rtept lat="42.243716" lon="-73.239715"><ele>562.8000000000011</ele><time>2026-07-05T23:59:00Z</time></rtept><rtept lat="42.243701" lon="-73.239823"><ele>562.8000000000011</ele><time>2026-07-05T23:59:00Z</time></rtept><rtept lat="42.243674" lon="-73.239868"><ele>563.6000000000004</ele><time>2026-07-05T23:59:00Z</time></rtept><rtept lat="42.243674" lon="-73.239868"><ele>563.6000000000004</ele><time>2026-07-05T23:59:00Z</time></rtept><rtept lat="42.243633" lon="-73.239936"><ele>563.4000000000015</ele><time>2026-07-05T23:59:00Z</time></rtept><rtept lat="42.243577" lon="-73.240125"><ele>563.8000000000011</ele><time>2026-07-05T23:59:00Z</time></rtept><rtept lat="42.243555" lon="-73.240228"><ele>564.2000000000007</ele><time>2026-07-05T23:59:00Z</time></rtept><rtept lat="42.243493" lon="-73.240435"><ele>564.8000000000011</ele><time>2026-07-05T23:59:00Z</time></rtept><rtept lat="42.243456" lon="-73.240545"><ele>566.2000000000007</ele><time>2026-07-05T23:59:00Z</time></rtept><rtept lat="42.243431" lon="-73.240717"><ele>567.4000000000015</ele><time>2026-07-05T23:59:00Z</time></rtept><rtept lat="42.243413" lon="-73.24087"><ele>568.2000000000007</ele><time>2026-07-05T23:59:00Z</time></rtept><rtept lat="42.243405" lon="-73.241013"><ele>569.2000000000007</ele><time>2026-07-05T23:59:00Z</time></rtept><rtept lat="42.243424" lon="-73.241191"><ele>569.6000000000004</ele><time>2026-07-05T23:59:00Z</time></rtept><rtept lat="42.243321" lon="-73.241336"><ele>567.4000000000015</ele><time>2026-07-05T23:59:00Z</time></rtept><rtept lat="42.243262" lon="-73.241442"><ele>567.4000000000015</ele><time>2026-07-05T23:59:00Z</time></rtept><rtept lat="42.243172" lon="-73.241625"><ele>565.2000000000007</ele><time>2026-07-05T23:59:00Z</time></rtept><rtept lat="42.243117" lon="-73.241719"><ele>564.4000000000015</ele><time>2026-07-05T23:59:00Z</time></rtept><rtept lat="42.243014" lon="-73.241689"><ele>563.6000000000004</ele><time>2026-07-05T23:59:00Z</time></rtept><rtept lat="42.242985" lon="-73.24178"><ele>562.4000000000015</ele><time>2026-07-05T23:59:00Z</time></rtept><rtept lat="42.242895" lon="-73.241803"><ele>561.0</ele><time>2026-07-05T23:59:00Z</time></rtept><rtept lat="42.242836" lon="-73.241873"><ele>559.0</ele><time>2026-07-05T23:59:00Z</time></rtept><rtept lat="42.242817" lon="-73.241958"><ele>558.4000000000015</ele><time>2026-07-05T23:59:00Z</time></rtept><rtept lat="42.242854" lon="-73.242041"><ele>558.2000000000007</ele><time>2026-07-05T23:59:00Z</time></rtept><rtept lat="42.242833" lon="-73.24211"><ele>558.4000000000015</ele><time>2026-07-05T23:59:00Z</time></rtept><rtept lat="42.242777" lon="-73.242227"><ele>557.6000000000004</ele><time>2026-07-05T23:59:00Z</time></rtept><rtept lat="42.24274" lon="-73.242305"><ele>557.0</ele><time>2026-07-05T23:59:00Z</time></rtept><rtept lat="42.242647" lon="-73.242406"><ele>556.0</ele><time>2026-07-05T23:59:00Z</time></rtept><rtept lat="42.242609" lon="-73.242502"><ele>554.4000000000015</ele><time>2026-07-05T23:59:00Z</time></rtept><rtept lat="42.242532" lon="-73.242627"><ele>551.0</ele><time>2026-07-05T23:59:00Z</time></rtept><rtept lat="42.24245" lon="-73.242756"><ele>548.0</ele><time>2026-07-05T23:59:00Z</time></rtept><rtept lat="42.24243" lon="-73.242796"><ele>545.6000000000004</ele><time>2026-07-05T23:59:00Z</time></rtept><rtept lat="42.242406" lon="-73.242868"><ele>545.2000000000007</ele><time>2026-07-05T23:59:00Z</time></rtept><rtept lat="42.242399" lon="-73.242933"><ele>544.4000000000015</ele><time>2026-07-05T23:59:00Z</time></rtept><rtept lat="42.242393" lon="-73.243048"><ele>543.6000000000004</ele><time>2026-07-05T23:59:00Z</time></rtept><rtept lat="42.242369" lon="-73.243192"><ele>540.2000000000007</ele><time>2026-07-05T23:59:00Z</time></rtept><rtept lat="42.242385" lon="-73.243283"><ele>541.2000000000007</ele><time>2026-07-05T23:59:00Z</time></rtept><rtept lat="42.242417" lon="-73.243408"><ele>540.6000000000004</ele><time>2026-07-05T23:59:00Z</time></rtept><rtept lat="42.242439" lon="-73.243533"><ele>541.8000000000011</ele><time>2026-07-05T23:59:00Z</time></rtept><rtept lat="42.242505" lon="-73.243688"><ele>543.2000000000007</ele><time>2026-07-05T23:59:00Z</time></rtept><rtept lat="42.242564" lon="-73.243813"><ele>543.0</ele><time>2026-07-05T23:59:00Z</time></rtept><rtept lat="42.242591" lon="-73.243898"><ele>542.2000000000007</ele><time>2026-07-05T23:59:00Z</time></rtept><rtept lat="42.242583" lon="-73.244039"><ele>542.0</ele><time>2026-07-05T23:59:00Z</time></rtept><rtept lat="42.242565" lon="-73.244129"><ele>542.6000000000004</ele><time>2026-07-05T23:59:00Z</time></rtept><rtept lat="42.242527" lon="-73.244171"><ele>541.6000000000004</ele><time>2026-07-05T23:59:00Z</time></rtept><rtept lat="42.242484" lon="-73.244191"><ele>540.4000000000015</ele><time>2026-07-05T23:59:00Z</time></rtept><rtept lat="42.242429" lon="-73.244331"><ele>540.8000000000011</ele><time>2026-07-05T23:59:00Z</time></rtept><rtept lat="42.242302" lon="-73.244508"><ele>540.2000000000007</ele><time>2026-07-05T23:59:00Z</time></rtept><rtept lat="42.242128" lon="-73.24481"><ele>540.6000000000004</ele><time>2026-07-05T23:59:00Z</time></rtept><rtept lat="42.241752" lon="-73.245218"><ele>539.6000000000004</ele><time>2026-07-05T23:59:00Z</time></rtept><rtept lat="42.241658" lon="-73.245389"><ele>538.8000000000011</ele><time>2026-07-05T23:59:00Z</time></rtept><rtept lat="42.241595" lon="-73.245442"><ele>538.2000000000007</ele><time>2026-07-05T23:59:00Z</time></rtept><rtept lat="42.241469" lon="-73.245604"><ele>537.0</ele><time>2026-07-05T23:59:00Z</time></rtept><rtept lat="42.241447" lon="-73.245712"><ele>536.8000000000011</ele><time>2026-07-05T23:59:00Z</time></rtept><rtept lat="42.241443" lon="-73.245772"><ele>536.6000000000004</ele><time>2026-07-05T23:59:00Z</time></rtept><rtept lat="42.24141" lon="-73.245831"><ele>536.0</ele><time>2026-07-05T23:59:00Z</time></rtept><rtept lat="42.241363" lon="-73.245925"><ele>535.8000000000011</ele><time>2026-07-05T23:59:00Z</time></rtept><rtept lat="42.241363" lon="-73.245925"><ele>535.8000000000011</ele><time>2026-07-05T23:59:00Z</time></rtept><rtept lat="42.241319" lon="-73.246013"><ele>535.2000000000007</ele><time>2026-07-05T23:59:00Z</time></rtept><rtept lat="42.241161" lon="-73.246108"><ele>533.4000000000015</ele><time>2026-07-05T23:59:00Z</time></rtept><rtept lat="42.241093" lon="-73.246191"><ele>532.8000000000011</ele><time>2026-07-05T23:59:00Z</time></rtept><rtept lat="42.240884" lon="-73.246176"><ele>530.6000000000004</ele><time>2026-07-05T23:59:00Z</time></rtept><rtept lat="42.240782" lon="-73.246226"><ele>529.8000000000011</ele><time>2026-07-05T23:59:00Z</time></rtept><rtept lat="42.240559" lon="-73.246334"><ele>528.8000000000011</ele><time>2026-07-05T23:59:00Z</time></rtept><rtept lat="42.240367" lon="-73.246384"><ele>526.8000000000011</ele><time>2026-07-05T23:59:00Z</time></rtept><rtept lat="42.240273" lon="-73.246469"><ele>524.2000000000007</ele><time>2026-07-05T23:59:00Z</time></rtept><rtept lat="42.240196" lon="-73.246592"><ele>523.0</ele><time>2026-07-05T23:59:00Z</time></rtept><rtept lat="42.240078" lon="-73.246695"><ele>521.6000000000004</ele><time>2026-07-05T23:59:00Z</time></rtept><rtept lat="42.240013" lon="-73.246761"><ele>521.4000000000015</ele><time>2026-07-05T23:59:00Z</time></rtept><rtept lat="42.239856" lon="-73.246825"><ele>521.0</ele><time>2026-07-05T23:59:00Z</time></rtept><rtept lat="42.23967" lon="-73.247006"><ele>520.6000000000004</ele><time>2026-07-05T23:59:00Z</time></rtept><rtept lat="42.239611" lon="-73.24709"><ele>520.6000000000004</ele><time>2026-07-05T23:59:00Z</time></rtept><rtept lat="42.239593" lon="-73.247164"><ele>520.6000000000004</ele><time>2026-07-05T23:59:00Z</time></rtept><rtept lat="42.239595" lon="-73.24736"><ele>520.8000000000011</ele><time>2026-07-05T23:59:00Z</time></rtept><rtept lat="42.23955" lon="-73.247528"><ele>520.8000000000011</ele><time>2026-07-05T23:59:00Z</time></rtept><rtept lat="42.239578" lon="-73.247717"><ele>521.8000000000011</ele><time>2026-07-05T23:59:00Z</time></rtept><rtept lat="42.239587" lon="-73.247836"><ele>522.8000000000011</ele><time>2026-07-05T23:59:00Z</time></rtept><rtept lat="42.239553" lon="-73.247909"><ele>522.0</ele><time>2026-07-05T23:59:00Z</time></rtept><rtept lat="42.239539" lon="-73.248058"><ele>522.6000000000004</ele><time>2026-07-05T23:59:00Z</time></rtept><rtept lat="42.239497" lon="-73.248208"><ele>522.2000000000007</ele><time>2026-07-05T23:59:00Z</time></rtept><rtept lat="42.23941" lon="-73.248296"><ele>521.8000000000011</ele><time>2026-07-05T23:59:00Z</time></rtept><rtept lat="42.239381" lon="-73.248387"><ele>521.4000000000015</ele><time>2026-07-05T23:59:00Z</time></rtept><rtept lat="42.239317" lon="-73.248501"><ele>521.2000000000007</ele><time>2026-07-05T23:59:00Z</time></rtept><rtept lat="42.239315" lon="-73.248565"><ele>521.6000000000004</ele><time>2026-07-05T23:59:00Z</time></rtept><rtept lat="42.239296" lon="-73.248679"><ele>522.0</ele><time>2026-07-05T23:59:00Z</time></rtept><rtept lat="42.239204" lon="-73.24888"><ele>522.6000000000004</ele><time>2026-07-05T23:59:00Z</time></rtept><rtept lat="42.239191" lon="-73.248954"><ele>522.4000000000015</ele><time>2026-07-05T23:59:00Z</time></rtept><rtept lat="42.239136" lon="-73.249102"><ele>523.0</ele><time>2026-07-05T23:59:00Z</time></rtept><rtept lat="42.23905" lon="-73.249178"><ele>522.2000000000007</ele><time>2026-07-05T23:59:00Z</time></rtept><rtept lat="42.238988" lon="-73.249221"><ele>522.0</ele><time>2026-07-05T23:59:00Z</time></rtept><rtept lat="42.238877" lon="-73.249323"><ele>521.8000000000011</ele><time>2026-07-05T23:59:00Z</time></rtept><rtept lat="42.238822" lon="-73.249438"><ele>521.4000000000015</ele><time>2026-07-05T23:59:00Z</time></rtept><rtept lat="42.238745" lon="-73.249512"><ele>519.8000000000011</ele><time>2026-07-05T23:59:00Z</time></rtept><rtept lat="42.238657" lon="-73.249528"><ele>519.0</ele><time>2026-07-05T23:59:00Z</time></rtept><rtept lat="42.238647" lon="-73.249507"><ele>519.0</ele><time>2026-07-05T23:59:00Z</time></rtept><rtept lat="42.238505" lon="-73.249483"><ele>518.0</ele><time>2026-07-05T23:59:00Z</time></rtept><rtept lat="42.238465" lon="-73.24943"><ele>517.8000000000011</ele><time>2026-07-05T23:59:00Z</time></rtept><rtept lat="42.238396" lon="-73.249304"><ele>518.0</ele><time>2026-07-05T23:59:00Z</time></rtept><rtept lat="42.238385" lon="-73.249218"><ele>518.4000000000015</ele><time>2026-07-05T23:59:00Z</time></rtept><rtept lat="42.238324" lon="-73.249133"><ele>518.6000000000004</ele><time>2026-07-05T23:59:00Z</time></rtept><rtept lat="42.238236" lon="-73.249053"><ele>518.0</ele><time>2026-07-05T23:59:00Z</time></rtept><rtept lat="42.238183" lon="-73.248951"><ele>518.4000000000015</ele><time>2026-07-05T23:59:00Z</time></rtept><rtept lat="42.238143" lon="-73.248807"><ele>518.4000000000015</ele><time>2026-07-05T23:59:00Z</time></rtept><rtept lat="42.238147" lon="-73.248702"><ele>518.6000000000004</ele><time>2026-07-05T23:59:00Z</time></rtept><rtept lat="42.23813" lon="-73.248591"><ele>518.8000000000011</ele><time>2026-07-05T23:59:00Z</time></rtept><rtept lat="42.238124" lon="-73.248434"><ele>518.8000000000011</ele><time>2026-07-05T23:59:00Z</time></rtept><rtept lat="42.238084" lon="-73.248349"><ele>518.8000000000011</ele><time>2026-07-05T23:59:00Z</time></rtept><rtept lat="42.238036" lon="-73.248284"><ele>518.8000000000011</ele><time>2026-07-05T23:59:00Z</time></rtept><rtept lat="42.237895" lon="-73.248188"><ele>519.4000000000015</ele><time>2026-07-05T23:59:00Z</time></rtept><rtept lat="42.237818" lon="-73.248172"><ele>519.4000000000015</ele><time>2026-07-05T23:59:00Z</time></rtept><rtept lat="42.237732" lon="-73.248198"><ele>519.4000000000015</ele><time>2026-07-05T23:59:00Z</time></rtept><rtept lat="42.237674" lon="-73.248236"><ele>519.4000000000015</ele><time>2026-07-05T23:59:00Z</time></rtept><rtept lat="42.237581" lon="-73.248252"><ele>519.0</ele><time>2026-07-05T23:59:00Z</time></rtept><rtept lat="42.237522" lon="-73.2482"><ele>518.4000000000015</ele><time>2026-07-05T23:59:00Z</time></rtept><rtept lat="42.23749" lon="-73.248101"><ele>519.2000000000007</ele><time>2026-07-05T23:59:00Z</time></rtept><rtept lat="42.23745" lon="-73.248034"><ele>519.4000000000015</ele><time>2026-07-05T23:59:00Z</time></rtept><rtept lat="42.23737" lon="-73.247957"><ele>519.4000000000015</ele><time>2026-07-05T23:59:00Z</time></rtept><rtept lat="42.237269" lon="-73.247731"><ele>520.4000000000015</ele><time>2026-07-05T23:59:00Z</time></rtept><rtept lat="42.237049" lon="-73.24741"><ele>520.2000000000007</ele><time>2026-07-05T23:59:00Z</time></rtept><rtept lat="42.236912" lon="-73.247007"><ele>522.8000000000011</ele><time>2026-07-05T23:59:00Z</time></rtept><rtept lat="42.236824" lon="-73.24685"><ele>522.6000000000004</ele><time>2026-07-05T23:59:00Z</time></rtept><rtept lat="42.236754" lon="-73.246698"><ele>523.8000000000011</ele><time>2026-07-05T23:59:00Z</time></rtept><rtept lat="42.236669" lon="-73.246575"><ele>524.2000000000007</ele><time>2026-07-05T23:59:00Z</time></rtept><rtept lat="42.236616" lon="-73.246396"><ele>525.2000000000007</ele><time>2026-07-05T23:59:00Z</time></rtept><rtept lat="42.236592" lon="-73.246348"><ele>526.0</ele><time>2026-07-05T23:59:00Z</time></rtept><rtept lat="42.236488" lon="-73.246214"><ele>524.4000000000015</ele><time>2026-07-05T23:59:00Z</time></rtept><rtept lat="42.236384" lon="-73.24602"><ele>524.4000000000015</ele><time>2026-07-05T23:59:00Z</time></rtept><rtept lat="42.236253" lon="-73.245817"><ele>523.8000000000011</ele><time>2026-07-05T23:59:00Z</time></rtept><rtept lat="42.236181" lon="-73.245601"><ele>523.6000000000004</ele><time>2026-07-05T23:59:00Z</time></rtept><rtept lat="42.236086" lon="-73.245441"><ele>522.4000000000015</ele><time>2026-07-05T23:59:00Z</time></rtept><rtept lat="42.235914" lon="-73.245269"><ele>519.2000000000007</ele><time>2026-07-05T23:59:00Z</time></rtept><rtept lat="42.235736" lon="-73.245276"><ele>518.0</ele><time>2026-07-05T23:59:00Z</time></rtept><rtept lat="42.235651" lon="-73.245332"><ele>518.0</ele><time>2026-07-05T23:59:00Z</time></rtept><rtept lat="42.235591" lon="-73.245424"><ele>517.8000000000011</ele><time>2026-07-05T23:59:00Z</time></rtept><rtept lat="42.235444" lon="-73.245579"><ele>518.2000000000007</ele><time>2026-07-05T23:59:00Z</time></rtept><rtept lat="42.235376" lon="-73.245646"><ele>518.2000000000007</ele><time>2026-07-05T23:59:00Z</time></rtept><rtept lat="42.235367" lon="-73.245669"><ele>518.2000000000007</ele><time>2026-07-05T23:59:00Z</time></rtept><rtept lat="42.23534" lon="-73.245711"><ele>518.2000000000007</ele><time>2026-07-05T23:59:00Z</time></rtept><rtept lat="42.235303" lon="-73.245761"><ele>518.6000000000004</ele><time>2026-07-05T23:59:00Z</time></rtept><rtept lat="42.235256" lon="-73.245888"><ele>518.4000000000015</ele><time>2026-07-05T23:59:00Z</time></rtept><rtept lat="42.235134" lon="-73.24606"><ele>519.2000000000007</ele><time>2026-07-05T23:59:00Z</time></rtept><rtept lat="42.235114" lon="-73.246169"><ele>519.6000000000004</ele><time>2026-07-05T23:59:00Z</time></rtept><rtept lat="42.235077" lon="-73.24623"><ele>519.4000000000015</ele><time>2026-07-05T23:59:00Z</time></rtept><rtept lat="42.235041" lon="-73.246241"><ele>519.8000000000011</ele><time>2026-07-05T23:59:00Z</time></rtept><rtept lat="42.234946" lon="-73.246249"><ele>520.6000000000004</ele><time>2026-07-05T23:59:00Z</time></rtept><rtept lat="42.234855" lon="-73.246208"><ele>521.8000000000011</ele><time>2026-07-05T23:59:00Z</time></rtept><rtept lat="42.234761" lon="-73.246214"><ele>522.4000000000015</ele><time>2026-07-05T23:59:00Z</time></rtept><rtept lat="42.234685" lon="-73.246276"><ele>522.8000000000011</ele><time>2026-07-05T23:59:00Z</time></rtept><rtept lat="42.234596" lon="-73.246323"><ele>523.4000000000015</ele><time>2026-07-05T23:59:00Z</time></rtept><rtept lat="42.234507" lon="-73.246382"><ele>523.4000000000015</ele><time>2026-07-05T23:59:00Z</time></rtept><rtept lat="42.234393" lon="-73.246454"><ele>523.8000000000011</ele><time>2026-07-05T23:59:00Z</time></rtept><rtept lat="42.234289" lon="-73.246519"><ele>524.0</ele><time>2026-07-05T23:59:00Z</time></rtept><rtept lat="42.234207" lon="-73.246583"><ele>523.8000000000011</ele><time>2026-07-05T23:59:00Z</time></rtept><rtept lat="42.234025" lon="-73.246764"><ele>523.6000000000004</ele><time>2026-07-05T23:59:00Z</time></rtept><rtept lat="42.233757" lon="-73.246931"><ele>523.4000000000015</ele><time>2026-07-05T23:59:00Z</time></rtept><rtept lat="42.233644" lon="-73.247023"><ele>523.2000000000007</ele><time>2026-07-05T23:59:00Z</time></rtept><rtept lat="42.233535" lon="-73.24705"><ele>523.4000000000015</ele><time>2026-07-05T23:59:00Z</time></rtept><rtept lat="42.233439" lon="-73.247135"><ele>523.0</ele><time>2026-07-05T23:59:00Z</time></rtept><rtept lat="42.233376" lon="-73.247207"><ele>522.4000000000015</ele><time>2026-07-05T23:59:00Z</time></rtept><rtept lat="42.233351" lon="-73.247295"><ele>522.0</ele><time>2026-07-05T23:59:00Z</time></rtept><rtept lat="42.233319" lon="-73.247471"><ele>521.2000000000007</ele><time>2026-07-05T23:59:00Z</time></rtept><rtept lat="42.233317" lon="-73.247551"><ele>520.6000000000004</ele><time>2026-07-05T23:59:00Z</time></rtept><rtept lat="42.233311" lon="-73.247633"><ele>520.2000000000007</ele><time>2026-07-05T23:59:00Z</time></rtept><rtept lat="42.233274" lon="-73.247685"><ele>519.6000000000004</ele><time>2026-07-05T23:59:00Z</time></rtept><rtept lat="42.233199" lon="-73.247711"><ele>519.6000000000004</ele><time>2026-07-05T23:59:00Z</time></rtept><rtept lat="42.23313" lon="-73.24774"><ele>519.6000000000004</ele><time>2026-07-05T23:59:00Z</time></rtept><rtept lat="42.233081" lon="-73.247736"><ele>519.6000000000004</ele><time>2026-07-05T23:59:00Z</time></rtept><rtept lat="42.233014" lon="-73.247666"><ele>520.0</ele><time>2026-07-05T23:59:00Z</time></rtept><rtept lat="42.232923" lon="-73.247554"><ele>520.0</ele><time>2026-07-05T23:59:00Z</time></rtept><rtept lat="42.232876" lon="-73.247501"><ele>520.2000000000007</ele><time>2026-07-05T23:59:00Z</time></rtept><rtept lat="42.23282" lon="-73.247471"><ele>520.2000000000007</ele><time>2026-07-05T23:59:00Z</time></rtept><rtept lat="42.232766" lon="-73.24744"><ele>520.6000000000004</ele><time>2026-07-05T23:59:00Z</time></rtept><rtept lat="42.232713" lon="-73.247458"><ele>520.6000000000004</ele><time>2026-07-05T23:59:00Z</time></rtept><rtept lat="42.232589" lon="-73.247549"><ele>521.6000000000004</ele><time>2026-07-05T23:59:00Z</time></rtept><rtept lat="42.232477" lon="-73.247608"><ele>522.4000000000015</ele><time>2026-07-05T23:59:00Z</time></rtept><rtept lat="42.232323" lon="-73.247677"><ele>523.8000000000011</ele><time>2026-07-05T23:59:00Z</time></rtept><rtept lat="42.232261" lon="-73.24766"><ele>524.2000000000007</ele><time>2026-07-05T23:59:00Z</time></rtept><rtept lat="42.232096" lon="-73.247603"><ele>524.6000000000004</ele><time>2026-07-05T23:59:00Z</time></rtept><rtept lat="42.231962" lon="-73.247493"><ele>524.6000000000004</ele><time>2026-07-05T23:59:00Z</time></rtept><rtept lat="42.23192" lon="-73.247415"><ele>524.4000000000015</ele><time>2026-07-05T23:59:00Z</time></rtept><rtept lat="42.231871" lon="-73.247321"><ele>524.8000000000011</ele><time>2026-07-05T23:59:00Z</time></rtept><rtept lat="42.231836" lon="-73.247245"><ele>525.0</ele><time>2026-07-05T23:59:00Z</time></rtept><rtept lat="42.231836" lon="-73.247245"><ele>525.0</ele><time>2026-07-05T23:59:00Z</time></rtept><rtept lat="42.231837" lon="-73.247244"><ele>525.7</ele><time>2026-07-05T23:59:00Z</time></rtept><rtept lat="42.231836" lon="-73.247248"><ele>525.7</ele><time>2026-07-05T23:59:00Z</time></rtept><rtept lat="42.231835" lon="-73.247245"><ele>525.7</ele><time>2026-07-05T23:59:00Z</time></rtept><rtept lat="42.231787" lon="-73.247215"><ele>526.2</ele><time>2026-07-05T23:59:00Z</time></rtept><rtept lat="42.231733" lon="-73.247208"><ele>526.8</ele><time>2026-07-05T23:59:00Z</time></rtept><rtept lat="42.231685" lon="-73.247185"><ele>527.4</ele><time>2026-07-05T23:59:00Z</time></rtept><rtept lat="42.231623" lon="-73.247221"><ele>528.0</ele><time>2026-07-05T23:59:00Z</time></rtept><rtept lat="42.231466" lon="-73.247256"><ele>529.5</ele><time>2026-07-05T23:59:00Z</time></rtept><rtept lat="42.231431" lon="-73.247337"><ele>529.4</ele><time>2026-07-05T23:59:00Z</time></rtept><rtept lat="42.231332" lon="-73.247423"><ele>530.2</ele><time>2026-07-05T23:59:00Z</time></rtept><rtept lat="42.231237" lon="-73.247462"><ele>531.3</ele><time>2026-07-05T23:59:00Z</time></rtept><rtept lat="42.231152" lon="-73.247501"><ele>532.4</ele><time>2026-07-05T23:59:00Z</time></rtept><rtept lat="42.23114" lon="-73.247505"><ele>532.6</ele><time>2026-07-05T23:59:00Z</time></rtept><rtept lat="42.23105" lon="-73.247527"><ele>533.8</ele><time>2026-07-05T23:59:00Z</time></rtept><rtept lat="42.230975" lon="-73.247572"><ele>534.7</ele><time>2026-07-05T23:59:00Z</time></rtept><rtept lat="42.230871" lon="-73.247648"><ele>535.8</ele><time>2026-07-05T23:59:00Z</time></rtept><rtept lat="42.230805" lon="-73.247696"><ele>536.5</ele><time>2026-07-05T23:59:00Z</time></rtept><rtept lat="42.230734" lon="-73.247792"><ele>537.3</ele><time>2026-07-05T23:59:00Z</time></rtept><rtept lat="42.230662" lon="-73.247833"><ele>537.8</ele><time>2026-07-05T23:59:00Z</time></rtept><rtept lat="42.230576" lon="-73.247868"><ele>538.2</ele><time>2026-07-05T23:59:00Z</time></rtept><rtept lat="42.230498" lon="-73.247887"><ele>538.6</ele><time>2026-07-05T23:59:00Z</time></rtept><rtept lat="42.230407" lon="-73.247875"><ele>539.3</ele><time>2026-07-05T23:59:00Z</time></rtept><rtept lat="42.230316" lon="-73.247827"><ele>540.1</ele><time>2026-07-05T23:59:00Z</time></rtept><rtept lat="42.230198" lon="-73.247765"><ele>540.8</ele><time>2026-07-05T23:59:00Z</time></rtept><rtept lat="42.23005" lon="-73.247683"><ele>541.1</ele><time>2026-07-05T23:59:00Z</time></rtept><rtept lat="42.229946" lon="-73.247667"><ele>541.3</ele><time>2026-07-05T23:59:00Z</time></rtept><rtept lat="42.229829" lon="-73.247629"><ele>541.7</ele><time>2026-07-05T23:59:00Z</time></rtept><rtept lat="42.229762" lon="-73.247629"><ele>542.1</ele><time>2026-07-05T23:59:00Z</time></rtept><rtept lat="42.229723" lon="-73.247597"><ele>542.3</ele><time>2026-07-05T23:59:00Z</time></rtept><rtept lat="42.229645" lon="-73.247552"><ele>542.7</ele><time>2026-07-05T23:59:00Z</time></rtept><rtept lat="42.229605" lon="-73.247548"><ele>542.9</ele><time>2026-07-05T23:59:00Z</time></rtept><rtept lat="42.229568" lon="-73.24753"><ele>543.1</ele><time>2026-07-05T23:59:00Z</time></rtept><rtept lat="42.22949" lon="-73.247414"><ele>543.9</ele><time>2026-07-05T23:59:00Z</time></rtept><rtept lat="42.229427" lon="-73.247412"><ele>544.3</ele><time>2026-07-05T23:59:00Z</time></rtept><rtept lat="42.229381" lon="-73.247404"><ele>544.6</ele><time>2026-07-05T23:59:00Z</time></rtept><rtept lat="42.229339" lon="-73.247404"><ele>544.8</ele><time>2026-07-05T23:59:00Z</time></rtept><rtept lat="42.229306" lon="-73.247444"><ele>545.0</ele><time>2026-07-05T23:59:00Z</time></rtept><rtept lat="42.229272" lon="-73.247444"><ele>545.2</ele><time>2026-07-05T23:59:00Z</time></rtept><rtept lat="42.229208" lon="-73.247498"><ele>545.7</ele><time>2026-07-05T23:59:00Z</time></rtept><rtept lat="42.22917" lon="-73.247537"><ele>545.8</ele><time>2026-07-05T23:59:00Z</time></rtept><rtept lat="42.229194" lon="-73.247607"><ele>545.4</ele><time>2026-07-05T23:59:00Z</time></rtept><rtept lat="42.229278" lon="-73.247774"><ele>544.2</ele><time>2026-07-05T23:59:00Z</time></rtept><rtept lat="42.229377" lon="-73.247984"><ele>544.5</ele><time>2026-07-05T23:59:00Z</time></rtept><rtept lat="42.229319" lon="-73.248026"><ele>544.8</ele><time>2026-07-05T23:59:00Z</time></rtept><rtept lat="42.229259" lon="-73.248073"><ele>545.3</ele><time>2026-07-05T23:59:00Z</time></rtept><rtept lat="42.229203" lon="-73.248112"><ele>545.8</ele><time>2026-07-05T23:59:00Z</time></rtept><rtept lat="42.229163" lon="-73.248142"><ele>546.1</ele><time>2026-07-05T23:59:00Z</time></rtept><rtept lat="42.229065" lon="-73.248093"><ele>546.1</ele><time>2026-07-05T23:59:00Z</time></rtept><rtept lat="42.22903" lon="-73.248067"><ele>546.1</ele><time>2026-07-05T23:59:00Z</time></rtept><rtept lat="42.228942" lon="-73.248089"><ele>546.9</ele><time>2026-07-05T23:59:00Z</time></rtept><rtept lat="42.228893" lon="-73.248112"><ele>547.5</ele><time>2026-07-05T23:59:00Z</time></rtept><rtept lat="42.228804" lon="-73.248152"><ele>548.6</ele><time>2026-07-05T23:59:00Z</time></rtept><rtept lat="42.228673" lon="-73.248214"><ele>550.3</ele><time>2026-07-05T23:59:00Z</time></rtept><rtept lat="42.228585" lon="-73.248254"><ele>551.3</ele><time>2026-07-05T23:59:00Z</time></rtept><rtept lat="42.228468" lon="-73.248382"><ele>553.4</ele><time>2026-07-05T23:59:00Z</time></rtept><rtept lat="42.228369" lon="-73.248545"><ele>554.5</ele><time>2026-07-05T23:59:00Z</time></rtept><rtept lat="42.228341" lon="-73.248581"><ele>554.8</ele><time>2026-07-05T23:59:00Z</time></rtept><rtept lat="42.22834" lon="-73.248576"><ele>554.7</ele><time>2026-07-05T23:59:00Z</time></rtept><rtept lat="42.22834" lon="-73.248576"><ele>554.7</ele><time>2026-07-05T23:59:00Z</time></rtept><rtept lat="42.228289" lon="-73.248643"><ele>555.1</ele><time>2026-07-05T23:59:00Z</time></rtept><rtept lat="42.228221" lon="-73.248774"><ele>555.6</ele><time>2026-07-05T23:59:00Z</time></rtept><rtept lat="42.228196" lon="-73.248891"><ele>556.0</ele><time>2026-07-05T23:59:00Z</time></rtept><rtept lat="42.228215" lon="-73.248962"><ele>556.2</ele><time>2026-07-05T23:59:00Z</time></rtept><rtept lat="42.228225" lon="-73.249043"><ele>556.5</ele><time>2026-07-05T23:59:00Z</time></rtept><rtept lat="42.228234" lon="-73.249114"><ele>556.7</ele><time>2026-07-05T23:59:00Z</time></rtept><rtept lat="42.228254" lon="-73.249191"><ele>556.9</ele><time>2026-07-05T23:59:00Z</time></rtept><rtept lat="42.228289" lon="-73.249248"><ele>557.0</ele><time>2026-07-05T23:59:00Z</time></rtept><rtept lat="42.228345" lon="-73.249352"><ele>557.1</ele><time>2026-07-05T23:59:00Z</time></rtept><rtept lat="42.228341" lon="-73.249484"><ele>557.7</ele><time>2026-07-05T23:59:00Z</time></rtept><rtept lat="42.228342" lon="-73.249533"><ele>557.9</ele><time>2026-07-05T23:59:00Z</time></rtept><rtept lat="42.228373" lon="-73.249597"><ele>558.1</ele><time>2026-07-05T23:59:00Z</time></rtept><rtept lat="42.228368" lon="-73.249661"><ele>558.4</ele><time>2026-07-05T23:59:00Z</time></rtept><rtept lat="42.228344" lon="-73.249683"><ele>558.7</ele><time>2026-07-05T23:59:00Z</time></rtept><rtept lat="42.228319" lon="-73.249723"><ele>559.1</ele><time>2026-07-05T23:59:00Z</time></rtept><rtept lat="42.228311" lon="-73.249794"><ele>559.6</ele><time>2026-07-05T23:59:00Z</time></rtept><rtept lat="42.228242" lon="-73.249895"><ele>560.8</ele><time>2026-07-05T23:59:00Z</time></rtept><rtept lat="42.228185" lon="-73.249967"><ele>561.8</ele><time>2026-07-05T23:59:00Z</time></rtept><rtept lat="42.228133" lon="-73.25001"><ele>562.3</ele><time>2026-07-05T23:59:00Z</time></rtept><rtept lat="42.228091" lon="-73.250068"><ele>562.9</ele><time>2026-07-05T23:59:00Z</time></rtept><rtept lat="42.228061" lon="-73.250126"><ele>563.4</ele><time>2026-07-05T23:59:00Z</time></rtept><rtept lat="42.227995" lon="-73.250171"><ele>563.9</ele><time>2026-07-05T23:59:00Z</time></rtept><rtept lat="42.227915" lon="-73.250248"><ele>564.8</ele><time>2026-07-05T23:59:00Z</time></rtept><rtept lat="42.22789" lon="-73.250312"><ele>565.7</ele><time>2026-07-05T23:59:00Z</time></rtept><rtept lat="42.227877" lon="-73.250403"><ele>567.0</ele><time>2026-07-05T23:59:00Z</time></rtept><rtept lat="42.22789" lon="-73.25054"><ele>568.9</ele><time>2026-07-05T23:59:00Z</time></rtept><rtept lat="42.22789" lon="-73.250669"><ele>570.4</ele><time>2026-07-05T23:59:00Z</time></rtept><rtept lat="42.227843" lon="-73.250753"><ele>571.6</ele><time>2026-07-05T23:59:00Z</time></rtept><rtept lat="42.227815" lon="-73.250824"><ele>572.6</ele><time>2026-07-05T23:59:00Z</time></rtept><rtept lat="42.227786" lon="-73.250859"><ele>573.3</ele><time>2026-07-05T23:59:00Z</time></rtept><rtept lat="42.227786" lon="-73.250919"><ele>574.0</ele><time>2026-07-05T23:59:00Z</time></rtept><rtept lat="42.227779" lon="-73.250994"><ele>575.0</ele><time>2026-07-05T23:59:00Z</time></rtept><rtept lat="42.227781" lon="-73.251073"><ele>576.0</ele><time>2026-07-05T23:59:00Z</time></rtept><rtept lat="42.227811" lon="-73.251233"><ele>577.5</ele><time>2026-07-05T23:59:00Z</time></rtept><rtept lat="42.227776" lon="-73.251283"><ele>578.4</ele><time>2026-07-05T23:59:00Z</time></rtept><rtept lat="42.227709" lon="-73.251346"><ele>579.8</ele><time>2026-07-05T23:59:00Z</time></rtept><rtept lat="42.227643" lon="-73.25142"><ele>581.2</ele><time>2026-07-05T23:59:00Z</time></rtept><rtept lat="42.227534" lon="-73.251575"><ele>582.7</ele><time>2026-07-05T23:59:00Z</time></rtept><rtept lat="42.227496" lon="-73.251624"><ele>583.2</ele><time>2026-07-05T23:59:00Z</time></rtept><rtept lat="42.227432" lon="-73.251725"><ele>584.2</ele><time>2026-07-05T23:59:00Z</time></rtept><rtept lat="42.22736" lon="-73.251776"><ele>584.8</ele><time>2026-07-05T23:59:00Z</time></rtept><rtept lat="42.22737" lon="-73.251862"><ele>585.4</ele><time>2026-07-05T23:59:00Z</time></rtept><rtept lat="42.22734" lon="-73.252035"><ele>586.5</ele><time>2026-07-05T23:59:00Z</time></rtept><rtept lat="42.227334" lon="-73.252151"><ele>587.3</ele><time>2026-07-05T23:59:00Z</time></rtept><rtept lat="42.22733" lon="-73.25225"><ele>587.9</ele><time>2026-07-05T23:59:00Z</time></rtept><rtept lat="42.22731" lon="-73.252372"><ele>588.2</ele><time>2026-07-05T23:59:00Z</time></rtept><rtept lat="42.2273" lon="-73.252509"><ele>588.6</ele><time>2026-07-05T23:59:00Z</time></rtept><rtept lat="42.227293" lon="-73.252644"><ele>588.6</ele><time>2026-07-05T23:59:00Z</time></rtept><rtept lat="42.227233" lon="-73.25272"><ele>588.4</ele><time>2026-07-05T23:59:00Z</time></rtept><rtept lat="42.227191" lon="-73.252821"><ele>588.4</ele><time>2026-07-05T23:59:00Z</time></rtept><rtept lat="42.227131" lon="-73.252979"><ele>588.2</ele><time>2026-07-05T23:59:00Z</time></rtept><rtept lat="42.227095" lon="-73.25307"><ele>588.1</ele><time>2026-07-05T23:59:00Z</time></rtept><rtept lat="42.227045" lon="-73.253204"><ele>588.3</ele><time>2026-07-05T23:59:00Z</time></rtept><rtept lat="42.226992" lon="-73.253303"><ele>588.2</ele><time>2026-07-05T23:59:00Z</time></rtept><rtept lat="42.226973" lon="-73.253369"><ele>588.3</ele><time>2026-07-05T23:59:00Z</time></rtept><rtept lat="42.226849" lon="-73.253478"><ele>587.8</ele><time>2026-07-05T23:59:00Z</time></rtept><rtept lat="42.226791" lon="-73.253519"><ele>587.4</ele><time>2026-07-05T23:59:00Z</time></rtept><rtept lat="42.226725" lon="-73.253648"><ele>586.5</ele><time>2026-07-05T23:59:00Z</time></rtept><rtept lat="42.22659" lon="-73.253821"><ele>584.0</ele><time>2026-07-05T23:59:00Z</time></rtept><rtept lat="42.226472" lon="-73.253976"><ele>582.5</ele><time>2026-07-05T23:59:00Z</time></rtept><rtept lat="42.226417" lon="-73.253925"><ele>582.5</ele><time>2026-07-05T23:59:00Z</time></rtept><rtept lat="42.226357" lon="-73.253864"><ele>582.4</ele><time>2026-07-05T23:59:00Z</time></rtept><rtept lat="42.226276" lon="-73.253874"><ele>582.1</ele><time>2026-07-05T23:59:00Z</time></rtept><rtept lat="42.226193" lon="-73.253818"><ele>582.8</ele><time>2026-07-05T23:59:00Z</time></rtept><rtept lat="42.226109" lon="-73.253732"><ele>583.7</ele><time>2026-07-05T23:59:00Z</time></rtept><rtept lat="42.226054" lon="-73.253687"><ele>584.3</ele><time>2026-07-05T23:59:00Z</time></rtept><rtept lat="42.225972" lon="-73.253605"><ele>585.0</ele><time>2026-07-05T23:59:00Z</time></rtept><rtept lat="42.225919" lon="-73.25356"><ele>585.1</ele><time>2026-07-05T23:59:00Z</time></rtept><rtept lat="42.225887" lon="-73.253576"><ele>585.4</ele><time>2026-07-05T23:59:00Z</time></rtept><rtept lat="42.225817" lon="-73.253589"><ele>586.0</ele><time>2026-07-05T23:59:00Z</time></rtept><rtept lat="42.225679" lon="-73.253496"><ele>587.3</ele><time>2026-07-05T23:59:00Z</time></rtept><rtept lat="42.225586" lon="-73.253374"><ele>589.0</ele><time>2026-07-05T23:59:00Z</time></rtept><rtept lat="42.22534" lon="-73.253281"><ele>593.6</ele><time>2026-07-05T23:59:00Z</time></rtept><rtept lat="42.225269" lon="-73.253273"><ele>595.1</ele><time>2026-07-05T23:59:00Z</time></rtept><rtept lat="42.225186" lon="-73.253237"><ele>596.7</ele><time>2026-07-05T23:59:00Z</time></rtept><rtept lat="42.225129" lon="-73.253261"><ele>598.0</ele><time>2026-07-05T23:59:00Z</time></rtept><rtept lat="42.22509" lon="-73.253264"><ele>598.8</ele><time>2026-07-05T23:59:00Z</time></rtept><rtept lat="42.225051" lon="-73.253309"><ele>599.8</ele><time>2026-07-05T23:59:00Z</time></rtept><rtept lat="42.225015" lon="-73.253273"><ele>600.5</ele><time>2026-07-05T23:59:00Z</time></rtept><rtept lat="42.224923" lon="-73.25323"><ele>602.3</ele><time>2026-07-05T23:59:00Z</time></rtept><rtept lat="42.22489" lon="-73.253227"><ele>603.0</ele><time>2026-07-05T23:59:00Z</time></rtept><rtept lat="42.224829" lon="-73.253133"><ele>603.9</ele><time>2026-07-05T23:59:00Z</time></rtept><rtept lat="42.224757" lon="-73.253067"><ele>604.9</ele><time>2026-07-05T23:59:00Z</time></rtept><rtept lat="42.224683" lon="-73.253036"><ele>606.1</ele><time>2026-07-05T23:59:00Z</time></rtept><rtept lat="42.224646" lon="-73.253016"><ele>606.7</ele><time>2026-07-05T23:59:00Z</time></rtept><rtept lat="42.224593" lon="-73.253045"><ele>607.8</ele><time>2026-07-05T23:59:00Z</time></rtept><rtept lat="42.224521" lon="-73.252895"><ele>608.6</ele><time>2026-07-05T23:59:00Z</time></rtept><rtept lat="42.224433" lon="-73.252854"><ele>610.1</ele><time>2026-07-05T23:59:00Z</time></rtept><rtept lat="42.224326" lon="-73.252962"><ele>612.9</ele><time>2026-07-05T23:59:00Z</time></rtept><rtept lat="42.224254" lon="-73.25294"><ele>614.0</ele><time>2026-07-05T23:59:00Z</time></rtept><rtept lat="42.224192" lon="-73.252905"><ele>614.8</ele><time>2026-07-05T23:59:00Z</time></rtept><rtept lat="42.224111" lon="-73.252826"><ele>615.7</ele><time>2026-07-05T23:59:00Z</time></rtept><rtept lat="42.224051" lon="-73.252768"><ele>616.5</ele><time>2026-07-05T23:59:00Z</time></rtept><rtept lat="42.223944" lon="-73.252707"><ele>616.8</ele><time>2026-07-05T23:59:00Z</time></rtept><rtept lat="42.223877" lon="-73.252715"><ele>617.2</ele><time>2026-07-05T23:59:00Z</time></rtept><rtept lat="42.223848" lon="-73.252752"><ele>617.5</ele><time>2026-07-05T23:59:00Z</time></rtept><rtept lat="42.223797" lon="-73.252891"><ele>617.9</ele><time>2026-07-05T23:59:00Z</time></rtept><rtept lat="42.223752" lon="-73.253115"><ele>618.0</ele><time>2026-07-05T23:59:00Z</time></rtept><rtept lat="42.223765" lon="-73.253235"><ele>618.0</ele><time>2026-07-05T23:59:00Z</time></rtept><rtept lat="42.223747" lon="-73.25332"><ele>618.0</ele><time>2026-07-05T23:59:00Z</time></rtept><rtept lat="42.223669" lon="-73.253492"><ele>618.2</ele><time>2026-07-05T23:59:00Z</time></rtept><rtept lat="42.223595" lon="-73.253596"><ele>618.5</ele><time>2026-07-05T23:59:00Z</time></rtept><rtept lat="42.223558" lon="-73.25366"><ele>618.8</ele><time>2026-07-05T23:59:00Z</time></rtept><rtept lat="42.223493" lon="-73.253798"><ele>619.5</ele><time>2026-07-05T23:59:00Z</time></rtept><rtept lat="42.223403" lon="-73.253817"><ele>620.2</ele><time>2026-07-05T23:59:00Z</time></rtept><rtept lat="42.223332" lon="-73.253778"><ele>620.6</ele><time>2026-07-05T23:59:00Z</time></rtept><rtept lat="42.223276" lon="-73.253762"><ele>621.0</ele><time>2026-07-05T23:59:00Z</time></rtept><rtept lat="42.223104" lon="-73.253642"><ele>621.4</ele><time>2026-07-05T23:59:00Z</time></rtept><rtept lat="42.223027" lon="-73.253645"><ele>621.7</ele><time>2026-07-05T23:59:00Z</time></rtept><rtept lat="42.222982" lon="-73.253653"><ele>621.8</ele><time>2026-07-05T23:59:00Z</time></rtept><rtept lat="42.222883" lon="-73.253659"><ele>622.0</ele><time>2026-07-05T23:59:00Z</time></rtept><rtept lat="42.222775" lon="-73.253582"><ele>621.9</ele><time>2026-07-05T23:59:00Z</time></rtept><rtept lat="42.222713" lon="-73.253472"><ele>621.5</ele><time>2026-07-05T23:59:00Z</time></rtept><rtept lat="42.222676" lon="-73.253411"><ele>621.3</ele><time>2026-07-05T23:59:00Z</time></rtept><rtept lat="42.222558" lon="-73.253324"><ele>621.2</ele><time>2026-07-05T23:59:00Z</time></rtept><rtept lat="42.222411" lon="-73.253286"><ele>621.3</ele><time>2026-07-05T23:59:00Z</time></rtept><rtept lat="42.222286" lon="-73.253369"><ele>622.8</ele><time>2026-07-05T23:59:00Z</time></rtept><rtept lat="42.222225" lon="-73.253438"><ele>623.7</ele><time>2026-07-05T23:59:00Z</time></rtept><rtept lat="42.222195" lon="-73.253728"><ele>625.9</ele><time>2026-07-05T23:59:00Z</time></rtept><rtept lat="42.222207" lon="-73.25383"><ele>626.3</ele><time>2026-07-05T23:59:00Z</time></rtept><rtept lat="42.22219" lon="-73.253911"><ele>627.0</ele><time>2026-07-05T23:59:00Z</time></rtept><rtept lat="42.222119" lon="-73.253945"><ele>627.8</ele><time>2026-07-05T23:59:00Z</time></rtept><rtept lat="42.221985" lon="-73.253974"><ele>628.9</ele><time>2026-07-05T23:59:00Z</time></rtept><rtept lat="42.221905" lon="-73.253991"><ele>629.4</ele><time>2026-07-05T23:59:00Z</time></rtept><rtept lat="42.221817" lon="-73.254049"><ele>629.9</ele><time>2026-07-05T23:59:00Z</time></rtept><rtept lat="42.221746" lon="-73.254107"><ele>630.0</ele><time>2026-07-05T23:59:00Z</time></rtept><rtept lat="42.22167" lon="-73.254222"><ele>629.9</ele><time>2026-07-05T23:59:00Z</time></rtept><rtept lat="42.221578" lon="-73.254329"><ele>629.5</ele><time>2026-07-05T23:59:00Z</time></rtept><rtept lat="42.221537" lon="-73.254343"><ele>629.4</ele><time>2026-07-05T23:59:00Z</time></rtept><rtept lat="42.221538" lon="-73.254346"><ele>629.4</ele><time>2026-07-05T23:59:00Z</time></rtept><rtept lat="42.221546" lon="-73.254427"><ele>629.1</ele><time>2026-07-05T23:59:00Z</time></rtept><rtept lat="42.22159" lon="-73.254549"><ele>628.5</ele><time>2026-07-05T23:59:00Z</time></rtept><rtept lat="42.221627" lon="-73.254714"><ele>627.4</ele><time>2026-07-05T23:59:00Z</time></rtept><rtept lat="42.221654" lon="-73.254816"><ele>626.8</ele><time>2026-07-05T23:59:00Z</time></rtept><rtept lat="42.221744" lon="-73.254856"><ele>626.8</ele><time>2026-07-05T23:59:00Z</time></rtept><rtept lat="42.221766" lon="-73.254943"><ele>626.3</ele><time>2026-07-05T23:59:00Z</time></rtept><rtept lat="42.221768" lon="-73.255054"><ele>625.7</ele><time>2026-07-05T23:59:00Z</time></rtept><rtept lat="42.221746" lon="-73.255158"><ele>625.2</ele><time>2026-07-05T23:59:00Z</time></rtept><rtept lat="42.22181" lon="-73.255227"><ele>625.2</ele><time>2026-07-05T23:59:00Z</time></rtept><rtept lat="42.221826" lon="-73.255318"><ele>625.0</ele><time>2026-07-05T23:59:00Z</time></rtept><rtept lat="42.221872" lon="-73.255354"><ele>625.0</ele><time>2026-07-05T23:59:00Z</time></rtept><rtept lat="42.221939" lon="-73.255519"><ele>625.0</ele><time>2026-07-05T23:59:00Z</time></rtept><rtept lat="42.221981" lon="-73.255648"><ele>625.0</ele><time>2026-07-05T23:59:00Z</time></rtept><rtept lat="42.221975" lon="-73.25575"><ele>625.0</ele><time>2026-07-05T23:59:00Z</time></rtept><rtept lat="42.221903" lon="-73.255851"><ele>625.0</ele><time>2026-07-05T23:59:00Z</time></rtept><rtept lat="42.221851" lon="-73.255935"><ele>625.0</ele><time>2026-07-05T23:59:00Z</time></rtept><rtept lat="42.2218" lon="-73.255991"><ele>624.9</ele><time>2026-07-05T23:59:00Z</time></rtept><rtept lat="42.221729" lon="-73.256051"><ele>624.0</ele><time>2026-07-05T23:59:00Z</time></rtept><rtept lat="42.221656" lon="-73.256067"><ele>622.9</ele><time>2026-07-05T23:59:00Z</time></rtept><rtept lat="42.221616" lon="-73.256125"><ele>622.2</ele><time>2026-07-05T23:59:00Z</time></rtept><rtept lat="42.221563" lon="-73.256181"><ele>621.0</ele><time>2026-07-05T23:59:00Z</time></rtept><rtept lat="42.221492" lon="-73.256198"><ele>619.8</ele><time>2026-07-05T23:59:00Z</time></rtept><rtept lat="42.221449" lon="-73.256206"><ele>619.0</ele><time>2026-07-05T23:59:00Z</time></rtept><rtept lat="42.221375" lon="-73.256272"><ele>617.4</ele><time>2026-07-05T23:59:00Z</time></rtept><rtept lat="42.221384" lon="-73.256333"><ele>617.2</ele><time>2026-07-05T23:59:00Z</time></rtept><rtept lat="42.221322" lon="-73.256441"><ele>615.8</ele><time>2026-07-05T23:59:00Z</time></rtept><rtept lat="42.221248" lon="-73.256577"><ele>614.3</ele><time>2026-07-05T23:59:00Z</time></rtept><rtept lat="42.221182" lon="-73.256623"><ele>613.9</ele><time>2026-07-05T23:59:00Z</time></rtept><rtept lat="42.221138" lon="-73.25671"><ele>613.4</ele><time>2026-07-05T23:59:00Z</time></rtept><rtept lat="42.221054" lon="-73.256732"><ele>613.1</ele><time>2026-07-05T23:59:00Z</time></rtept><rtept lat="42.220954" lon="-73.256721"><ele>612.7</ele><time>2026-07-05T23:59:00Z</time></rtept><rtept lat="42.220823" lon="-73.25665"><ele>612.6</ele><time>2026-07-05T23:59:00Z</time></rtept><rtept lat="42.220707" lon="-73.256617"><ele>612.4</ele><time>2026-07-05T23:59:00Z</time></rtept><rtept lat="42.220682" lon="-73.256589"><ele>612.5</ele><time>2026-07-05T23:59:00Z</time></rtept><rtept lat="42.220473" lon="-73.256555"><ele>612.5</ele><time>2026-07-05T23:59:00Z</time></rtept><rtept lat="42.220407" lon="-73.256533"><ele>612.5</ele><time>2026-07-05T23:59:00Z</time></rtept><rtept lat="42.220312" lon="-73.256583"><ele>612.3</ele><time>2026-07-05T23:59:00Z</time></rtept><rtept lat="42.220206" lon="-73.256621"><ele>612.2</ele><time>2026-07-05T23:59:00Z</time></rtept><rtept lat="42.220162" lon="-73.256649"><ele>612.1</ele><time>2026-07-05T23:59:00Z</time></rtept><rtept lat="42.22004" lon="-73.256711"><ele>611.6</ele><time>2026-07-05T23:59:00Z</time></rtept><rtept lat="42.219984" lon="-73.256784"><ele>610.9</ele><time>2026-07-05T23:59:00Z</time></rtept><rtept lat="42.219912" lon="-73.256915"><ele>609.5</ele><time>2026-07-05T23:59:00Z</time></rtept><rtept lat="42.219871" lon="-73.25694"><ele>609.1</ele><time>2026-07-05T23:59:00Z</time></rtept><rtept lat="42.219705" lon="-73.256969"><ele>608.3</ele><time>2026-07-05T23:59:00Z</time></rtept><rtept lat="42.219568" lon="-73.257013"><ele>607.4</ele><time>2026-07-05T23:59:00Z</time></rtept><rtept lat="42.219471" lon="-73.25699"><ele>606.9</ele><time>2026-07-05T23:59:00Z</time></rtept><rtept lat="42.219375" lon="-73.257034"><ele>606.1</ele><time>2026-07-05T23:59:00Z</time></rtept><rtept lat="42.219322" lon="-73.257035"><ele>605.8</ele><time>2026-07-05T23:59:00Z</time></rtept><rtept lat="42.219247" lon="-73.256992"><ele>605.5</ele><time>2026-07-05T23:59:00Z</time></rtept><rtept lat="42.219215" lon="-73.257017"><ele>605.2</ele><time>2026-07-05T23:59:00Z</time></rtept><rtept lat="42.21912" lon="-73.257004"><ele>604.8</ele><time>2026-07-05T23:59:00Z</time></rtept><rtept lat="42.219104" lon="-73.257044"><ele>604.4</ele><time>2026-07-05T23:59:00Z</time></rtept><rtept lat="42.219081" lon="-73.257081"><ele>603.9</ele><time>2026-07-05T23:59:00Z</time></rtept><rtept lat="42.219036" lon="-73.257103"><ele>603.4</ele><time>2026-07-05T23:59:00Z</time></rtept><rtept lat="42.219005" lon="-73.257097"><ele>602.9</ele><time>2026-07-05T23:59:00Z</time></rtept><rtept lat="42.21896" lon="-73.257083"><ele>602.2</ele><time>2026-07-05T23:59:00Z</time></rtept><rtept lat="42.218878" lon="-73.257131"><ele>599.9</ele><time>2026-07-05T23:59:00Z</time></rtept><rtept lat="42.218829" lon="-73.257329"><ele>596.3</ele><time>2026-07-05T23:59:00Z</time></rtept><rtept lat="42.218781" lon="-73.257383"><ele>594.4</ele><time>2026-07-05T23:59:00Z</time></rtept><rtept lat="42.218715" lon="-73.257411"><ele>592.5</ele><time>2026-07-05T23:59:00Z</time></rtept><rtept lat="42.21863" lon="-73.257411"><ele>590.6</ele><time>2026-07-05T23:59:00Z</time></rtept><rtept lat="42.218617" lon="-73.257397"><ele>590.4</ele><time>2026-07-05T23:59:00Z</time></rtept><rtept lat="42.218537" lon="-73.257435"><ele>588.2</ele><time>2026-07-05T23:59:00Z</time></rtept><rtept lat="42.218459" lon="-73.257413"><ele>586.7</ele><time>2026-07-05T23:59:00Z</time></rtept><rtept lat="42.218411" lon="-73.257375"><ele>586.0</ele><time>2026-07-05T23:59:00Z</time></rtept><rtept lat="42.218373" lon="-73.257353"><ele>585.4</ele><time>2026-07-05T23:59:00Z</time></rtept><rtept lat="42.218372" lon="-73.257352"><ele>585.4</ele><time>2026-07-05T23:59:00Z</time></rtept><rtept lat="42.218372" lon="-73.257352"><ele>585.4</ele><time>2026-07-05T23:59:00Z</time></rtept><rtept lat="42.21828" lon="-73.257299"><ele>583.7</ele><time>2026-07-05T23:59:00Z</time></rtept><rtept lat="42.218192" lon="-73.257219"><ele>582.0</ele><time>2026-07-05T23:59:00Z</time></rtept><rtept lat="42.21805" lon="-73.257117"><ele>581.2</ele><time>2026-07-05T23:59:00Z</time></rtept><rtept lat="42.217993" lon="-73.257128"><ele>580.4</ele><time>2026-07-05T23:59:00Z</time></rtept><rtept lat="42.217923" lon="-73.257171"><ele>579.3</ele><time>2026-07-05T23:59:00Z</time></rtept><rtept lat="42.2178" lon="-73.257372"><ele>579.3</ele><time>2026-07-05T23:59:00Z</time></rtept><rtept lat="42.217715" lon="-73.25741"><ele>579.8</ele><time>2026-07-05T23:59:00Z</time></rtept><rtept lat="42.217611" lon="-73.257471"><ele>580.5</ele><time>2026-07-05T23:59:00Z</time></rtept><rtept lat="42.217584" lon="-73.257514"><ele>580.8</ele><time>2026-07-05T23:59:00Z</time></rtept><rtept lat="42.217491" lon="-73.257575"><ele>582.1</ele><time>2026-07-05T23:59:00Z</time></rtept><rtept lat="42.217374" lon="-73.257634"><ele>583.8</ele><time>2026-07-05T23:59:00Z</time></rtept><rtept lat="42.217083" lon="-73.25771"><ele>587.0</ele><time>2026-07-05T23:59:00Z</time></rtept><rtept lat="42.217014" lon="-73.257736"><ele>587.7</ele><time>2026-07-05T23:59:00Z</time></rtept><rtept lat="42.216975" lon="-73.257791"><ele>588.2</ele><time>2026-07-05T23:59:00Z</time></rtept><rtept lat="42.21694" lon="-73.257914"><ele>588.8</ele><time>2026-07-05T23:59:00Z</time></rtept><rtept lat="42.216859" lon="-73.258036"><ele>589.6</ele><time>2026-07-05T23:59:00Z</time></rtept><rtept lat="42.216735" lon="-73.258154"><ele>590.4</ele><time>2026-07-05T23:59:00Z</time></rtept><rtept lat="42.216704" lon="-73.258183"><ele>590.6</ele><time>2026-07-05T23:59:00Z</time></rtept><rtept lat="42.216689" lon="-73.258284"><ele>590.5</ele><time>2026-07-05T23:59:00Z</time></rtept><rtept lat="42.216751" lon="-73.258318"><ele>590.2</ele><time>2026-07-05T23:59:00Z</time></rtept><rtept lat="42.216789" lon="-73.25849"><ele>589.5</ele><time>2026-07-05T23:59:00Z</time></rtept><rtept lat="42.216785" lon="-73.25861"><ele>589.1</ele><time>2026-07-05T23:59:00Z</time></rtept><rtept lat="42.216822" lon="-73.258759"><ele>587.3</ele><time>2026-07-05T23:59:00Z</time></rtept><rtept lat="42.216846" lon="-73.258926"><ele>585.3</ele><time>2026-07-05T23:59:00Z</time></rtept><rtept lat="42.216921" lon="-73.259036"><ele>583.8</ele><time>2026-07-05T23:59:00Z</time></rtept><rtept lat="42.21694" lon="-73.259145"><ele>582.7</ele><time>2026-07-05T23:59:00Z</time></rtept><rtept lat="42.216936" lon="-73.25938"><ele>579.1</ele><time>2026-07-05T23:59:00Z</time></rtept><rtept lat="42.216901" lon="-73.259505"><ele>576.7</ele><time>2026-07-05T23:59:00Z</time></rtept><rtept lat="42.216772" lon="-73.25963"><ele>573.7</ele><time>2026-07-05T23:59:00Z</time></rtept><rtept lat="42.216645" lon="-73.259771"><ele>570.4</ele><time>2026-07-05T23:59:00Z</time></rtept><rtept lat="42.216503" lon="-73.259884"><ele>567.8</ele><time>2026-07-05T23:59:00Z</time></rtept><rtept lat="42.216305" lon="-73.259978"><ele>564.0</ele><time>2026-07-05T23:59:00Z</time></rtept><rtept lat="42.216135" lon="-73.260095"><ele>559.8</ele><time>2026-07-05T23:59:00Z</time></rtept><rtept lat="42.216023" lon="-73.260154"><ele>557.7</ele><time>2026-07-05T23:59:00Z</time></rtept><rtept lat="42.215968" lon="-73.260154"><ele>557.2</ele><time>2026-07-05T23:59:00Z</time></rtept><rtept lat="42.215799" lon="-73.260036"><ele>557.1</ele><time>2026-07-05T23:59:00Z</time></rtept><rtept lat="42.215756" lon="-73.260011"><ele>556.8</ele><time>2026-07-05T23:59:00Z</time></rtept><rtept lat="42.215647" lon="-73.259995"><ele>555.9</ele><time>2026-07-05T23:59:00Z</time></rtept><rtept lat="42.215604" lon="-73.259965"><ele>556.4</ele><time>2026-07-05T23:59:00Z</time></rtept><rtept lat="42.215524" lon="-73.259847"><ele>558.2</ele><time>2026-07-05T23:59:00Z</time></rtept><rtept lat="42.215444" lon="-73.259703"><ele>559.9</ele><time>2026-07-05T23:59:00Z</time></rtept><rtept lat="42.215374" lon="-73.259672"><ele>559.5</ele><time>2026-07-05T23:59:00Z</time></rtept><rtept lat="42.215328" lon="-73.259624"><ele>559.7</ele><time>2026-07-05T23:59:00Z</time></rtept><rtept lat="42.215273" lon="-73.259649"><ele>558.2</ele><time>2026-07-05T23:59:00Z</time></rtept><rtept lat="42.21522" lon="-73.259633"><ele>557.5</ele><time>2026-07-05T23:59:00Z</time></rtept><rtept lat="42.215176" lon="-73.25962"><ele>556.8</ele><time>2026-07-05T23:59:00Z</time></rtept><rtept lat="42.215156" lon="-73.259585"><ele>556.9</ele><time>2026-07-05T23:59:00Z</time></rtept><rtept lat="42.215116" lon="-73.259538"><ele>556.7</ele><time>2026-07-05T23:59:00Z</time></rtept><rtept lat="42.215066" lon="-73.259549"><ele>556.1</ele><time>2026-07-05T23:59:00Z</time></rtept><rtept lat="42.214903" lon="-73.259476"><ele>554.6</ele><time>2026-07-05T23:59:00Z</time></rtept><rtept lat="42.214777" lon="-73.259381"><ele>554.9</ele><time>2026-07-05T23:59:00Z</time></rtept><rtept lat="42.214532" lon="-73.259522"><ele>554.4</ele><time>2026-07-05T23:59:00Z</time></rtept><rtept lat="42.214391" lon="-73.259704"><ele>552.7</ele><time>2026-07-05T23:59:00Z</time></rtept><rtept lat="42.214337" lon="-73.259743"><ele>552.2</ele><time>2026-07-05T23:59:00Z</time></rtept><rtept lat="42.214281" lon="-73.259813"><ele>552.0</ele><time>2026-07-05T23:59:00Z</time></rtept><rtept lat="42.214182" lon="-73.259946"><ele>552.6</ele><time>2026-07-05T23:59:00Z</time></rtept><rtept lat="42.213914" lon="-73.260264"><ele>557.3</ele><time>2026-07-05T23:59:00Z</time></rtept><rtept lat="42.213812" lon="-73.26045"><ele>558.4</ele><time>2026-07-05T23:59:00Z</time></rtept><rtept lat="42.213723" lon="-73.260517"><ele>558.8</ele><time>2026-07-05T23:59:00Z</time></rtept><rtept lat="42.213642" lon="-73.260559"><ele>558.6</ele><time>2026-07-05T23:59:00Z</time></rtept><rtept lat="42.213619" lon="-73.260614"><ele>558.7</ele><time>2026-07-05T23:59:00Z</time></rtept><rtept lat="42.213576" lon="-73.260731"><ele>559.0</ele><time>2026-07-05T23:59:00Z</time></rtept><rtept lat="42.213431" lon="-73.260742"><ele>558.5</ele><time>2026-07-05T23:59:00Z</time></rtept><rtept lat="42.213326" lon="-73.260839"><ele>558.5</ele><time>2026-07-05T23:59:00Z</time></rtept><rtept lat="42.213244" lon="-73.26088"><ele>558.5</ele><time>2026-07-05T23:59:00Z</time></rtept><rtept lat="42.213141" lon="-73.260896"><ele>559.1</ele><time>2026-07-05T23:59:00Z</time></rtept><rtept lat="42.213089" lon="-73.260885"><ele>559.6</ele><time>2026-07-05T23:59:00Z</time></rtept><rtept lat="42.213016" lon="-73.260922"><ele>560.8</ele><time>2026-07-05T23:59:00Z</time></rtept><rtept lat="42.212933" lon="-73.260883"><ele>561.3</ele><time>2026-07-05T23:59:00Z</time></rtept><rtept lat="42.212859" lon="-73.260864"><ele>562.0</ele><time>2026-07-05T23:59:00Z</time></rtept><rtept lat="42.212765" lon="-73.26088"><ele>563.1</ele><time>2026-07-05T23:59:00Z</time></rtept><rtept lat="42.21268" lon="-73.260812"><ele>563.3</ele><time>2026-07-05T23:59:00Z</time></rtept><rtept lat="42.212577" lon="-73.260817"><ele>564.3</ele><time>2026-07-05T23:59:00Z</time></rtept><rtept lat="42.212515" lon="-73.260812"><ele>564.7</ele><time>2026-07-05T23:59:00Z</time></rtept><rtept lat="42.21247" lon="-73.260784"><ele>564.7</ele><time>2026-07-05T23:59:00Z</time></rtept><rtept lat="42.21238" lon="-73.260802"><ele>565.5</ele><time>2026-07-05T23:59:00Z</time></rtept><rtept lat="42.212293" lon="-73.260716"><ele>565.4</ele><time>2026-07-05T23:59:00Z</time></rtept><rtept lat="42.212274" lon="-73.260637"><ele>564.6</ele><time>2026-07-05T23:59:00Z</time></rtept><rtept lat="42.212166" lon="-73.260524"><ele>564.1</ele><time>2026-07-05T23:59:00Z</time></rtept><rtept lat="42.212097" lon="-73.260465"><ele>563.9</ele><time>2026-07-05T23:59:00Z</time></rtept><rtept lat="42.21198" lon="-73.260407"><ele>564.1</ele><time>2026-07-05T23:59:00Z</time></rtept><rtept lat="42.211852" lon="-73.260371"><ele>564.7</ele><time>2026-07-05T23:59:00Z</time></rtept><rtept lat="42.211748" lon="-73.260392"><ele>565.4</ele><time>2026-07-05T23:59:00Z</time></rtept><rtept lat="42.211615" lon="-73.260376"><ele>565.7</ele><time>2026-07-05T23:59:00Z</time></rtept><rtept lat="42.211505" lon="-73.260384"><ele>566.3</ele><time>2026-07-05T23:59:00Z</time></rtept><rtept lat="42.211436" lon="-73.260432"><ele>567.2</ele><time>2026-07-05T23:59:00Z</time></rtept><rtept lat="42.211314" lon="-73.260468"><ele>568.4</ele><time>2026-07-05T23:59:00Z</time></rtept><rtept lat="42.211154" lon="-73.260567"><ele>570.1</ele><time>2026-07-05T23:59:00Z</time></rtept><rtept lat="42.21106" lon="-73.260567"><ele>570.1</ele><time>2026-07-05T23:59:00Z</time></rtept><rtept lat="42.210972" lon="-73.260585"><ele>570.3</ele><time>2026-07-05T23:59:00Z</time></rtept><rtept lat="42.210826" lon="-73.260579"><ele>569.8</ele><time>2026-07-05T23:59:00Z</time></rtept><rtept lat="42.210738" lon="-73.260573"><ele>569.4</ele><time>2026-07-05T23:59:00Z</time></rtept><rtept lat="42.210567" lon="-73.260493"><ele>568.5</ele><time>2026-07-05T23:59:00Z</time></rtept><rtept lat="42.210511" lon="-73.260536"><ele>568.9</ele><time>2026-07-05T23:59:00Z</time></rtept><rtept lat="42.210441" lon="-73.260532"><ele>568.8</ele><time>2026-07-05T23:59:00Z</time></rtept><rtept lat="42.21038" lon="-73.260547"><ele>569.1</ele><time>2026-07-05T23:59:00Z</time></rtept><rtept lat="42.210282" lon="-73.260623"><ele>570.1</ele><time>2026-07-05T23:59:00Z</time></rtept><rtept lat="42.210205" lon="-73.260668"><ele>570.9</ele><time>2026-07-05T23:59:00Z</time></rtept><rtept lat="42.210112" lon="-73.260718"><ele>572.0</ele><time>2026-07-05T23:59:00Z</time></rtept><rtept lat="42.210016" lon="-73.26074"><ele>573.3</ele><time>2026-07-05T23:59:00Z</time></rtept><rtept lat="42.209965" lon="-73.260748"><ele>574.0</ele><time>2026-07-05T23:59:00Z</time></rtept><rtept lat="42.209936" lon="-73.260777"><ele>574.6</ele><time>2026-07-05T23:59:00Z</time></rtept><rtept lat="42.20986" lon="-73.260789"><ele>575.5</ele><time>2026-07-05T23:59:00Z</time></rtept><rtept lat="42.20988" lon="-73.260998"><ele>577.0</ele><time>2026-07-05T23:59:00Z</time></rtept><rtept lat="42.20988" lon="-73.260998"><ele>577.0</ele><time>2026-07-05T23:59:00Z</time></rtept><rtept lat="42.209862" lon="-73.260791"><ele>576.0</ele><time>2026-07-05T23:59:00Z</time></rtept><rtept lat="42.209734" lon="-73.260812"><ele>577.0</ele><time>2026-07-05T23:59:00Z</time></rtept><rtept lat="42.209633" lon="-73.26081"><ele>578.4000000000015</ele><time>2026-07-05T23:59:00Z</time></rtept><rtept lat="42.209516" lon="-73.260876"><ele>580.2000000000007</ele><time>2026-07-05T23:59:00Z</time></rtept><rtept lat="42.209476" lon="-73.26094"><ele>581.2000000000007</ele><time>2026-07-05T23:59:00Z</time></rtept><rtept lat="42.209422" lon="-73.260986"><ele>583.4000000000015</ele><time>2026-07-05T23:59:00Z</time></rtept><rtept lat="42.209303" lon="-73.261007"><ele>585.6000000000004</ele><time>2026-07-05T23:59:00Z</time></rtept><rtept lat="42.209185" lon="-73.260966"><ele>588.0</ele><time>2026-07-05T23:59:00Z</time></rtept><rtept lat="42.208996" lon="-73.261011"><ele>591.6000000000004</ele><time>2026-07-05T23:59:00Z</time></rtept><rtept lat="42.208948" lon="-73.261043"><ele>592.8000000000011</ele><time>2026-07-05T23:59:00Z</time></rtept><rtept lat="42.208786" lon="-73.26099"><ele>595.2000000000007</ele><time>2026-07-05T23:59:00Z</time></rtept><rtept lat="42.208642" lon="-73.261026"><ele>597.2000000000007</ele><time>2026-07-05T23:59:00Z</time></rtept><rtept lat="42.208444" lon="-73.261002"><ele>601.0</ele><time>2026-07-05T23:59:00Z</time></rtept><rtept lat="42.208314" lon="-73.26102"><ele>602.4000000000015</ele><time>2026-07-05T23:59:00Z</time></rtept><rtept lat="42.208275" lon="-73.261042"><ele>603.4000000000015</ele><time>2026-07-05T23:59:00Z</time></rtept><rtept lat="42.208163" lon="-73.261117"><ele>603.4000000000015</ele><time>2026-07-05T23:59:00Z</time></rtept><rtept lat="42.208124" lon="-73.261213"><ele>603.6000000000004</ele><time>2026-07-05T23:59:00Z</time></rtept><rtept lat="42.208103" lon="-73.261333"><ele>603.0</ele><time>2026-07-05T23:59:00Z</time></rtept><rtept lat="42.208093" lon="-73.26144"><ele>602.6000000000004</ele><time>2026-07-05T23:59:00Z</time></rtept><rtept lat="42.208095" lon="-73.261536"><ele>602.0</ele><time>2026-07-05T23:59:00Z</time></rtept><rtept lat="42.20812" lon="-73.261768"><ele>601.2000000000007</ele><time>2026-07-05T23:59:00Z</time></rtept><rtept lat="42.208186" lon="-73.261938"><ele>600.8000000000011</ele><time>2026-07-05T23:59:00Z</time></rtept><rtept lat="42.208255" lon="-73.26203"><ele>601.2000000000007</ele><time>2026-07-05T23:59:00Z</time></rtept><rtept lat="42.208352" lon="-73.262144"><ele>601.6000000000004</ele><time>2026-07-05T23:59:00Z</time></rtept><rtept lat="42.208511" lon="-73.262252"><ele>603.0</ele><time>2026-07-05T23:59:00Z</time></rtept><rtept lat="42.208724" lon="-73.262346"><ele>602.4000000000015</ele><time>2026-07-05T23:59:00Z</time></rtept><rtept lat="42.208806" lon="-73.262433"><ele>601.8000000000011</ele><time>2026-07-05T23:59:00Z</time></rtept><rtept lat="42.208876" lon="-73.26254"><ele>601.0</ele><time>2026-07-05T23:59:00Z</time></rtept><rtept lat="42.208943" lon="-73.262674"><ele>600.6000000000004</ele><time>2026-07-05T23:59:00Z</time></rtept><rtept lat="42.208991" lon="-73.262837"><ele>600.2000000000007</ele><time>2026-07-05T23:59:00Z</time></rtept><rtept lat="42.209032" lon="-73.263003"><ele>599.0</ele><time>2026-07-05T23:59:00Z</time></rtept><rtept lat="42.209101" lon="-73.263271"><ele>597.0</ele><time>2026-07-05T23:59:00Z</time></rtept><rtept lat="42.209145" lon="-73.263382"><ele>596.2000000000007</ele><time>2026-07-05T23:59:00Z</time></rtept><rtept lat="42.209141" lon="-73.26355"><ele>595.8000000000011</ele><time>2026-07-05T23:59:00Z</time></rtept><rtept lat="42.209119" lon="-73.263631"><ele>595.6000000000004</ele><time>2026-07-05T23:59:00Z</time></rtept><rtept lat="42.209077" lon="-73.263713"><ele>595.4000000000015</ele><time>2026-07-05T23:59:00Z</time></rtept><rtept lat="42.209072" lon="-73.263719"><ele>595.4000000000015</ele><time>2026-07-05T23:59:00Z</time></rtept><rtept lat="42.20905" lon="-73.263825"><ele>595.0</ele><time>2026-07-05T23:59:00Z</time></rtept><rtept lat="42.20903" lon="-73.26405"><ele>595.2000000000007</ele><time>2026-07-05T23:59:00Z</time></rtept><rtept lat="42.20897" lon="-73.264219"><ele>594.8000000000011</ele><time>2026-07-05T23:59:00Z</time></rtept><rtept lat="42.208932" lon="-73.264283"><ele>594.2000000000007</ele><time>2026-07-05T23:59:00Z</time></rtept><rtept lat="42.20891" lon="-73.264329"><ele>594.4000000000015</ele><time>2026-07-05T23:59:00Z</time></rtept><rtept lat="42.208871" lon="-73.264383"><ele>593.8000000000011</ele><time>2026-07-05T23:59:00Z</time></rtept><rtept lat="42.208805" lon="-73.264529"><ele>593.2000000000007</ele><time>2026-07-05T23:59:00Z</time></rtept><rtept lat="42.208655" lon="-73.264703"><ele>591.2000000000007</ele><time>2026-07-05T23:59:00Z</time></rtept><rtept lat="42.208626" lon="-73.264771"><ele>591.6000000000004</ele><time>2026-07-05T23:59:00Z</time></rtept><rtept lat="42.208615" lon="-73.264879"><ele>590.4000000000015</ele><time>2026-07-05T23:59:00Z</time></rtept><rtept lat="42.208575" lon="-73.265072"><ele>591.8000000000011</ele><time>2026-07-05T23:59:00Z</time></rtept><rtept lat="42.208529" lon="-73.26521"><ele>590.8000000000011</ele><time>2026-07-05T23:59:00Z</time></rtept><rtept lat="42.208524" lon="-73.265298"><ele>591.6000000000004</ele><time>2026-07-05T23:59:00Z</time></rtept><rtept lat="42.208538" lon="-73.265434"><ele>593.4000000000015</ele><time>2026-07-05T23:59:00Z</time></rtept><rtept lat="42.208541" lon="-73.265618"><ele>594.6000000000004</ele><time>2026-07-05T23:59:00Z</time></rtept><rtept lat="42.208536" lon="-73.265698"><ele>595.2000000000007</ele><time>2026-07-05T23:59:00Z</time></rtept><rtept lat="42.20852" lon="-73.265819"><ele>595.8000000000011</ele><time>2026-07-05T23:59:00Z</time></rtept><rtept lat="42.20848" lon="-73.265916"><ele>594.8000000000011</ele><time>2026-07-05T23:59:00Z</time></rtept><rtept lat="42.208445" lon="-73.265981"><ele>595.4000000000015</ele><time>2026-07-05T23:59:00Z</time></rtept><rtept lat="42.208356" lon="-73.266008"><ele>592.8000000000011</ele><time>2026-07-05T23:59:00Z</time></rtept><rtept lat="42.208294" lon="-73.266123"><ele>592.2000000000007</ele><time>2026-07-05T23:59:00Z</time></rtept><rtept lat="42.208268" lon="-73.266205"><ele>592.6000000000004</ele><time>2026-07-05T23:59:00Z</time></rtept><rtept lat="42.20819" lon="-73.266397"><ele>591.6000000000004</ele><time>2026-07-05T23:59:00Z</time></rtept><rtept lat="42.208166" lon="-73.266547"><ele>590.4000000000015</ele><time>2026-07-05T23:59:00Z</time></rtept><rtept lat="42.208138" lon="-73.266823"><ele>590.6000000000004</ele><time>2026-07-05T23:59:00Z</time></rtept><rtept lat="42.208147" lon="-73.266983"><ele>590.4000000000015</ele><time>2026-07-05T23:59:00Z</time></rtept><rtept lat="42.208146" lon="-73.267064"><ele>590.2000000000007</ele><time>2026-07-05T23:59:00Z</time></rtept><rtept lat="42.20816" lon="-73.267156"><ele>590.2000000000007</ele><time>2026-07-05T23:59:00Z</time></rtept><rtept lat="42.208292" lon="-73.267408"><ele>591.8000000000011</ele><time>2026-07-05T23:59:00Z</time></rtept><rtept lat="42.208292" lon="-73.267408"><ele>591.8000000000011</ele><time>2026-07-05T23:59:00Z</time></rtept><rtept lat="42.208319" lon="-73.267459"><ele>592.8000000000011</ele><time>2026-07-05T23:59:00Z</time></rtept><rtept lat="42.208435" lon="-73.267632"><ele>594.4000000000015</ele><time>2026-07-05T23:59:00Z</time></rtept><rtept lat="42.208461" lon="-73.267784"><ele>593.0</ele><time>2026-07-05T23:59:00Z</time></rtept><rtept lat="42.208609" lon="-73.268137"><ele>591.8000000000011</ele><time>2026-07-05T23:59:00Z</time></rtept><rtept lat="42.208656" lon="-73.268265"><ele>590.6000000000004</ele><time>2026-07-05T23:59:00Z</time></rtept><rtept lat="42.208784" lon="-73.26848"><ele>590.2000000000007</ele><time>2026-07-05T23:59:00Z</time></rtept><rtept lat="42.208723" lon="-73.268577"><ele>587.4000000000015</ele><time>2026-07-05T23:59:00Z</time></rtept><rtept lat="42.208651" lon="-73.268629"><ele>584.6000000000004</ele><time>2026-07-05T23:59:00Z</time></rtept><rtept lat="42.208617" lon="-73.268676"><ele>583.0</ele><time>2026-07-05T23:59:00Z</time></rtept><rtept lat="42.20844" lon="-73.268555"><ele>580.8000000000011</ele><time>2026-07-05T23:59:00Z</time></rtept><rtept lat="42.208401" lon="-73.268652"><ele>577.6000000000004</ele><time>2026-07-05T23:59:00Z</time></rtept><rtept lat="42.208347" lon="-73.268811"><ele>572.8000000000011</ele><time>2026-07-05T23:59:00Z</time></rtept><rtept lat="42.208286" lon="-73.268908"><ele>570.4000000000015</ele><time>2026-07-05T23:59:00Z</time></rtept><rtept lat="42.208258" lon="-73.269037"><ele>570.8000000000011</ele><time>2026-07-05T23:59:00Z</time></rtept><rtept lat="42.208185" lon="-73.269098"><ele>569.0</ele><time>2026-07-05T23:59:00Z</time></rtept><rtept lat="42.207933" lon="-73.269049"><ele>561.6000000000004</ele><time>2026-07-05T23:59:00Z</time></rtept><rtept lat="42.207817" lon="-73.269139"><ele>557.6000000000004</ele><time>2026-07-05T23:59:00Z</time></rtept><rtept lat="42.207798" lon="-73.269577"><ele>556.8000000000011</ele><time>2026-07-05T23:59:00Z</time></rtept><rtept lat="42.207749" lon="-73.26969"><ele>554.6000000000004</ele><time>2026-07-05T23:59:00Z</time></rtept><rtept lat="42.207582" lon="-73.269661"><ele>550.2000000000007</ele><time>2026-07-05T23:59:00Z</time></rtept><rtept lat="42.207441" lon="-73.269469"><ele>545.6000000000004</ele><time>2026-07-05T23:59:00Z</time></rtept><rtept lat="42.207316" lon="-73.269256"><ele>539.2000000000007</ele><time>2026-07-05T23:59:00Z</time></rtept><rtept lat="42.207224" lon="-73.26911"><ele>537.6000000000004</ele><time>2026-07-05T23:59:00Z</time></rtept><rtept lat="42.207161" lon="-73.269048"><ele>536.2000000000007</ele><time>2026-07-05T23:59:00Z</time></rtept><rtept lat="42.207071" lon="-73.269024"><ele>533.2000000000007</ele><time>2026-07-05T23:59:00Z</time></rtept><rtept lat="42.206981" lon="-73.269066"><ele>531.6000000000004</ele><time>2026-07-05T23:59:00Z</time></rtept><rtept lat="42.206901" lon="-73.269099"><ele>528.4000000000015</ele><time>2026-07-05T23:59:00Z</time></rtept><rtept lat="42.206838" lon="-73.269157"><ele>527.6000000000004</ele><time>2026-07-05T23:59:00Z</time></rtept><rtept lat="42.206769" lon="-73.269176"><ele>526.0</ele><time>2026-07-05T23:59:00Z</time></rtept><rtept lat="42.206711" lon="-73.269131"><ele>524.4000000000015</ele><time>2026-07-05T23:59:00Z</time></rtept><rtept lat="42.206624" lon="-73.269175"><ele>522.8000000000011</ele><time>2026-07-05T23:59:00Z</time></rtept><rtept lat="42.206565" lon="-73.269223"><ele>521.8000000000011</ele><time>2026-07-05T23:59:00Z</time></rtept><rtept lat="42.206507" lon="-73.26921"><ele>520.4000000000015</ele><time>2026-07-05T23:59:00Z</time></rtept><rtept lat="42.20647" lon="-73.269214"><ele>520.4000000000015</ele><time>2026-07-05T23:59:00Z</time></rtept><rtept lat="42.206446" lon="-73.269219"><ele>519.2000000000007</ele><time>2026-07-05T23:59:00Z</time></rtept><rtept lat="42.206405" lon="-73.269187"><ele>519.2000000000007</ele><time>2026-07-05T23:59:00Z</time></rtept><rtept lat="42.206334" lon="-73.269153"><ele>517.8000000000011</ele><time>2026-07-05T23:59:00Z</time></rtept><rtept lat="42.206291" lon="-73.269217"><ele>516.2000000000007</ele><time>2026-07-05T23:59:00Z</time></rtept><rtept lat="42.206235" lon="-73.269267"><ele>514.4000000000015</ele><time>2026-07-05T23:59:00Z</time></rtept><rtept lat="42.206171" lon="-73.269302"><ele>511.8000000000011</ele><time>2026-07-05T23:59:00Z</time></rtept><rtept lat="42.206126" lon="-73.269462"><ele>508.2000000000007</ele><time>2026-07-05T23:59:00Z</time></rtept><rtept lat="42.206123" lon="-73.269569"><ele>507.0</ele><time>2026-07-05T23:59:00Z</time></rtept><rtept lat="42.206107" lon="-73.269715"><ele>504.60000000000036</ele><time>2026-07-05T23:59:00Z</time></rtept><rtept lat="42.206126" lon="-73.269908"><ele>502.60000000000036</ele><time>2026-07-05T23:59:00Z</time></rtept><rtept lat="42.206113" lon="-73.269999"><ele>501.8000000000011</ele><time>2026-07-05T23:59:00Z</time></rtept><rtept lat="42.206058" lon="-73.270045"><ele>499.40000000000146</ele><time>2026-07-05T23:59:00Z</time></rtept><rtept lat="42.206043" lon="-73.270098"><ele>499.2000000000007</ele><time>2026-07-05T23:59:00Z</time></rtept><rtept lat="42.206065" lon="-73.270226"><ele>499.60000000000036</ele><time>2026-07-05T23:59:00Z</time></rtept><rtept lat="42.205977" lon="-73.270404"><ele>501.60000000000036</ele><time>2026-07-05T23:59:00Z</time></rtept><rtept lat="42.205934" lon="-73.270665"><ele>505.8000000000011</ele><time>2026-07-05T23:59:00Z</time></rtept><rtept lat="42.205938" lon="-73.270753"><ele>506.8000000000011</ele><time>2026-07-05T23:59:00Z</time></rtept><rtept lat="42.205927" lon="-73.270802"><ele>506.8000000000011</ele><time>2026-07-05T23:59:00Z</time></rtept><rtept lat="42.20587" lon="-73.270952"><ele>507.2000000000007</ele><time>2026-07-05T23:59:00Z</time></rtept><rtept lat="42.205843" lon="-73.27113"><ele>507.8000000000011</ele><time>2026-07-05T23:59:00Z</time></rtept><rtept lat="42.205811" lon="-73.271272"><ele>506.2000000000007</ele><time>2026-07-05T23:59:00Z</time></rtept><rtept lat="42.205756" lon="-73.271319"><ele>505.40000000000146</ele><time>2026-07-05T23:59:00Z</time></rtept><rtept lat="42.205454" lon="-73.271341"><ele>502.8000000000011</ele><time>2026-07-05T23:59:00Z</time></rtept><rtept lat="42.205404" lon="-73.271378"><ele>504.2000000000007</ele><time>2026-07-05T23:59:00Z</time></rtept><rtept lat="42.205324" lon="-73.271381"><ele>503.40000000000146</ele><time>2026-07-05T23:59:00Z</time></rtept><rtept lat="42.205222" lon="-73.271312"><ele>500.8000000000011</ele><time>2026-07-05T23:59:00Z</time></rtept><rtept lat="42.205092" lon="-73.271256"><ele>501.2000000000007</ele><time>2026-07-05T23:59:00Z</time></rtept><rtept lat="42.204967" lon="-73.27124"><ele>502.40000000000146</ele><time>2026-07-05T23:59:00Z</time></rtept><rtept lat="42.204755" lon="-73.271284"><ele>505.8000000000011</ele><time>2026-07-05T23:59:00Z</time></rtept><rtept lat="42.204606" lon="-73.271302"><ele>510.0</ele><time>2026-07-05T23:59:00Z</time></rtept><rtept lat="42.204535" lon="-73.271258"><ele>511.60000000000036</ele><time>2026-07-05T23:59:00Z</time></rtept><rtept lat="42.204396" lon="-73.27122"><ele>513.4000000000015</ele><time>2026-07-05T23:59:00Z</time></rtept><rtept lat="42.204198" lon="-73.271276"><ele>516.8000000000011</ele><time>2026-07-05T23:59:00Z</time></rtept><rtept lat="42.204015" lon="-73.271238"><ele>518.0</ele><time>2026-07-05T23:59:00Z</time></rtept><rtept lat="42.203558" lon="-73.271517"><ele>529.2000000000007</ele><time>2026-07-05T23:59:00Z</time></rtept><rtept lat="42.203395" lon="-73.271679"><ele>534.6000000000004</ele><time>2026-07-05T23:59:00Z</time></rtept><rtept lat="42.20301" lon="-73.272115"><ele>549.0</ele><time>2026-07-05T23:59:00Z</time></rtept><rtept lat="42.20281" lon="-73.272281"><ele>553.0</ele><time>2026-07-05T23:59:00Z</time></rtept><rtept lat="42.202651" lon="-73.272397"><ele>556.0</ele><time>2026-07-05T23:59:00Z</time></rtept><rtept lat="42.202587" lon="-73.272503"><ele>557.2000000000007</ele><time>2026-07-05T23:59:00Z</time></rtept><rtept lat="42.202538" lon="-73.272636"><ele>558.6000000000004</ele><time>2026-07-05T23:59:00Z</time></rtept><rtept lat="42.202538" lon="-73.272636"><ele>558.6000000000004</ele><time>2026-07-05T23:59:00Z</time></rtept><rtept lat="42.202607" lon="-73.272682"><ele>557.8</ele><time>2026-07-05T23:59:00Z</time></rtept><rtept lat="42.202536" lon="-73.27264"><ele>557.9</ele><time>2026-07-05T23:59:00Z</time></rtept><rtept lat="42.202505" lon="-73.272725"><ele>558.3</ele><time>2026-07-05T23:59:00Z</time></rtept><rtept lat="42.202465" lon="-73.272887"><ele>559.2</ele><time>2026-07-05T23:59:00Z</time></rtept><rtept lat="42.202394" lon="-73.273273"><ele>560.9</ele><time>2026-07-05T23:59:00Z</time></rtept><rtept lat="42.20235" lon="-73.273618"><ele>560.7</ele><time>2026-07-05T23:59:00Z</time></rtept><rtept lat="42.202289" lon="-73.273741"><ele>559.6</ele><time>2026-07-05T23:59:00Z</time></rtept><rtept lat="42.202182" lon="-73.273845"><ele>557.8</ele><time>2026-07-05T23:59:00Z</time></rtept><rtept lat="42.202063" lon="-73.273986"><ele>557.2</ele><time>2026-07-05T23:59:00Z</time></rtept><rtept lat="42.201993" lon="-73.274348"><ele>560.3</ele><time>2026-07-05T23:59:00Z</time></rtept><rtept lat="42.202044" lon="-73.27466"><ele>562.2</ele><time>2026-07-05T23:59:00Z</time></rtept><rtept lat="42.202047" lon="-73.274927"><ele>562.2</ele><time>2026-07-05T23:59:00Z</time></rtept><rtept lat="42.202081" lon="-73.275079"><ele>563.5</ele><time>2026-07-05T23:59:00Z</time></rtept><rtept lat="42.20214" lon="-73.275212"><ele>565.2</ele><time>2026-07-05T23:59:00Z</time></rtept><rtept lat="42.202143" lon="-73.275372"><ele>565.8</ele><time>2026-07-05T23:59:00Z</time></rtept><rtept lat="42.20226" lon="-73.275697"><ele>567.0</ele><time>2026-07-05T23:59:00Z</time></rtept><rtept lat="42.20231" lon="-73.275945"><ele>566.2</ele><time>2026-07-05T23:59:00Z</time></rtept><rtept lat="42.202316" lon="-73.276091"><ele>565.0</ele><time>2026-07-05T23:59:00Z</time></rtept><rtept lat="42.202369" lon="-73.276198"><ele>565.9</ele><time>2026-07-05T23:59:00Z</time></rtept><rtept lat="42.202412" lon="-73.276393"><ele>562.0</ele><time>2026-07-05T23:59:00Z</time></rtept><rtept lat="42.202454" lon="-73.276507"><ele>560.2</ele><time>2026-07-05T23:59:00Z</time></rtept><rtept lat="42.202619" lon="-73.276763"><ele>560.5</ele><time>2026-07-05T23:59:00Z</time></rtept><rtept lat="42.202673" lon="-73.27683"><ele>560.8</ele><time>2026-07-05T23:59:00Z</time></rtept><rtept lat="42.20274" lon="-73.27695"><ele>560.4</ele><time>2026-07-05T23:59:00Z</time></rtept><rtept lat="42.202774" lon="-73.276987"><ele>560.6</ele><time>2026-07-05T23:59:00Z</time></rtept><rtept lat="42.20308" lon="-73.277272"><ele>561.5</ele><time>2026-07-05T23:59:00Z</time></rtept><rtept lat="42.203146" lon="-73.277343"><ele>561.1</ele><time>2026-07-05T23:59:00Z</time></rtept><rtept lat="42.203175" lon="-73.277416"><ele>560.2</ele><time>2026-07-05T23:59:00Z</time></rtept><rtept lat="42.203209" lon="-73.277461"><ele>559.8</ele><time>2026-07-05T23:59:00Z</time></rtept><rtept lat="42.2033" lon="-73.277641"><ele>556.3</ele><time>2026-07-05T23:59:00Z</time></rtept><rtept lat="42.203368" lon="-73.27765"><ele>556.9</ele><time>2026-07-05T23:59:00Z</time></rtept><rtept lat="42.203429" lon="-73.277721"><ele>556.3</ele><time>2026-07-05T23:59:00Z</time></rtept><rtept lat="42.203479" lon="-73.277731"><ele>556.9</ele><time>2026-07-05T23:59:00Z</time></rtept><rtept lat="42.203522" lon="-73.277791"><ele>556.3</ele><time>2026-07-05T23:59:00Z</time></rtept><rtept lat="42.203591" lon="-73.277819"><ele>556.6</ele><time>2026-07-05T23:59:00Z</time></rtept><rtept lat="42.203651" lon="-73.277825"><ele>557.2</ele><time>2026-07-05T23:59:00Z</time></rtept><rtept lat="42.203742" lon="-73.277742"><ele>559.3</ele><time>2026-07-05T23:59:00Z</time></rtept><rtept lat="42.203813" lon="-73.277712"><ele>560.1</ele><time>2026-07-05T23:59:00Z</time></rtept><rtept lat="42.203889" lon="-73.277729"><ele>560.4</ele><time>2026-07-05T23:59:00Z</time></rtept><rtept lat="42.203944" lon="-73.277797"><ele>560.2</ele><time>2026-07-05T23:59:00Z</time></rtept><rtept lat="42.203966" lon="-73.277895"><ele>559.6</ele><time>2026-07-05T23:59:00Z</time></rtept><rtept lat="42.203979" lon="-73.277966"><ele>559.2</ele><time>2026-07-05T23:59:00Z</time></rtept><rtept lat="42.204025" lon="-73.278017"><ele>559.2</ele><time>2026-07-05T23:59:00Z</time></rtept><rtept lat="42.204011" lon="-73.278115"><ele>559.2</ele><time>2026-07-05T23:59:00Z</time></rtept><rtept lat="42.204008" lon="-73.278135"><ele>559.3</ele><time>2026-07-05T23:59:00Z</time></rtept><rtept lat="42.203928" lon="-73.278289"><ele>559.3</ele><time>2026-07-05T23:59:00Z</time></rtept><rtept lat="42.203821" lon="-73.27833"><ele>558.0</ele><time>2026-07-05T23:59:00Z</time></rtept><rtept lat="42.203741" lon="-73.278371"><ele>556.8</ele><time>2026-07-05T23:59:00Z</time></rtept><rtept lat="42.203637" lon="-73.278376"><ele>554.1</ele><time>2026-07-05T23:59:00Z</time></rtept><rtept lat="42.203555" lon="-73.278352"><ele>552.0</ele><time>2026-07-05T23:59:00Z</time></rtept><rtept lat="42.203426" lon="-73.278367"><ele>548.1</ele><time>2026-07-05T23:59:00Z</time></rtept><rtept lat="42.203295" lon="-73.278395"><ele>543.0</ele><time>2026-07-05T23:59:00Z</time></rtept><rtept lat="42.203275" lon="-73.278529"><ele>542.5</ele><time>2026-07-05T23:59:00Z</time></rtept><rtept lat="42.203219" lon="-73.278601"><ele>540.8</ele><time>2026-07-05T23:59:00Z</time></rtept><rtept lat="42.203167" lon="-73.278637"><ele>538.6</ele><time>2026-07-05T23:59:00Z</time></rtept><rtept lat="42.203097" lon="-73.278715"><ele>535.2</ele><time>2026-07-05T23:59:00Z</time></rtept><rtept lat="42.202995" lon="-73.278757"><ele>530.7</ele><time>2026-07-05T23:59:00Z</time></rtept><rtept lat="42.202888" lon="-73.278722"><ele>526.6</ele><time>2026-07-05T23:59:00Z</time></rtept><rtept lat="42.202774" lon="-73.278618"><ele>522.9</ele><time>2026-07-05T23:59:00Z</time></rtept><rtept lat="42.202709" lon="-73.278679"><ele>520.5</ele><time>2026-07-05T23:59:00Z</time></rtept><rtept lat="42.202648" lon="-73.278805"><ele>518.3</ele><time>2026-07-05T23:59:00Z</time></rtept><rtept lat="42.202633" lon="-73.279104"><ele>516.3</ele><time>2026-07-05T23:59:00Z</time></rtept><rtept lat="42.202604" lon="-73.27942"><ele>513.3</ele><time>2026-07-05T23:59:00Z</time></rtept><rtept lat="42.202602" lon="-73.27947"><ele>512.7</ele><time>2026-07-05T23:59:00Z</time></rtept><rtept lat="42.202604" lon="-73.279464"><ele>512.9</ele><time>2026-07-05T23:59:00Z</time></rtept><rtept lat="42.202604" lon="-73.279464"><ele>512.9</ele><time>2026-07-05T23:59:00Z</time></rtept><rtept lat="42.202596" lon="-73.279627"><ele>510.6</ele><time>2026-07-05T23:59:00Z</time></rtept><rtept lat="42.202657" lon="-73.279876"><ele>509.5</ele><time>2026-07-05T23:59:00Z</time></rtept><rtept lat="42.20271" lon="-73.280077"><ele>509.5</ele><time>2026-07-05T23:59:00Z</time></rtept><rtept lat="42.20271" lon="-73.28025"><ele>507.6</ele><time>2026-07-05T23:59:00Z</time></rtept><rtept lat="42.202668" lon="-73.28048"><ele>504.3</ele><time>2026-07-05T23:59:00Z</time></rtept><rtept lat="42.202566" lon="-73.280717"><ele>500.6</ele><time>2026-07-05T23:59:00Z</time></rtept><rtept lat="42.202541" lon="-73.280897"><ele>499.1</ele><time>2026-07-05T23:59:00Z</time></rtept><rtept lat="42.202573" lon="-73.281041"><ele>499.0</ele><time>2026-07-05T23:59:00Z</time></rtept><rtept lat="42.202585" lon="-73.28118"><ele>498.6</ele><time>2026-07-05T23:59:00Z</time></rtept><rtept lat="42.202537" lon="-73.281231"><ele>498.2</ele><time>2026-07-05T23:59:00Z</time></rtept><rtept lat="42.202481" lon="-73.281253"><ele>497.9</ele><time>2026-07-05T23:59:00Z</time></rtept><rtept lat="42.202458" lon="-73.281309"><ele>497.6</ele><time>2026-07-05T23:59:00Z</time></rtept><rtept lat="42.202428" lon="-73.281333"><ele>497.4</ele><time>2026-07-05T23:59:00Z</time></rtept><rtept lat="42.202407" lon="-73.281464"><ele>496.9</ele><time>2026-07-05T23:59:00Z</time></rtept><rtept lat="42.202362" lon="-73.281575"><ele>496.3</ele><time>2026-07-05T23:59:00Z</time></rtept><rtept lat="42.202294" lon="-73.281599"><ele>496.5</ele><time>2026-07-05T23:59:00Z</time></rtept><rtept lat="42.202211" lon="-73.281716"><ele>496.2</ele><time>2026-07-05T23:59:00Z</time></rtept><rtept lat="42.202166" lon="-73.281789"><ele>495.8</ele><time>2026-07-05T23:59:00Z</time></rtept><rtept lat="42.202078" lon="-73.28187"><ele>495.5</ele><time>2026-07-05T23:59:00Z</time></rtept><rtept lat="42.201934" lon="-73.281901"><ele>495.3</ele><time>2026-07-05T23:59:00Z</time></rtept><rtept lat="42.201845" lon="-73.281922"><ele>495.2</ele><time>2026-07-05T23:59:00Z</time></rtept><rtept lat="42.201789" lon="-73.281963"><ele>494.7</ele><time>2026-07-05T23:59:00Z</time></rtept><rtept lat="42.201723" lon="-73.281978"><ele>494.4</ele><time>2026-07-05T23:59:00Z</time></rtept><rtept lat="42.201644" lon="-73.28201"><ele>493.8</ele><time>2026-07-05T23:59:00Z</time></rtept><rtept lat="42.201595" lon="-73.282027"><ele>493.4</ele><time>2026-07-05T23:59:00Z</time></rtept><rtept lat="42.201539" lon="-73.282027"><ele>493.2</ele><time>2026-07-05T23:59:00Z</time></rtept><rtept lat="42.201502" lon="-73.28204"><ele>493.2</ele><time>2026-07-05T23:59:00Z</time></rtept><rtept lat="42.201504" lon="-73.28204"><ele>493.1</ele><time>2026-07-05T23:59:00Z</time></rtept><rtept lat="42.201504" lon="-73.28204"><ele>493.1</ele><time>2026-07-05T23:59:00Z</time></rtept><rtept lat="42.201474" lon="-73.28205"><ele>493.2</ele><time>2026-07-05T23:59:00Z</time></rtept><rtept lat="42.201413" lon="-73.282128"><ele>492.5</ele><time>2026-07-05T23:59:00Z</time></rtept><rtept lat="42.20138" lon="-73.282236"><ele>491.5</ele><time>2026-07-05T23:59:00Z</time></rtept><rtept lat="42.201347" lon="-73.282338"><ele>490.6</ele><time>2026-07-05T23:59:00Z</time></rtept><rtept lat="42.201312" lon="-73.28241"><ele>490.0</ele><time>2026-07-05T23:59:00Z</time></rtept><rtept lat="42.201272" lon="-73.28245"><ele>489.7</ele><time>2026-07-05T23:59:00Z</time></rtept><rtept lat="42.201038" lon="-73.282556"><ele>490.1</ele><time>2026-07-05T23:59:00Z</time></rtept><rtept lat="42.201022" lon="-73.28261"><ele>489.8</ele><time>2026-07-05T23:59:00Z</time></rtept><rtept lat="42.200995" lon="-73.282743"><ele>489.1</ele><time>2026-07-05T23:59:00Z</time></rtept><rtept lat="42.201122" lon="-73.282967"><ele>490.2</ele><time>2026-07-05T23:59:00Z</time></rtept><rtept lat="42.201389" lon="-73.283427"><ele>490.0</ele><time>2026-07-05T23:59:00Z</time></rtept><rtept lat="42.201571" lon="-73.283547"><ele>488.9</ele><time>2026-07-05T23:59:00Z</time></rtept><rtept lat="42.201714" lon="-73.283865"><ele>489.5</ele><time>2026-07-05T23:59:00Z</time></rtept><rtept lat="42.20186" lon="-73.284016"><ele>488.5</ele><time>2026-07-05T23:59:00Z</time></rtept><rtept lat="42.201913" lon="-73.284202"><ele>489.3</ele><time>2026-07-05T23:59:00Z</time></rtept><rtept lat="42.201912" lon="-73.284208"><ele>489.4</ele><time>2026-07-05T23:59:00Z</time></rtept><rtept lat="42.201912" lon="-73.284208"><ele>489.4</ele><time>2026-07-05T23:59:00Z</time></rtept><rtept lat="42.201925" lon="-73.284252"><ele>489.8</ele><time>2026-07-05T23:59:00Z</time></rtept><rtept lat="42.202037" lon="-73.284309"><ele>489.1</ele><time>2026-07-05T23:59:00Z</time></rtept><rtept lat="42.202157" lon="-73.284455"><ele>489.3</ele><time>2026-07-05T23:59:00Z</time></rtept><rtept lat="42.20223" lon="-73.284721"><ele>489.9</ele><time>2026-07-05T23:59:00Z</time></rtept><rtept lat="42.202389" lon="-73.284852"><ele>489.2</ele><time>2026-07-05T23:59:00Z</time></rtept><rtept lat="42.202547" lon="-73.285097"><ele>489.7</ele><time>2026-07-05T23:59:00Z</time></rtept><rtept lat="42.202933" lon="-73.285761"><ele>490.0</ele><time>2026-07-05T23:59:00Z</time></rtept><rtept lat="42.203057" lon="-73.286035"><ele>490.4</ele><time>2026-07-05T23:59:00Z</time></rtept><rtept lat="42.203113" lon="-73.286441"><ele>492.9</ele><time>2026-07-05T23:59:00Z</time></rtept><rtept lat="42.203214" lon="-73.286836"><ele>492.6</ele><time>2026-07-05T23:59:00Z</time></rtept><rtept lat="42.203212" lon="-73.286832"><ele>492.6</ele><time>2026-07-05T23:59:00Z</time></rtept><rtept lat="42.203212" lon="-73.286832"><ele>492.6</ele><time>2026-07-05T23:59:00Z</time></rtept><rtept lat="42.203248" lon="-73.286972"><ele>491.9</ele><time>2026-07-05T23:59:00Z</time></rtept><rtept lat="42.203235" lon="-73.287104"><ele>492.7</ele><time>2026-07-05T23:59:00Z</time></rtept><rtept lat="42.203336" lon="-73.287365"><ele>491.2</ele><time>2026-07-05T23:59:00Z</time></rtept><rtept lat="42.20334" lon="-73.287846"><ele>490.3</ele><time>2026-07-05T23:59:00Z</time></rtept><rtept lat="42.203313" lon="-73.288169"><ele>490.3</ele><time>2026-07-05T23:59:00Z</time></rtept><rtept lat="42.203235" lon="-73.288332"><ele>491.4</ele><time>2026-07-05T23:59:00Z</time></rtept><rtept lat="42.203104" lon="-73.288819"><ele>489.1</ele><time>2026-07-05T23:59:00Z</time></rtept></rte><rte><name>Section route</name><desc>Benedict Pond to Tyringham cobble parking</desc><extensions><line xmlns="http://www.topografix.com/GPX/gpx_style/0/2"><color>F42410</color></line></extensions><rtept lat="42.202847" lon="-73.288913"><ele>492.0</ele><time>2026-09-18T16:35:10Z</time></rtept><rtept lat="42.202843" lon="-73.288844"><ele>491.8</ele><time>2026-09-18T16:35:10Z</time></rtept><rtept lat="42.203104" lon="-73.288819"><ele>488.2</ele><time>2026-09-18T16:35:10Z</time></rtept><rtept lat="42.203236" lon="-73.288332"><ele>491.0</ele><time>2026-09-18T16:35:10Z</time></rtept><rtept lat="42.203314" lon="-73.288169"><ele>490.0</ele><time>2026-09-18T16:35:10Z</time></rtept><rtept lat="42.203339" lon="-73.287865"><ele>490.0</ele><time>2026-09-18T16:35:10Z</time></rtept><rtept lat="42.203339" lon="-73.287865"><ele>490.0</ele><time>2026-09-18T16:35:10Z</time></rtept><rtept lat="42.203341" lon="-73.287846"><ele>490.0</ele><time>2026-09-18T16:35:10Z</time></rtept><rtept lat="42.203337" lon="-73.287365"><ele>492.0</ele><time>2026-09-18T16:35:10Z</time></rtept><rtept lat="42.203236" lon="-73.287104"><ele>492.0</ele><time>2026-09-18T16:35:10Z</time></rtept><rtept lat="42.203249" lon="-73.286972"><ele>491.4</ele><time>2026-09-18T16:35:10Z</time></rtept><rtept lat="42.203112" lon="-73.286437"><ele>492.6</ele><time>2026-09-18T16:35:10Z</time></rtept><rtept lat="42.203056" lon="-73.286031"><ele>489.6</ele><time>2026-09-18T16:35:10Z</time></rtept><rtept lat="42.202932" lon="-73.285757"><ele>489.6</ele><time>2026-09-18T16:35:10Z</time></rtept><rtept lat="42.202546" lon="-73.285093"><ele>490.6</ele><time>2026-09-18T16:35:10Z</time></rtept><rtept lat="42.202388" lon="-73.284848"><ele>490.2</ele><time>2026-09-18T16:35:10Z</time></rtept><rtept lat="42.202229" lon="-73.284717"><ele>489.2</ele><time>2026-09-18T16:35:10Z</time></rtept><rtept lat="42.202156" lon="-73.284451"><ele>488.8</ele><time>2026-09-18T16:35:10Z</time></rtept><rtept lat="42.202036" lon="-73.284305"><ele>489.4</ele><time>2026-09-18T16:35:10Z</time></rtept><rtept lat="42.201924" lon="-73.284248"><ele>489.6</ele><time>2026-09-18T16:35:10Z</time></rtept><rtept lat="42.201858" lon="-73.284018"><ele>488.4</ele><time>2026-09-18T16:35:10Z</time></rtept><rtept lat="42.201712" lon="-73.283867"><ele>489.0</ele><time>2026-09-18T16:35:10Z</time></rtept><rtept lat="42.201569" lon="-73.283549"><ele>489.0</ele><time>2026-09-18T16:35:10Z</time></rtept><rtept lat="42.201387" lon="-73.283429"><ele>489.0</ele><time>2026-09-18T16:35:10Z</time></rtept><rtept lat="42.20112" lon="-73.282969"><ele>489.2</ele><time>2026-09-18T16:35:10Z</time></rtept><rtept lat="42.200993" lon="-73.282745"><ele>488.4</ele><time>2026-09-18T16:35:10Z</time></rtept><rtept lat="42.20102" lon="-73.282612"><ele>488.6</ele><time>2026-09-18T16:35:10Z</time></rtept><rtept lat="42.201036" lon="-73.282558"><ele>489.2</ele><time>2026-09-18T16:35:10Z</time></rtept><rtept lat="42.20127" lon="-73.282452"><ele>488.6</ele><time>2026-09-18T16:35:10Z</time></rtept><rtept lat="42.20131" lon="-73.282412"><ele>488.8</ele><time>2026-09-18T16:35:10Z</time></rtept><rtept lat="42.201345" lon="-73.28234"><ele>488.8</ele><time>2026-09-18T16:35:10Z</time></rtept><rtept lat="42.201378" lon="-73.282238"><ele>490.0</ele><time>2026-09-18T16:35:10Z</time></rtept><rtept lat="42.201411" lon="-73.28213"><ele>491.8</ele><time>2026-09-18T16:35:10Z</time></rtept><rtept lat="42.201472" lon="-73.282052"><ele>493.2</ele><time>2026-09-18T16:35:10Z</time></rtept><rtept lat="42.201539" lon="-73.282029"><ele>492.8</ele><time>2026-09-18T16:35:10Z</time></rtept><rtept lat="42.201595" lon="-73.282029"><ele>493.0</ele><time>2026-09-18T16:35:10Z</time></rtept><rtept lat="42.201644" lon="-73.282012"><ele>493.2</ele><time>2026-09-18T16:35:10Z</time></rtept><rtept lat="42.201723" lon="-73.28198"><ele>494.6</ele><time>2026-09-18T16:35:10Z</time></rtept><rtept lat="42.201789" lon="-73.281965"><ele>494.6</ele><time>2026-09-18T16:35:10Z</time></rtept><rtept lat="42.201845" lon="-73.281924"><ele>494.4</ele><time>2026-09-18T16:35:10Z</time></rtept><rtept lat="42.201934" lon="-73.281903"><ele>494.4</ele><time>2026-09-18T16:35:10Z</time></rtept><rtept lat="42.202078" lon="-73.281872"><ele>495.4</ele><time>2026-09-18T16:35:10Z</time></rtept><rtept lat="42.202166" lon="-73.281791"><ele>496.0</ele><time>2026-09-18T16:35:10Z</time></rtept><rtept lat="42.202211" lon="-73.281718"><ele>496.4</ele><time>2026-09-18T16:35:10Z</time></rtept><rtept lat="42.202294" lon="-73.281601"><ele>496.6</ele><time>2026-09-18T16:35:10Z</time></rtept><rtept lat="42.202362" lon="-73.281577"><ele>496.4</ele><time>2026-09-18T16:35:10Z</time></rtept><rtept lat="42.202407" lon="-73.281466"><ele>497.0</ele><time>2026-09-18T16:35:10Z</time></rtept><rtept lat="42.202428" lon="-73.281335"><ele>497.2</ele><time>2026-09-18T16:35:10Z</time></rtept><rtept lat="42.202458" lon="-73.281311"><ele>497.2</ele><time>2026-09-18T16:35:10Z</time></rtept><rtept lat="42.202481" lon="-73.281255"><ele>497.6</ele><time>2026-09-18T16:35:10Z</time></rtept><rtept lat="42.202537" lon="-73.281233"><ele>497.8</ele><time>2026-09-18T16:35:10Z</time></rtept><rtept lat="42.202585" lon="-73.281182"><ele>498.2</ele><time>2026-09-18T16:35:10Z</time></rtept><rtept lat="42.202573" lon="-73.281043"><ele>498.0</ele><time>2026-09-18T16:35:10Z</time></rtept><rtept lat="42.202541" lon="-73.280899"><ele>498.6</ele><time>2026-09-18T16:35:10Z</time></rtept><rtept lat="42.202566" lon="-73.280719"><ele>499.8</ele><time>2026-09-18T16:35:10Z</time></rtept><rtept lat="42.202668" lon="-73.280482"><ele>503.8</ele><time>2026-09-18T16:35:10Z</time></rtept><rtept lat="42.20271" lon="-73.280252"><ele>507.8</ele><time>2026-09-18T16:35:10Z</time></rtept><rtept lat="42.20271" lon="-73.280079"><ele>509.4</ele><time>2026-09-18T16:35:10Z</time></rtept><rtept lat="42.202657" lon="-73.279878"><ele>509.4</ele><time>2026-09-18T16:35:10Z</time></rtept><rtept lat="42.202607" lon="-73.279673"><ele>509.6</ele><time>2026-09-18T16:35:10Z</time></rtept><rtept lat="42.202607" lon="-73.279673"><ele>509.6</ele><time>2026-09-18T16:35:10Z</time></rtept><rtept lat="42.202596" lon="-73.279629"><ele>510.6</ele><time>2026-09-18T16:35:10Z</time></rtept><rtept lat="42.202606" lon="-73.279416"><ele>512.6</ele><time>2026-09-18T16:35:10Z</time></rtept><rtept lat="42.202635" lon="-73.2791"><ele>515.4</ele><time>2026-09-18T16:35:10Z</time></rtept><rtept lat="42.20265" lon="-73.278801"><ele>519.2</ele><time>2026-09-18T16:35:10Z</time></rtept><rtept lat="42.202711" lon="-73.278675"><ele>521.8</ele><time>2026-09-18T16:35:10Z</time></rtept><rtept lat="42.202776" lon="-73.278614"><ele>524.0</ele><time>2026-09-18T16:35:10Z</time></rtept><rtept lat="42.20289" lon="-73.278718"><ele>526.2</ele><time>2026-09-18T16:35:10Z</time></rtept><rtept lat="42.202997" lon="-73.278753"><ele>530.8</ele><time>2026-09-18T16:35:10Z</time></rtept><rtept lat="42.203099" lon="-73.278711"><ele>536.6</ele><time>2026-09-18T16:35:10Z</time></rtept><rtept lat="42.203169" lon="-73.278633"><ele>539.2</ele><time>2026-09-18T16:35:10Z</time></rtept><rtept lat="42.203221" lon="-73.278597"><ele>540.8</ele><time>2026-09-18T16:35:10Z</time></rtept><rtept lat="42.203277" lon="-73.278525"><ele>541.2</ele><time>2026-09-18T16:35:10Z</time></rtept><rtept lat="42.203297" lon="-73.278391"><ele>543.4</ele><time>2026-09-18T16:35:10Z</time></rtept><rtept lat="42.203428" lon="-73.278363"><ele>548.8</ele><time>2026-09-18T16:35:10Z</time></rtept><rtept lat="42.203557" lon="-73.278348"><ele>553.4</ele><time>2026-09-18T16:35:10Z</time></rtept><rtept lat="42.203639" lon="-73.278372"><ele>554.8</ele><time>2026-09-18T16:35:10Z</time></rtept><rtept lat="42.203743" lon="-73.278367"><ele>557.0</ele><time>2026-09-18T16:35:10Z</time></rtept><rtept lat="42.203823" lon="-73.278326"><ele>558.0</ele><time>2026-09-18T16:35:10Z</time></rtept><rtept lat="42.20393" lon="-73.278285"><ele>559.2</ele><time>2026-09-18T16:35:10Z</time></rtept><rtept lat="42.20401" lon="-73.278131"><ele>559.4</ele><time>2026-09-18T16:35:10Z</time></rtept><rtept lat="42.204013" lon="-73.278111"><ele>559.0</ele><time>2026-09-18T16:35:10Z</time></rtept><rtept lat="42.204027" lon="-73.278013"><ele>559.0</ele><time>2026-09-18T16:35:10Z</time></rtept><rtept lat="42.203981" lon="-73.277962"><ele>559.0</ele><time>2026-09-18T16:35:10Z</time></rtept><rtept lat="42.203968" lon="-73.277891"><ele>558.4</ele><time>2026-09-18T16:35:10Z</time></rtept><rtept lat="42.203946" lon="-73.277793"><ele>559.4</ele><time>2026-09-18T16:35:10Z</time></rtept><rtept lat="42.203891" lon="-73.277725"><ele>559.8</ele><time>2026-09-18T16:35:10Z</time></rtept><rtept lat="42.203815" lon="-73.277708"><ele>559.2</ele><time>2026-09-18T16:35:10Z</time></rtept><rtept lat="42.203744" lon="-73.277738"><ele>558.6</ele><time>2026-09-18T16:35:10Z</time></rtept><rtept lat="42.203653" lon="-73.277821"><ele>556.4</ele><time>2026-09-18T16:35:10Z</time></rtept><rtept lat="42.203593" lon="-73.277815"><ele>556.0</ele><time>2026-09-18T16:35:10Z</time></rtept><rtept lat="42.203524" lon="-73.277787"><ele>554.8</ele><time>2026-09-18T16:35:10Z</time></rtept><rtept lat="42.203481" lon="-73.277727"><ele>556.2</ele><time>2026-09-18T16:35:10Z</time></rtept><rtept lat="42.203431" lon="-73.277717"><ele>555.0</ele><time>2026-09-18T16:35:10Z</time></rtept><rtept lat="42.20337" lon="-73.277646"><ele>556.0</ele><time>2026-09-18T16:35:10Z</time></rtept><rtept lat="42.203302" lon="-73.277637"><ele>555.4</ele><time>2026-09-18T16:35:10Z</time></rtept><rtept lat="42.203211" lon="-73.277457"><ele>558.6</ele><time>2026-09-18T16:35:10Z</time></rtept><rtept lat="42.203177" lon="-73.277412"><ele>560.4</ele><time>2026-09-18T16:35:10Z</time></rtept><rtept lat="42.203148" lon="-73.277339"><ele>561.2</ele><time>2026-09-18T16:35:10Z</time></rtept><rtept lat="42.203082" lon="-73.277268"><ele>560.2</ele><time>2026-09-18T16:35:10Z</time></rtept><rtept lat="42.202776" lon="-73.276983"><ele>561.4</ele><time>2026-09-18T16:35:10Z</time></rtept><rtept lat="42.202742" lon="-73.276946"><ele>559.8</ele><time>2026-09-18T16:35:10Z</time></rtept><rtept lat="42.202675" lon="-73.276826"><ele>560.8</ele><time>2026-09-18T16:35:10Z</time></rtept><rtept lat="42.202621" lon="-73.276759"><ele>558.8</ele><time>2026-09-18T16:35:10Z</time></rtept><rtept lat="42.202456" lon="-73.276503"><ele>559.6</ele><time>2026-09-18T16:35:10Z</time></rtept><rtept lat="42.202414" lon="-73.276389"><ele>563.0</ele><time>2026-09-18T16:35:10Z</time></rtept><rtept lat="42.202371" lon="-73.276194"><ele>565.0</ele><time>2026-09-18T16:35:10Z</time></rtept><rtept lat="42.202318" lon="-73.276087"><ele>563.2</ele><time>2026-09-18T16:35:10Z</time></rtept><rtept lat="42.202312" lon="-73.275941"><ele>566.6</ele><time>2026-09-18T16:35:10Z</time></rtept><rtept lat="42.202262" lon="-73.275693"><ele>568.0</ele><time>2026-09-18T16:35:10Z</time></rtept><rtept lat="42.202145" lon="-73.275368"><ele>568.2</ele><time>2026-09-18T16:35:10Z</time></rtept><rtept lat="42.202142" lon="-73.275208"><ele>567.2</ele><time>2026-09-18T16:35:10Z</time></rtept><rtept lat="42.202083" lon="-73.275075"><ele>564.4</ele><time>2026-09-18T16:35:10Z</time></rtept><rtept lat="42.202049" lon="-73.274923"><ele>562.6</ele><time>2026-09-18T16:35:10Z</time></rtept><rtept lat="42.202046" lon="-73.274656"><ele>562.2</ele><time>2026-09-18T16:35:10Z</time></rtept><rtept lat="42.201995" lon="-73.274344"><ele>560.4</ele><time>2026-09-18T16:35:10Z</time></rtept><rtept lat="42.202065" lon="-73.273982"><ele>557.4</ele><time>2026-09-18T16:35:10Z</time></rtept><rtept lat="42.202184" lon="-73.273841"><ele>557.8</ele><time>2026-09-18T16:35:10Z</time></rtept><rtept lat="42.202291" lon="-73.273737"><ele>559.8</ele><time>2026-09-18T16:35:10Z</time></rtept><rtept lat="42.202352" lon="-73.273614"><ele>561.0</ele><time>2026-09-18T16:35:10Z</time></rtept><rtept lat="42.202396" lon="-73.273269"><ele>561.2</ele><time>2026-09-18T16:35:10Z</time></rtept><rtept lat="42.202467" lon="-73.272883"><ele>559.4</ele><time>2026-09-18T16:35:10Z</time></rtept><rtept lat="42.202507" lon="-73.272721"><ele>559.0</ele><time>2026-09-18T16:35:10Z</time></rtept><rtept lat="42.202587" lon="-73.272503"><ele>557.2</ele><time>2026-09-18T16:35:10Z</time></rtept><rtept lat="42.202651" lon="-73.272397"><ele>556.0</ele><time>2026-09-18T16:35:10Z</time></rtept><rtept lat="42.20281" lon="-73.272281"><ele>553.0</ele><time>2026-09-18T16:35:10Z</time></rtept><rtept lat="42.20301" lon="-73.272115"><ele>549.0</ele><time>2026-09-18T16:35:10Z</time></rtept><rtept lat="42.203395" lon="-73.271679"><ele>534.6</ele><time>2026-09-18T16:35:10Z</time></rtept><rtept lat="42.203558" lon="-73.271517"><ele>529.2</ele><time>2026-09-18T16:35:10Z</time></rtept><rtept lat="42.204015" lon="-73.271238"><ele>518.0</ele><time>2026-09-18T16:35:10Z</time></rtept><rtept lat="42.204198" lon="-73.271276"><ele>516.8</ele><time>2026-09-18T16:35:10Z</time></rtept><rtept lat="42.204396" lon="-73.27122"><ele>513.4</ele><time>2026-09-18T16:35:10Z</time></rtept><rtept lat="42.204535" lon="-73.271258"><ele>511.6</ele><time>2026-09-18T16:35:10Z</time></rtept><rtept lat="42.204606" lon="-73.271302"><ele>510.0</ele><time>2026-09-18T16:35:10Z</time></rtept><rtept lat="42.204755" lon="-73.271284"><ele>505.8</ele><time>2026-09-18T16:35:10Z</time></rtept><rtept lat="42.204967" lon="-73.27124"><ele>502.4</ele><time>2026-09-18T16:35:10Z</time></rtept><rtept lat="42.205092" lon="-73.271256"><ele>501.2</ele><time>2026-09-18T16:35:10Z</time></rtept><rtept lat="42.205222" lon="-73.271312"><ele>500.8</ele><time>2026-09-18T16:35:10Z</time></rtept><rtept lat="42.205324" lon="-73.271381"><ele>503.4</ele><time>2026-09-18T16:35:10Z</time></rtept><rtept lat="42.205404" lon="-73.271378"><ele>504.2</ele><time>2026-09-18T16:35:10Z</time></rtept><rtept lat="42.205454" lon="-73.271341"><ele>502.8</ele><time>2026-09-18T16:35:10Z</time></rtept><rtept lat="42.205756" lon="-73.271319"><ele>505.4</ele><time>2026-09-18T16:35:10Z</time></rtept><rtept lat="42.205811" lon="-73.271272"><ele>506.2</ele><time>2026-09-18T16:35:10Z</time></rtept><rtept lat="42.205843" lon="-73.27113"><ele>507.8</ele><time>2026-09-18T16:35:10Z</time></rtept><rtept lat="42.20587" lon="-73.270952"><ele>507.2</ele><time>2026-09-18T16:35:10Z</time></rtept><rtept lat="42.205927" lon="-73.270802"><ele>506.8</ele><time>2026-09-18T16:35:10Z</time></rtept><rtept lat="42.205938" lon="-73.270753"><ele>506.8</ele><time>2026-09-18T16:35:10Z</time></rtept><rtept lat="42.205934" lon="-73.270665"><ele>505.8</ele><time>2026-09-18T16:35:10Z</time></rtept><rtept lat="42.205977" lon="-73.270404"><ele>501.6</ele><time>2026-09-18T16:35:10Z</time></rtept><rtept lat="42.206065" lon="-73.270226"><ele>499.6</ele><time>2026-09-18T16:35:10Z</time></rtept><rtept lat="42.206043" lon="-73.270098"><ele>499.2</ele><time>2026-09-18T16:35:10Z</time></rtept><rtept lat="42.206058" lon="-73.270045"><ele>499.4</ele><time>2026-09-18T16:35:10Z</time></rtept><rtept lat="42.206113" lon="-73.269999"><ele>501.8</ele><time>2026-09-18T16:35:10Z</time></rtept><rtept lat="42.206126" lon="-73.269908"><ele>502.6</ele><time>2026-09-18T16:35:10Z</time></rtept><rtept lat="42.206107" lon="-73.269715"><ele>504.6</ele><time>2026-09-18T16:35:10Z</time></rtept><rtept lat="42.206123" lon="-73.269569"><ele>507.0</ele><time>2026-09-18T16:35:10Z</time></rtept><rtept lat="42.206126" lon="-73.269462"><ele>508.2</ele><time>2026-09-18T16:35:10Z</time></rtept><rtept lat="42.206171" lon="-73.269302"><ele>511.8</ele><time>2026-09-18T16:35:10Z</time></rtept><rtept lat="42.206235" lon="-73.269267"><ele>514.4</ele><time>2026-09-18T16:35:10Z</time></rtept><rtept lat="42.206291" lon="-73.269217"><ele>516.2</ele><time>2026-09-18T16:35:10Z</time></rtept><rtept lat="42.206334" lon="-73.269153"><ele>517.8</ele><time>2026-09-18T16:35:10Z</time></rtept><rtept lat="42.206405" lon="-73.269187"><ele>519.2</ele><time>2026-09-18T16:35:10Z</time></rtept><rtept lat="42.206446" lon="-73.269219"><ele>519.2</ele><time>2026-09-18T16:35:10Z</time></rtept><rtept lat="42.20647" lon="-73.269214"><ele>520.4</ele><time>2026-09-18T16:35:10Z</time></rtept><rtept lat="42.206507" lon="-73.26921"><ele>520.4</ele><time>2026-09-18T16:35:10Z</time></rtept><rtept lat="42.206565" lon="-73.269223"><ele>521.8</ele><time>2026-09-18T16:35:10Z</time></rtept><rtept lat="42.206624" lon="-73.269175"><ele>522.8</ele><time>2026-09-18T16:35:10Z</time></rtept><rtept lat="42.206711" lon="-73.269131"><ele>524.4</ele><time>2026-09-18T16:35:10Z</time></rtept><rtept lat="42.206769" lon="-73.269176"><ele>526.0</ele><time>2026-09-18T16:35:10Z</time></rtept><rtept lat="42.206838" lon="-73.269157"><ele>527.6</ele><time>2026-09-18T16:35:10Z</time></rtept><rtept lat="42.206901" lon="-73.269099"><ele>528.4</ele><time>2026-09-18T16:35:10Z</time></rtept><rtept lat="42.206981" lon="-73.269066"><ele>531.6</ele><time>2026-09-18T16:35:10Z</time></rtept><rtept lat="42.207071" lon="-73.269024"><ele>533.2</ele><time>2026-09-18T16:35:10Z</time></rtept><rtept lat="42.207161" lon="-73.269048"><ele>536.2</ele><time>2026-09-18T16:35:10Z</time></rtept><rtept lat="42.207224" lon="-73.26911"><ele>537.6</ele><time>2026-09-18T16:35:10Z</time></rtept><rtept lat="42.207316" lon="-73.269256"><ele>539.2</ele><time>2026-09-18T16:35:10Z</time></rtept><rtept lat="42.207441" lon="-73.269469"><ele>545.6</ele><time>2026-09-18T16:35:10Z</time></rtept><rtept lat="42.207582" lon="-73.269661"><ele>550.2</ele><time>2026-09-18T16:35:10Z</time></rtept><rtept lat="42.207749" lon="-73.26969"><ele>554.6</ele><time>2026-09-18T16:35:10Z</time></rtept><rtept lat="42.207798" lon="-73.269577"><ele>556.8</ele><time>2026-09-18T16:35:10Z</time></rtept><rtept lat="42.207817" lon="-73.269139"><ele>557.6</ele><time>2026-09-18T16:35:10Z</time></rtept><rtept lat="42.207933" lon="-73.269049"><ele>561.6</ele><time>2026-09-18T16:35:10Z</time></rtept><rtept lat="42.208185" lon="-73.269098"><ele>569.0</ele><time>2026-09-18T16:35:10Z</time></rtept><rtept lat="42.208258" lon="-73.269037"><ele>570.8</ele><time>2026-09-18T16:35:10Z</time></rtept><rtept lat="42.208286" lon="-73.268908"><ele>570.4</ele><time>2026-09-18T16:35:10Z</time></rtept><rtept lat="42.208347" lon="-73.268811"><ele>572.8</ele><time>2026-09-18T16:35:10Z</time></rtept><rtept lat="42.208401" lon="-73.268652"><ele>577.6</ele><time>2026-09-18T16:35:10Z</time></rtept><rtept lat="42.20844" lon="-73.268555"><ele>580.8</ele><time>2026-09-18T16:35:10Z</time></rtept><rtept lat="42.208617" lon="-73.268676"><ele>583.0</ele><time>2026-09-18T16:35:10Z</time></rtept><rtept lat="42.208651" lon="-73.268629"><ele>584.6</ele><time>2026-09-18T16:35:10Z</time></rtept><rtept lat="42.208723" lon="-73.268577"><ele>587.4</ele><time>2026-09-18T16:35:10Z</time></rtept><rtept lat="42.208784" lon="-73.26848"><ele>590.2</ele><time>2026-09-18T16:35:10Z</time></rtept><rtept lat="42.208656" lon="-73.268265"><ele>590.6</ele><time>2026-09-18T16:35:10Z</time></rtept><rtept lat="42.208609" lon="-73.268137"><ele>591.8</ele><time>2026-09-18T16:35:10Z</time></rtept><rtept lat="42.208461" lon="-73.267784"><ele>593.0</ele><time>2026-09-18T16:35:10Z</time></rtept><rtept lat="42.208435" lon="-73.267632"><ele>594.4</ele><time>2026-09-18T16:35:10Z</time></rtept><rtept lat="42.208319" lon="-73.267459"><ele>592.8</ele><time>2026-09-18T16:35:10Z</time></rtept><rtept lat="42.20816" lon="-73.267156"><ele>590.2</ele><time>2026-09-18T16:35:10Z</time></rtept><rtept lat="42.208146" lon="-73.267064"><ele>590.2</ele><time>2026-09-18T16:35:10Z</time></rtept><rtept lat="42.208147" lon="-73.266983"><ele>590.4</ele><time>2026-09-18T16:35:10Z</time></rtept><rtept lat="42.208138" lon="-73.266823"><ele>590.6</ele><time>2026-09-18T16:35:10Z</time></rtept><rtept lat="42.208166" lon="-73.266547"><ele>590.4</ele><time>2026-09-18T16:35:10Z</time></rtept><rtept lat="42.20819" lon="-73.266397"><ele>591.6</ele><time>2026-09-18T16:35:10Z</time></rtept><rtept lat="42.208268" lon="-73.266205"><ele>592.6</ele><time>2026-09-18T16:35:10Z</time></rtept><rtept lat="42.208294" lon="-73.266123"><ele>592.2</ele><time>2026-09-18T16:35:10Z</time></rtept><rtept lat="42.208356" lon="-73.266008"><ele>592.8</ele><time>2026-09-18T16:35:10Z</time></rtept><rtept lat="42.208445" lon="-73.265981"><ele>595.4</ele><time>2026-09-18T16:35:10Z</time></rtept><rtept lat="42.20848" lon="-73.265916"><ele>594.8</ele><time>2026-09-18T16:35:10Z</time></rtept><rtept lat="42.20852" lon="-73.265819"><ele>595.8</ele><time>2026-09-18T16:35:10Z</time></rtept><rtept lat="42.208536" lon="-73.265698"><ele>595.2</ele><time>2026-09-18T16:35:10Z</time></rtept><rtept lat="42.208541" lon="-73.265618"><ele>594.6</ele><time>2026-09-18T16:35:10Z</time></rtept><rtept lat="42.208538" lon="-73.265434"><ele>593.4</ele><time>2026-09-18T16:35:10Z</time></rtept><rtept lat="42.208524" lon="-73.265298"><ele>591.6</ele><time>2026-09-18T16:35:10Z</time></rtept><rtept lat="42.208529" lon="-73.26521"><ele>590.8</ele><time>2026-09-18T16:35:10Z</time></rtept><rtept lat="42.208575" lon="-73.265072"><ele>591.8</ele><time>2026-09-18T16:35:10Z</time></rtept><rtept lat="42.208615" lon="-73.264879"><ele>590.4</ele><time>2026-09-18T16:35:10Z</time></rtept><rtept lat="42.208626" lon="-73.264771"><ele>591.6</ele><time>2026-09-18T16:35:10Z</time></rtept><rtept lat="42.208655" lon="-73.264703"><ele>591.2</ele><time>2026-09-18T16:35:10Z</time></rtept><rtept lat="42.208805" lon="-73.264529"><ele>593.2</ele><time>2026-09-18T16:35:10Z</time></rtept><rtept lat="42.208871" lon="-73.264383"><ele>593.8</ele><time>2026-09-18T16:35:10Z</time></rtept><rtept lat="42.20891" lon="-73.264329"><ele>594.4</ele><time>2026-09-18T16:35:10Z</time></rtept><rtept lat="42.208932" lon="-73.264283"><ele>594.2</ele><time>2026-09-18T16:35:10Z</time></rtept><rtept lat="42.20897" lon="-73.264219"><ele>594.8</ele><time>2026-09-18T16:35:10Z</time></rtept><rtept lat="42.20903" lon="-73.26405"><ele>595.2</ele><time>2026-09-18T16:35:10Z</time></rtept><rtept lat="42.20905" lon="-73.263825"><ele>595.0</ele><time>2026-09-18T16:35:10Z</time></rtept><rtept lat="42.209072" lon="-73.263719"><ele>595.4</ele><time>2026-09-18T16:35:10Z</time></rtept><rtept lat="42.209077" lon="-73.263713"><ele>595.4</ele><time>2026-09-18T16:35:10Z</time></rtept><rtept lat="42.209119" lon="-73.263631"><ele>595.6</ele><time>2026-09-18T16:35:10Z</time></rtept><rtept lat="42.209141" lon="-73.26355"><ele>595.8</ele><time>2026-09-18T16:35:10Z</time></rtept><rtept lat="42.209145" lon="-73.263382"><ele>596.2</ele><time>2026-09-18T16:35:10Z</time></rtept><rtept lat="42.209101" lon="-73.263271"><ele>597.0</ele><time>2026-09-18T16:35:10Z</time></rtept><rtept lat="42.209032" lon="-73.263003"><ele>599.0</ele><time>2026-09-18T16:35:10Z</time></rtept><rtept lat="42.208991" lon="-73.262837"><ele>600.2</ele><time>2026-09-18T16:35:10Z</time></rtept><rtept lat="42.208943" lon="-73.262674"><ele>600.6</ele><time>2026-09-18T16:35:10Z</time></rtept><rtept lat="42.208876" lon="-73.26254"><ele>601.0</ele><time>2026-09-18T16:35:10Z</time></rtept><rtept lat="42.208806" lon="-73.262433"><ele>601.8</ele><time>2026-09-18T16:35:10Z</time></rtept><rtept lat="42.208724" lon="-73.262346"><ele>602.4</ele><time>2026-09-18T16:35:10Z</time></rtept><rtept lat="42.208511" lon="-73.262252"><ele>603.0</ele><time>2026-09-18T16:35:10Z</time></rtept><rtept lat="42.208352" lon="-73.262144"><ele>601.6</ele><time>2026-09-18T16:35:10Z</time></rtept><rtept lat="42.208255" lon="-73.26203"><ele>601.2</ele><time>2026-09-18T16:35:10Z</time></rtept><rtept lat="42.208186" lon="-73.261938"><ele>600.8</ele><time>2026-09-18T16:35:10Z</time></rtept><rtept lat="42.20812" lon="-73.261768"><ele>601.2</ele><time>2026-09-18T16:35:10Z</time></rtept><rtept lat="42.208095" lon="-73.261536"><ele>602.0</ele><time>2026-09-18T16:35:10Z</time></rtept><rtept lat="42.208093" lon="-73.26144"><ele>602.6</ele><time>2026-09-18T16:35:10Z</time></rtept><rtept lat="42.208103" lon="-73.261333"><ele>603.0</ele><time>2026-09-18T16:35:10Z</time></rtept><rtept lat="42.208124" lon="-73.261213"><ele>603.6</ele><time>2026-09-18T16:35:10Z</time></rtept><rtept lat="42.208163" lon="-73.261117"><ele>603.4</ele><time>2026-09-18T16:35:10Z</time></rtept><rtept lat="42.208275" lon="-73.261042"><ele>603.4</ele><time>2026-09-18T16:35:10Z</time></rtept><rtept lat="42.208314" lon="-73.26102"><ele>602.4</ele><time>2026-09-18T16:35:10Z</time></rtept><rtept lat="42.208444" lon="-73.261002"><ele>601.0</ele><time>2026-09-18T16:35:10Z</time></rtept><rtept lat="42.208642" lon="-73.261026"><ele>597.2</ele><time>2026-09-18T16:35:10Z</time></rtept><rtept lat="42.208786" lon="-73.26099"><ele>595.2</ele><time>2026-09-18T16:35:10Z</time></rtept><rtept lat="42.208948" lon="-73.261043"><ele>592.8</ele><time>2026-09-18T16:35:10Z</time></rtept><rtept lat="42.208996" lon="-73.261011"><ele>591.6</ele><time>2026-09-18T16:35:10Z</time></rtept><rtept lat="42.209185" lon="-73.260966"><ele>588.0</ele><time>2026-09-18T16:35:10Z</time></rtept><rtept lat="42.209303" lon="-73.261007"><ele>585.6</ele><time>2026-09-18T16:35:10Z</time></rtept><rtept lat="42.209422" lon="-73.260986"><ele>583.4</ele><time>2026-09-18T16:35:10Z</time></rtept><rtept lat="42.209476" lon="-73.26094"><ele>581.2</ele><time>2026-09-18T16:35:10Z</time></rtept><rtept lat="42.209516" lon="-73.260876"><ele>580.2</ele><time>2026-09-18T16:35:10Z</time></rtept><rtept lat="42.209633" lon="-73.26081"><ele>578.4</ele><time>2026-09-18T16:35:10Z</time></rtept><rtept lat="42.209734" lon="-73.260812"><ele>577.0</ele><time>2026-09-18T16:35:10Z</time></rtept><rtept lat="42.209937" lon="-73.260779"><ele>574.8</ele><time>2026-09-18T16:35:10Z</time></rtept><rtept lat="42.209966" lon="-73.26075"><ele>574.2</ele><time>2026-09-18T16:35:10Z</time></rtept><rtept lat="42.210017" lon="-73.260742"><ele>574.2</ele><time>2026-09-18T16:35:10Z</time></rtept><rtept lat="42.210113" lon="-73.26072"><ele>573.2</ele><time>2026-09-18T16:35:10Z</time></rtept><rtept lat="42.210206" lon="-73.26067"><ele>571.4</ele><time>2026-09-18T16:35:10Z</time></rtept><rtept lat="42.210283" lon="-73.260625"><ele>570.0</ele><time>2026-09-18T16:35:10Z</time></rtept><rtept lat="42.210381" lon="-73.260549"><ele>569.0</ele><time>2026-09-18T16:35:10Z</time></rtept><rtept lat="42.210442" lon="-73.260534"><ele>569.0</ele><time>2026-09-18T16:35:10Z</time></rtept><rtept lat="42.210512" lon="-73.260538"><ele>569.4</ele><time>2026-09-18T16:35:10Z</time></rtept><rtept lat="42.210568" lon="-73.260495"><ele>569.0</ele><time>2026-09-18T16:35:10Z</time></rtept><rtept lat="42.210739" lon="-73.260575"><ele>570.4</ele><time>2026-09-18T16:35:10Z</time></rtept><rtept lat="42.210827" lon="-73.260581"><ele>570.6</ele><time>2026-09-18T16:35:10Z</time></rtept><rtept lat="42.210973" lon="-73.260587"><ele>571.0</ele><time>2026-09-18T16:35:10Z</time></rtept><rtept lat="42.211061" lon="-73.260569"><ele>571.2</ele><time>2026-09-18T16:35:10Z</time></rtept><rtept lat="42.211155" lon="-73.260569"><ele>571.0</ele><time>2026-09-18T16:35:10Z</time></rtept><rtept lat="42.211315" lon="-73.26047"><ele>569.0</ele><time>2026-09-18T16:35:10Z</time></rtept><rtept lat="42.211437" lon="-73.260434"><ele>567.2</ele><time>2026-09-18T16:35:10Z</time></rtept><rtept lat="42.211506" lon="-73.260386"><ele>567.0</ele><time>2026-09-18T16:35:10Z</time></rtept><rtept lat="42.211616" lon="-73.260378"><ele>566.6</ele><time>2026-09-18T16:35:10Z</time></rtept><rtept lat="42.211749" lon="-73.260394"><ele>565.8</ele><time>2026-09-18T16:35:10Z</time></rtept><rtept lat="42.211853" lon="-73.260373"><ele>565.4</ele><time>2026-09-18T16:35:10Z</time></rtept><rtept lat="42.211981" lon="-73.260409"><ele>564.4</ele><time>2026-09-18T16:35:10Z</time></rtept><rtept lat="42.212098" lon="-73.260467"><ele>564.8</ele><time>2026-09-18T16:35:10Z</time></rtept><rtept lat="42.212167" lon="-73.260526"><ele>564.2</ele><time>2026-09-18T16:35:10Z</time></rtept><rtept lat="42.212275" lon="-73.260639"><ele>565.2</ele><time>2026-09-18T16:35:10Z</time></rtept><rtept lat="42.212294" lon="-73.260718"><ele>566.0</ele><time>2026-09-18T16:35:10Z</time></rtept><rtept lat="42.212381" lon="-73.260804"><ele>566.0</ele><time>2026-09-18T16:35:10Z</time></rtept><rtept lat="42.212471" lon="-73.260786"><ele>565.4</ele><time>2026-09-18T16:35:10Z</time></rtept><rtept lat="42.212516" lon="-73.260814"><ele>565.0</ele><time>2026-09-18T16:35:10Z</time></rtept><rtept lat="42.212578" lon="-73.260819"><ele>564.4</ele><time>2026-09-18T16:35:10Z</time></rtept><rtept lat="42.212681" lon="-73.260814"><ele>563.8</ele><time>2026-09-18T16:35:10Z</time></rtept><rtept lat="42.212766" lon="-73.260882"><ele>563.4</ele><time>2026-09-18T16:35:10Z</time></rtept><rtept lat="42.21286" lon="-73.260866"><ele>561.8</ele><time>2026-09-18T16:35:10Z</time></rtept><rtept lat="42.212934" lon="-73.260885"><ele>562.2</ele><time>2026-09-18T16:35:10Z</time></rtept><rtept lat="42.213017" lon="-73.260924"><ele>560.6</ele><time>2026-09-18T16:35:10Z</time></rtept><rtept lat="42.21309" lon="-73.260887"><ele>560.0</ele><time>2026-09-18T16:35:10Z</time></rtept><rtept lat="42.213142" lon="-73.260898"><ele>559.4</ele><time>2026-09-18T16:35:10Z</time></rtept><rtept lat="42.213245" lon="-73.260882"><ele>559.0</ele><time>2026-09-18T16:35:10Z</time></rtept><rtept lat="42.213327" lon="-73.260841"><ele>558.2</ele><time>2026-09-18T16:35:10Z</time></rtept><rtept lat="42.213432" lon="-73.260744"><ele>558.0</ele><time>2026-09-18T16:35:10Z</time></rtept><rtept lat="42.213577" lon="-73.260733"><ele>558.8</ele><time>2026-09-18T16:35:10Z</time></rtept><rtept lat="42.21362" lon="-73.260616"><ele>559.0</ele><time>2026-09-18T16:35:10Z</time></rtept><rtept lat="42.213643" lon="-73.260561"><ele>558.8</ele><time>2026-09-18T16:35:10Z</time></rtept><rtept lat="42.213724" lon="-73.260519"><ele>558.8</ele><time>2026-09-18T16:35:10Z</time></rtept><rtept lat="42.213813" lon="-73.260452"><ele>558.6</ele><time>2026-09-18T16:35:10Z</time></rtept><rtept lat="42.213915" lon="-73.260266"><ele>557.0</ele><time>2026-09-18T16:35:10Z</time></rtept><rtept lat="42.214183" lon="-73.259948"><ele>552.4</ele><time>2026-09-18T16:35:10Z</time></rtept><rtept lat="42.214282" lon="-73.259815"><ele>552.0</ele><time>2026-09-18T16:35:10Z</time></rtept><rtept lat="42.214338" lon="-73.259745"><ele>552.2</ele><time>2026-09-18T16:35:10Z</time></rtept><rtept lat="42.214392" lon="-73.259706"><ele>552.8</ele><time>2026-09-18T16:35:10Z</time></rtept><rtept lat="42.214533" lon="-73.259524"><ele>554.0</ele><time>2026-09-18T16:35:10Z</time></rtept><rtept lat="42.214778" lon="-73.259383"><ele>554.8</ele><time>2026-09-18T16:35:10Z</time></rtept><rtept lat="42.214904" lon="-73.259478"><ele>554.6</ele><time>2026-09-18T16:35:10Z</time></rtept><rtept lat="42.215067" lon="-73.259551"><ele>555.0</ele><time>2026-09-18T16:35:10Z</time></rtept><rtept lat="42.215117" lon="-73.25954"><ele>555.6</ele><time>2026-09-18T16:35:10Z</time></rtept><rtept lat="42.215157" lon="-73.259587"><ele>555.0</ele><time>2026-09-18T16:35:10Z</time></rtept><rtept lat="42.215177" lon="-73.259622"><ele>555.8</ele><time>2026-09-18T16:35:10Z</time></rtept><rtept lat="42.215221" lon="-73.259635"><ele>555.8</ele><time>2026-09-18T16:35:10Z</time></rtept><rtept lat="42.215274" lon="-73.259651"><ele>557.0</ele><time>2026-09-18T16:35:10Z</time></rtept><rtept lat="42.215329" lon="-73.259626"><ele>558.2</ele><time>2026-09-18T16:35:10Z</time></rtept><rtept lat="42.215375" lon="-73.259674"><ele>558.0</ele><time>2026-09-18T16:35:10Z</time></rtept><rtept lat="42.215445" lon="-73.259705"><ele>558.8</ele><time>2026-09-18T16:35:10Z</time></rtept><rtept lat="42.215525" lon="-73.259849"><ele>555.6</ele><time>2026-09-18T16:35:10Z</time></rtept><rtept lat="42.215605" lon="-73.259967"><ele>554.6</ele><time>2026-09-18T16:35:10Z</time></rtept><rtept lat="42.215648" lon="-73.259997"><ele>555.2</ele><time>2026-09-18T16:35:10Z</time></rtept><rtept lat="42.215757" lon="-73.260013"><ele>555.4</ele><time>2026-09-18T16:35:10Z</time></rtept><rtept lat="42.2158" lon="-73.260038"><ele>555.4</ele><time>2026-09-18T16:35:10Z</time></rtept><rtept lat="42.215969" lon="-73.260156"><ele>556.2</ele><time>2026-09-18T16:35:10Z</time></rtept><rtept lat="42.216024" lon="-73.260156"><ele>557.0</ele><time>2026-09-18T16:35:10Z</time></rtept><rtept lat="42.216136" lon="-73.260097"><ele>559.8</ele><time>2026-09-18T16:35:10Z</time></rtept><rtept lat="42.216306" lon="-73.25998"><ele>563.2</ele><time>2026-09-18T16:35:10Z</time></rtept><rtept lat="42.216504" lon="-73.259886"><ele>566.4</ele><time>2026-09-18T16:35:10Z</time></rtept><rtept lat="42.216646" lon="-73.259773"><ele>568.2</ele><time>2026-09-18T16:35:10Z</time></rtept><rtept lat="42.216773" lon="-73.259632"><ele>572.6</ele><time>2026-09-18T16:35:10Z</time></rtept><rtept lat="42.216902" lon="-73.259507"><ele>574.4</ele><time>2026-09-18T16:35:10Z</time></rtept><rtept lat="42.216937" lon="-73.259382"><ele>578.6</ele><time>2026-09-18T16:35:10Z</time></rtept><rtept lat="42.216941" lon="-73.259147"><ele>582.4</ele><time>2026-09-18T16:35:10Z</time></rtept><rtept lat="42.216922" lon="-73.259038"><ele>583.2</ele><time>2026-09-18T16:35:10Z</time></rtept><rtept lat="42.216847" lon="-73.258928"><ele>584.6</ele><time>2026-09-18T16:35:10Z</time></rtept><rtept lat="42.216823" lon="-73.258761"><ele>586.6</ele><time>2026-09-18T16:35:10Z</time></rtept><rtept lat="42.216786" lon="-73.258612"><ele>588.6</ele><time>2026-09-18T16:35:10Z</time></rtept><rtept lat="42.21679" lon="-73.258492"><ele>589.2</ele><time>2026-09-18T16:35:10Z</time></rtept><rtept lat="42.216752" lon="-73.25832"><ele>590.0</ele><time>2026-09-18T16:35:10Z</time></rtept><rtept lat="42.21669" lon="-73.258286"><ele>590.4</ele><time>2026-09-18T16:35:10Z</time></rtept><rtept lat="42.216705" lon="-73.258185"><ele>590.4</ele><time>2026-09-18T16:35:10Z</time></rtept><rtept lat="42.216736" lon="-73.258156"><ele>590.4</ele><time>2026-09-18T16:35:10Z</time></rtept><rtept lat="42.21686" lon="-73.258038"><ele>589.6</ele><time>2026-09-18T16:35:10Z</time></rtept><rtept lat="42.216941" lon="-73.257916"><ele>589.0</ele><time>2026-09-18T16:35:10Z</time></rtept><rtept lat="42.216976" lon="-73.257793"><ele>588.4</ele><time>2026-09-18T16:35:10Z</time></rtept><rtept lat="42.217015" lon="-73.257738"><ele>587.6</ele><time>2026-09-18T16:35:10Z</time></rtept><rtept lat="42.217084" lon="-73.257712"><ele>587.0</ele><time>2026-09-18T16:35:10Z</time></rtept><rtept lat="42.217375" lon="-73.257636"><ele>583.8</ele><time>2026-09-18T16:35:10Z</time></rtept><rtept lat="42.217492" lon="-73.257577"><ele>582.0</ele><time>2026-09-18T16:35:10Z</time></rtept><rtept lat="42.217585" lon="-73.257516"><ele>580.4</ele><time>2026-09-18T16:35:10Z</time></rtept><rtept lat="42.217612" lon="-73.257473"><ele>580.4</ele><time>2026-09-18T16:35:10Z</time></rtept><rtept lat="42.217716" lon="-73.257412"><ele>579.4</ele><time>2026-09-18T16:35:10Z</time></rtept><rtept lat="42.217801" lon="-73.257374"><ele>578.8</ele><time>2026-09-18T16:35:10Z</time></rtept><rtept lat="42.217924" lon="-73.257173"><ele>578.6</ele><time>2026-09-18T16:35:10Z</time></rtept><rtept lat="42.217994" lon="-73.25713"><ele>579.0</ele><time>2026-09-18T16:35:10Z</time></rtept><rtept lat="42.218051" lon="-73.257119"><ele>580.0</ele><time>2026-09-18T16:35:10Z</time></rtept><rtept lat="42.218193" lon="-73.257221"><ele>581.8</ele><time>2026-09-18T16:35:10Z</time></rtept><rtept lat="42.218281" lon="-73.257301"><ele>582.8</ele><time>2026-09-18T16:35:10Z</time></rtept><rtept lat="42.218411" lon="-73.257376"><ele>584.6</ele><time>2026-09-18T16:35:10Z</time></rtept><rtept lat="42.218459" lon="-73.257414"><ele>586.0</ele><time>2026-09-18T16:35:10Z</time></rtept><rtept lat="42.218537" lon="-73.257436"><ele>587.4</ele><time>2026-09-18T16:35:10Z</time></rtept><rtept lat="42.218617" lon="-73.257398"><ele>590.4</ele><time>2026-09-18T16:35:10Z</time></rtept><rtept lat="42.21863" lon="-73.257412"><ele>590.4</ele><time>2026-09-18T16:35:10Z</time></rtept><rtept lat="42.218715" lon="-73.257412"><ele>592.0</ele><time>2026-09-18T16:35:10Z</time></rtept><rtept lat="42.218781" lon="-73.257384"><ele>593.4</ele><time>2026-09-18T16:35:10Z</time></rtept><rtept lat="42.218829" lon="-73.25733"><ele>596.2</ele><time>2026-09-18T16:35:10Z</time></rtept><rtept lat="42.218878" lon="-73.257132"><ele>600.2</ele><time>2026-09-18T16:35:10Z</time></rtept><rtept lat="42.21896" lon="-73.257084"><ele>602.4</ele><time>2026-09-18T16:35:10Z</time></rtept><rtept lat="42.219005" lon="-73.257098"><ele>602.6</ele><time>2026-09-18T16:35:10Z</time></rtept><rtept lat="42.219036" lon="-73.257104"><ele>602.6</ele><time>2026-09-18T16:35:10Z</time></rtept><rtept lat="42.219081" lon="-73.257082"><ele>604.0</ele><time>2026-09-18T16:35:10Z</time></rtept><rtept lat="42.219104" lon="-73.257045"><ele>604.0</ele><time>2026-09-18T16:35:10Z</time></rtept><rtept lat="42.21912" lon="-73.257005"><ele>604.8</ele><time>2026-09-18T16:35:10Z</time></rtept><rtept lat="42.219215" lon="-73.257018"><ele>604.8</ele><time>2026-09-18T16:35:10Z</time></rtept><rtept lat="42.219247" lon="-73.256993"><ele>605.8</ele><time>2026-09-18T16:35:10Z</time></rtept><rtept lat="42.219322" lon="-73.257036"><ele>605.6</ele><time>2026-09-18T16:35:10Z</time></rtept><rtept lat="42.219375" lon="-73.257035"><ele>606.0</ele><time>2026-09-18T16:35:10Z</time></rtept><rtept lat="42.219471" lon="-73.256991"><ele>606.8</ele><time>2026-09-18T16:35:10Z</time></rtept><rtept lat="42.219568" lon="-73.257014"><ele>607.0</ele><time>2026-09-18T16:35:10Z</time></rtept><rtept lat="42.219705" lon="-73.25697"><ele>608.0</ele><time>2026-09-18T16:35:10Z</time></rtept><rtept lat="42.219871" lon="-73.256941"><ele>608.6</ele><time>2026-09-18T16:35:10Z</time></rtept><rtept lat="42.219912" lon="-73.256916"><ele>609.6</ele><time>2026-09-18T16:35:10Z</time></rtept><rtept lat="42.219984" lon="-73.256785"><ele>610.4</ele><time>2026-09-18T16:35:10Z</time></rtept><rtept lat="42.22004" lon="-73.256712"><ele>611.2</ele><time>2026-09-18T16:35:10Z</time></rtept><rtept lat="42.220162" lon="-73.25665"><ele>612.0</ele><time>2026-09-18T16:35:10Z</time></rtept><rtept lat="42.220206" lon="-73.256622"><ele>612.0</ele><time>2026-09-18T16:35:10Z</time></rtept><rtept lat="42.220312" lon="-73.256584"><ele>612.0</ele><time>2026-09-18T16:35:10Z</time></rtept><rtept lat="42.220407" lon="-73.256534"><ele>612.4</ele><time>2026-09-18T16:35:10Z</time></rtept><rtept lat="42.220473" lon="-73.256556"><ele>612.4</ele><time>2026-09-18T16:35:10Z</time></rtept><rtept lat="42.220682" lon="-73.25659"><ele>612.4</ele><time>2026-09-18T16:35:10Z</time></rtept><rtept lat="42.220707" lon="-73.256618"><ele>612.6</ele><time>2026-09-18T16:35:10Z</time></rtept><rtept lat="42.220823" lon="-73.256651"><ele>612.6</ele><time>2026-09-18T16:35:10Z</time></rtept><rtept lat="42.220954" lon="-73.256722"><ele>612.8</ele><time>2026-09-18T16:35:10Z</time></rtept><rtept lat="42.221054" lon="-73.256733"><ele>613.0</ele><time>2026-09-18T16:35:10Z</time></rtept><rtept lat="42.221138" lon="-73.256711"><ele>613.2</ele><time>2026-09-18T16:35:10Z</time></rtept><rtept lat="42.221182" lon="-73.256624"><ele>614.0</ele><time>2026-09-18T16:35:10Z</time></rtept><rtept lat="42.221248" lon="-73.256578"><ele>614.6</ele><time>2026-09-18T16:35:10Z</time></rtept><rtept lat="42.221322" lon="-73.256442"><ele>615.4</ele><time>2026-09-18T16:35:10Z</time></rtept><rtept lat="42.221384" lon="-73.256334"><ele>616.4</ele><time>2026-09-18T16:35:10Z</time></rtept><rtept lat="42.221375" lon="-73.256273"><ele>616.8</ele><time>2026-09-18T16:35:10Z</time></rtept><rtept lat="42.221449" lon="-73.256207"><ele>618.2</ele><time>2026-09-18T16:35:10Z</time></rtept><rtept lat="42.221492" lon="-73.256199"><ele>619.4</ele><time>2026-09-18T16:35:10Z</time></rtept><rtept lat="42.221563" lon="-73.256182"><ele>620.6</ele><time>2026-09-18T16:35:10Z</time></rtept><rtept lat="42.221616" lon="-73.256126"><ele>622.4</ele><time>2026-09-18T16:35:10Z</time></rtept><rtept lat="42.221656" lon="-73.256068"><ele>623.2</ele><time>2026-09-18T16:35:10Z</time></rtept><rtept lat="42.221729" lon="-73.256052"><ele>624.0</ele><time>2026-09-18T16:35:10Z</time></rtept><rtept lat="42.2218" lon="-73.255992"><ele>624.6</ele><time>2026-09-18T16:35:10Z</time></rtept><rtept lat="42.221851" lon="-73.255936"><ele>624.8</ele><time>2026-09-18T16:35:10Z</time></rtept><rtept lat="42.221903" lon="-73.255852"><ele>624.8</ele><time>2026-09-18T16:35:10Z</time></rtept><rtept lat="42.221975" lon="-73.255751"><ele>624.8</ele><time>2026-09-18T16:35:10Z</time></rtept><rtept lat="42.221981" lon="-73.255649"><ele>624.8</ele><time>2026-09-18T16:35:10Z</time></rtept><rtept lat="42.221939" lon="-73.25552"><ele>624.8</ele><time>2026-09-18T16:35:10Z</time></rtept><rtept lat="42.221872" lon="-73.255355"><ele>625.0</ele><time>2026-09-18T16:35:10Z</time></rtept><rtept lat="42.221826" lon="-73.255319"><ele>625.0</ele><time>2026-09-18T16:35:10Z</time></rtept><rtept lat="42.22181" lon="-73.255228"><ele>625.2</ele><time>2026-09-18T16:35:10Z</time></rtept><rtept lat="42.221746" lon="-73.255159"><ele>625.2</ele><time>2026-09-18T16:35:10Z</time></rtept><rtept lat="42.221768" lon="-73.255055"><ele>625.6</ele><time>2026-09-18T16:35:10Z</time></rtept><rtept lat="42.221766" lon="-73.254944"><ele>626.2</ele><time>2026-09-18T16:35:10Z</time></rtept><rtept lat="42.221744" lon="-73.254857"><ele>626.6</ele><time>2026-09-18T16:35:10Z</time></rtept><rtept lat="42.221654" lon="-73.254817"><ele>626.6</ele><time>2026-09-18T16:35:10Z</time></rtept><rtept lat="42.221627" lon="-73.254715"><ele>627.0</ele><time>2026-09-18T16:35:10Z</time></rtept><rtept lat="42.22159" lon="-73.25455"><ele>628.4</ele><time>2026-09-18T16:35:10Z</time></rtept><rtept lat="42.221546" lon="-73.254428"><ele>629.4</ele><time>2026-09-18T16:35:10Z</time></rtept><rtept lat="42.221538" lon="-73.254347"><ele>629.4</ele><time>2026-09-18T16:35:10Z</time></rtept><rtept lat="42.221537" lon="-73.254344"><ele>629.8</ele><time>2026-09-18T16:35:10Z</time></rtept><rtept lat="42.221578" lon="-73.25433"><ele>629.8</ele><time>2026-09-18T16:35:10Z</time></rtept><rtept lat="42.22167" lon="-73.254223"><ele>630.4</ele><time>2026-09-18T16:35:10Z</time></rtept><rtept lat="42.221746" lon="-73.254108"><ele>630.4</ele><time>2026-09-18T16:35:10Z</time></rtept><rtept lat="42.221817" lon="-73.25405"><ele>630.4</ele><time>2026-09-18T16:35:10Z</time></rtept><rtept lat="42.221905" lon="-73.253992"><ele>630.2</ele><time>2026-09-18T16:35:10Z</time></rtept><rtept lat="42.221985" lon="-73.253975"><ele>629.6</ele><time>2026-09-18T16:35:10Z</time></rtept><rtept lat="42.222119" lon="-73.253946"><ele>628.2</ele><time>2026-09-18T16:35:10Z</time></rtept><rtept lat="42.22219" lon="-73.253912"><ele>627.0</ele><time>2026-09-18T16:35:10Z</time></rtept><rtept lat="42.222207" lon="-73.253831"><ele>626.4</ele><time>2026-09-18T16:35:10Z</time></rtept><rtept lat="42.222195" lon="-73.253729"><ele>626.0</ele><time>2026-09-18T16:35:10Z</time></rtept><rtept lat="42.222225" lon="-73.253439"><ele>624.4</ele><time>2026-09-18T16:35:10Z</time></rtept><rtept lat="42.222286" lon="-73.25337"><ele>623.2</ele><time>2026-09-18T16:35:10Z</time></rtept><rtept lat="42.222411" lon="-73.253287"><ele>621.6</ele><time>2026-09-18T16:35:10Z</time></rtept><rtept lat="42.222558" lon="-73.253325"><ele>621.2</ele><time>2026-09-18T16:35:10Z</time></rtept><rtept lat="42.222676" lon="-73.253412"><ele>621.4</ele><time>2026-09-18T16:35:10Z</time></rtept><rtept lat="42.222713" lon="-73.253473"><ele>621.4</ele><time>2026-09-18T16:35:10Z</time></rtept><rtept lat="42.222775" lon="-73.253583"><ele>622.2</ele><time>2026-09-18T16:35:10Z</time></rtept><rtept lat="42.222883" lon="-73.25366"><ele>621.8</ele><time>2026-09-18T16:35:10Z</time></rtept><rtept lat="42.222982" lon="-73.253654"><ele>621.6</ele><time>2026-09-18T16:35:10Z</time></rtept><rtept lat="42.223027" lon="-73.253646"><ele>621.6</ele><time>2026-09-18T16:35:10Z</time></rtept><rtept lat="42.223104" lon="-73.253643"><ele>621.6</ele><time>2026-09-18T16:35:10Z</time></rtept><rtept lat="42.223276" lon="-73.253763"><ele>621.2</ele><time>2026-09-18T16:35:10Z</time></rtept><rtept lat="42.223332" lon="-73.253779"><ele>620.8</ele><time>2026-09-18T16:35:10Z</time></rtept><rtept lat="42.223403" lon="-73.253818"><ele>620.4</ele><time>2026-09-18T16:35:10Z</time></rtept><rtept lat="42.223493" lon="-73.253799"><ele>619.8</ele><time>2026-09-18T16:35:10Z</time></rtept><rtept lat="42.223558" lon="-73.253661"><ele>619.0</ele><time>2026-09-18T16:35:10Z</time></rtept><rtept lat="42.223595" lon="-73.253597"><ele>618.6</ele><time>2026-09-18T16:35:10Z</time></rtept><rtept lat="42.223669" lon="-73.253493"><ele>618.2</ele><time>2026-09-18T16:35:10Z</time></rtept><rtept lat="42.223747" lon="-73.253321"><ele>618.2</ele><time>2026-09-18T16:35:10Z</time></rtept><rtept lat="42.223765" lon="-73.253236"><ele>618.2</ele><time>2026-09-18T16:35:10Z</time></rtept><rtept lat="42.223752" lon="-73.253116"><ele>618.2</ele><time>2026-09-18T16:35:10Z</time></rtept><rtept lat="42.223797" lon="-73.252892"><ele>618.2</ele><time>2026-09-18T16:35:10Z</time></rtept><rtept lat="42.223848" lon="-73.252753"><ele>618.2</ele><time>2026-09-18T16:35:10Z</time></rtept><rtept lat="42.223877" lon="-73.252716"><ele>618.0</ele><time>2026-09-18T16:35:10Z</time></rtept><rtept lat="42.223944" lon="-73.252708"><ele>617.0</ele><time>2026-09-18T16:35:10Z</time></rtept><rtept lat="42.224051" lon="-73.252769"><ele>616.8</ele><time>2026-09-18T16:35:10Z</time></rtept><rtept lat="42.224111" lon="-73.252827"><ele>616.4</ele><time>2026-09-18T16:35:10Z</time></rtept><rtept lat="42.224192" lon="-73.252906"><ele>615.8</ele><time>2026-09-18T16:35:10Z</time></rtept><rtept lat="42.224254" lon="-73.252941"><ele>614.6</ele><time>2026-09-18T16:35:10Z</time></rtept><rtept lat="42.224326" lon="-73.252963"><ele>612.4</ele><time>2026-09-18T16:35:10Z</time></rtept><rtept lat="42.224433" lon="-73.252855"><ele>610.8</ele><time>2026-09-18T16:35:10Z</time></rtept><rtept lat="42.224521" lon="-73.252896"><ele>608.4</ele><time>2026-09-18T16:35:10Z</time></rtept><rtept lat="42.224593" lon="-73.253046"><ele>607.6</ele><time>2026-09-18T16:35:10Z</time></rtept><rtept lat="42.224646" lon="-73.253017"><ele>606.4</ele><time>2026-09-18T16:35:10Z</time></rtept><rtept lat="42.224683" lon="-73.253037"><ele>606.4</ele><time>2026-09-18T16:35:10Z</time></rtept><rtept lat="42.224757" lon="-73.253068"><ele>605.6</ele><time>2026-09-18T16:35:10Z</time></rtept><rtept lat="42.224829" lon="-73.253134"><ele>604.2</ele><time>2026-09-18T16:35:10Z</time></rtept><rtept lat="42.22489" lon="-73.253228"><ele>603.2</ele><time>2026-09-18T16:35:10Z</time></rtept><rtept lat="42.224923" lon="-73.253231"><ele>602.0</ele><time>2026-09-18T16:35:10Z</time></rtept><rtept lat="42.225015" lon="-73.253274"><ele>600.6</ele><time>2026-09-18T16:35:10Z</time></rtept><rtept lat="42.225051" lon="-73.25331"><ele>599.4</ele><time>2026-09-18T16:35:10Z</time></rtept><rtept lat="42.22509" lon="-73.253265"><ele>598.2</ele><time>2026-09-18T16:35:10Z</time></rtept><rtept lat="42.225129" lon="-73.253262"><ele>598.2</ele><time>2026-09-18T16:35:10Z</time></rtept><rtept lat="42.225186" lon="-73.253238"><ele>596.8</ele><time>2026-09-18T16:35:10Z</time></rtept><rtept lat="42.225269" lon="-73.253274"><ele>595.6</ele><time>2026-09-18T16:35:10Z</time></rtept><rtept lat="42.22534" lon="-73.253282"><ele>593.0</ele><time>2026-09-18T16:35:10Z</time></rtept><rtept lat="42.225586" lon="-73.253375"><ele>589.2</ele><time>2026-09-18T16:35:10Z</time></rtept><rtept lat="42.225679" lon="-73.253497"><ele>587.2</ele><time>2026-09-18T16:35:10Z</time></rtept><rtept lat="42.225817" lon="-73.25359"><ele>586.2</ele><time>2026-09-18T16:35:10Z</time></rtept><rtept lat="42.225887" lon="-73.253577"><ele>585.6</ele><time>2026-09-18T16:35:10Z</time></rtept><rtept lat="42.225919" lon="-73.253561"><ele>584.6</ele><time>2026-09-18T16:35:10Z</time></rtept><rtept lat="42.225972" lon="-73.253606"><ele>585.0</ele><time>2026-09-18T16:35:10Z</time></rtept><rtept lat="42.226054" lon="-73.253688"><ele>584.2</ele><time>2026-09-18T16:35:10Z</time></rtept><rtept lat="42.226109" lon="-73.253733"><ele>583.2</ele><time>2026-09-18T16:35:10Z</time></rtept><rtept lat="42.226193" lon="-73.253819"><ele>582.4</ele><time>2026-09-18T16:35:10Z</time></rtept><rtept lat="42.226276" lon="-73.253875"><ele>581.6</ele><time>2026-09-18T16:35:10Z</time></rtept><rtept lat="42.226357" lon="-73.253865"><ele>581.4</ele><time>2026-09-18T16:35:10Z</time></rtept><rtept lat="42.226417" lon="-73.253926"><ele>581.4</ele><time>2026-09-18T16:35:10Z</time></rtept><rtept lat="42.226472" lon="-73.253977"><ele>582.0</ele><time>2026-09-18T16:35:10Z</time></rtept><rtept lat="42.22659" lon="-73.253822"><ele>584.2</ele><time>2026-09-18T16:35:10Z</time></rtept><rtept lat="42.226725" lon="-73.253649"><ele>586.4</ele><time>2026-09-18T16:35:10Z</time></rtept><rtept lat="42.226791" lon="-73.25352"><ele>587.2</ele><time>2026-09-18T16:35:10Z</time></rtept><rtept lat="42.226849" lon="-73.253479"><ele>587.8</ele><time>2026-09-18T16:35:10Z</time></rtept><rtept lat="42.226973" lon="-73.25337"><ele>588.4</ele><time>2026-09-18T16:35:10Z</time></rtept><rtept lat="42.226992" lon="-73.253304"><ele>588.4</ele><time>2026-09-18T16:35:10Z</time></rtept><rtept lat="42.227045" lon="-73.253205"><ele>588.4</ele><time>2026-09-18T16:35:10Z</time></rtept><rtept lat="42.227095" lon="-73.253071"><ele>588.4</ele><time>2026-09-18T16:35:10Z</time></rtept><rtept lat="42.227131" lon="-73.25298"><ele>588.4</ele><time>2026-09-18T16:35:10Z</time></rtept><rtept lat="42.227191" lon="-73.252822"><ele>588.4</ele><time>2026-09-18T16:35:10Z</time></rtept><rtept lat="42.227233" lon="-73.252721"><ele>588.4</ele><time>2026-09-18T16:35:10Z</time></rtept><rtept lat="42.227293" lon="-73.252645"><ele>588.6</ele><time>2026-09-18T16:35:10Z</time></rtept><rtept lat="42.2273" lon="-73.25251"><ele>588.6</ele><time>2026-09-18T16:35:10Z</time></rtept><rtept lat="42.22731" lon="-73.252373"><ele>588.6</ele><time>2026-09-18T16:35:10Z</time></rtept><rtept lat="42.22733" lon="-73.252251"><ele>588.4</ele><time>2026-09-18T16:35:10Z</time></rtept><rtept lat="42.227334" lon="-73.252152"><ele>588.2</ele><time>2026-09-18T16:35:10Z</time></rtept><rtept lat="42.227334" lon="-73.25215"><ele>588.2</ele><time>2026-09-18T16:35:10Z</time></rtept><rtept lat="42.227334" lon="-73.25215"><ele>588.2</ele><time>2026-09-18T16:35:10Z</time></rtept><rtept lat="42.22734" lon="-73.252036"><ele>587.6</ele><time>2026-09-18T16:35:10Z</time></rtept><rtept lat="42.22737" lon="-73.251863"><ele>586.0</ele><time>2026-09-18T16:35:10Z</time></rtept><rtept lat="42.22736" lon="-73.251777"><ele>585.4</ele><time>2026-09-18T16:35:10Z</time></rtept><rtept lat="42.227432" lon="-73.251726"><ele>584.8</ele><time>2026-09-18T16:35:10Z</time></rtept><rtept lat="42.227496" lon="-73.251625"><ele>584.0</ele><time>2026-09-18T16:35:10Z</time></rtept><rtept lat="42.227534" lon="-73.251576"><ele>583.2</ele><time>2026-09-18T16:35:10Z</time></rtept><rtept lat="42.227643" lon="-73.251421"><ele>581.2</ele><time>2026-09-18T16:35:10Z</time></rtept><rtept lat="42.227709" lon="-73.251347"><ele>580.6</ele><time>2026-09-18T16:35:10Z</time></rtept><rtept lat="42.227776" lon="-73.251284"><ele>579.0</ele><time>2026-09-18T16:35:10Z</time></rtept><rtept lat="42.227811" lon="-73.251234"><ele>578.2</ele><time>2026-09-18T16:35:10Z</time></rtept><rtept lat="42.227781" lon="-73.251074"><ele>576.2</ele><time>2026-09-18T16:35:10Z</time></rtept><rtept lat="42.227779" lon="-73.250995"><ele>575.2</ele><time>2026-09-18T16:35:10Z</time></rtept><rtept lat="42.227786" lon="-73.25092"><ele>575.2</ele><time>2026-09-18T16:35:10Z</time></rtept><rtept lat="42.227786" lon="-73.25086"><ele>574.0</ele><time>2026-09-18T16:35:10Z</time></rtept><rtept lat="42.227815" lon="-73.250825"><ele>573.0</ele><time>2026-09-18T16:35:10Z</time></rtept><rtept lat="42.227843" lon="-73.250754"><ele>572.6</ele><time>2026-09-18T16:35:10Z</time></rtept><rtept lat="42.22789" lon="-73.25067"><ele>571.0</ele><time>2026-09-18T16:35:10Z</time></rtept><rtept lat="42.22789" lon="-73.250541"><ele>569.0</ele><time>2026-09-18T16:35:10Z</time></rtept><rtept lat="42.227877" lon="-73.250404"><ele>568.2</ele><time>2026-09-18T16:35:10Z</time></rtept><rtept lat="42.22789" lon="-73.250313"><ele>566.8</ele><time>2026-09-18T16:35:10Z</time></rtept><rtept lat="42.227915" lon="-73.250249"><ele>565.8</ele><time>2026-09-18T16:35:10Z</time></rtept><rtept lat="42.227995" lon="-73.250172"><ele>564.4</ele><time>2026-09-18T16:35:10Z</time></rtept><rtept lat="42.228061" lon="-73.250127"><ele>563.4</ele><time>2026-09-18T16:35:10Z</time></rtept><rtept lat="42.228091" lon="-73.250069"><ele>563.0</ele><time>2026-09-18T16:35:10Z</time></rtept><rtept lat="42.228133" lon="-73.250011"><ele>562.2</ele><time>2026-09-18T16:35:10Z</time></rtept><rtept lat="42.228185" lon="-73.249968"><ele>561.4</ele><time>2026-09-18T16:35:10Z</time></rtept><rtept lat="42.228242" lon="-73.249896"><ele>561.0</ele><time>2026-09-18T16:35:10Z</time></rtept><rtept lat="42.228311" lon="-73.249795"><ele>559.6</ele><time>2026-09-18T16:35:10Z</time></rtept><rtept lat="42.228319" lon="-73.249724"><ele>559.6</ele><time>2026-09-18T16:35:10Z</time></rtept><rtept lat="42.228344" lon="-73.249684"><ele>558.8</ele><time>2026-09-18T16:35:10Z</time></rtept><rtept lat="42.228368" lon="-73.249662"><ele>558.8</ele><time>2026-09-18T16:35:10Z</time></rtept><rtept lat="42.228373" lon="-73.249598"><ele>558.6</ele><time>2026-09-18T16:35:10Z</time></rtept><rtept lat="42.228342" lon="-73.249534"><ele>558.2</ele><time>2026-09-18T16:35:10Z</time></rtept><rtept lat="42.228341" lon="-73.249485"><ele>558.2</ele><time>2026-09-18T16:35:10Z</time></rtept><rtept lat="42.228345" lon="-73.249353"><ele>557.4</ele><time>2026-09-18T16:35:10Z</time></rtept><rtept lat="42.228289" lon="-73.249249"><ele>557.4</ele><time>2026-09-18T16:35:10Z</time></rtept><rtept lat="42.228254" lon="-73.249192"><ele>557.4</ele><time>2026-09-18T16:35:10Z</time></rtept><rtept lat="42.228234" lon="-73.249115"><ele>557.4</ele><time>2026-09-18T16:35:10Z</time></rtept><rtept lat="42.228225" lon="-73.249044"><ele>557.0</ele><time>2026-09-18T16:35:10Z</time></rtept><rtept lat="42.228215" lon="-73.248963"><ele>556.6</ele><time>2026-09-18T16:35:10Z</time></rtept><rtept lat="42.228196" lon="-73.248892"><ele>556.4</ele><time>2026-09-18T16:35:10Z</time></rtept><rtept lat="42.228221" lon="-73.248775"><ele>556.0</ele><time>2026-09-18T16:35:10Z</time></rtept><rtept lat="42.228289" lon="-73.248644"><ele>555.4</ele><time>2026-09-18T16:35:10Z</time></rtept><rtept lat="42.228368" lon="-73.248541"><ele>554.8</ele><time>2026-09-18T16:35:10Z</time></rtept><rtept lat="42.228467" lon="-73.248378"><ele>553.4</ele><time>2026-09-18T16:35:10Z</time></rtept><rtept lat="42.228584" lon="-73.24825"><ele>551.2</ele><time>2026-09-18T16:35:10Z</time></rtept><rtept lat="42.228672" lon="-73.24821"><ele>550.8</ele><time>2026-09-18T16:35:10Z</time></rtept><rtept lat="42.228803" lon="-73.248148"><ele>549.2</ele><time>2026-09-18T16:35:10Z</time></rtept><rtept lat="42.228892" lon="-73.248108"><ele>548.8</ele><time>2026-09-18T16:35:10Z</time></rtept><rtept lat="42.228941" lon="-73.248085"><ele>548.2</ele><time>2026-09-18T16:35:10Z</time></rtept><rtept lat="42.229029" lon="-73.248063"><ele>546.4</ele><time>2026-09-18T16:35:10Z</time></rtept><rtept lat="42.229064" lon="-73.248089"><ele>547.0</ele><time>2026-09-18T16:35:10Z</time></rtept><rtept lat="42.229162" lon="-73.248138"><ele>546.2</ele><time>2026-09-18T16:35:10Z</time></rtept><rtept lat="42.229202" lon="-73.248108"><ele>546.2</ele><time>2026-09-18T16:35:10Z</time></rtept><rtept lat="42.229258" lon="-73.248069"><ele>545.6</ele><time>2026-09-18T16:35:10Z</time></rtept><rtept lat="42.229318" lon="-73.248022"><ele>545.2</ele><time>2026-09-18T16:35:10Z</time></rtept><rtept lat="42.229376" lon="-73.24798"><ele>544.4</ele><time>2026-09-18T16:35:10Z</time></rtept><rtept lat="42.229277" lon="-73.24777"><ele>544.6</ele><time>2026-09-18T16:35:10Z</time></rtept><rtept lat="42.229193" lon="-73.247603"><ele>545.6</ele><time>2026-09-18T16:35:10Z</time></rtept><rtept lat="42.229169" lon="-73.247533"><ele>545.8</ele><time>2026-09-18T16:35:10Z</time></rtept><rtept lat="42.229207" lon="-73.247494"><ele>545.8</ele><time>2026-09-18T16:35:10Z</time></rtept><rtept lat="42.229271" lon="-73.24744"><ele>545.8</ele><time>2026-09-18T16:35:10Z</time></rtept><rtept lat="42.229305" lon="-73.24744"><ele>545.2</ele><time>2026-09-18T16:35:10Z</time></rtept><rtept lat="42.229338" lon="-73.2474"><ele>545.2</ele><time>2026-09-18T16:35:10Z</time></rtept><rtept lat="42.22938" lon="-73.2474"><ele>544.8</ele><time>2026-09-18T16:35:10Z</time></rtept><rtept lat="42.229426" lon="-73.247408"><ele>544.2</ele><time>2026-09-18T16:35:10Z</time></rtept><rtept lat="42.229489" lon="-73.24741"><ele>543.6</ele><time>2026-09-18T16:35:10Z</time></rtept><rtept lat="42.229567" lon="-73.247526"><ele>543.0</ele><time>2026-09-18T16:35:10Z</time></rtept><rtept lat="42.229604" lon="-73.247544"><ele>542.8</ele><time>2026-09-18T16:35:10Z</time></rtept><rtept lat="42.229644" lon="-73.247548"><ele>542.8</ele><time>2026-09-18T16:35:10Z</time></rtept><rtept lat="42.229722" lon="-73.247593"><ele>542.2</ele><time>2026-09-18T16:35:10Z</time></rtept><rtept lat="42.229761" lon="-73.247625"><ele>542.0</ele><time>2026-09-18T16:35:10Z</time></rtept><rtept lat="42.229828" lon="-73.247625"><ele>541.6</ele><time>2026-09-18T16:35:10Z</time></rtept><rtept lat="42.229945" lon="-73.247663"><ele>540.8</ele><time>2026-09-18T16:35:10Z</time></rtept><rtept lat="42.230049" lon="-73.247679"><ele>540.6</ele><time>2026-09-18T16:35:10Z</time></rtept><rtept lat="42.230197" lon="-73.247761"><ele>540.6</ele><time>2026-09-18T16:35:10Z</time></rtept><rtept lat="42.230315" lon="-73.247823"><ele>540.4</ele><time>2026-09-18T16:35:10Z</time></rtept><rtept lat="42.230406" lon="-73.247871"><ele>539.8</ele><time>2026-09-18T16:35:10Z</time></rtept><rtept lat="42.230497" lon="-73.247883"><ele>539.0</ele><time>2026-09-18T16:35:10Z</time></rtept><rtept lat="42.230575" lon="-73.247864"><ele>538.4</ele><time>2026-09-18T16:35:10Z</time></rtept><rtept lat="42.230661" lon="-73.247829"><ele>537.6</ele><time>2026-09-18T16:35:10Z</time></rtept><rtept lat="42.230733" lon="-73.247788"><ele>537.4</ele><time>2026-09-18T16:35:10Z</time></rtept><rtept lat="42.230804" lon="-73.247692"><ele>537.0</ele><time>2026-09-18T16:35:10Z</time></rtept><rtept lat="42.23087" lon="-73.247644"><ele>535.8</ele><time>2026-09-18T16:35:10Z</time></rtept><rtept lat="42.230974" lon="-73.247568"><ele>534.8</ele><time>2026-09-18T16:35:10Z</time></rtept><rtept lat="42.231049" lon="-73.247523"><ele>534.2</ele><time>2026-09-18T16:35:10Z</time></rtept><rtept lat="42.231139" lon="-73.247501"><ele>532.2</ele><time>2026-09-18T16:35:10Z</time></rtept><rtept lat="42.231151" lon="-73.247497"><ele>532.2</ele><time>2026-09-18T16:35:10Z</time></rtept><rtept lat="42.231236" lon="-73.247458"><ele>531.8</ele><time>2026-09-18T16:35:10Z</time></rtept><rtept lat="42.231331" lon="-73.247419"><ele>529.8</ele><time>2026-09-18T16:35:10Z</time></rtept><rtept lat="42.23143" lon="-73.247333"><ele>529.8</ele><time>2026-09-18T16:35:10Z</time></rtept><rtept lat="42.231465" lon="-73.247252"><ele>529.6</ele><time>2026-09-18T16:35:10Z</time></rtept><rtept lat="42.231622" lon="-73.247217"><ele>528.4</ele><time>2026-09-18T16:35:10Z</time></rtept><rtept lat="42.231684" lon="-73.247181"><ele>527.4</ele><time>2026-09-18T16:35:10Z</time></rtept><rtept lat="42.231732" lon="-73.247204"><ele>526.8</ele><time>2026-09-18T16:35:10Z</time></rtept><rtept lat="42.231786" lon="-73.247211"><ele>526.0</ele><time>2026-09-18T16:35:10Z</time></rtept><rtept lat="42.231834" lon="-73.247241"><ele>525.0</ele><time>2026-09-18T16:35:10Z</time></rtept><rtept lat="42.231871" lon="-73.247321"><ele>524.8</ele><time>2026-09-18T16:35:10Z</time></rtept><rtept lat="42.23192" lon="-73.247415"><ele>524.4</ele><time>2026-09-18T16:35:10Z</time></rtept><rtept lat="42.231962" lon="-73.247493"><ele>524.6</ele><time>2026-09-18T16:35:10Z</time></rtept><rtept lat="42.232096" lon="-73.247603"><ele>524.6</ele><time>2026-09-18T16:35:10Z</time></rtept><rtept lat="42.232261" lon="-73.24766"><ele>524.2</ele><time>2026-09-18T16:35:10Z</time></rtept><rtept lat="42.232323" lon="-73.247677"><ele>523.8</ele><time>2026-09-18T16:35:10Z</time></rtept><rtept lat="42.232477" lon="-73.247608"><ele>522.4</ele><time>2026-09-18T16:35:10Z</time></rtept><rtept lat="42.232589" lon="-73.247549"><ele>521.6</ele><time>2026-09-18T16:35:10Z</time></rtept><rtept lat="42.232713" lon="-73.247458"><ele>520.6</ele><time>2026-09-18T16:35:10Z</time></rtept><rtept lat="42.232766" lon="-73.24744"><ele>520.6</ele><time>2026-09-18T16:35:10Z</time></rtept><rtept lat="42.23282" lon="-73.247471"><ele>520.2</ele><time>2026-09-18T16:35:10Z</time></rtept><rtept lat="42.232876" lon="-73.247501"><ele>520.2</ele><time>2026-09-18T16:35:10Z</time></rtept><rtept lat="42.232923" lon="-73.247554"><ele>520.0</ele><time>2026-09-18T16:35:10Z</time></rtept><rtept lat="42.233014" lon="-73.247666"><ele>520.0</ele><time>2026-09-18T16:35:10Z</time></rtept><rtept lat="42.233081" lon="-73.247736"><ele>519.6</ele><time>2026-09-18T16:35:10Z</time></rtept><rtept lat="42.23313" lon="-73.24774"><ele>519.6</ele><time>2026-09-18T16:35:10Z</time></rtept><rtept lat="42.233199" lon="-73.247711"><ele>519.6</ele><time>2026-09-18T16:35:10Z</time></rtept><rtept lat="42.233274" lon="-73.247685"><ele>519.6</ele><time>2026-09-18T16:35:10Z</time></rtept><rtept lat="42.233311" lon="-73.247633"><ele>520.2</ele><time>2026-09-18T16:35:10Z</time></rtept><rtept lat="42.233317" lon="-73.247551"><ele>520.6</ele><time>2026-09-18T16:35:10Z</time></rtept><rtept lat="42.233319" lon="-73.247471"><ele>521.2</ele><time>2026-09-18T16:35:10Z</time></rtept><rtept lat="42.233351" lon="-73.247295"><ele>522.0</ele><time>2026-09-18T16:35:10Z</time></rtept><rtept lat="42.233376" lon="-73.247207"><ele>522.4</ele><time>2026-09-18T16:35:10Z</time></rtept><rtept lat="42.233439" lon="-73.247135"><ele>523.0</ele><time>2026-09-18T16:35:10Z</time></rtept><rtept lat="42.233535" lon="-73.24705"><ele>523.4</ele><time>2026-09-18T16:35:10Z</time></rtept><rtept lat="42.233644" lon="-73.247023"><ele>523.2</ele><time>2026-09-18T16:35:10Z</time></rtept><rtept lat="42.233757" lon="-73.246931"><ele>523.4</ele><time>2026-09-18T16:35:10Z</time></rtept><rtept lat="42.234025" lon="-73.246764"><ele>523.6</ele><time>2026-09-18T16:35:10Z</time></rtept><rtept lat="42.234207" lon="-73.246583"><ele>523.8</ele><time>2026-09-18T16:35:10Z</time></rtept><rtept lat="42.234289" lon="-73.246519"><ele>524.0</ele><time>2026-09-18T16:35:10Z</time></rtept><rtept lat="42.234393" lon="-73.246454"><ele>523.8</ele><time>2026-09-18T16:35:10Z</time></rtept><rtept lat="42.234507" lon="-73.246382"><ele>523.4</ele><time>2026-09-18T16:35:10Z</time></rtept><rtept lat="42.234596" lon="-73.246323"><ele>523.4</ele><time>2026-09-18T16:35:10Z</time></rtept><rtept lat="42.234685" lon="-73.246276"><ele>522.8</ele><time>2026-09-18T16:35:10Z</time></rtept><rtept lat="42.234761" lon="-73.246214"><ele>522.4</ele><time>2026-09-18T16:35:10Z</time></rtept><rtept lat="42.234855" lon="-73.246208"><ele>521.8</ele><time>2026-09-18T16:35:10Z</time></rtept><rtept lat="42.234946" lon="-73.246249"><ele>520.6</ele><time>2026-09-18T16:35:10Z</time></rtept><rtept lat="42.235041" lon="-73.246241"><ele>519.8</ele><time>2026-09-18T16:35:10Z</time></rtept><rtept lat="42.235077" lon="-73.24623"><ele>519.4</ele><time>2026-09-18T16:35:10Z</time></rtept><rtept lat="42.235114" lon="-73.246169"><ele>519.6</ele><time>2026-09-18T16:35:10Z</time></rtept><rtept lat="42.235134" lon="-73.24606"><ele>519.2</ele><time>2026-09-18T16:35:10Z</time></rtept><rtept lat="42.235256" lon="-73.245888"><ele>518.4</ele><time>2026-09-18T16:35:10Z</time></rtept><rtept lat="42.235303" lon="-73.245761"><ele>518.6</ele><time>2026-09-18T16:35:10Z</time></rtept><rtept lat="42.23534" lon="-73.245711"><ele>518.2</ele><time>2026-09-18T16:35:10Z</time></rtept><rtept lat="42.235367" lon="-73.245669"><ele>518.2</ele><time>2026-09-18T16:35:10Z</time></rtept><rtept lat="42.235376" lon="-73.245646"><ele>518.2</ele><time>2026-09-18T16:35:10Z</time></rtept><rtept lat="42.235444" lon="-73.245579"><ele>518.2</ele><time>2026-09-18T16:35:10Z</time></rtept><rtept lat="42.235591" lon="-73.245424"><ele>517.8</ele><time>2026-09-18T16:35:10Z</time></rtept><rtept lat="42.235651" lon="-73.245332"><ele>518.0</ele><time>2026-09-18T16:35:10Z</time></rtept><rtept lat="42.235736" lon="-73.245276"><ele>518.0</ele><time>2026-09-18T16:35:10Z</time></rtept><rtept lat="42.235914" lon="-73.245269"><ele>519.2</ele><time>2026-09-18T16:35:10Z</time></rtept><rtept lat="42.236086" lon="-73.245441"><ele>522.4</ele><time>2026-09-18T16:35:10Z</time></rtept><rtept lat="42.236181" lon="-73.245601"><ele>523.6</ele><time>2026-09-18T16:35:10Z</time></rtept><rtept lat="42.236253" lon="-73.245817"><ele>523.8</ele><time>2026-09-18T16:35:10Z</time></rtept><rtept lat="42.236327" lon="-73.245932"><ele>524.2</ele><time>2026-09-18T16:35:10Z</time></rtept><rtept lat="42.236327" lon="-73.245932"><ele>524.2</ele><time>2026-09-18T16:35:10Z</time></rtept><rtept lat="42.236384" lon="-73.24602"><ele>524.4</ele><time>2026-09-18T16:35:10Z</time></rtept><rtept lat="42.236488" lon="-73.246214"><ele>524.4</ele><time>2026-09-18T16:35:10Z</time></rtept><rtept lat="42.236592" lon="-73.246348"><ele>526.0</ele><time>2026-09-18T16:35:10Z</time></rtept><rtept lat="42.236616" lon="-73.246396"><ele>525.2</ele><time>2026-09-18T16:35:10Z</time></rtept><rtept lat="42.236669" lon="-73.246575"><ele>524.2</ele><time>2026-09-18T16:35:10Z</time></rtept><rtept lat="42.236754" lon="-73.246698"><ele>523.8</ele><time>2026-09-18T16:35:10Z</time></rtept><rtept lat="42.236824" lon="-73.24685"><ele>522.6</ele><time>2026-09-18T16:35:10Z</time></rtept><rtept lat="42.236912" lon="-73.247007"><ele>522.8</ele><time>2026-09-18T16:35:10Z</time></rtept><rtept lat="42.237049" lon="-73.24741"><ele>520.2</ele><time>2026-09-18T16:35:10Z</time></rtept><rtept lat="42.237269" lon="-73.247731"><ele>520.4</ele><time>2026-09-18T16:35:10Z</time></rtept><rtept lat="42.23737" lon="-73.247957"><ele>519.4</ele><time>2026-09-18T16:35:10Z</time></rtept><rtept lat="42.23745" lon="-73.248034"><ele>519.4</ele><time>2026-09-18T16:35:10Z</time></rtept><rtept lat="42.23749" lon="-73.248101"><ele>519.2</ele><time>2026-09-18T16:35:10Z</time></rtept><rtept lat="42.237522" lon="-73.2482"><ele>518.4</ele><time>2026-09-18T16:35:10Z</time></rtept><rtept lat="42.237581" lon="-73.248252"><ele>519.0</ele><time>2026-09-18T16:35:10Z</time></rtept><rtept lat="42.237674" lon="-73.248236"><ele>519.4</ele><time>2026-09-18T16:35:10Z</time></rtept><rtept lat="42.237732" lon="-73.248198"><ele>519.4</ele><time>2026-09-18T16:35:10Z</time></rtept><rtept lat="42.237818" lon="-73.248172"><ele>519.4</ele><time>2026-09-18T16:35:10Z</time></rtept><rtept lat="42.237895" lon="-73.248188"><ele>519.4</ele><time>2026-09-18T16:35:10Z</time></rtept><rtept lat="42.238036" lon="-73.248284"><ele>518.8</ele><time>2026-09-18T16:35:10Z</time></rtept><rtept lat="42.238084" lon="-73.248349"><ele>518.8</ele><time>2026-09-18T16:35:10Z</time></rtept><rtept lat="42.238124" lon="-73.248434"><ele>518.8</ele><time>2026-09-18T16:35:10Z</time></rtept><rtept lat="42.23813" lon="-73.248591"><ele>518.8</ele><time>2026-09-18T16:35:10Z</time></rtept><rtept lat="42.238147" lon="-73.248702"><ele>518.6</ele><time>2026-09-18T16:35:10Z</time></rtept><rtept lat="42.238143" lon="-73.248807"><ele>518.4</ele><time>2026-09-18T16:35:10Z</time></rtept><rtept lat="42.238183" lon="-73.248951"><ele>518.4</ele><time>2026-09-18T16:35:10Z</time></rtept><rtept lat="42.238236" lon="-73.249053"><ele>518.0</ele><time>2026-09-18T16:35:10Z</time></rtept><rtept lat="42.238324" lon="-73.249133"><ele>518.6</ele><time>2026-09-18T16:35:10Z</time></rtept><rtept lat="42.238385" lon="-73.249218"><ele>518.4</ele><time>2026-09-18T16:35:10Z</time></rtept><rtept lat="42.238396" lon="-73.249304"><ele>518.0</ele><time>2026-09-18T16:35:10Z</time></rtept><rtept lat="42.238465" lon="-73.24943"><ele>517.8</ele><time>2026-09-18T16:35:10Z</time></rtept><rtept lat="42.238505" lon="-73.249483"><ele>518.0</ele><time>2026-09-18T16:35:10Z</time></rtept><rtept lat="42.238647" lon="-73.249507"><ele>519.0</ele><time>2026-09-18T16:35:10Z</time></rtept><rtept lat="42.238657" lon="-73.249528"><ele>519.0</ele><time>2026-09-18T16:35:10Z</time></rtept><rtept lat="42.238745" lon="-73.249512"><ele>519.8</ele><time>2026-09-18T16:35:10Z</time></rtept><rtept lat="42.238822" lon="-73.249438"><ele>521.4</ele><time>2026-09-18T16:35:10Z</time></rtept><rtept lat="42.238877" lon="-73.249323"><ele>521.8</ele><time>2026-09-18T16:35:10Z</time></rtept><rtept lat="42.238988" lon="-73.249221"><ele>522.0</ele><time>2026-09-18T16:35:10Z</time></rtept><rtept lat="42.23905" lon="-73.249178"><ele>522.2</ele><time>2026-09-18T16:35:10Z</time></rtept><rtept lat="42.239136" lon="-73.249102"><ele>523.0</ele><time>2026-09-18T16:35:10Z</time></rtept><rtept lat="42.239191" lon="-73.248954"><ele>522.4</ele><time>2026-09-18T16:35:10Z</time></rtept><rtept lat="42.239204" lon="-73.24888"><ele>522.6</ele><time>2026-09-18T16:35:10Z</time></rtept><rtept lat="42.239296" lon="-73.248679"><ele>522.0</ele><time>2026-09-18T16:35:10Z</time></rtept><rtept lat="42.239315" lon="-73.248565"><ele>521.6</ele><time>2026-09-18T16:35:10Z</time></rtept><rtept lat="42.239317" lon="-73.248501"><ele>521.2</ele><time>2026-09-18T16:35:10Z</time></rtept><rtept lat="42.239381" lon="-73.248387"><ele>521.4</ele><time>2026-09-18T16:35:10Z</time></rtept><rtept lat="42.23941" lon="-73.248296"><ele>521.8</ele><time>2026-09-18T16:35:10Z</time></rtept><rtept lat="42.239497" lon="-73.248208"><ele>522.2</ele><time>2026-09-18T16:35:10Z</time></rtept><rtept lat="42.239539" lon="-73.248058"><ele>522.6</ele><time>2026-09-18T16:35:10Z</time></rtept><rtept lat="42.239553" lon="-73.247909"><ele>522.0</ele><time>2026-09-18T16:35:10Z</time></rtept><rtept lat="42.239587" lon="-73.247836"><ele>522.8</ele><time>2026-09-18T16:35:10Z</time></rtept><rtept lat="42.239578" lon="-73.247717"><ele>521.8</ele><time>2026-09-18T16:35:10Z</time></rtept><rtept lat="42.23955" lon="-73.247528"><ele>520.8</ele><time>2026-09-18T16:35:10Z</time></rtept><rtept lat="42.239595" lon="-73.24736"><ele>520.8</ele><time>2026-09-18T16:35:10Z</time></rtept><rtept lat="42.239593" lon="-73.247164"><ele>520.6</ele><time>2026-09-18T16:35:10Z</time></rtept><rtept lat="42.239611" lon="-73.24709"><ele>520.6</ele><time>2026-09-18T16:35:10Z</time></rtept><rtept lat="42.23967" lon="-73.247006"><ele>520.6</ele><time>2026-09-18T16:35:10Z</time></rtept><rtept lat="42.239856" lon="-73.246825"><ele>521.0</ele><time>2026-09-18T16:35:10Z</time></rtept><rtept lat="42.240013" lon="-73.246761"><ele>521.4</ele><time>2026-09-18T16:35:10Z</time></rtept><rtept lat="42.240078" lon="-73.246695"><ele>521.6</ele><time>2026-09-18T16:35:10Z</time></rtept><rtept lat="42.240196" lon="-73.246592"><ele>523.0</ele><time>2026-09-18T16:35:10Z</time></rtept><rtept lat="42.240273" lon="-73.246469"><ele>524.2</ele><time>2026-09-18T16:35:10Z</time></rtept><rtept lat="42.240367" lon="-73.246384"><ele>526.8</ele><time>2026-09-18T16:35:10Z</time></rtept><rtept lat="42.240559" lon="-73.246334"><ele>528.8</ele><time>2026-09-18T16:35:10Z</time></rtept><rtept lat="42.240782" lon="-73.246226"><ele>529.8</ele><time>2026-09-18T16:35:10Z</time></rtept><rtept lat="42.240884" lon="-73.246176"><ele>530.6</ele><time>2026-09-18T16:35:10Z</time></rtept><rtept lat="42.241093" lon="-73.246191"><ele>532.8</ele><time>2026-09-18T16:35:10Z</time></rtept><rtept lat="42.241161" lon="-73.246108"><ele>533.4</ele><time>2026-09-18T16:35:10Z</time></rtept><rtept lat="42.241319" lon="-73.246013"><ele>535.2</ele><time>2026-09-18T16:35:10Z</time></rtept><rtept lat="42.24141" lon="-73.245831"><ele>536.0</ele><time>2026-09-18T16:35:10Z</time></rtept><rtept lat="42.241443" lon="-73.245772"><ele>536.6</ele><time>2026-09-18T16:35:10Z</time></rtept><rtept lat="42.241447" lon="-73.245712"><ele>536.8</ele><time>2026-09-18T16:35:10Z</time></rtept><rtept lat="42.241469" lon="-73.245604"><ele>537.0</ele><time>2026-09-18T16:35:10Z</time></rtept><rtept lat="42.241595" lon="-73.245442"><ele>538.2</ele><time>2026-09-18T16:35:10Z</time></rtept><rtept lat="42.241658" lon="-73.245389"><ele>538.8</ele><time>2026-09-18T16:35:10Z</time></rtept><rtept lat="42.241752" lon="-73.245218"><ele>539.6</ele><time>2026-09-18T16:35:10Z</time></rtept><rtept lat="42.242128" lon="-73.24481"><ele>540.6</ele><time>2026-09-18T16:35:10Z</time></rtept><rtept lat="42.242302" lon="-73.244508"><ele>540.2</ele><time>2026-09-18T16:35:10Z</time></rtept><rtept lat="42.242429" lon="-73.244331"><ele>540.8</ele><time>2026-09-18T16:35:10Z</time></rtept><rtept lat="42.242484" lon="-73.244191"><ele>540.4</ele><time>2026-09-18T16:35:10Z</time></rtept><rtept lat="42.242527" lon="-73.244171"><ele>541.6</ele><time>2026-09-18T16:35:10Z</time></rtept><rtept lat="42.242565" lon="-73.244129"><ele>542.6</ele><time>2026-09-18T16:35:10Z</time></rtept><rtept lat="42.242583" lon="-73.244039"><ele>542.0</ele><time>2026-09-18T16:35:10Z</time></rtept><rtept lat="42.242591" lon="-73.243898"><ele>542.2</ele><time>2026-09-18T16:35:10Z</time></rtept><rtept lat="42.242564" lon="-73.243813"><ele>543.0</ele><time>2026-09-18T16:35:10Z</time></rtept><rtept lat="42.242505" lon="-73.243688"><ele>543.2</ele><time>2026-09-18T16:35:10Z</time></rtept><rtept lat="42.242439" lon="-73.243533"><ele>541.8</ele><time>2026-09-18T16:35:10Z</time></rtept><rtept lat="42.242417" lon="-73.243408"><ele>540.6</ele><time>2026-09-18T16:35:10Z</time></rtept><rtept lat="42.242385" lon="-73.243283"><ele>541.2</ele><time>2026-09-18T16:35:10Z</time></rtept><rtept lat="42.242369" lon="-73.243192"><ele>540.2</ele><time>2026-09-18T16:35:10Z</time></rtept><rtept lat="42.242393" lon="-73.243048"><ele>543.6</ele><time>2026-09-18T16:35:10Z</time></rtept><rtept lat="42.242399" lon="-73.242933"><ele>544.4</ele><time>2026-09-18T16:35:10Z</time></rtept><rtept lat="42.242406" lon="-73.242868"><ele>545.2</ele><time>2026-09-18T16:35:10Z</time></rtept><rtept lat="42.24243" lon="-73.242796"><ele>545.6</ele><time>2026-09-18T16:35:10Z</time></rtept><rtept lat="42.24245" lon="-73.242756"><ele>548.0</ele><time>2026-09-18T16:35:10Z</time></rtept><rtept lat="42.242532" lon="-73.242627"><ele>551.0</ele><time>2026-09-18T16:35:10Z</time></rtept><rtept lat="42.242609" lon="-73.242502"><ele>554.4</ele><time>2026-09-18T16:35:10Z</time></rtept><rtept lat="42.242647" lon="-73.242406"><ele>556.0</ele><time>2026-09-18T16:35:10Z</time></rtept><rtept lat="42.24274" lon="-73.242305"><ele>557.0</ele><time>2026-09-18T16:35:10Z</time></rtept><rtept lat="42.242777" lon="-73.242227"><ele>557.6</ele><time>2026-09-18T16:35:10Z</time></rtept><rtept lat="42.242833" lon="-73.24211"><ele>558.4</ele><time>2026-09-18T16:35:10Z</time></rtept><rtept lat="42.242854" lon="-73.242041"><ele>558.2</ele><time>2026-09-18T16:35:10Z</time></rtept><rtept lat="42.242817" lon="-73.241958"><ele>558.4</ele><time>2026-09-18T16:35:10Z</time></rtept><rtept lat="42.242836" lon="-73.241873"><ele>559.0</ele><time>2026-09-18T16:35:10Z</time></rtept><rtept lat="42.242895" lon="-73.241803"><ele>561.0</ele><time>2026-09-18T16:35:10Z</time></rtept><rtept lat="42.242985" lon="-73.24178"><ele>562.4</ele><time>2026-09-18T16:35:10Z</time></rtept><rtept lat="42.243014" lon="-73.241689"><ele>563.6</ele><time>2026-09-18T16:35:10Z</time></rtept><rtept lat="42.243117" lon="-73.241719"><ele>564.4</ele><time>2026-09-18T16:35:10Z</time></rtept><rtept lat="42.243172" lon="-73.241625"><ele>565.2</ele><time>2026-09-18T16:35:10Z</time></rtept><rtept lat="42.243262" lon="-73.241442"><ele>567.4</ele><time>2026-09-18T16:35:10Z</time></rtept><rtept lat="42.243321" lon="-73.241336"><ele>567.4</ele><time>2026-09-18T16:35:10Z</time></rtept><rtept lat="42.243424" lon="-73.241191"><ele>569.6</ele><time>2026-09-18T16:35:10Z</time></rtept><rtept lat="42.243405" lon="-73.241013"><ele>569.2</ele><time>2026-09-18T16:35:10Z</time></rtept><rtept lat="42.243413" lon="-73.24087"><ele>568.2</ele><time>2026-09-18T16:35:10Z</time></rtept><rtept lat="42.243431" lon="-73.240717"><ele>567.4</ele><time>2026-09-18T16:35:10Z</time></rtept><rtept lat="42.243456" lon="-73.240545"><ele>566.2</ele><time>2026-09-18T16:35:10Z</time></rtept><rtept lat="42.243493" lon="-73.240435"><ele>564.8</ele><time>2026-09-18T16:35:10Z</time></rtept><rtept lat="42.243555" lon="-73.240228"><ele>564.2</ele><time>2026-09-18T16:35:10Z</time></rtept><rtept lat="42.243577" lon="-73.240125"><ele>563.8</ele><time>2026-09-18T16:35:10Z</time></rtept><rtept lat="42.243633" lon="-73.239936"><ele>563.4</ele><time>2026-09-18T16:35:10Z</time></rtept><rtept lat="42.243701" lon="-73.239823"><ele>562.8</ele><time>2026-09-18T16:35:10Z</time></rtept><rtept lat="42.243716" lon="-73.239715"><ele>562.8</ele><time>2026-09-18T16:35:10Z</time></rtept><rtept lat="42.243716" lon="-73.239542"><ele>561.0</ele><time>2026-09-18T16:35:10Z</time></rtept><rtept lat="42.243749" lon="-73.239448"><ele>560.0</ele><time>2026-09-18T16:35:10Z</time></rtept><rtept lat="42.243809" lon="-73.239181"><ele>557.6</ele><time>2026-09-18T16:35:10Z</time></rtept><rtept lat="42.243939" lon="-73.238999"><ele>557.4</ele><time>2026-09-18T16:35:10Z</time></rtept><rtept lat="42.243939" lon="-73.238856"><ele>555.4</ele><time>2026-09-18T16:35:10Z</time></rtept><rtept lat="42.244005" lon="-73.238802"><ele>555.2</ele><time>2026-09-18T16:35:10Z</time></rtept><rtept lat="42.244056" lon="-73.238708"><ele>554.8</ele><time>2026-09-18T16:35:10Z</time></rtept><rtept lat="42.244045" lon="-73.238565"><ele>553.8</ele><time>2026-09-18T16:35:10Z</time></rtept><rtept lat="42.244041" lon="-73.238199"><ele>545.6</ele><time>2026-09-18T16:35:10Z</time></rtept><rtept lat="42.24406" lon="-73.238017"><ele>543.2</ele><time>2026-09-18T16:35:10Z</time></rtept><rtept lat="42.244209" lon="-73.237977"><ele>542.6</ele><time>2026-09-18T16:35:10Z</time></rtept><rtept lat="42.244304" lon="-73.237883"><ele>541.6</ele><time>2026-09-18T16:35:10Z</time></rtept><rtept lat="42.244356" lon="-73.237804"><ele>540.6</ele><time>2026-09-18T16:35:10Z</time></rtept><rtept lat="42.244432" lon="-73.237745"><ele>539.8</ele><time>2026-09-18T16:35:10Z</time></rtept><rtept lat="42.244517" lon="-73.237574"><ele>539.0</ele><time>2026-09-18T16:35:10Z</time></rtept><rtept lat="42.244576" lon="-73.237534"><ele>537.2</ele><time>2026-09-18T16:35:10Z</time></rtept><rtept lat="42.244605" lon="-73.237467"><ele>535.4</ele><time>2026-09-18T16:35:10Z</time></rtept><rtept lat="42.244605" lon="-73.237315"><ele>534.6</ele><time>2026-09-18T16:35:10Z</time></rtept><rtept lat="42.24464" lon="-73.237121"><ele>533.4</ele><time>2026-09-18T16:35:10Z</time></rtept><rtept lat="42.24467" lon="-73.23702"><ele>530.2</ele><time>2026-09-18T16:35:10Z</time></rtept><rtept lat="42.244681" lon="-73.236876"><ele>528.6</ele><time>2026-09-18T16:35:10Z</time></rtept><rtept lat="42.244711" lon="-73.23678"><ele>527.8</ele><time>2026-09-18T16:35:10Z</time></rtept><rtept lat="42.244736" lon="-73.236718"><ele>524.4</ele><time>2026-09-18T16:35:10Z</time></rtept><rtept lat="42.244747" lon="-73.236619"><ele>523.8</ele><time>2026-09-18T16:35:10Z</time></rtept><rtept lat="42.244795" lon="-73.236477"><ele>523.2</ele><time>2026-09-18T16:35:10Z</time></rtept><rtept lat="42.244829" lon="-73.236419"><ele>523.2</ele><time>2026-09-18T16:35:10Z</time></rtept><rtept lat="42.244893" lon="-73.236347"><ele>523.2</ele><time>2026-09-18T16:35:10Z</time></rtept><rtept lat="42.244899" lon="-73.23632"><ele>524.8</ele><time>2026-09-18T16:35:10Z</time></rtept><rtept lat="42.244957" lon="-73.236232"><ele>524.8</ele><time>2026-09-18T16:35:10Z</time></rtept><rtept lat="42.245042" lon="-73.236083"><ele>523.6</ele><time>2026-09-18T16:35:10Z</time></rtept><rtept lat="42.24512" lon="-73.23593"><ele>526.2</ele><time>2026-09-18T16:35:10Z</time></rtept><rtept lat="42.245184" lon="-73.2359"><ele>525.6</ele><time>2026-09-18T16:35:10Z</time></rtept><rtept lat="42.245274" lon="-73.235844"><ele>526.6</ele><time>2026-09-18T16:35:10Z</time></rtept><rtept lat="42.245354" lon="-73.235786"><ele>527.2</ele><time>2026-09-18T16:35:10Z</time></rtept><rtept lat="42.24545" lon="-73.235626"><ele>527.8</ele><time>2026-09-18T16:35:10Z</time></rtept><rtept lat="42.245513" lon="-73.235645"><ele>524.6</ele><time>2026-09-18T16:35:10Z</time></rtept><rtept lat="42.245657" lon="-73.235518"><ele>524.0</ele><time>2026-09-18T16:35:10Z</time></rtept><rtept lat="42.245712" lon="-73.235418"><ele>523.4</ele><time>2026-09-18T16:35:10Z</time></rtept><rtept lat="42.245757" lon="-73.235298"><ele>522.6</ele><time>2026-09-18T16:35:10Z</time></rtept><rtept lat="42.245786" lon="-73.235222"><ele>523.6</ele><time>2026-09-18T16:35:10Z</time></rtept><rtept lat="42.245887" lon="-73.235142"><ele>519.6</ele><time>2026-09-18T16:35:10Z</time></rtept><rtept lat="42.245979" lon="-73.23515"><ele>517.0</ele><time>2026-09-18T16:35:10Z</time></rtept><rtept lat="42.246093" lon="-73.23506"><ele>512.8</ele><time>2026-09-18T16:35:10Z</time></rtept><rtept lat="42.246212" lon="-73.234987"><ele>509.4</ele><time>2026-09-18T16:35:10Z</time></rtept><rtept lat="42.246321" lon="-73.234969"><ele>505.2</ele><time>2026-09-18T16:35:10Z</time></rtept><rtept lat="42.246426" lon="-73.234873"><ele>504.2</ele><time>2026-09-18T16:35:10Z</time></rtept><rtept lat="42.246478" lon="-73.23485"><ele>503.4</ele><time>2026-09-18T16:35:10Z</time></rtept><rtept lat="42.246568" lon="-73.234797"><ele>500.4</ele><time>2026-09-18T16:35:10Z</time></rtept><rtept lat="42.246639" lon="-73.234753"><ele>499.6</ele><time>2026-09-18T16:35:10Z</time></rtept><rtept lat="42.246903" lon="-73.234615"><ele>494.4</ele><time>2026-09-18T16:35:10Z</time></rtept><rtept lat="42.247011" lon="-73.234505"><ele>489.0</ele><time>2026-09-18T16:35:10Z</time></rtept><rtept lat="42.247111" lon="-73.234509"><ele>486.0</ele><time>2026-09-18T16:35:10Z</time></rtept><rtept lat="42.247195" lon="-73.234491"><ele>484.0</ele><time>2026-09-18T16:35:10Z</time></rtept><rtept lat="42.24723" lon="-73.23442"><ele>481.0</ele><time>2026-09-18T16:35:10Z</time></rtept><rtept lat="42.24729" lon="-73.234452"><ele>480.4</ele><time>2026-09-18T16:35:10Z</time></rtept><rtept lat="42.247355" lon="-73.23441"><ele>477.0</ele><time>2026-09-18T16:35:10Z</time></rtept><rtept lat="42.247417" lon="-73.234459"><ele>476.4</ele><time>2026-09-18T16:35:10Z</time></rtept><rtept lat="42.247483" lon="-73.23453"><ele>474.6</ele><time>2026-09-18T16:35:10Z</time></rtept><rtept lat="42.24757" lon="-73.234533"><ele>472.4</ele><time>2026-09-18T16:35:10Z</time></rtept><rtept lat="42.247663" lon="-73.234501"><ele>466.2</ele><time>2026-09-18T16:35:10Z</time></rtept><rtept lat="42.247738" lon="-73.234461"><ele>462.4</ele><time>2026-09-18T16:35:10Z</time></rtept><rtept lat="42.247789" lon="-73.234453"><ele>458.2</ele><time>2026-09-18T16:35:10Z</time></rtept><rtept lat="42.247823" lon="-73.234433"><ele>456.0</ele><time>2026-09-18T16:35:10Z</time></rtept><rtept lat="42.24786" lon="-73.23442"><ele>453.0</ele><time>2026-09-18T16:35:10Z</time></rtept><rtept lat="42.247896" lon="-73.234417"><ele>453.0</ele><time>2026-09-18T16:35:10Z</time></rtept><rtept lat="42.247967" lon="-73.234463"><ele>450.0</ele><time>2026-09-18T16:35:10Z</time></rtept><rtept lat="42.248008" lon="-73.23451"><ele>450.0</ele><time>2026-09-18T16:35:10Z</time></rtept><rtept lat="42.248045" lon="-73.234524"><ele>449.4</ele><time>2026-09-18T16:35:10Z</time></rtept><rtept lat="42.248051" lon="-73.23456"><ele>449.4</ele><time>2026-09-18T16:35:10Z</time></rtept><rtept lat="42.248067" lon="-73.234677"><ele>451.0</ele><time>2026-09-18T16:35:10Z</time></rtept><rtept lat="42.24808" lon="-73.234792"><ele>454.2</ele><time>2026-09-18T16:35:10Z</time></rtept><rtept lat="42.248048" lon="-73.234888"><ele>455.6</ele><time>2026-09-18T16:35:10Z</time></rtept><rtept lat="42.24803" lon="-73.234962"><ele>456.6</ele><time>2026-09-18T16:35:10Z</time></rtept><rtept lat="42.248054" lon="-73.235031"><ele>456.6</ele><time>2026-09-18T16:35:10Z</time></rtept><rtept lat="42.248142" lon="-73.235061"><ele>456.4</ele><time>2026-09-18T16:35:10Z</time></rtept><rtept lat="42.248203" lon="-73.235031"><ele>454.2</ele><time>2026-09-18T16:35:10Z</time></rtept><rtept lat="42.248224" lon="-73.234991"><ele>452.6</ele><time>2026-09-18T16:35:10Z</time></rtept><rtept lat="42.248262" lon="-73.234986"><ele>452.6</ele><time>2026-09-18T16:35:10Z</time></rtept><rtept lat="42.248323" lon="-73.235002"><ele>450.8</ele><time>2026-09-18T16:35:10Z</time></rtept><rtept lat="42.248406" lon="-73.235037"><ele>449.6</ele><time>2026-09-18T16:35:10Z</time></rtept><rtept lat="42.248486" lon="-73.235037"><ele>445.4</ele><time>2026-09-18T16:35:10Z</time></rtept><rtept lat="42.248523" lon="-73.235005"><ele>444.6</ele><time>2026-09-18T16:35:10Z</time></rtept><rtept lat="42.248576" lon="-73.234973"><ele>442.6</ele><time>2026-09-18T16:35:10Z</time></rtept><rtept lat="42.248621" lon="-73.23493"><ele>439.2</ele><time>2026-09-18T16:35:10Z</time></rtept><rtept lat="42.248634" lon="-73.234878"><ele>439.2</ele><time>2026-09-18T16:35:10Z</time></rtept><rtept lat="42.248629" lon="-73.234824"><ele>437.6</ele><time>2026-09-18T16:35:10Z</time></rtept><rtept lat="42.248603" lon="-73.234725"><ele>436.0</ele><time>2026-09-18T16:35:10Z</time></rtept><rtept lat="42.248558" lon="-73.234589"><ele>435.0</ele><time>2026-09-18T16:35:10Z</time></rtept><rtept lat="42.248536" lon="-73.234512"><ele>434.4</ele><time>2026-09-18T16:35:10Z</time></rtept><rtept lat="42.248502" lon="-73.234432"><ele>435.8</ele><time>2026-09-18T16:35:10Z</time></rtept><rtept lat="42.248496" lon="-73.234395"><ele>435.8</ele><time>2026-09-18T16:35:10Z</time></rtept><rtept lat="42.248558" lon="-73.234315"><ele>434.8</ele><time>2026-09-18T16:35:10Z</time></rtept><rtept lat="42.24856" lon="-73.234232"><ele>435.2</ele><time>2026-09-18T16:35:10Z</time></rtept><rtept lat="42.248558" lon="-73.234197"><ele>435.2</ele><time>2026-09-18T16:35:10Z</time></rtept><rtept lat="42.248502" lon="-73.234131"><ele>437.0</ele><time>2026-09-18T16:35:10Z</time></rtept><rtept lat="42.248411" lon="-73.234064"><ele>438.8</ele><time>2026-09-18T16:35:10Z</time></rtept><rtept lat="42.248315" lon="-73.234013"><ele>441.0</ele><time>2026-09-18T16:35:10Z</time></rtept><rtept lat="42.248251" lon="-73.233936"><ele>442.2</ele><time>2026-09-18T16:35:10Z</time></rtept><rtept lat="42.248174" lon="-73.233859"><ele>443.6</ele><time>2026-09-18T16:35:10Z</time></rtept><rtept lat="42.248059" lon="-73.233784"><ele>446.4</ele><time>2026-09-18T16:35:10Z</time></rtept><rtept lat="42.247969" lon="-73.233774"><ele>447.6</ele><time>2026-09-18T16:35:10Z</time></rtept><rtept lat="42.247835" lon="-73.233747"><ele>451.0</ele><time>2026-09-18T16:35:10Z</time></rtept><rtept lat="42.247777" lon="-73.233699"><ele>451.0</ele><time>2026-09-18T16:35:10Z</time></rtept><rtept lat="42.247694" lon="-73.23367"><ele>451.8</ele><time>2026-09-18T16:35:10Z</time></rtept><rtept lat="42.247582" lon="-73.233656"><ele>452.4</ele><time>2026-09-18T16:35:10Z</time></rtept><rtept lat="42.247481" lon="-73.233636"><ele>452.8</ele><time>2026-09-18T16:35:10Z</time></rtept><rtept lat="42.247257" lon="-73.233444"><ele>455.0</ele><time>2026-09-18T16:35:10Z</time></rtept><rtept lat="42.247057" lon="-73.233332"><ele>455.2</ele><time>2026-09-18T16:35:10Z</time></rtept><rtept lat="42.246961" lon="-73.233294"><ele>455.6</ele><time>2026-09-18T16:35:10Z</time></rtept><rtept lat="42.246791" lon="-73.23314"><ele>456.4</ele><time>2026-09-18T16:35:10Z</time></rtept><rtept lat="42.246754" lon="-73.233094"><ele>456.0</ele><time>2026-09-18T16:35:10Z</time></rtept><rtept lat="42.246714" lon="-73.232988"><ele>457.0</ele><time>2026-09-18T16:35:10Z</time></rtept><rtept lat="42.246695" lon="-73.232838"><ele>459.0</ele><time>2026-09-18T16:35:10Z</time></rtept><rtept lat="42.246727" lon="-73.232771"><ele>459.8</ele><time>2026-09-18T16:35:10Z</time></rtept><rtept lat="42.246861" lon="-73.232706"><ele>461.6</ele><time>2026-09-18T16:35:10Z</time></rtept><rtept lat="42.246928" lon="-73.23266"><ele>462.2</ele><time>2026-09-18T16:35:10Z</time></rtept><rtept lat="42.246996" lon="-73.232576"><ele>464.4</ele><time>2026-09-18T16:35:10Z</time></rtept><rtept lat="42.247067" lon="-73.232532"><ele>468.0</ele><time>2026-09-18T16:35:10Z</time></rtept><rtept lat="42.247134" lon="-73.232456"><ele>471.6</ele><time>2026-09-18T16:35:10Z</time></rtept><rtept lat="42.24716" lon="-73.232392"><ele>472.2</ele><time>2026-09-18T16:35:10Z</time></rtept><rtept lat="42.247167" lon="-73.232332"><ele>473.6</ele><time>2026-09-18T16:35:10Z</time></rtept><rtept lat="42.247142" lon="-73.232185"><ele>476.2</ele><time>2026-09-18T16:35:10Z</time></rtept><rtept lat="42.247065" lon="-73.232033"><ele>476.2</ele><time>2026-09-18T16:35:10Z</time></rtept><rtept lat="42.247007" lon="-73.231746"><ele>479.2</ele><time>2026-09-18T16:35:10Z</time></rtept><rtept lat="42.247005" lon="-73.231523"><ele>482.0</ele><time>2026-09-18T16:35:10Z</time></rtept><rtept lat="42.247031" lon="-73.231273"><ele>487.4</ele><time>2026-09-18T16:35:10Z</time></rtept><rtept lat="42.247065" lon="-73.231115"><ele>489.2</ele><time>2026-09-18T16:35:10Z</time></rtept><rtept lat="42.247105" lon="-73.231022"><ele>490.2</ele><time>2026-09-18T16:35:10Z</time></rtept><rtept lat="42.247161" lon="-73.230962"><ele>490.4</ele><time>2026-09-18T16:35:10Z</time></rtept><rtept lat="42.247225" lon="-73.230873"><ele>489.8</ele><time>2026-09-18T16:35:10Z</time></rtept><rtept lat="42.247238" lon="-73.230795"><ele>489.4</ele><time>2026-09-18T16:35:10Z</time></rtept><rtept lat="42.247447" lon="-73.230659"><ele>486.2</ele><time>2026-09-18T16:35:10Z</time></rtept><rtept lat="42.247532" lon="-73.230655"><ele>484.2</ele><time>2026-09-18T16:35:10Z</time></rtept><rtept lat="42.247702" lon="-73.230713"><ele>482.8</ele><time>2026-09-18T16:35:10Z</time></rtept><rtept lat="42.247809" lon="-73.230745"><ele>481.0</ele><time>2026-09-18T16:35:10Z</time></rtept><rtept lat="42.24799" lon="-73.230782"><ele>477.4</ele><time>2026-09-18T16:35:10Z</time></rtept><rtept lat="42.248046" lon="-73.230751"><ele>476.4</ele><time>2026-09-18T16:35:10Z</time></rtept><rtept lat="42.248078" lon="-73.230682"><ele>475.6</ele><time>2026-09-18T16:35:10Z</time></rtept><rtept lat="42.248155" lon="-73.230482"><ele>471.6</ele><time>2026-09-18T16:35:10Z</time></rtept><rtept lat="42.248177" lon="-73.230336"><ele>470.4</ele><time>2026-09-18T16:35:10Z</time></rtept><rtept lat="42.24816" lon="-73.230208"><ele>467.6</ele><time>2026-09-18T16:35:10Z</time></rtept><rtept lat="42.248166" lon="-73.230056"><ele>463.4</ele><time>2026-09-18T16:35:10Z</time></rtept><rtept lat="42.248163" lon="-73.230015"><ele>463.4</ele><time>2026-09-18T16:35:10Z</time></rtept><rtept lat="42.248177" lon="-73.229951"><ele>461.0</ele><time>2026-09-18T16:35:10Z</time></rtept><rtept lat="42.248224" lon="-73.229891"><ele>459.8</ele><time>2026-09-18T16:35:10Z</time></rtept><rtept lat="42.248258" lon="-73.229874"><ele>457.2</ele><time>2026-09-18T16:35:10Z</time></rtept><rtept lat="42.248282" lon="-73.229844"><ele>455.8</ele><time>2026-09-18T16:35:10Z</time></rtept><rtept lat="42.248296" lon="-73.229771"><ele>453.4</ele><time>2026-09-18T16:35:10Z</time></rtept><rtept lat="42.248316" lon="-73.229707"><ele>451.4</ele><time>2026-09-18T16:35:10Z</time></rtept><rtept lat="42.24832" lon="-73.229641"><ele>451.4</ele><time>2026-09-18T16:35:10Z</time></rtept><rtept lat="42.248302" lon="-73.229565"><ele>450.0</ele><time>2026-09-18T16:35:10Z</time></rtept><rtept lat="42.248272" lon="-73.229435"><ele>448.4</ele><time>2026-09-18T16:35:10Z</time></rtept><rtept lat="42.248264" lon="-73.229323"><ele>446.4</ele><time>2026-09-18T16:35:10Z</time></rtept><rtept lat="42.24827" lon="-73.229192"><ele>441.8</ele><time>2026-09-18T16:35:10Z</time></rtept><rtept lat="42.248289" lon="-73.22913"><ele>440.2</ele><time>2026-09-18T16:35:10Z</time></rtept><rtept lat="42.248329" lon="-73.229127"><ele>440.2</ele><time>2026-09-18T16:35:10Z</time></rtept><rtept lat="42.24843" lon="-73.229174"><ele>436.8</ele><time>2026-09-18T16:35:10Z</time></rtept><rtept lat="42.248541" lon="-73.229182"><ele>433.4</ele><time>2026-09-18T16:35:10Z</time></rtept><rtept lat="42.248656" lon="-73.229272"><ele>433.2</ele><time>2026-09-18T16:35:10Z</time></rtept><rtept lat="42.248694" lon="-73.229285"><ele>433.2</ele><time>2026-09-18T16:35:10Z</time></rtept><rtept lat="42.248717" lon="-73.229294"><ele>433.2</ele><time>2026-09-18T16:35:10Z</time></rtept><rtept lat="42.248872" lon="-73.229331"><ele>428.4</ele><time>2026-09-18T16:35:10Z</time></rtept><rtept lat="42.249013" lon="-73.229334"><ele>424.6</ele><time>2026-09-18T16:35:10Z</time></rtept><rtept lat="42.249114" lon="-73.229348"><ele>421.4</ele><time>2026-09-18T16:35:10Z</time></rtept><rtept lat="42.249205" lon="-73.229417"><ele>422.6</ele><time>2026-09-18T16:35:10Z</time></rtept><rtept lat="42.249258" lon="-73.229441"><ele>421.0</ele><time>2026-09-18T16:35:10Z</time></rtept><rtept lat="42.249344" lon="-73.229503"><ele>422.2</ele><time>2026-09-18T16:35:10Z</time></rtept><rtept lat="42.249392" lon="-73.229524"><ele>421.0</ele><time>2026-09-18T16:35:10Z</time></rtept><rtept lat="42.249433" lon="-73.229507"><ele>420.0</ele><time>2026-09-18T16:35:10Z</time></rtept><rtept lat="42.24944" lon="-73.229432"><ele>418.0</ele><time>2026-09-18T16:35:10Z</time></rtept><rtept lat="42.249423" lon="-73.229404"><ele>418.8</ele><time>2026-09-18T16:35:10Z</time></rtept><rtept lat="42.249378" lon="-73.229364"><ele>416.6</ele><time>2026-09-18T16:35:10Z</time></rtept><rtept lat="42.24933" lon="-73.229191"><ele>412.6</ele><time>2026-09-18T16:35:10Z</time></rtept><rtept lat="42.249296" lon="-73.228999"><ele>409.4</ele><time>2026-09-18T16:35:10Z</time></rtept><rtept lat="42.249256" lon="-73.22882"><ele>405.4</ele><time>2026-09-18T16:35:10Z</time></rtept><rtept lat="42.2492" lon="-73.228647"><ele>403.2</ele><time>2026-09-18T16:35:10Z</time></rtept><rtept lat="42.249144" lon="-73.228534"><ele>403.0</ele><time>2026-09-18T16:35:10Z</time></rtept><rtept lat="42.249074" lon="-73.228434"><ele>403.0</ele><time>2026-09-18T16:35:10Z</time></rtept><rtept lat="42.24908" lon="-73.228364"><ele>401.8</ele><time>2026-09-18T16:35:10Z</time></rtept><rtept lat="42.249083" lon="-73.228267"><ele>400.4</ele><time>2026-09-18T16:35:10Z</time></rtept><rtept lat="42.249087" lon="-73.228215"><ele>398.8</ele><time>2026-09-18T16:35:10Z</time></rtept><rtept lat="42.249092" lon="-73.228215"><ele>398.8</ele><time>2026-09-18T16:35:10Z</time></rtept><rtept lat="42.249132" lon="-73.228213"><ele>397.2</ele><time>2026-09-18T16:35:10Z</time></rtept><rtept lat="42.249213" lon="-73.228217"><ele>395.6</ele><time>2026-09-18T16:35:10Z</time></rtept><rtept lat="42.249338" lon="-73.228217"><ele>392.2</ele><time>2026-09-18T16:35:10Z</time></rtept><rtept lat="42.24949" lon="-73.228201"><ele>386.6</ele><time>2026-09-18T16:35:10Z</time></rtept><rtept lat="42.249597" lon="-73.228214"><ele>384.6</ele><time>2026-09-18T16:35:10Z</time></rtept><rtept lat="42.249645" lon="-73.228195"><ele>382.2</ele><time>2026-09-18T16:35:10Z</time></rtept><rtept lat="42.249684" lon="-73.228186"><ele>380.0</ele><time>2026-09-18T16:35:10Z</time></rtept><rtept lat="42.249821" lon="-73.228224"><ele>375.6</ele><time>2026-09-18T16:35:10Z</time></rtept><rtept lat="42.249909" lon="-73.228262"><ele>375.8</ele><time>2026-09-18T16:35:10Z</time></rtept><rtept lat="42.249955" lon="-73.228258"><ele>373.6</ele><time>2026-09-18T16:35:10Z</time></rtept><rtept lat="42.249973" lon="-73.228208"><ele>371.2</ele><time>2026-09-18T16:35:10Z</time></rtept><rtept lat="42.249922" lon="-73.228106"><ele>371.4</ele><time>2026-09-18T16:35:10Z</time></rtept><rtept lat="42.249876" lon="-73.228058"><ele>369.4</ele><time>2026-09-18T16:35:10Z</time></rtept><rtept lat="42.249838" lon="-73.227997"><ele>371.6</ele><time>2026-09-18T16:35:10Z</time></rtept><rtept lat="42.249818" lon="-73.227853"><ele>368.0</ele><time>2026-09-18T16:35:10Z</time></rtept><rtept lat="42.249868" lon="-73.22778"><ele>366.4</ele><time>2026-09-18T16:35:10Z</time></rtept><rtept lat="42.249908" lon="-73.227723"><ele>362.8</ele><time>2026-09-18T16:35:10Z</time></rtept><rtept lat="42.249899" lon="-73.227655"><ele>362.8</ele><time>2026-09-18T16:35:10Z</time></rtept><rtept lat="42.249918" lon="-73.227616"><ele>361.6</ele><time>2026-09-18T16:35:10Z</time></rtept><rtept lat="42.249984" lon="-73.227608"><ele>359.6</ele><time>2026-09-18T16:35:10Z</time></rtept><rtept lat="42.250031" lon="-73.227557"><ele>356.6</ele><time>2026-09-18T16:35:10Z</time></rtept><rtept lat="42.250042" lon="-73.227456"><ele>355.6</ele><time>2026-09-18T16:35:10Z</time></rtept><rtept lat="42.250047" lon="-73.227387"><ele>355.0</ele><time>2026-09-18T16:35:10Z</time></rtept><rtept lat="42.25007" lon="-73.227375"><ele>353.4</ele><time>2026-09-18T16:35:10Z</time></rtept><rtept lat="42.250122" lon="-73.227292"><ele>352.8</ele><time>2026-09-18T16:35:10Z</time></rtept><rtept lat="42.25016" lon="-73.227258"><ele>351.6</ele><time>2026-09-18T16:35:10Z</time></rtept><rtept lat="42.250203" lon="-73.227267"><ele>350.6</ele><time>2026-09-18T16:35:10Z</time></rtept><rtept lat="42.250252" lon="-73.227305"><ele>349.6</ele><time>2026-09-18T16:35:10Z</time></rtept><rtept lat="42.250378" lon="-73.22734"><ele>348.6</ele><time>2026-09-18T16:35:10Z</time></rtept><rtept lat="42.250436" lon="-73.227345"><ele>348.6</ele><time>2026-09-18T16:35:10Z</time></rtept><rtept lat="42.250516" lon="-73.227327"><ele>346.6</ele><time>2026-09-18T16:35:10Z</time></rtept><rtept lat="42.250572" lon="-73.227271"><ele>344.6</ele><time>2026-09-18T16:35:10Z</time></rtept><rtept lat="42.250583" lon="-73.227222"><ele>343.6</ele><time>2026-09-18T16:35:10Z</time></rtept><rtept lat="42.250559" lon="-73.227117"><ele>343.8</ele><time>2026-09-18T16:35:10Z</time></rtept><rtept lat="42.250556" lon="-73.227072"><ele>343.8</ele><time>2026-09-18T16:35:10Z</time></rtept><rtept lat="42.250599" lon="-73.22704"><ele>341.4</ele><time>2026-09-18T16:35:10Z</time></rtept><rtept lat="42.250671" lon="-73.227035"><ele>339.8</ele><time>2026-09-18T16:35:10Z</time></rtept><rtept lat="42.250732" lon="-73.227016"><ele>338.2</ele><time>2026-09-18T16:35:10Z</time></rtept><rtept lat="42.250796" lon="-73.226971"><ele>336.4</ele><time>2026-09-18T16:35:10Z</time></rtept><rtept lat="42.250865" lon="-73.226902"><ele>332.0</ele><time>2026-09-18T16:35:10Z</time></rtept><rtept lat="42.250927" lon="-73.226747"><ele>328.2</ele><time>2026-09-18T16:35:10Z</time></rtept><rtept lat="42.250925" lon="-73.226619"><ele>327.0</ele><time>2026-09-18T16:35:10Z</time></rtept><rtept lat="42.250884" lon="-73.226395"><ele>327.0</ele><time>2026-09-18T16:35:10Z</time></rtept><rtept lat="42.250889" lon="-73.226327"><ele>324.6</ele><time>2026-09-18T16:35:10Z</time></rtept><rtept lat="42.250927" lon="-73.226223"><ele>324.0</ele><time>2026-09-18T16:35:10Z</time></rtept><rtept lat="42.250959" lon="-73.226103"><ele>321.0</ele><time>2026-09-18T16:35:10Z</time></rtept><rtept lat="42.250993" lon="-73.226034"><ele>321.0</ele><time>2026-09-18T16:35:10Z</time></rtept><rtept lat="42.251047" lon="-73.22603"><ele>319.4</ele><time>2026-09-18T16:35:10Z</time></rtept><rtept lat="42.251113" lon="-73.226069"><ele>317.6</ele><time>2026-09-18T16:35:10Z</time></rtept><rtept lat="42.251156" lon="-73.226132"><ele>316.8</ele><time>2026-09-18T16:35:10Z</time></rtept><rtept lat="42.251222" lon="-73.226186"><ele>314.8</ele><time>2026-09-18T16:35:10Z</time></rtept><rtept lat="42.251263" lon="-73.226145"><ele>314.8</ele><time>2026-09-18T16:35:10Z</time></rtept><rtept lat="42.2513" lon="-73.226034"><ele>311.6</ele><time>2026-09-18T16:35:10Z</time></rtept><rtept lat="42.251358" lon="-73.226007"><ele>308.2</ele><time>2026-09-18T16:35:10Z</time></rtept><rtept lat="42.25147" lon="-73.226009"><ele>302.8</ele><time>2026-09-18T16:35:10Z</time></rtept><rtept lat="42.25155" lon="-73.225985"><ele>300.4</ele><time>2026-09-18T16:35:10Z</time></rtept><rtept lat="42.251569" lon="-73.225921"><ele>299.2</ele><time>2026-09-18T16:35:10Z</time></rtept><rtept lat="42.25154" lon="-73.225868"><ele>299.2</ele><time>2026-09-18T16:35:10Z</time></rtept><rtept lat="42.251556" lon="-73.225814"><ele>298.2</ele><time>2026-09-18T16:35:10Z</time></rtept><rtept lat="42.251598" lon="-73.22578"><ele>297.0</ele><time>2026-09-18T16:35:10Z</time></rtept><rtept lat="42.251609" lon="-73.225689"><ele>296.4</ele><time>2026-09-18T16:35:10Z</time></rtept><rtept lat="42.251628" lon="-73.225612"><ele>295.8</ele><time>2026-09-18T16:35:10Z</time></rtept><rtept lat="42.251676" lon="-73.225625"><ele>294.2</ele><time>2026-09-18T16:35:10Z</time></rtept><rtept lat="42.25175" lon="-73.22567"><ele>292.4</ele><time>2026-09-18T16:35:10Z</time></rtept><rtept lat="42.251804" lon="-73.225664"><ele>290.2</ele><time>2026-09-18T16:35:10Z</time></rtept><rtept lat="42.251859" lon="-73.225522"><ele>287.4</ele><time>2026-09-18T16:35:10Z</time></rtept><rtept lat="42.251905" lon="-73.225488"><ele>284.8</ele><time>2026-09-18T16:35:10Z</time></rtept><rtept lat="42.251953" lon="-73.225506"><ele>284.8</ele><time>2026-09-18T16:35:10Z</time></rtept><rtept lat="42.252011" lon="-73.225562"><ele>283.8</ele><time>2026-09-18T16:35:10Z</time></rtept><rtept lat="42.252171" lon="-73.225746"><ele>280.8</ele><time>2026-09-18T16:35:10Z</time></rtept><rtept lat="42.252229" lon="-73.225789"><ele>280.0</ele><time>2026-09-18T16:35:10Z</time></rtept><rtept lat="42.252275" lon="-73.225768"><ele>280.0</ele><time>2026-09-18T16:35:10Z</time></rtept><rtept lat="42.25232" lon="-73.225666"><ele>278.8</ele><time>2026-09-18T16:35:10Z</time></rtept><rtept lat="42.252312" lon="-73.225498"><ele>278.6</ele><time>2026-09-18T16:35:10Z</time></rtept><rtept lat="42.252318" lon="-73.225293"><ele>278.4</ele><time>2026-09-18T16:35:10Z</time></rtept><rtept lat="42.25231" lon="-73.225187"><ele>278.2</ele><time>2026-09-18T16:35:10Z</time></rtept><rtept lat="42.252273" lon="-73.225075"><ele>278.2</ele><time>2026-09-18T16:35:10Z</time></rtept><rtept lat="42.252243" lon="-73.224912"><ele>278.0</ele><time>2026-09-18T16:35:10Z</time></rtept><rtept lat="42.252232" lon="-73.224445"><ele>273.8</ele><time>2026-09-18T16:35:10Z</time></rtept><rtept lat="42.252159" lon="-73.224275"><ele>273.2</ele><time>2026-09-18T16:35:10Z</time></rtept><rtept lat="42.252147" lon="-73.224245"><ele>274.2</ele><time>2026-09-18T16:35:10Z</time></rtept><rtept lat="42.252147" lon="-73.224245"><ele>274.2</ele><time>2026-09-18T16:35:10Z</time></rtept><rtept lat="42.252113" lon="-73.224161"><ele>273.2</ele><time>2026-09-18T16:35:10Z</time></rtept><rtept lat="42.251939" lon="-73.223861"><ele>272.2</ele><time>2026-09-18T16:35:10Z</time></rtept><rtept lat="42.251795" lon="-73.223713"><ele>272.8</ele><time>2026-09-18T16:35:10Z</time></rtept><rtept lat="42.251766" lon="-73.22363"><ele>272.6</ele><time>2026-09-18T16:35:10Z</time></rtept><rtept lat="42.251724" lon="-73.223422"><ele>270.2</ele><time>2026-09-18T16:35:10Z</time></rtept><rtept lat="42.251684" lon="-73.22331"><ele>271.4</ele><time>2026-09-18T16:35:10Z</time></rtept><rtept lat="42.251609" lon="-73.223236"><ele>272.8</ele><time>2026-09-18T16:35:10Z</time></rtept><rtept lat="42.251505" lon="-73.223158"><ele>276.0</ele><time>2026-09-18T16:35:10Z</time></rtept><rtept lat="42.251452" lon="-73.223073"><ele>276.8</ele><time>2026-09-18T16:35:10Z</time></rtept><rtept lat="42.251436" lon="-73.222959"><ele>276.2</ele><time>2026-09-18T16:35:10Z</time></rtept><rtept lat="42.251358" lon="-73.222848"><ele>277.0</ele><time>2026-09-18T16:35:10Z</time></rtept><rtept lat="42.251276" lon="-73.222611"><ele>276.2</ele><time>2026-09-18T16:35:10Z</time></rtept><rtept lat="42.251285" lon="-73.222457"><ele>274.2</ele><time>2026-09-18T16:35:10Z</time></rtept><rtept lat="42.251297" lon="-73.222183"><ele>270.8</ele><time>2026-09-18T16:35:10Z</time></rtept><rtept lat="42.251234" lon="-73.221838"><ele>268.8</ele><time>2026-09-18T16:35:10Z</time></rtept><rtept lat="42.251312" lon="-73.221581"><ele>267.0</ele><time>2026-09-18T16:35:10Z</time></rtept><rtept lat="42.251308" lon="-73.221332"><ele>267.2</ele><time>2026-09-18T16:35:10Z</time></rtept><rtept lat="42.25127" lon="-73.22116"><ele>267.2</ele><time>2026-09-18T16:35:10Z</time></rtept><rtept lat="42.251278" lon="-73.221084"><ele>267.2</ele><time>2026-09-18T16:35:10Z</time></rtept><rtept lat="42.251265" lon="-73.22095"><ele>268.2</ele><time>2026-09-18T16:35:10Z</time></rtept><rtept lat="42.251225" lon="-73.220817"><ele>268.6</ele><time>2026-09-18T16:35:10Z</time></rtept><rtept lat="42.251108" lon="-73.220737"><ele>270.2</ele><time>2026-09-18T16:35:10Z</time></rtept><rtept lat="42.251015" lon="-73.220612"><ele>271.8</ele><time>2026-09-18T16:35:10Z</time></rtept><rtept lat="42.250937" lon="-73.220527"><ele>273.6</ele><time>2026-09-18T16:35:10Z</time></rtept><rtept lat="42.250812" lon="-73.220471"><ele>275.2</ele><time>2026-09-18T16:35:10Z</time></rtept><rtept lat="42.25077" lon="-73.220373"><ele>275.6</ele><time>2026-09-18T16:35:10Z</time></rtept><rtept lat="42.250814" lon="-73.220122"><ele>276.6</ele><time>2026-09-18T16:35:10Z</time></rtept><rtept lat="42.250855" lon="-73.21991"><ele>275.2</ele><time>2026-09-18T16:35:10Z</time></rtept><rtept lat="42.250892" lon="-73.219593"><ele>275.0</ele><time>2026-09-18T16:35:10Z</time></rtept><rtept lat="42.250849" lon="-73.219398"><ele>276.4</ele><time>2026-09-18T16:35:10Z</time></rtept><rtept lat="42.250847" lon="-73.219261"><ele>276.4</ele><time>2026-09-18T16:35:10Z</time></rtept><rtept lat="42.250881" lon="-73.219155"><ele>276.2</ele><time>2026-09-18T16:35:10Z</time></rtept><rtept lat="42.250885" lon="-73.219035"><ele>274.4</ele><time>2026-09-18T16:35:10Z</time></rtept><rtept lat="42.250862" lon="-73.218624"><ele>272.2</ele><time>2026-09-18T16:35:10Z</time></rtept><rtept lat="42.250863" lon="-73.218403"><ele>271.6</ele><time>2026-09-18T16:35:10Z</time></rtept><rtept lat="42.251008" lon="-73.218107"><ele>269.8</ele><time>2026-09-18T16:35:10Z</time></rtept><rtept lat="42.251172" lon="-73.217903"><ele>267.6</ele><time>2026-09-18T16:35:10Z</time></rtept><rtept lat="42.251325" lon="-73.217758"><ele>266.2</ele><time>2026-09-18T16:35:10Z</time></rtept><rtept lat="42.251496" lon="-73.217562"><ele>264.4</ele><time>2026-09-18T16:35:10Z</time></rtept><rtept lat="42.251498" lon="-73.217449"><ele>264.4</ele><time>2026-09-18T16:35:10Z</time></rtept><rtept lat="42.251454" lon="-73.217199"><ele>264.2</ele><time>2026-09-18T16:35:10Z</time></rtept><rtept lat="42.251272" lon="-73.216844"><ele>264.6</ele><time>2026-09-18T16:35:10Z</time></rtept><rtept lat="42.251304" lon="-73.216515"><ele>264.4</ele><time>2026-09-18T16:35:10Z</time></rtept><rtept lat="42.251332" lon="-73.216247"><ele>263.8</ele><time>2026-09-18T16:35:10Z</time></rtept><rtept lat="42.251348" lon="-73.215993"><ele>263.6</ele><time>2026-09-18T16:35:10Z</time></rtept><rtept lat="42.251226" lon="-73.215881"><ele>263.6</ele><time>2026-09-18T16:35:10Z</time></rtept><rtept lat="42.251166" lon="-73.215818"><ele>263.8</ele><time>2026-09-18T16:35:10Z</time></rtept><rtept lat="42.251114" lon="-73.215673"><ele>263.6</ele><time>2026-09-18T16:35:10Z</time></rtept><rtept lat="42.251056" lon="-73.215448"><ele>263.4</ele><time>2026-09-18T16:35:10Z</time></rtept><rtept lat="42.250992" lon="-73.21528"><ele>263.4</ele><time>2026-09-18T16:35:10Z</time></rtept><rtept lat="42.250913" lon="-73.215129"><ele>263.4</ele><time>2026-09-18T16:35:10Z</time></rtept><rtept lat="42.250831" lon="-73.215002"><ele>263.2</ele><time>2026-09-18T16:35:10Z</time></rtept><rtept lat="42.250685" lon="-73.214793"><ele>263.4</ele><time>2026-09-18T16:35:10Z</time></rtept><rtept lat="42.250551" lon="-73.214556"><ele>263.6</ele><time>2026-09-18T16:35:10Z</time></rtept><rtept lat="42.250484" lon="-73.214444"><ele>264.0</ele><time>2026-09-18T16:35:10Z</time></rtept><rtept lat="42.250346" lon="-73.214305"><ele>265.0</ele><time>2026-09-18T16:35:10Z</time></rtept><rtept lat="42.250282" lon="-73.214338"><ele>266.0</ele><time>2026-09-18T16:35:10Z</time></rtept><rtept lat="42.25022" lon="-73.2144"><ele>267.0</ele><time>2026-09-18T16:35:10Z</time></rtept><rtept lat="42.250201" lon="-73.214546"><ele>266.4</ele><time>2026-09-18T16:35:10Z</time></rtept><rtept lat="42.250215" lon="-73.214742"><ele>266.0</ele><time>2026-09-18T16:35:10Z</time></rtept><rtept lat="42.25015" lon="-73.214989"><ele>266.8</ele><time>2026-09-18T16:35:10Z</time></rtept><rtept lat="42.250106" lon="-73.215026"><ele>267.2</ele><time>2026-09-18T16:35:10Z</time></rtept><rtept lat="42.249874" lon="-73.214946"><ele>269.0</ele><time>2026-09-18T16:35:10Z</time></rtept><rtept lat="42.249807" lon="-73.214853"><ele>269.6</ele><time>2026-09-18T16:35:10Z</time></rtept><rtept lat="42.249663" lon="-73.214795"><ele>274.8</ele><time>2026-09-18T16:35:10Z</time></rtept><rtept lat="42.249602" lon="-73.214742"><ele>276.2</ele><time>2026-09-18T16:35:10Z</time></rtept><rtept lat="42.249504" lon="-73.214678"><ele>277.8</ele><time>2026-09-18T16:35:10Z</time></rtept><rtept lat="42.249422" lon="-73.214594"><ele>281.6</ele><time>2026-09-18T16:35:10Z</time></rtept><rtept lat="42.249385" lon="-73.214551"><ele>281.6</ele><time>2026-09-18T16:35:10Z</time></rtept><rtept lat="42.249336" lon="-73.214548"><ele>283.8</ele><time>2026-09-18T16:35:10Z</time></rtept><rtept lat="42.24928" lon="-73.214489"><ele>285.2</ele><time>2026-09-18T16:35:10Z</time></rtept><rtept lat="42.249168" lon="-73.214429"><ele>288.8</ele><time>2026-09-18T16:35:10Z</time></rtept><rtept lat="42.249032" lon="-73.214402"><ele>293.6</ele><time>2026-09-18T16:35:10Z</time></rtept><rtept lat="42.248941" lon="-73.214365"><ele>296.2</ele><time>2026-09-18T16:35:10Z</time></rtept><rtept lat="42.248786" lon="-73.214281"><ele>304.2</ele><time>2026-09-18T16:35:10Z</time></rtept><rtept lat="42.248786" lon="-73.214281"><ele>304.2</ele><time>2026-09-18T16:35:10Z</time></rtept><rtept lat="42.248659" lon="-73.214212"><ele>308.6</ele><time>2026-09-18T16:35:10Z</time></rtept><rtept lat="42.2486" lon="-73.214209"><ele>308.6</ele><time>2026-09-18T16:35:10Z</time></rtept><rtept lat="42.248571" lon="-73.214199"><ele>311.0</ele><time>2026-09-18T16:35:10Z</time></rtept><rtept lat="42.248547" lon="-73.21425"><ele>311.0</ele><time>2026-09-18T16:35:10Z</time></rtept><rtept lat="42.248501" lon="-73.214255"><ele>312.8</ele><time>2026-09-18T16:35:10Z</time></rtept><rtept lat="42.248355" lon="-73.214172"><ele>315.2</ele><time>2026-09-18T16:35:10Z</time></rtept><rtept lat="42.248295" lon="-73.214161"><ele>316.6</ele><time>2026-09-18T16:35:10Z</time></rtept><rtept lat="42.248111" lon="-73.214208"><ele>321.6</ele><time>2026-09-18T16:35:10Z</time></rtept><rtept lat="42.248066" lon="-73.214356"><ele>324.8</ele><time>2026-09-18T16:35:10Z</time></rtept><rtept lat="42.247979" lon="-73.214488"><ele>328.0</ele><time>2026-09-18T16:35:10Z</time></rtept><rtept lat="42.247857" lon="-73.214509"><ele>331.6</ele><time>2026-09-18T16:35:10Z</time></rtept><rtept lat="42.247777" lon="-73.214522"><ele>333.0</ele><time>2026-09-18T16:35:10Z</time></rtept><rtept lat="42.247604" lon="-73.214557"><ele>335.8</ele><time>2026-09-18T16:35:10Z</time></rtept><rtept lat="42.247473" lon="-73.214558"><ele>337.6</ele><time>2026-09-18T16:35:10Z</time></rtept><rtept lat="42.24729" lon="-73.214494"><ele>341.0</ele><time>2026-09-18T16:35:10Z</time></rtept><rtept lat="42.247156" lon="-73.214382"><ele>343.8</ele><time>2026-09-18T16:35:10Z</time></rtept><rtept lat="42.247065" lon="-73.214309"><ele>346.4</ele><time>2026-09-18T16:35:10Z</time></rtept><rtept lat="42.246964" lon="-73.214333"><ele>347.6</ele><time>2026-09-18T16:35:10Z</time></rtept><rtept lat="42.246862" lon="-73.214357"><ele>349.0</ele><time>2026-09-18T16:35:10Z</time></rtept><rtept lat="42.246762" lon="-73.214346"><ele>349.8</ele><time>2026-09-18T16:35:10Z</time></rtept><rtept lat="42.246546" lon="-73.214141"><ele>352.4</ele><time>2026-09-18T16:35:10Z</time></rtept><rtept lat="42.246414" lon="-73.213946"><ele>354.0</ele><time>2026-09-18T16:35:10Z</time></rtept><rtept lat="42.246236" lon="-73.213737"><ele>355.4</ele><time>2026-09-18T16:35:10Z</time></rtept><rtept lat="42.245893" lon="-73.213464"><ele>357.2</ele><time>2026-09-18T16:35:10Z</time></rtept><rtept lat="42.245768" lon="-73.213286"><ele>358.0</ele><time>2026-09-18T16:35:10Z</time></rtept><rtept lat="42.245741" lon="-73.212995"><ele>359.0</ele><time>2026-09-18T16:35:10Z</time></rtept><rtept lat="42.245658" lon="-73.212822"><ele>360.6</ele><time>2026-09-18T16:35:10Z</time></rtept><rtept lat="42.245469" lon="-73.212698"><ele>364.4</ele><time>2026-09-18T16:35:10Z</time></rtept><rtept lat="42.245256" lon="-73.212641"><ele>366.0</ele><time>2026-09-18T16:35:10Z</time></rtept><rtept lat="42.245109" lon="-73.212618"><ele>368.4</ele><time>2026-09-18T16:35:10Z</time></rtept><rtept lat="42.245041" lon="-73.212614"><ele>368.8</ele><time>2026-09-18T16:35:10Z</time></rtept><rtept lat="42.245041" lon="-73.212614"><ele>368.8</ele><time>2026-09-18T16:35:10Z</time></rtept><rtept lat="42.244998" lon="-73.212611"><ele>369.2</ele><time>2026-09-18T16:35:10Z</time></rtept><rtept lat="42.244897" lon="-73.212543"><ele>371.2</ele><time>2026-09-18T16:35:10Z</time></rtept><rtept lat="42.244725" lon="-73.212266"><ele>377.0</ele><time>2026-09-18T16:35:10Z</time></rtept><rtept lat="42.244766" lon="-73.21218"><ele>378.8</ele><time>2026-09-18T16:35:10Z</time></rtept><rtept lat="42.244917" lon="-73.212113"><ele>381.6</ele><time>2026-09-18T16:35:10Z</time></rtept><rtept lat="42.244886" lon="-73.212031"><ele>383.0</ele><time>2026-09-18T16:35:10Z</time></rtept><rtept lat="42.244839" lon="-73.211957"><ele>382.2</ele><time>2026-09-18T16:35:10Z</time></rtept><rtept lat="42.244736" lon="-73.211803"><ele>383.6</ele><time>2026-09-18T16:35:10Z</time></rtept><rtept lat="42.244637" lon="-73.211622"><ele>387.8</ele><time>2026-09-18T16:35:10Z</time></rtept><rtept lat="42.244653" lon="-73.2115"><ele>390.4</ele><time>2026-09-18T16:35:10Z</time></rtept><rtept lat="42.244787" lon="-73.211296"><ele>391.0</ele><time>2026-09-18T16:35:10Z</time></rtept><rtept lat="42.244922" lon="-73.211173"><ele>394.4</ele><time>2026-09-18T16:35:10Z</time></rtept><rtept lat="42.245009" lon="-73.211103"><ele>395.2</ele><time>2026-09-18T16:35:10Z</time></rtept><rtept lat="42.245004" lon="-73.210877"><ele>398.8</ele><time>2026-09-18T16:35:10Z</time></rtept><rtept lat="42.24498" lon="-73.210756"><ele>399.4</ele><time>2026-09-18T16:35:10Z</time></rtept><rtept lat="42.245026" lon="-73.210601"><ele>400.2</ele><time>2026-09-18T16:35:10Z</time></rtept><rtept lat="42.244868" lon="-73.210298"><ele>401.6</ele><time>2026-09-18T16:35:10Z</time></rtept><rtept lat="42.244733" lon="-73.210166"><ele>402.4</ele><time>2026-09-18T16:35:10Z</time></rtept><rtept lat="42.244596" lon="-73.210198"><ele>401.8</ele><time>2026-09-18T16:35:10Z</time></rtept><rtept lat="42.244439" lon="-73.210294"><ele>399.4</ele><time>2026-09-18T16:35:10Z</time></rtept><rtept lat="42.244341" lon="-73.210417"><ele>396.8</ele><time>2026-09-18T16:35:10Z</time></rtept><rtept lat="42.244238" lon="-73.210617"><ele>396.6</ele><time>2026-09-18T16:35:10Z</time></rtept><rtept lat="42.243742" lon="-73.210451"><ele>412.6</ele><time>2026-09-18T16:35:10Z</time></rtept><rtept lat="42.2434" lon="-73.210488"><ele>411.6</ele><time>2026-09-18T16:35:10Z</time></rtept><rtept lat="42.243109" lon="-73.210435"><ele>411.0</ele><time>2026-09-18T16:35:10Z</time></rtept><rtept lat="42.242911" lon="-73.210364"><ele>410.2</ele><time>2026-09-18T16:35:10Z</time></rtept><rtept lat="42.242752" lon="-73.210312"><ele>408.4</ele><time>2026-09-18T16:35:10Z</time></rtept><rtept lat="42.242585" lon="-73.210279"><ele>407.2</ele><time>2026-09-18T16:35:10Z</time></rtept><rtept lat="42.242457" lon="-73.210327"><ele>406.6</ele><time>2026-09-18T16:35:10Z</time></rtept><rtept lat="42.242294" lon="-73.210431"><ele>402.6</ele><time>2026-09-18T16:35:10Z</time></rtept><rtept lat="42.242175" lon="-73.210598"><ele>400.0</ele><time>2026-09-18T16:35:10Z</time></rtept><rtept lat="42.242092" lon="-73.210689"><ele>398.2</ele><time>2026-09-18T16:35:10Z</time></rtept><rtept lat="42.242083" lon="-73.210826"><ele>398.2</ele><time>2026-09-18T16:35:10Z</time></rtept><rtept lat="42.242148" lon="-73.21095"><ele>395.8</ele><time>2026-09-18T16:35:10Z</time></rtept><rtept lat="42.242063" lon="-73.210943"><ele>395.6</ele><time>2026-09-18T16:35:10Z</time></rtept><rtept lat="42.241965" lon="-73.210939"><ele>393.2</ele><time>2026-09-18T16:35:10Z</time></rtept><rtept lat="42.241894" lon="-73.210957"><ele>391.6</ele><time>2026-09-18T16:35:10Z</time></rtept><rtept lat="42.241835" lon="-73.211033"><ele>389.4</ele><time>2026-09-18T16:35:10Z</time></rtept><rtept lat="42.241768" lon="-73.211179"><ele>387.2</ele><time>2026-09-18T16:35:10Z</time></rtept><rtept lat="42.241633" lon="-73.21129"><ele>384.2</ele><time>2026-09-18T16:35:10Z</time></rtept><rtept lat="42.241558" lon="-73.211328"><ele>382.8</ele><time>2026-09-18T16:35:10Z</time></rtept><rtept lat="42.241365" lon="-73.211398"><ele>378.2</ele><time>2026-09-18T16:35:10Z</time></rtept><rtept lat="42.241209" lon="-73.21139"><ele>373.8</ele><time>2026-09-18T16:35:10Z</time></rtept><rtept lat="42.241151" lon="-73.211349"><ele>372.2</ele><time>2026-09-18T16:35:10Z</time></rtept><rtept lat="42.241072" lon="-73.211267"><ele>370.2</ele><time>2026-09-18T16:35:10Z</time></rtept><rtept lat="42.240919" lon="-73.211063"><ele>366.4</ele><time>2026-09-18T16:35:10Z</time></rtept><rtept lat="42.240835" lon="-73.210967"><ele>364.8</ele><time>2026-09-18T16:35:10Z</time></rtept><rtept lat="42.240696" lon="-73.210827"><ele>363.0</ele><time>2026-09-18T16:35:10Z</time></rtept><rtept lat="42.240525" lon="-73.210593"><ele>360.8</ele><time>2026-09-18T16:35:10Z</time></rtept><rtept lat="42.240607" lon="-73.210434"><ele>358.8</ele><time>2026-09-18T16:35:10Z</time></rtept><rtept lat="42.24072" lon="-73.210358"><ele>358.0</ele><time>2026-09-18T16:35:10Z</time></rtept><rtept lat="42.240775" lon="-73.210241"><ele>357.2</ele><time>2026-09-18T16:35:10Z</time></rtept><rtept lat="42.240869" lon="-73.210144"><ele>355.6</ele><time>2026-09-18T16:35:10Z</time></rtept><rtept lat="42.240993" lon="-73.21004"><ele>355.4</ele><time>2026-09-18T16:35:10Z</time></rtept><rtept lat="42.241061" lon="-73.209886"><ele>353.6</ele><time>2026-09-18T16:35:10Z</time></rtept><rtept lat="42.241103" lon="-73.209685"><ele>350.8</ele><time>2026-09-18T16:35:10Z</time></rtept><rtept lat="42.241061" lon="-73.209618"><ele>348.6</ele><time>2026-09-18T16:35:10Z</time></rtept><rtept lat="42.240969" lon="-73.209571"><ele>348.4</ele><time>2026-09-18T16:35:10Z</time></rtept><rtept lat="42.240924" lon="-73.209423"><ele>344.6</ele><time>2026-09-18T16:35:10Z</time></rtept><rtept lat="42.241015" lon="-73.209275"><ele>339.8</ele><time>2026-09-18T16:35:10Z</time></rtept><rtept lat="42.241134" lon="-73.209195"><ele>336.6</ele><time>2026-09-18T16:35:10Z</time></rtept><rtept lat="42.241226" lon="-73.209119"><ele>336.0</ele><time>2026-09-18T16:35:10Z</time></rtept><rtept lat="42.24132" lon="-73.20911"><ele>332.0</ele><time>2026-09-18T16:35:10Z</time></rtept><rtept lat="42.241417" lon="-73.208997"><ele>329.4</ele><time>2026-09-18T16:35:10Z</time></rtept><rtept lat="42.241649" lon="-73.20898"><ele>330.4</ele><time>2026-09-18T16:35:10Z</time></rtept><rtept lat="42.24169" lon="-73.208909"><ele>329.0</ele><time>2026-09-18T16:35:10Z</time></rtept><rtept lat="42.24169" lon="-73.208909"><ele>329.0</ele><time>2026-09-18T16:35:10Z</time></rtept><rtept lat="42.241823" lon="-73.208678"><ele>325.2</ele><time>2026-09-18T16:35:10Z</time></rtept><rtept lat="42.242033" lon="-73.208616"><ele>325.8</ele><time>2026-09-18T16:35:10Z</time></rtept><rtept lat="42.242202" lon="-73.208557"><ele>324.2</ele><time>2026-09-18T16:35:10Z</time></rtept><rtept lat="42.242304" lon="-73.208598"><ele>324.0</ele><time>2026-09-18T16:35:10Z</time></rtept><rtept lat="42.242422" lon="-73.208602"><ele>325.4</ele><time>2026-09-18T16:35:10Z</time></rtept><rtept lat="42.242509" lon="-73.208616"><ele>324.8</ele><time>2026-09-18T16:35:10Z</time></rtept><rtept lat="42.242658" lon="-73.208514"><ele>322.8</ele><time>2026-09-18T16:35:10Z</time></rtept><rtept lat="42.242651" lon="-73.208381"><ele>320.2</ele><time>2026-09-18T16:35:10Z</time></rtept><rtept lat="42.242646" lon="-73.208256"><ele>318.6</ele><time>2026-09-18T16:35:10Z</time></rtept><rtept lat="42.242806" lon="-73.208121"><ele>316.0</ele><time>2026-09-18T16:35:10Z</time></rtept><rtept lat="42.243173" lon="-73.207927"><ele>314.6</ele><time>2026-09-18T16:35:10Z</time></rtept><rtept lat="42.243335" lon="-73.207867"><ele>311.8</ele><time>2026-09-18T16:35:10Z</time></rtept><rtept lat="42.243495" lon="-73.207834"><ele>310.8</ele><time>2026-09-18T16:35:10Z</time></rtept><rtept lat="42.243781" lon="-73.207828"><ele>310.0</ele><time>2026-09-18T16:35:10Z</time></rtept><rtept lat="42.243924" lon="-73.207786"><ele>307.4</ele><time>2026-09-18T16:35:10Z</time></rtept><rtept lat="42.244079" lon="-73.207736"><ele>304.4</ele><time>2026-09-18T16:35:10Z</time></rtept><rtept lat="42.244168" lon="-73.207676"><ele>303.2</ele><time>2026-09-18T16:35:10Z</time></rtept><rtept lat="42.244168" lon="-73.207676"><ele>303.2</ele><time>2026-09-18T16:35:10Z</time></rtept><rtept lat="42.244281" lon="-73.207601"><ele>300.4</ele><time>2026-09-18T16:35:10Z</time></rtept><rtept lat="42.244456" lon="-73.207482"><ele>297.2</ele><time>2026-09-18T16:35:10Z</time></rtept><rtept lat="42.244317" lon="-73.206956"><ele>293.2</ele><time>2026-09-18T16:35:10Z</time></rtept><rtept lat="42.244214" lon="-73.206613"><ele>291.4</ele><time>2026-09-18T16:35:10Z</time></rtept><rtept lat="42.244055" lon="-73.206259"><ele>291.2</ele><time>2026-09-18T16:35:10Z</time></rtept><rtept lat="42.2439" lon="-73.205969"><ele>290.8</ele><time>2026-09-18T16:35:10Z</time></rtept><rtept lat="42.24361" lon="-73.205792"><ele>293.6</ele><time>2026-09-18T16:35:10Z</time></rtept><rtept lat="42.243384" lon="-73.205642"><ele>294.8</ele><time>2026-09-18T16:35:10Z</time></rtept><rtept lat="42.243308" lon="-73.205513"><ele>294.6</ele><time>2026-09-18T16:35:10Z</time></rtept></rte></gpx>