<?xml version="1.0" ?><gpx xmlns="http://www.topografix.com/GPX/1/1" creator="GaiaGPS" version="1.1" xmlns:xsi="http://www.w3.org/2001/XMLSchema-instance" xsi:schemaLocation="http://www.topografix.com/GPX/1/1 http://www.topografix.com/GPX/1/1/gpx.xsd"><wpt lat="39.01971851526861" lon="-79.35247992986893"><time>2026-09-18T16:12:00Z</time><name>Camp Night 3</name><desc>Nearly got killed by an exploding river rock by our fire here.</desc><sym>emoji-⛺</sym></wpt><wpt lat="39.06364647260432" lon="-79.30315427117623"><time>2026-09-18T16:17:19Z</time><name>Start</name><sym>car-24</sym></wpt><wpt lat="38.994427347999846" lon="-79.35630464537176"><time>2026-09-18T16:06:59Z</time><name>Night 2 Rendezvous</name><desc>Where I linked up witj Dylan and Aidan. I parked at red Creek and hiked in solo, they hooked around on the big stonecold trail around breathed mountain.</desc><sym>emoji-⛺</sym></wpt><wpt lat="39.023216580412026" lon="-79.37973411140763"><time>2026-09-18T16:16:05Z</time><name>Night 1</name><desc>When I realized I forgot my medication</desc><sym>emoji-⛺</sym></wpt><wpt lat="39.033415145064026" lon="-79.31430978795733"><time>2026-09-18T16:17:50Z</time><name>End</name><desc>Parked it here when I came in solo day 2 and hiked into the rendezvous. This is where we exited our route.</desc><sym>car-24</sym></wpt><rte><name>Dolly Sods Route</name><desc></desc><extensions><line xmlns="http://www.topografix.com/GPX/gpx_style/0/2"><color>FF6200</color></line></extensions><rtept lat="39.063634" lon="-79.303282"><ele>1209.699219</ele><time>2026-09-18T02:06:58Z</time></rtept><rtept lat="39.063655" lon="-79.303281"><ele>1209.597656</ele><time>2026-09-18T02:06:58Z</time></rtept><rtept lat="39.063655" lon="-79.303292"><ele>1209.597656</ele><time>2026-09-18T02:06:58Z</time></rtept><rtept lat="39.063689" lon="-79.303393"><ele>1209.0</ele><time>2026-09-18T02:06:58Z</time></rtept><rtept lat="39.063783" lon="-79.303603"><ele>1207.796875</ele><time>2026-09-18T02:06:58Z</time></rtept><rtept lat="39.063783" lon="-79.303603"><ele>1207.796875</ele><time>2026-09-18T02:06:58Z</time></rtept><rtept lat="39.063829" lon="-79.303776"><ele>1206.199219</ele><time>2026-09-18T02:06:58Z</time></rtept><rtept lat="39.063831" lon="-79.303968"><ele>1204.597656</ele><time>2026-09-18T02:06:58Z</time></rtept><rtept lat="39.063871" lon="-79.304182"><ele>1202.5</ele><time>2026-09-18T02:06:58Z</time></rtept><rtept lat="39.063992" lon="-79.304681"><ele>1199.199219</ele><time>2026-09-18T02:06:58Z</time></rtept><rtept lat="39.064069" lon="-79.304916"><ele>1198.296875</ele><time>2026-09-18T02:06:58Z</time></rtept><rtept lat="39.064147" lon="-79.305296"><ele>1197.0</ele><time>2026-09-18T02:06:58Z</time></rtept><rtept lat="39.064274" lon="-79.305545"><ele>1196.898438</ele><time>2026-09-18T02:06:58Z</time></rtept><rtept lat="39.064423" lon="-79.306669"><ele>1198.199219</ele><time>2026-09-18T02:06:58Z</time></rtept><rtept lat="39.064476" lon="-79.307512"><ele>1196.199219</ele><time>2026-09-18T02:06:58Z</time></rtept><rtept lat="39.064562" lon="-79.307877"><ele>1195.097656</ele><time>2026-09-18T02:06:58Z</time></rtept><rtept lat="39.064718" lon="-79.308296"><ele>1192.699219</ele><time>2026-09-18T02:06:58Z</time></rtept><rtept lat="39.064861" lon="-79.308578"><ele>1191.097656</ele><time>2026-09-18T02:06:58Z</time></rtept><rtept lat="39.065055" lon="-79.309092"><ele>1186.796875</ele><time>2026-09-18T02:06:58Z</time></rtept><rtept lat="39.065125" lon="-79.309405"><ele>1185.097656</ele><time>2026-09-18T02:06:58Z</time></rtept><rtept lat="39.065221" lon="-79.309683"><ele>1182.398438</ele><time>2026-09-18T02:06:58Z</time></rtept><rtept lat="39.065454" lon="-79.310017"><ele>1180.097656</ele><time>2026-09-18T02:06:58Z</time></rtept><rtept lat="39.065469" lon="-79.310346"><ele>1179.898438</ele><time>2026-09-18T02:06:58Z</time></rtept><rtept lat="39.065566" lon="-79.310611"><ele>1179.199219</ele><time>2026-09-18T02:06:58Z</time></rtept><rtept lat="39.065566" lon="-79.310636"><ele>1179.296875</ele><time>2026-09-18T02:06:58Z</time></rtept><rtept lat="39.065566" lon="-79.310636"><ele>1179.296875</ele><time>2026-09-18T02:06:58Z</time></rtept><rtept lat="39.065568" lon="-79.311239"><ele>1179.597656</ele><time>2026-09-18T02:06:58Z</time></rtept><rtept lat="39.065669" lon="-79.311499"><ele>1179.898438</ele><time>2026-09-18T02:06:58Z</time></rtept><rtept lat="39.065692" lon="-79.312058"><ele>1181.398438</ele><time>2026-09-18T02:06:58Z</time></rtept><rtept lat="39.065712" lon="-79.312647"><ele>1186.5</ele><time>2026-09-18T02:06:58Z</time></rtept><rtept lat="39.065785" lon="-79.313236"><ele>1193.5</ele><time>2026-09-18T02:06:58Z</time></rtept><rtept lat="39.065762" lon="-79.313931"><ele>1200.296875</ele><time>2026-09-18T02:06:58Z</time></rtept><rtept lat="39.065776" lon="-79.314183"><ele>1203.296875</ele><time>2026-09-18T02:06:58Z</time></rtept><rtept lat="39.065769" lon="-79.314396"><ele>1205.0</ele><time>2026-09-18T02:06:58Z</time></rtept><rtept lat="39.065664" lon="-79.31454"><ele>1203.398438</ele><time>2026-09-18T02:06:58Z</time></rtept><rtept lat="39.065533" lon="-79.314701"><ele>1202.296875</ele><time>2026-09-18T02:06:58Z</time></rtept><rtept lat="39.065445" lon="-79.314997"><ele>1202.296875</ele><time>2026-09-18T02:06:58Z</time></rtept><rtept lat="39.065249" lon="-79.315268"><ele>1198.097656</ele><time>2026-09-18T02:06:58Z</time></rtept><rtept lat="39.065215" lon="-79.31536"><ele>1198.199219</ele><time>2026-09-18T02:06:58Z</time></rtept><rtept lat="39.065215" lon="-79.31536"><ele>1198.199219</ele><time>2026-09-18T02:06:58Z</time></rtept><rtept lat="39.065149" lon="-79.315535"><ele>1198.898438</ele><time>2026-09-18T02:06:58Z</time></rtept><rtept lat="39.065058" lon="-79.316232"><ele>1199.0</ele><time>2026-09-18T02:06:58Z</time></rtept><rtept lat="39.065055" lon="-79.316597"><ele>1200.0</ele><time>2026-09-18T02:06:58Z</time></rtept><rtept lat="39.064995" lon="-79.316926"><ele>1199.5</ele><time>2026-09-18T02:06:58Z</time></rtept><rtept lat="39.064851" lon="-79.317435"><ele>1197.796875</ele><time>2026-09-18T02:06:58Z</time></rtept><rtept lat="39.064792" lon="-79.317878"><ele>1195.796875</ele><time>2026-09-18T02:06:58Z</time></rtept><rtept lat="39.064713" lon="-79.318254"><ele>1194.5</ele><time>2026-09-18T02:06:58Z</time></rtept><rtept lat="39.064667" lon="-79.318446"><ele>1194.0</ele><time>2026-09-18T02:06:58Z</time></rtept><rtept lat="39.064561" lon="-79.318725"><ele>1193.296875</ele><time>2026-09-18T02:06:58Z</time></rtept><rtept lat="39.064492" lon="-79.31895"><ele>1191.699219</ele><time>2026-09-18T02:06:58Z</time></rtept><rtept lat="39.064459" lon="-79.319162"><ele>1190.597656</ele><time>2026-09-18T02:06:58Z</time></rtept><rtept lat="39.06445" lon="-79.31922"><ele>1190.199219</ele><time>2026-09-18T02:06:58Z</time></rtept><rtept lat="39.064446" lon="-79.319485"><ele>1188.699219</ele><time>2026-09-18T02:06:58Z</time></rtept><rtept lat="39.064485" lon="-79.319773"><ele>1186.699219</ele><time>2026-09-18T02:06:58Z</time></rtept><rtept lat="39.064525" lon="-79.320273"><ele>1183.097656</ele><time>2026-09-18T02:06:58Z</time></rtept><rtept lat="39.064567" lon="-79.320453"><ele>1181.097656</ele><time>2026-09-18T02:06:58Z</time></rtept><rtept lat="39.064567" lon="-79.320453"><ele>1181.097656</ele><time>2026-09-18T02:06:58Z</time></rtept><rtept lat="39.06464" lon="-79.320769"><ele>1177.296875</ele><time>2026-09-18T02:06:58Z</time></rtept><rtept lat="39.064653" lon="-79.320882"><ele>1175.699219</ele><time>2026-09-18T02:06:58Z</time></rtept><rtept lat="39.064689" lon="-79.321149"><ele>1171.796875</ele><time>2026-09-18T02:06:58Z</time></rtept><rtept lat="39.06472" lon="-79.321376"><ele>1169.597656</ele><time>2026-09-18T02:06:58Z</time></rtept><rtept lat="39.064697" lon="-79.321596"><ele>1167.597656</ele><time>2026-09-18T02:06:58Z</time></rtept><rtept lat="39.064623" lon="-79.321773"><ele>1165.597656</ele><time>2026-09-18T02:06:58Z</time></rtept><rtept lat="39.064574" lon="-79.321966"><ele>1162.699219</ele><time>2026-09-18T02:06:58Z</time></rtept><rtept lat="39.064395" lon="-79.322295"><ele>1159.699219</ele><time>2026-09-18T02:06:58Z</time></rtept><rtept lat="39.064265" lon="-79.322495"><ele>1157.898438</ele><time>2026-09-18T02:06:58Z</time></rtept><rtept lat="39.064159" lon="-79.322622"><ele>1157.199219</ele><time>2026-09-18T02:06:58Z</time></rtept><rtept lat="39.063997" lon="-79.322824"><ele>1155.796875</ele><time>2026-09-18T02:06:58Z</time></rtept><rtept lat="39.063932" lon="-79.322935"><ele>1155.398438</ele><time>2026-09-18T02:06:58Z</time></rtept><rtept lat="39.063933" lon="-79.322944"><ele>1155.398438</ele><time>2026-09-18T02:06:58Z</time></rtept><rtept lat="39.063933" lon="-79.322944"><ele>1155.398438</ele><time>2026-09-18T02:06:58Z</time></rtept><rtept lat="39.063935" lon="-79.32298"><ele>1155.296875</ele><time>2026-09-18T02:06:58Z</time></rtept><rtept lat="39.063977" lon="-79.32306"><ele>1155.0</ele><time>2026-09-18T02:06:58Z</time></rtept><rtept lat="39.064007" lon="-79.323148"><ele>1155.398438</ele><time>2026-09-18T02:06:58Z</time></rtept><rtept lat="39.064037" lon="-79.323248"><ele>1155.699219</ele><time>2026-09-18T02:06:58Z</time></rtept><rtept lat="39.06398" lon="-79.323312"><ele>1156.5</ele><time>2026-09-18T02:06:58Z</time></rtept><rtept lat="39.063906" lon="-79.32339"><ele>1159.0</ele><time>2026-09-18T02:06:58Z</time></rtept><rtept lat="39.063741" lon="-79.323464"><ele>1163.398438</ele><time>2026-09-18T02:06:58Z</time></rtept><rtept lat="39.063448" lon="-79.323533"><ele>1169.898438</ele><time>2026-09-18T02:06:58Z</time></rtept><rtept lat="39.063162" lon="-79.323768"><ele>1177.398438</ele><time>2026-09-18T02:06:58Z</time></rtept><rtept lat="39.062938" lon="-79.324051"><ele>1180.199219</ele><time>2026-09-18T02:06:58Z</time></rtept><rtept lat="39.063088" lon="-79.324276"><ele>1181.0</ele><time>2026-09-18T02:06:58Z</time></rtept><rtept lat="39.063118" lon="-79.324564"><ele>1181.796875</ele><time>2026-09-18T02:06:58Z</time></rtept><rtept lat="39.063178" lon="-79.324824"><ele>1183.699219</ele><time>2026-09-18T02:06:58Z</time></rtept><rtept lat="39.063253" lon="-79.325167"><ele>1186.0</ele><time>2026-09-18T02:06:58Z</time></rtept><rtept lat="39.063257" lon="-79.325425"><ele>1187.398438</ele><time>2026-09-18T02:06:58Z</time></rtept><rtept lat="39.063118" lon="-79.325624"><ele>1188.199219</ele><time>2026-09-18T02:06:58Z</time></rtept><rtept lat="39.063069" lon="-79.325793"><ele>1188.796875</ele><time>2026-09-18T02:06:58Z</time></rtept><rtept lat="39.06289" lon="-79.326003"><ele>1189.597656</ele><time>2026-09-18T02:06:58Z</time></rtept><rtept lat="39.062843" lon="-79.326334"><ele>1191.398438</ele><time>2026-09-18T02:06:58Z</time></rtept><rtept lat="39.062669" lon="-79.326703"><ele>1192.5</ele><time>2026-09-18T02:06:58Z</time></rtept><rtept lat="39.062659" lon="-79.326887"><ele>1193.898438</ele><time>2026-09-18T02:06:58Z</time></rtept><rtept lat="39.062768" lon="-79.32723"><ele>1200.097656</ele><time>2026-09-18T02:06:58Z</time></rtept><rtept lat="39.062765" lon="-79.327617"><ele>1206.398438</ele><time>2026-09-18T02:06:58Z</time></rtept><rtept lat="39.062822" lon="-79.327771"><ele>1209.199219</ele><time>2026-09-18T02:06:58Z</time></rtept><rtept lat="39.062984" lon="-79.328017"><ele>1214.199219</ele><time>2026-09-18T02:06:58Z</time></rtept><rtept lat="39.062972" lon="-79.328186"><ele>1216.398438</ele><time>2026-09-18T02:06:58Z</time></rtept><rtept lat="39.063035" lon="-79.328385"><ele>1219.199219</ele><time>2026-09-18T02:06:58Z</time></rtept><rtept lat="39.063199" lon="-79.328678"><ele>1221.796875</ele><time>2026-09-18T02:06:58Z</time></rtept><rtept lat="39.063332" lon="-79.329096"><ele>1228.796875</ele><time>2026-09-18T02:06:58Z</time></rtept><rtept lat="39.063532" lon="-79.329397"><ele>1230.199219</ele><time>2026-09-18T02:06:58Z</time></rtept><rtept lat="39.06372" lon="-79.329922"><ele>1230.0</ele><time>2026-09-18T02:06:58Z</time></rtept><rtept lat="39.063748" lon="-79.330324"><ele>1229.0</ele><time>2026-09-18T02:06:58Z</time></rtept><rtept lat="39.063854" lon="-79.330527"><ele>1229.0</ele><time>2026-09-18T02:06:58Z</time></rtept><rtept lat="39.063897" lon="-79.330739"><ele>1229.0</ele><time>2026-09-18T02:06:58Z</time></rtept><rtept lat="39.063929" lon="-79.331088"><ele>1228.699219</ele><time>2026-09-18T02:06:58Z</time></rtept><rtept lat="39.064044" lon="-79.331321"><ele>1227.5</ele><time>2026-09-18T02:06:58Z</time></rtept><rtept lat="39.06428" lon="-79.331664"><ele>1226.0</ele><time>2026-09-18T02:06:58Z</time></rtept><rtept lat="39.064634" lon="-79.332131"><ele>1223.898438</ele><time>2026-09-18T02:06:58Z</time></rtept><rtept lat="39.064731" lon="-79.332436"><ele>1222.898438</ele><time>2026-09-18T02:06:58Z</time></rtept><rtept lat="39.064887" lon="-79.332726"><ele>1221.398438</ele><time>2026-09-18T02:06:58Z</time></rtept><rtept lat="39.065048" lon="-79.333054"><ele>1215.796875</ele><time>2026-09-18T02:06:58Z</time></rtept><rtept lat="39.065162" lon="-79.333344"><ele>1212.0</ele><time>2026-09-18T02:06:58Z</time></rtept><rtept lat="39.065162" lon="-79.333344"><ele>1211.6</ele><time>2026-09-18T02:06:58Z</time></rtept><rtept lat="39.065195" lon="-79.333427"><ele>1211.0</ele><time>2026-09-18T02:06:58Z</time></rtept><rtept lat="39.065252" lon="-79.333755"><ele>1208.8</ele><time>2026-09-18T02:06:58Z</time></rtept><rtept lat="39.06537" lon="-79.334142"><ele>1207.2</ele><time>2026-09-18T02:06:58Z</time></rtept><rtept lat="39.06534" lon="-79.33435"><ele>1206.8</ele><time>2026-09-18T02:06:58Z</time></rtept><rtept lat="39.06544" lon="-79.334696"><ele>1207.6</ele><time>2026-09-18T02:06:58Z</time></rtept><rtept lat="39.065465" lon="-79.335069"><ele>1208.4</ele><time>2026-09-18T02:06:58Z</time></rtept><rtept lat="39.065589" lon="-79.335605"><ele>1210.2</ele><time>2026-09-18T02:06:58Z</time></rtept><rtept lat="39.065529" lon="-79.336248"><ele>1212.8</ele><time>2026-09-18T02:06:58Z</time></rtept><rtept lat="39.065366" lon="-79.336954"><ele>1216.4</ele><time>2026-09-18T02:06:58Z</time></rtept><rtept lat="39.065103" lon="-79.338185"><ele>1224.2</ele><time>2026-09-18T02:06:58Z</time></rtept><rtept lat="39.064954" lon="-79.338871"><ele>1228.2</ele><time>2026-09-18T02:06:58Z</time></rtept><rtept lat="39.06477" lon="-79.339472"><ele>1232.8</ele><time>2026-09-18T02:06:58Z</time></rtept><rtept lat="39.064579" lon="-79.339973"><ele>1236.6</ele><time>2026-09-18T02:06:58Z</time></rtept><rtept lat="39.064415" lon="-79.340328"><ele>1238.2</ele><time>2026-09-18T02:06:58Z</time></rtept><rtept lat="39.064394" lon="-79.340468"><ele>1238.0</ele><time>2026-09-18T02:06:58Z</time></rtept><rtept lat="39.064483" lon="-79.340816"><ele>1239.2</ele><time>2026-09-18T02:06:58Z</time></rtept><rtept lat="39.064477" lon="-79.341111"><ele>1240.2</ele><time>2026-09-18T02:06:58Z</time></rtept><rtept lat="39.064352" lon="-79.341459"><ele>1240.8</ele><time>2026-09-18T02:06:58Z</time></rtept><rtept lat="39.064263" lon="-79.341826"><ele>1240.8</ele><time>2026-09-18T02:06:58Z</time></rtept><rtept lat="39.064211" lon="-79.342346"><ele>1242.0</ele><time>2026-09-18T02:06:58Z</time></rtept><rtept lat="39.064216" lon="-79.342686"><ele>1241.8</ele><time>2026-09-18T02:06:58Z</time></rtept><rtept lat="39.064182" lon="-79.342931"><ele>1241.4</ele><time>2026-09-18T02:06:58Z</time></rtept><rtept lat="39.064234" lon="-79.343114"><ele>1241.4</ele><time>2026-09-18T02:06:58Z</time></rtept><rtept lat="39.064275" lon="-79.343383"><ele>1242.2</ele><time>2026-09-18T02:06:58Z</time></rtept><rtept lat="39.064392" lon="-79.343621"><ele>1243.4</ele><time>2026-09-18T02:06:58Z</time></rtept><rtept lat="39.064702" lon="-79.344043"><ele>1244.6</ele><time>2026-09-18T02:06:58Z</time></rtept><rtept lat="39.064829" lon="-79.344278"><ele>1245.6</ele><time>2026-09-18T02:06:58Z</time></rtept><rtept lat="39.064977" lon="-79.344649"><ele>1246.6</ele><time>2026-09-18T02:06:58Z</time></rtept><rtept lat="39.065172" lon="-79.345047"><ele>1248.8</ele><time>2026-09-18T02:06:58Z</time></rtept><rtept lat="39.065317" lon="-79.345475"><ele>1252.2</ele><time>2026-09-18T02:06:58Z</time></rtept><rtept lat="39.065417" lon="-79.345658"><ele>1252.4</ele><time>2026-09-18T02:06:58Z</time></rtept><rtept lat="39.065726" lon="-79.34587"><ele>1253.2</ele><time>2026-09-18T02:06:58Z</time></rtept><rtept lat="39.065906" lon="-79.345989"><ele>1253.4</ele><time>2026-09-18T02:06:58Z</time></rtept><rtept lat="39.066031" lon="-79.346034"><ele>1253.2</ele><time>2026-09-18T02:06:58Z</time></rtept><rtept lat="39.066221" lon="-79.34605"><ele>1253.2</ele><time>2026-09-18T02:06:58Z</time></rtept><rtept lat="39.066434" lon="-79.346102"><ele>1253.6</ele><time>2026-09-18T02:06:58Z</time></rtept><rtept lat="39.066604" lon="-79.346116"><ele>1254.0</ele><time>2026-09-18T02:06:58Z</time></rtept><rtept lat="39.066842" lon="-79.346194"><ele>1255.2</ele><time>2026-09-18T02:06:58Z</time></rtept><rtept lat="39.066978" lon="-79.346197"><ele>1255.8</ele><time>2026-09-18T02:06:58Z</time></rtept><rtept lat="39.067341" lon="-79.346322"><ele>1257.2</ele><time>2026-09-18T02:06:58Z</time></rtept><rtept lat="39.067589" lon="-79.346536"><ele>1258.4</ele><time>2026-09-18T02:06:58Z</time></rtept><rtept lat="39.067659" lon="-79.346623"><ele>1258.8</ele><time>2026-09-18T02:06:58Z</time></rtept><rtept lat="39.067693" lon="-79.346723"><ele>1258.8</ele><time>2026-09-18T02:06:58Z</time></rtept><rtept lat="39.067745" lon="-79.347105"><ele>1257.4</ele><time>2026-09-18T02:06:58Z</time></rtept><rtept lat="39.067807" lon="-79.347433"><ele>1252.6</ele><time>2026-09-18T02:06:58Z</time></rtept><rtept lat="39.067949" lon="-79.347867"><ele>1248.2</ele><time>2026-09-18T02:06:58Z</time></rtept><rtept lat="39.067957" lon="-79.34789"><ele>1248.2</ele><time>2026-09-18T02:06:58Z</time></rtept><rtept lat="39.067976" lon="-79.347949"><ele>1247.6</ele><time>2026-09-18T02:06:58Z</time></rtept><rtept lat="39.068062" lon="-79.348235"><ele>1245.8</ele><time>2026-09-18T02:06:58Z</time></rtept><rtept lat="39.06813" lon="-79.348452"><ele>1244.8</ele><time>2026-09-18T02:06:58Z</time></rtept><rtept lat="39.068282" lon="-79.348834"><ele>1244.6</ele><time>2026-09-18T02:06:58Z</time></rtept><rtept lat="39.068315" lon="-79.348962"><ele>1244.6</ele><time>2026-09-18T02:06:58Z</time></rtept><rtept lat="39.068324" lon="-79.349126"><ele>1244.6</ele><time>2026-09-18T02:06:58Z</time></rtept><rtept lat="39.068388" lon="-79.349332"><ele>1245.2</ele><time>2026-09-18T02:06:58Z</time></rtept><rtept lat="39.068447" lon="-79.349446"><ele>1246.8</ele><time>2026-09-18T02:06:58Z</time></rtept><rtept lat="39.068559" lon="-79.34953"><ele>1248.0</ele><time>2026-09-18T02:06:58Z</time></rtept><rtept lat="39.068592" lon="-79.349663"><ele>1249.0</ele><time>2026-09-18T02:06:58Z</time></rtept><rtept lat="39.068596" lon="-79.349827"><ele>1250.6</ele><time>2026-09-18T02:06:58Z</time></rtept><rtept lat="39.068628" lon="-79.349954"><ele>1251.2</ele><time>2026-09-18T02:06:58Z</time></rtept><rtept lat="39.068708" lon="-79.350051"><ele>1252.4</ele><time>2026-09-18T02:06:58Z</time></rtept><rtept lat="39.068764" lon="-79.350166"><ele>1253.2</ele><time>2026-09-18T02:06:58Z</time></rtept><rtept lat="39.068781" lon="-79.350303"><ele>1253.6</ele><time>2026-09-18T02:06:58Z</time></rtept><rtept lat="39.06889" lon="-79.350541"><ele>1253.8</ele><time>2026-09-18T02:06:58Z</time></rtept><rtept lat="39.069002" lon="-79.35063"><ele>1255.6</ele><time>2026-09-18T02:06:58Z</time></rtept><rtept lat="39.069165" lon="-79.350758"><ele>1256.8</ele><time>2026-09-18T02:06:58Z</time></rtept><rtept lat="39.069311" lon="-79.350916"><ele>1258.6</ele><time>2026-09-18T02:06:58Z</time></rtept><rtept lat="39.069507" lon="-79.351084"><ele>1260.2</ele><time>2026-09-18T02:06:58Z</time></rtept><rtept lat="39.069636" lon="-79.351292"><ele>1260.2</ele><time>2026-09-18T02:06:58Z</time></rtept><rtept lat="39.069801" lon="-79.351642"><ele>1260.6</ele><time>2026-09-18T02:06:58Z</time></rtept><rtept lat="39.069816" lon="-79.35173"><ele>1260.6</ele><time>2026-09-18T02:06:58Z</time></rtept><rtept lat="39.06997" lon="-79.352029"><ele>1263.0</ele><time>2026-09-18T02:06:58Z</time></rtept><rtept lat="39.070111" lon="-79.35236"><ele>1264.4</ele><time>2026-09-18T02:06:58Z</time></rtept><rtept lat="39.070325" lon="-79.352743"><ele>1266.8</ele><time>2026-09-18T02:06:58Z</time></rtept><rtept lat="39.070514" lon="-79.353127"><ele>1264.0</ele><time>2026-09-18T02:06:58Z</time></rtept><rtept lat="39.070546" lon="-79.353256"><ele>1263.0</ele><time>2026-09-18T02:06:58Z</time></rtept><rtept lat="39.070586" lon="-79.353421"><ele>1262.0</ele><time>2026-09-18T02:06:58Z</time></rtept><rtept lat="39.070628" lon="-79.353555"><ele>1261.2</ele><time>2026-09-18T02:06:58Z</time></rtept><rtept lat="39.070645" lon="-79.353789"><ele>1259.0</ele><time>2026-09-18T02:06:58Z</time></rtept><rtept lat="39.070701" lon="-79.353915"><ele>1258.2</ele><time>2026-09-18T02:06:58Z</time></rtept><rtept lat="39.070737" lon="-79.35404"><ele>1258.0</ele><time>2026-09-18T02:06:58Z</time></rtept><rtept lat="39.070727" lon="-79.354119"><ele>1258.4</ele><time>2026-09-18T02:06:58Z</time></rtept><rtept lat="39.070696" lon="-79.354196"><ele>1258.4</ele><time>2026-09-18T02:06:58Z</time></rtept><rtept lat="39.070694" lon="-79.354291"><ele>1258.6</ele><time>2026-09-18T02:06:58Z</time></rtept><rtept lat="39.070731" lon="-79.354403"><ele>1259.0</ele><time>2026-09-18T02:06:58Z</time></rtept><rtept lat="39.070862" lon="-79.354656"><ele>1260.4</ele><time>2026-09-18T02:06:58Z</time></rtept><rtept lat="39.070937" lon="-79.35486"><ele>1262.0</ele><time>2026-09-18T02:06:58Z</time></rtept><rtept lat="39.070954" lon="-79.355092"><ele>1262.6</ele><time>2026-09-18T02:06:58Z</time></rtept><rtept lat="39.071006" lon="-79.355329"><ele>1262.8</ele><time>2026-09-18T02:06:58Z</time></rtept><rtept lat="39.071068" lon="-79.355444"><ele>1262.8</ele><time>2026-09-18T02:06:58Z</time></rtept><rtept lat="39.071169" lon="-79.355595"><ele>1263.2</ele><time>2026-09-18T02:06:58Z</time></rtept><rtept lat="39.07121" lon="-79.355648"><ele>1263.4</ele><time>2026-09-18T02:06:58Z</time></rtept><rtept lat="39.071257" lon="-79.355771"><ele>1263.8</ele><time>2026-09-18T02:06:58Z</time></rtept><rtept lat="39.07128" lon="-79.355831"><ele>1263.8</ele><time>2026-09-18T02:06:58Z</time></rtept><rtept lat="39.071329" lon="-79.356002"><ele>1264.8</ele><time>2026-09-18T02:06:58Z</time></rtept><rtept lat="39.071345" lon="-79.356144"><ele>1265.4</ele><time>2026-09-18T02:06:58Z</time></rtept><rtept lat="39.071384" lon="-79.356269"><ele>1265.0</ele><time>2026-09-18T02:06:58Z</time></rtept><rtept lat="39.071428" lon="-79.356434"><ele>1265.0</ele><time>2026-09-18T02:06:58Z</time></rtept><rtept lat="39.071491" lon="-79.356596"><ele>1265.2</ele><time>2026-09-18T02:06:58Z</time></rtept><rtept lat="39.071486" lon="-79.356689"><ele>1265.4</ele><time>2026-09-18T02:06:58Z</time></rtept><rtept lat="39.071457" lon="-79.35678"><ele>1265.6</ele><time>2026-09-18T02:06:58Z</time></rtept><rtept lat="39.071483" lon="-79.356957"><ele>1266.2</ele><time>2026-09-18T02:06:58Z</time></rtept><rtept lat="39.071495" lon="-79.357099"><ele>1267.0</ele><time>2026-09-18T02:06:58Z</time></rtept><rtept lat="39.071507" lon="-79.357502"><ele>1268.2</ele><time>2026-09-18T02:06:58Z</time></rtept><rtept lat="39.07151" lon="-79.357515"><ele>1268.2</ele><time>2026-09-18T02:06:58Z</time></rtept><rtept lat="39.071624" lon="-79.357814"><ele>1269.0</ele><time>2026-09-18T02:06:58Z</time></rtept><rtept lat="39.071718" lon="-79.358018"><ele>1269.0</ele><time>2026-09-18T02:06:58Z</time></rtept><rtept lat="39.071827" lon="-79.358309"><ele>1268.6</ele><time>2026-09-18T02:06:58Z</time></rtept><rtept lat="39.071802" lon="-79.358421"><ele>1268.4</ele><time>2026-09-18T02:06:58Z</time></rtept><rtept lat="39.071777" lon="-79.35851"><ele>1268.6</ele><time>2026-09-18T02:06:58Z</time></rtept><rtept lat="39.071746" lon="-79.358621"><ele>1268.4</ele><time>2026-09-18T02:06:58Z</time></rtept><rtept lat="39.071745" lon="-79.358623"><ele>1268.4</ele><time>2026-09-18T02:06:58Z</time></rtept><rtept lat="39.071664" lon="-79.358661"><ele>1268.2</ele><time>2026-09-18T02:06:58Z</time></rtept><rtept lat="39.071607" lon="-79.358818"><ele>1268.2</ele><time>2026-09-18T02:06:58Z</time></rtept><rtept lat="39.071612" lon="-79.358884"><ele>1268.4</ele><time>2026-09-18T02:06:58Z</time></rtept><rtept lat="39.071631" lon="-79.358929"><ele>1268.4</ele><time>2026-09-18T02:06:58Z</time></rtept><rtept lat="39.071629" lon="-79.358979"><ele>1268.4</ele><time>2026-09-18T02:06:58Z</time></rtept><rtept lat="39.071599" lon="-79.359047"><ele>1268.4</ele><time>2026-09-18T02:06:58Z</time></rtept><rtept lat="39.071563" lon="-79.359215"><ele>1268.4</ele><time>2026-09-18T02:06:58Z</time></rtept><rtept lat="39.071575" lon="-79.359562"><ele>1268.6</ele><time>2026-09-18T02:06:58Z</time></rtept><rtept lat="39.071624" lon="-79.359676"><ele>1268.6</ele><time>2026-09-18T02:06:58Z</time></rtept><rtept lat="39.071687" lon="-79.359818"><ele>1268.2</ele><time>2026-09-18T02:06:58Z</time></rtept><rtept lat="39.071704" lon="-79.360251"><ele>1267.0</ele><time>2026-09-18T02:06:58Z</time></rtept><rtept lat="39.071774" lon="-79.360512"><ele>1265.6</ele><time>2026-09-18T02:06:58Z</time></rtept><rtept lat="39.071759" lon="-79.360687"><ele>1265.2</ele><time>2026-09-18T02:06:58Z</time></rtept><rtept lat="39.071717" lon="-79.360789"><ele>1265.0</ele><time>2026-09-18T02:06:58Z</time></rtept><rtept lat="39.07164" lon="-79.360949"><ele>1264.4</ele><time>2026-09-18T02:06:58Z</time></rtept><rtept lat="39.071632" lon="-79.361039"><ele>1264.2</ele><time>2026-09-18T02:06:58Z</time></rtept><rtept lat="39.071598" lon="-79.361225"><ele>1263.6</ele><time>2026-09-18T02:06:58Z</time></rtept><rtept lat="39.071615" lon="-79.361348"><ele>1263.4</ele><time>2026-09-18T02:06:58Z</time></rtept><rtept lat="39.071682" lon="-79.361556"><ele>1263.6</ele><time>2026-09-18T02:06:58Z</time></rtept><rtept lat="39.071673" lon="-79.361664"><ele>1263.4</ele><time>2026-09-18T02:06:58Z</time></rtept><rtept lat="39.071676" lon="-79.361778"><ele>1263.2</ele><time>2026-09-18T02:06:58Z</time></rtept><rtept lat="39.071707" lon="-79.361994"><ele>1262.8</ele><time>2026-09-18T02:06:58Z</time></rtept><rtept lat="39.071738" lon="-79.362081"><ele>1263.0</ele><time>2026-09-18T02:06:58Z</time></rtept><rtept lat="39.071905" lon="-79.362358"><ele>1263.6</ele><time>2026-09-18T02:06:58Z</time></rtept><rtept lat="39.071947" lon="-79.362494"><ele>1264.2</ele><time>2026-09-18T02:06:58Z</time></rtept><rtept lat="39.071994" lon="-79.362598"><ele>1264.4</ele><time>2026-09-18T02:06:58Z</time></rtept><rtept lat="39.072116" lon="-79.362799"><ele>1264.6</ele><time>2026-09-18T02:06:58Z</time></rtept><rtept lat="39.072149" lon="-79.363106"><ele>1265.2</ele><time>2026-09-18T02:06:58Z</time></rtept><rtept lat="39.072144" lon="-79.363319"><ele>1265.8</ele><time>2026-09-18T02:06:58Z</time></rtept><rtept lat="39.072185" lon="-79.363417"><ele>1266.2</ele><time>2026-09-18T02:06:58Z</time></rtept><rtept lat="39.072227" lon="-79.363781"><ele>1267.2</ele><time>2026-09-18T02:06:58Z</time></rtept><rtept lat="39.072044" lon="-79.363925"><ele>1267.0</ele><time>2026-09-18T02:06:58Z</time></rtept><rtept lat="39.071667" lon="-79.364292"><ele>1267.0</ele><time>2026-09-18T02:06:58Z</time></rtept><rtept lat="39.071655" lon="-79.3643"><ele>1267.0</ele><time>2026-09-18T02:06:58Z</time></rtept><rtept lat="39.071784" lon="-79.364605"><ele>1268.4</ele><time>2026-09-18T02:06:58Z</time></rtept><rtept lat="39.071913" lon="-79.36491"><ele>1268.6</ele><time>2026-09-18T02:06:58Z</time></rtept><rtept lat="39.072016" lon="-79.365152"><ele>1266.8</ele><time>2026-09-18T02:06:58Z</time></rtept><rtept lat="39.072016" lon="-79.365152"><ele>1266.8</ele><time>2026-09-18T02:06:58Z</time></rtept><rtept lat="39.071886" lon="-79.364847"><ele>1269.2</ele><time>2026-09-18T02:06:58Z</time></rtept><rtept lat="39.071757" lon="-79.364542"><ele>1267.8</ele><time>2026-09-18T02:06:58Z</time></rtept><rtept lat="39.071655" lon="-79.3643"><ele>1267.0</ele><time>2026-09-18T02:06:58Z</time></rtept><rtept lat="39.070483" lon="-79.365123"><ele>1265.4</ele><time>2026-09-18T02:06:58Z</time></rtept><rtept lat="39.070334" lon="-79.365186"><ele>1265.2</ele><time>2026-09-18T02:06:58Z</time></rtept><rtept lat="39.070137" lon="-79.36532"><ele>1265.2</ele><time>2026-09-18T02:06:58Z</time></rtept><rtept lat="39.070011" lon="-79.365352"><ele>1265.2</ele><time>2026-09-18T02:06:58Z</time></rtept><rtept lat="39.069798" lon="-79.365358"><ele>1264.8</ele><time>2026-09-18T02:06:58Z</time></rtept><rtept lat="39.069674" lon="-79.365398"><ele>1264.6</ele><time>2026-09-18T02:06:58Z</time></rtept><rtept lat="39.069409" lon="-79.365539"><ele>1263.8</ele><time>2026-09-18T02:06:58Z</time></rtept><rtept lat="39.06933" lon="-79.365602"><ele>1263.6</ele><time>2026-09-18T02:06:58Z</time></rtept><rtept lat="39.069141" lon="-79.365755"><ele>1262.6</ele><time>2026-09-18T02:06:58Z</time></rtept><rtept lat="39.069135" lon="-79.365867"><ele>1262.4</ele><time>2026-09-18T02:06:58Z</time></rtept><rtept lat="39.068889" lon="-79.366021"><ele>1261.4</ele><time>2026-09-18T02:06:58Z</time></rtept><rtept lat="39.068759" lon="-79.366046"><ele>1260.6</ele><time>2026-09-18T02:06:58Z</time></rtept><rtept lat="39.068349" lon="-79.366239"><ele>1258.2</ele><time>2026-09-18T02:06:58Z</time></rtept><rtept lat="39.06827" lon="-79.366289"><ele>1258.0</ele><time>2026-09-18T02:06:58Z</time></rtept><rtept lat="39.06816" lon="-79.366334"><ele>1257.2</ele><time>2026-09-18T02:06:58Z</time></rtept><rtept lat="39.06809" lon="-79.366315"><ele>1256.8</ele><time>2026-09-18T02:06:58Z</time></rtept><rtept lat="39.068036" lon="-79.366278"><ele>1256.4</ele><time>2026-09-18T02:06:58Z</time></rtept><rtept lat="39.067878" lon="-79.366144"><ele>1255.0</ele><time>2026-09-18T02:06:58Z</time></rtept><rtept lat="39.06743" lon="-79.366024"><ele>1252.8</ele><time>2026-09-18T02:06:58Z</time></rtept><rtept lat="39.067094" lon="-79.365991"><ele>1252.2</ele><time>2026-09-18T02:06:58Z</time></rtept><rtept lat="39.066889" lon="-79.365973"><ele>1251.6</ele><time>2026-09-18T02:06:58Z</time></rtept><rtept lat="39.066832" lon="-79.366003"><ele>1251.6</ele><time>2026-09-18T02:06:58Z</time></rtept><rtept lat="39.066779" lon="-79.366069"><ele>1251.6</ele><time>2026-09-18T02:06:58Z</time></rtept><rtept lat="39.066695" lon="-79.366116"><ele>1251.6</ele><time>2026-09-18T02:06:58Z</time></rtept><rtept lat="39.066598" lon="-79.366144"><ele>1251.8</ele><time>2026-09-18T02:06:58Z</time></rtept><rtept lat="39.066503" lon="-79.366162"><ele>1252.2</ele><time>2026-09-18T02:06:58Z</time></rtept><rtept lat="39.066419" lon="-79.366189"><ele>1252.4</ele><time>2026-09-18T02:06:58Z</time></rtept><rtept lat="39.066313" lon="-79.366209"><ele>1252.6</ele><time>2026-09-18T02:06:58Z</time></rtept><rtept lat="39.066243" lon="-79.366243"><ele>1253.0</ele><time>2026-09-18T02:06:58Z</time></rtept><rtept lat="39.066163" lon="-79.366309"><ele>1253.2</ele><time>2026-09-18T02:06:58Z</time></rtept><rtept lat="39.066013" lon="-79.366462"><ele>1253.8</ele><time>2026-09-18T02:06:58Z</time></rtept><rtept lat="39.065844" lon="-79.366541"><ele>1254.2</ele><time>2026-09-18T02:06:58Z</time></rtept><rtept lat="39.065755" lon="-79.366551"><ele>1254.2</ele><time>2026-09-18T02:06:58Z</time></rtept><rtept lat="39.065679" lon="-79.366559"><ele>1254.2</ele><time>2026-09-18T02:06:58Z</time></rtept><rtept lat="39.065483" lon="-79.366525"><ele>1254.4</ele><time>2026-09-18T02:06:58Z</time></rtept><rtept lat="39.065375" lon="-79.366513"><ele>1254.0</ele><time>2026-09-18T02:06:58Z</time></rtept><rtept lat="39.065235" lon="-79.366599"><ele>1254.2</ele><time>2026-09-18T02:06:58Z</time></rtept><rtept lat="39.065088" lon="-79.366753"><ele>1254.6</ele><time>2026-09-18T02:06:58Z</time></rtept><rtept lat="39.065013" lon="-79.36683"><ele>1254.8</ele><time>2026-09-18T02:06:58Z</time></rtept><rtept lat="39.064997" lon="-79.366917"><ele>1254.8</ele><time>2026-09-18T02:06:58Z</time></rtept><rtept lat="39.064953" lon="-79.367035"><ele>1254.8</ele><time>2026-09-18T02:06:58Z</time></rtept><rtept lat="39.064933" lon="-79.367233"><ele>1255.6</ele><time>2026-09-18T02:06:58Z</time></rtept><rtept lat="39.064863" lon="-79.36739"><ele>1256.6</ele><time>2026-09-18T02:06:58Z</time></rtept><rtept lat="39.06481" lon="-79.367535"><ele>1256.8</ele><time>2026-09-18T02:06:58Z</time></rtept><rtept lat="39.064739" lon="-79.367543"><ele>1257.0</ele><time>2026-09-18T02:06:58Z</time></rtept><rtept lat="39.064658" lon="-79.367628"><ele>1257.8</ele><time>2026-09-18T02:06:58Z</time></rtept><rtept lat="39.064564" lon="-79.36775"><ele>1258.4</ele><time>2026-09-18T02:06:58Z</time></rtept><rtept lat="39.064492" lon="-79.367804"><ele>1258.2</ele><time>2026-09-18T02:06:58Z</time></rtept><rtept lat="39.064374" lon="-79.367799"><ele>1258.0</ele><time>2026-09-18T02:06:58Z</time></rtept><rtept lat="39.064284" lon="-79.36786"><ele>1258.0</ele><time>2026-09-18T02:06:58Z</time></rtept><rtept lat="39.064058" lon="-79.367882"><ele>1257.6</ele><time>2026-09-18T02:06:58Z</time></rtept><rtept lat="39.063816" lon="-79.368042"><ele>1257.8</ele><time>2026-09-18T02:06:58Z</time></rtept><rtept lat="39.063644" lon="-79.368195"><ele>1257.6</ele><time>2026-09-18T02:06:58Z</time></rtept><rtept lat="39.063202" lon="-79.368458"><ele>1257.8</ele><time>2026-09-18T02:06:58Z</time></rtept><rtept lat="39.063104" lon="-79.368543"><ele>1257.8</ele><time>2026-09-18T02:06:58Z</time></rtept><rtept lat="39.06297" lon="-79.368557"><ele>1257.4</ele><time>2026-09-18T02:06:58Z</time></rtept><rtept lat="39.062872" lon="-79.368472"><ele>1257.0</ele><time>2026-09-18T02:06:58Z</time></rtept><rtept lat="39.062821" lon="-79.368466"><ele>1256.6</ele><time>2026-09-18T02:06:58Z</time></rtept><rtept lat="39.062777" lon="-79.368478"><ele>1256.4</ele><time>2026-09-18T02:06:58Z</time></rtept><rtept lat="39.062696" lon="-79.368524"><ele>1256.0</ele><time>2026-09-18T02:06:58Z</time></rtept><rtept lat="39.062616" lon="-79.368543"><ele>1256.0</ele><time>2026-09-18T02:06:58Z</time></rtept><rtept lat="39.062445" lon="-79.368667"><ele>1255.8</ele><time>2026-09-18T02:06:58Z</time></rtept><rtept lat="39.062243" lon="-79.368752"><ele>1256.2</ele><time>2026-09-18T02:06:58Z</time></rtept><rtept lat="39.062055" lon="-79.368853"><ele>1256.2</ele><time>2026-09-18T02:06:58Z</time></rtept><rtept lat="39.06198" lon="-79.368871"><ele>1255.8</ele><time>2026-09-18T02:06:58Z</time></rtept><rtept lat="39.06191" lon="-79.368874"><ele>1255.4</ele><time>2026-09-18T02:06:58Z</time></rtept><rtept lat="39.061816" lon="-79.368793"><ele>1255.8</ele><time>2026-09-18T02:06:58Z</time></rtept><rtept lat="39.061785" lon="-79.368782"><ele>1255.8</ele><time>2026-09-18T02:06:58Z</time></rtept><rtept lat="39.061732" lon="-79.368788"><ele>1256.0</ele><time>2026-09-18T02:06:58Z</time></rtept><rtept lat="39.061683" lon="-79.368816"><ele>1256.2</ele><time>2026-09-18T02:06:58Z</time></rtept><rtept lat="39.061628" lon="-79.368827"><ele>1256.2</ele><time>2026-09-18T02:06:58Z</time></rtept><rtept lat="39.061551" lon="-79.368846"><ele>1256.2</ele><time>2026-09-18T02:06:58Z</time></rtept><rtept lat="39.06153" lon="-79.368871"><ele>1256.2</ele><time>2026-09-18T02:06:58Z</time></rtept><rtept lat="39.061534" lon="-79.368918"><ele>1256.2</ele><time>2026-09-18T02:06:58Z</time></rtept><rtept lat="39.061518" lon="-79.368968"><ele>1255.8</ele><time>2026-09-18T02:06:58Z</time></rtept><rtept lat="39.061494" lon="-79.368979"><ele>1255.8</ele><time>2026-09-18T02:06:58Z</time></rtept><rtept lat="39.061452" lon="-79.36897"><ele>1255.8</ele><time>2026-09-18T02:06:58Z</time></rtept><rtept lat="39.06134" lon="-79.368937"><ele>1255.8</ele><time>2026-09-18T02:06:58Z</time></rtept><rtept lat="39.06125" lon="-79.368961"><ele>1255.8</ele><time>2026-09-18T02:06:58Z</time></rtept><rtept lat="39.061177" lon="-79.369017"><ele>1255.8</ele><time>2026-09-18T02:06:58Z</time></rtept><rtept lat="39.0611" lon="-79.36911"><ele>1255.0</ele><time>2026-09-18T02:06:58Z</time></rtept><rtept lat="39.061006" lon="-79.369134"><ele>1254.6</ele><time>2026-09-18T02:06:58Z</time></rtept><rtept lat="39.060912" lon="-79.369183"><ele>1254.0</ele><time>2026-09-18T02:06:58Z</time></rtept><rtept lat="39.060796" lon="-79.369275"><ele>1254.4</ele><time>2026-09-18T02:06:58Z</time></rtept><rtept lat="39.060723" lon="-79.369285"><ele>1255.4</ele><time>2026-09-18T02:06:58Z</time></rtept><rtept lat="39.06067" lon="-79.369286"><ele>1255.8</ele><time>2026-09-18T02:06:58Z</time></rtept><rtept lat="39.060633" lon="-79.369322"><ele>1256.0</ele><time>2026-09-18T02:06:58Z</time></rtept><rtept lat="39.060596" lon="-79.369384"><ele>1256.4</ele><time>2026-09-18T02:06:58Z</time></rtept><rtept lat="39.060494" lon="-79.369432"><ele>1256.8</ele><time>2026-09-18T02:06:58Z</time></rtept><rtept lat="39.060404" lon="-79.369462"><ele>1257.6</ele><time>2026-09-18T02:06:58Z</time></rtept><rtept lat="39.060313" lon="-79.369489"><ele>1257.8</ele><time>2026-09-18T02:06:58Z</time></rtept><rtept lat="39.060272" lon="-79.369505"><ele>1257.8</ele><time>2026-09-18T02:06:58Z</time></rtept><rtept lat="39.060233" lon="-79.369557"><ele>1258.4</ele><time>2026-09-18T02:06:58Z</time></rtept><rtept lat="39.060215" lon="-79.369696"><ele>1259.2</ele><time>2026-09-18T02:06:58Z</time></rtept><rtept lat="39.060163" lon="-79.36981"><ele>1260.8</ele><time>2026-09-18T02:06:58Z</time></rtept><rtept lat="39.060042" lon="-79.369922"><ele>1261.6</ele><time>2026-09-18T02:06:58Z</time></rtept><rtept lat="39.059957" lon="-79.369977"><ele>1262.0</ele><time>2026-09-18T02:06:58Z</time></rtept><rtept lat="39.059877" lon="-79.370055"><ele>1262.8</ele><time>2026-09-18T02:06:58Z</time></rtept><rtept lat="39.059796" lon="-79.370116"><ele>1261.8</ele><time>2026-09-18T02:06:58Z</time></rtept><rtept lat="39.059713" lon="-79.370227"><ele>1260.8</ele><time>2026-09-18T02:06:58Z</time></rtept><rtept lat="39.059682" lon="-79.370342"><ele>1261.0</ele><time>2026-09-18T02:06:58Z</time></rtept><rtept lat="39.059667" lon="-79.370587"><ele>1260.6</ele><time>2026-09-18T02:06:58Z</time></rtept><rtept lat="39.059605" lon="-79.370668"><ele>1260.2</ele><time>2026-09-18T02:06:58Z</time></rtept><rtept lat="39.059563" lon="-79.370779"><ele>1258.8</ele><time>2026-09-18T02:06:58Z</time></rtept><rtept lat="39.059559" lon="-79.370914"><ele>1257.2</ele><time>2026-09-18T02:06:58Z</time></rtept><rtept lat="39.059537" lon="-79.37104"><ele>1256.6</ele><time>2026-09-18T02:06:58Z</time></rtept><rtept lat="39.059485" lon="-79.371155"><ele>1256.0</ele><time>2026-09-18T02:06:58Z</time></rtept><rtept lat="39.059494" lon="-79.371289"><ele>1255.0</ele><time>2026-09-18T02:06:58Z</time></rtept><rtept lat="39.059459" lon="-79.371406"><ele>1254.8</ele><time>2026-09-18T02:06:58Z</time></rtept><rtept lat="39.05941" lon="-79.37151"><ele>1254.6</ele><time>2026-09-18T02:06:58Z</time></rtept><rtept lat="39.059303" lon="-79.371576"><ele>1255.0</ele><time>2026-09-18T02:06:58Z</time></rtept><rtept lat="39.05925" lon="-79.37169"><ele>1253.4</ele><time>2026-09-18T02:06:58Z</time></rtept><rtept lat="39.059195" lon="-79.371752"><ele>1253.0</ele><time>2026-09-18T02:06:58Z</time></rtept><rtept lat="39.059141" lon="-79.371757"><ele>1253.0</ele><time>2026-09-18T02:06:58Z</time></rtept><rtept lat="39.059058" lon="-79.371719"><ele>1253.0</ele><time>2026-09-18T02:06:58Z</time></rtept><rtept lat="39.058982" lon="-79.371678"><ele>1252.8</ele><time>2026-09-18T02:06:58Z</time></rtept><rtept lat="39.058932" lon="-79.371653"><ele>1253.4</ele><time>2026-09-18T02:06:58Z</time></rtept><rtept lat="39.058868" lon="-79.371632"><ele>1253.2</ele><time>2026-09-18T02:06:58Z</time></rtept><rtept lat="39.058807" lon="-79.371726"><ele>1252.8</ele><time>2026-09-18T02:06:58Z</time></rtept><rtept lat="39.058673" lon="-79.371727"><ele>1252.4</ele><time>2026-09-18T02:06:58Z</time></rtept><rtept lat="39.058497" lon="-79.37168"><ele>1252.0</ele><time>2026-09-18T02:06:58Z</time></rtept><rtept lat="39.058268" lon="-79.371718"><ele>1251.0</ele><time>2026-09-18T02:06:58Z</time></rtept><rtept lat="39.058026" lon="-79.371938"><ele>1248.6</ele><time>2026-09-18T02:06:58Z</time></rtept><rtept lat="39.057959" lon="-79.371955"><ele>1248.2</ele><time>2026-09-18T02:06:58Z</time></rtept><rtept lat="39.057919" lon="-79.371937"><ele>1248.2</ele><time>2026-09-18T02:06:58Z</time></rtept><rtept lat="39.057883" lon="-79.371953"><ele>1248.0</ele><time>2026-09-18T02:06:58Z</time></rtept><rtept lat="39.057841" lon="-79.371943"><ele>1248.0</ele><time>2026-09-18T02:06:58Z</time></rtept><rtept lat="39.057815" lon="-79.371921"><ele>1248.4</ele><time>2026-09-18T02:06:58Z</time></rtept><rtept lat="39.057766" lon="-79.371906"><ele>1248.4</ele><time>2026-09-18T02:06:58Z</time></rtept><rtept lat="39.057681" lon="-79.371903"><ele>1248.4</ele><time>2026-09-18T02:06:58Z</time></rtept><rtept lat="39.057625" lon="-79.371945"><ele>1248.0</ele><time>2026-09-18T02:06:58Z</time></rtept><rtept lat="39.057589" lon="-79.371992"><ele>1248.0</ele><time>2026-09-18T02:06:58Z</time></rtept><rtept lat="39.057492" lon="-79.37208"><ele>1246.8</ele><time>2026-09-18T02:06:58Z</time></rtept><rtept lat="39.057252" lon="-79.372235"><ele>1244.4</ele><time>2026-09-18T02:06:58Z</time></rtept><rtept lat="39.057175" lon="-79.372246"><ele>1244.4</ele><time>2026-09-18T02:06:58Z</time></rtept><rtept lat="39.05711" lon="-79.372221"><ele>1244.2</ele><time>2026-09-18T02:06:58Z</time></rtept><rtept lat="39.057011" lon="-79.372146"><ele>1244.4</ele><time>2026-09-18T02:06:58Z</time></rtept><rtept lat="39.05692" lon="-79.372113"><ele>1244.0</ele><time>2026-09-18T02:06:58Z</time></rtept><rtept lat="39.056813" lon="-79.372118"><ele>1243.4</ele><time>2026-09-18T02:06:58Z</time></rtept><rtept lat="39.056694" lon="-79.372152"><ele>1242.8</ele><time>2026-09-18T02:06:58Z</time></rtept><rtept lat="39.056538" lon="-79.372135"><ele>1242.2</ele><time>2026-09-18T02:06:58Z</time></rtept><rtept lat="39.056413" lon="-79.372156"><ele>1241.6</ele><time>2026-09-18T02:06:58Z</time></rtept><rtept lat="39.05632" lon="-79.372294"><ele>1240.8</ele><time>2026-09-18T02:06:58Z</time></rtept><rtept lat="39.056234" lon="-79.372319"><ele>1240.2</ele><time>2026-09-18T02:06:58Z</time></rtept><rtept lat="39.056074" lon="-79.372379"><ele>1239.4</ele><time>2026-09-18T02:06:58Z</time></rtept><rtept lat="39.05593" lon="-79.372403"><ele>1238.6</ele><time>2026-09-18T02:06:58Z</time></rtept><rtept lat="39.05583" lon="-79.372402"><ele>1237.2</ele><time>2026-09-18T02:06:58Z</time></rtept><rtept lat="39.05571" lon="-79.372425"><ele>1235.6</ele><time>2026-09-18T02:06:58Z</time></rtept><rtept lat="39.055595" lon="-79.372423"><ele>1234.6</ele><time>2026-09-18T02:06:58Z</time></rtept><rtept lat="39.055508" lon="-79.372396"><ele>1233.0</ele><time>2026-09-18T02:06:58Z</time></rtept><rtept lat="39.055407" lon="-79.372376"><ele>1232.0</ele><time>2026-09-18T02:06:58Z</time></rtept><rtept lat="39.055338" lon="-79.37233"><ele>1231.6</ele><time>2026-09-18T02:06:58Z</time></rtept><rtept lat="39.055261" lon="-79.372315"><ele>1230.8</ele><time>2026-09-18T02:06:58Z</time></rtept><rtept lat="39.05519" lon="-79.372294"><ele>1229.8</ele><time>2026-09-18T02:06:58Z</time></rtept><rtept lat="39.055121" lon="-79.372336"><ele>1228.8</ele><time>2026-09-18T02:06:58Z</time></rtept><rtept lat="39.055048" lon="-79.372312"><ele>1227.4</ele><time>2026-09-18T02:06:58Z</time></rtept><rtept lat="39.05494" lon="-79.372298"><ele>1226.8</ele><time>2026-09-18T02:06:58Z</time></rtept><rtept lat="39.054884" lon="-79.372252"><ele>1227.0</ele><time>2026-09-18T02:06:58Z</time></rtept><rtept lat="39.05484" lon="-79.372253"><ele>1226.6</ele><time>2026-09-18T02:06:58Z</time></rtept><rtept lat="39.054738" lon="-79.372224"><ele>1226.2</ele><time>2026-09-18T02:06:58Z</time></rtept><rtept lat="39.054661" lon="-79.37215"><ele>1226.6</ele><time>2026-09-18T02:06:58Z</time></rtept><rtept lat="39.054511" lon="-79.371859"><ele>1226.2</ele><time>2026-09-18T02:06:58Z</time></rtept><rtept lat="39.054361" lon="-79.371775"><ele>1225.4</ele><time>2026-09-18T02:06:58Z</time></rtept><rtept lat="39.054165" lon="-79.371862"><ele>1224.4</ele><time>2026-09-18T02:06:58Z</time></rtept><rtept lat="39.054024" lon="-79.371979"><ele>1223.6</ele><time>2026-09-18T02:06:58Z</time></rtept><rtept lat="39.053695" lon="-79.372161"><ele>1221.6</ele><time>2026-09-18T02:06:58Z</time></rtept><rtept lat="39.053043" lon="-79.372461"><ele>1218.2</ele><time>2026-09-18T02:06:58Z</time></rtept><rtept lat="39.052893" lon="-79.372554"><ele>1217.8</ele><time>2026-09-18T02:06:58Z</time></rtept><rtept lat="39.052639" lon="-79.372822"><ele>1217.0</ele><time>2026-09-18T02:06:58Z</time></rtept><rtept lat="39.052412" lon="-79.372892"><ele>1216.4</ele><time>2026-09-18T02:06:58Z</time></rtept><rtept lat="39.05238" lon="-79.372966"><ele>1216.6</ele><time>2026-09-18T02:06:58Z</time></rtept><rtept lat="39.052345" lon="-79.373104"><ele>1216.8</ele><time>2026-09-18T02:06:58Z</time></rtept><rtept lat="39.052299" lon="-79.373258"><ele>1217.6</ele><time>2026-09-18T02:06:58Z</time></rtept><rtept lat="39.052282" lon="-79.373362"><ele>1218.0</ele><time>2026-09-18T02:06:58Z</time></rtept><rtept lat="39.052269" lon="-79.373441"><ele>1218.2</ele><time>2026-09-18T02:06:58Z</time></rtept><rtept lat="39.052274" lon="-79.373648"><ele>1218.8</ele><time>2026-09-18T02:06:58Z</time></rtept><rtept lat="39.052333" lon="-79.374088"><ele>1219.6</ele><time>2026-09-18T02:06:58Z</time></rtept><rtept lat="39.052338" lon="-79.37426"><ele>1219.6</ele><time>2026-09-18T02:06:58Z</time></rtept><rtept lat="39.052259" lon="-79.374596"><ele>1221.8</ele><time>2026-09-18T02:06:58Z</time></rtept><rtept lat="39.052123" lon="-79.374799"><ele>1222.6</ele><time>2026-09-18T02:06:58Z</time></rtept><rtept lat="39.051779" lon="-79.375005"><ele>1226.0</ele><time>2026-09-18T02:06:58Z</time></rtept><rtept lat="39.05165" lon="-79.375175"><ele>1227.6</ele><time>2026-09-18T02:06:58Z</time></rtept><rtept lat="39.051599" lon="-79.375243"><ele>1228.0</ele><time>2026-09-18T02:06:58Z</time></rtept><rtept lat="39.051238" lon="-79.37567"><ele>1231.2</ele><time>2026-09-18T02:06:58Z</time></rtept><rtept lat="39.051035" lon="-79.375879"><ele>1232.8</ele><time>2026-09-18T02:06:58Z</time></rtept><rtept lat="39.050798" lon="-79.376159"><ele>1234.2</ele><time>2026-09-18T02:06:58Z</time></rtept><rtept lat="39.050615" lon="-79.376341"><ele>1235.2</ele><time>2026-09-18T02:06:58Z</time></rtept><rtept lat="39.050493" lon="-79.376507"><ele>1236.2</ele><time>2026-09-18T02:06:58Z</time></rtept><rtept lat="39.050302" lon="-79.376823"><ele>1237.0</ele><time>2026-09-18T02:06:58Z</time></rtept><rtept lat="39.049954" lon="-79.377316"><ele>1240.2</ele><time>2026-09-18T02:06:58Z</time></rtept><rtept lat="39.049677" lon="-79.37767"><ele>1243.6</ele><time>2026-09-18T02:06:58Z</time></rtept><rtept lat="39.04945" lon="-79.377928"><ele>1247.2</ele><time>2026-09-18T02:06:58Z</time></rtept><rtept lat="39.049318" lon="-79.378039"><ele>1249.4</ele><time>2026-09-18T02:06:58Z</time></rtept><rtept lat="39.049202" lon="-79.378084"><ele>1250.2</ele><time>2026-09-18T02:06:58Z</time></rtept><rtept lat="39.048899" lon="-79.378102"><ele>1253.6</ele><time>2026-09-18T02:06:58Z</time></rtept><rtept lat="39.048762" lon="-79.378172"><ele>1254.8</ele><time>2026-09-18T02:06:58Z</time></rtept><rtept lat="39.048552" lon="-79.378358"><ele>1257.8</ele><time>2026-09-18T02:06:58Z</time></rtept><rtept lat="39.048255" lon="-79.378456"><ele>1260.4</ele><time>2026-09-18T02:06:58Z</time></rtept><rtept lat="39.047919" lon="-79.378615"><ele>1262.8</ele><time>2026-09-18T02:06:58Z</time></rtept><rtept lat="39.047832" lon="-79.378708"><ele>1264.2</ele><time>2026-09-18T02:06:58Z</time></rtept><rtept lat="39.047563" lon="-79.379146"><ele>1270.8</ele><time>2026-09-18T02:06:58Z</time></rtept><rtept lat="39.047359" lon="-79.379259"><ele>1271.0</ele><time>2026-09-18T02:06:58Z</time></rtept><rtept lat="39.047126" lon="-79.379482"><ele>1271.2</ele><time>2026-09-18T02:06:58Z</time></rtept><rtept lat="39.047043" lon="-79.379615"><ele>1271.0</ele><time>2026-09-18T02:06:58Z</time></rtept><rtept lat="39.046984" lon="-79.379763"><ele>1271.4</ele><time>2026-09-18T02:06:58Z</time></rtept><rtept lat="39.046908" lon="-79.380132"><ele>1273.2</ele><time>2026-09-18T02:06:58Z</time></rtept><rtept lat="39.046826" lon="-79.380245"><ele>1273.4</ele><time>2026-09-18T02:06:58Z</time></rtept><rtept lat="39.046603" lon="-79.380397"><ele>1273.4</ele><time>2026-09-18T02:06:58Z</time></rtept><rtept lat="39.046438" lon="-79.380473"><ele>1272.8</ele><time>2026-09-18T02:06:58Z</time></rtept><rtept lat="39.046368" lon="-79.380538"><ele>1272.4</ele><time>2026-09-18T02:06:58Z</time></rtept><rtept lat="39.046238" lon="-79.380734"><ele>1272.2</ele><time>2026-09-18T02:06:58Z</time></rtept><rtept lat="39.045582" lon="-79.381086"><ele>1271.2</ele><time>2026-09-18T02:06:58Z</time></rtept><rtept lat="39.045414" lon="-79.381234"><ele>1271.2</ele><time>2026-09-18T02:06:58Z</time></rtept><rtept lat="39.044953" lon="-79.381573"><ele>1270.0</ele><time>2026-09-18T02:06:58Z</time></rtept><rtept lat="39.044951" lon="-79.381574"><ele>1270.0</ele><time>2026-09-18T02:06:58Z</time></rtept><rtept lat="39.044914" lon="-79.381602"><ele>1270.0</ele><time>2026-09-18T02:06:58Z</time></rtept><rtept lat="39.044795" lon="-79.381689"><ele>1269.8</ele><time>2026-09-18T02:06:58Z</time></rtept><rtept lat="39.044664" lon="-79.381748"><ele>1269.2</ele><time>2026-09-18T02:06:58Z</time></rtept><rtept lat="39.044371" lon="-79.381813"><ele>1269.2</ele><time>2026-09-18T02:06:58Z</time></rtept><rtept lat="39.044267" lon="-79.381872"><ele>1269.8</ele><time>2026-09-18T02:06:58Z</time></rtept><rtept lat="39.044078" lon="-79.38195"><ele>1269.4</ele><time>2026-09-18T02:06:58Z</time></rtept><rtept lat="39.043971" lon="-79.381954"><ele>1269.2</ele><time>2026-09-18T02:06:58Z</time></rtept><rtept lat="39.043646" lon="-79.382037"><ele>1268.2</ele><time>2026-09-18T02:06:58Z</time></rtept><rtept lat="39.043428" lon="-79.382066"><ele>1267.6</ele><time>2026-09-18T02:06:58Z</time></rtept><rtept lat="39.043196" lon="-79.382141"><ele>1266.4</ele><time>2026-09-18T02:06:58Z</time></rtept><rtept lat="39.042781" lon="-79.382276"><ele>1263.4</ele><time>2026-09-18T02:06:58Z</time></rtept><rtept lat="39.042735" lon="-79.382305"><ele>1263.4</ele><time>2026-09-18T02:06:58Z</time></rtept><rtept lat="39.042703" lon="-79.382326"><ele>1262.8</ele><time>2026-09-18T02:06:58Z</time></rtept><rtept lat="39.042656" lon="-79.382356"><ele>1262.8</ele><time>2026-09-18T02:06:58Z</time></rtept><rtept lat="39.042602" lon="-79.382413"><ele>1262.2</ele><time>2026-09-18T02:06:58Z</time></rtept><rtept lat="39.042398" lon="-79.382789"><ele>1260.0</ele><time>2026-09-18T02:06:58Z</time></rtept><rtept lat="39.042214" lon="-79.382971"><ele>1259.6</ele><time>2026-09-18T02:06:58Z</time></rtept><rtept lat="39.041506" lon="-79.383412"><ele>1256.6</ele><time>2026-09-18T02:06:58Z</time></rtept><rtept lat="39.041218" lon="-79.383499"><ele>1255.2</ele><time>2026-09-18T02:06:58Z</time></rtept><rtept lat="39.04081" lon="-79.383621"><ele>1253.6</ele><time>2026-09-18T02:06:58Z</time></rtept><rtept lat="39.040551" lon="-79.383632"><ele>1251.0</ele><time>2026-09-18T02:06:58Z</time></rtept><rtept lat="39.04013" lon="-79.383522"><ele>1247.0</ele><time>2026-09-18T02:06:58Z</time></rtept><rtept lat="39.040043" lon="-79.383521"><ele>1246.0</ele><time>2026-09-18T02:06:58Z</time></rtept><rtept lat="39.039897" lon="-79.383562"><ele>1244.0</ele><time>2026-09-18T02:06:58Z</time></rtept><rtept lat="39.039654" lon="-79.383681"><ele>1241.6</ele><time>2026-09-18T02:06:58Z</time></rtept><rtept lat="39.039412" lon="-79.383767"><ele>1239.4</ele><time>2026-09-18T02:06:58Z</time></rtept><rtept lat="39.038967" lon="-79.383884"><ele>1234.8</ele><time>2026-09-18T02:06:58Z</time></rtept><rtept lat="39.038634" lon="-79.383943"><ele>1231.8</ele><time>2026-09-18T02:06:58Z</time></rtept><rtept lat="39.038464" lon="-79.384057"><ele>1229.4</ele><time>2026-09-18T02:06:58Z</time></rtept><rtept lat="39.038348" lon="-79.384102"><ele>1228.0</ele><time>2026-09-18T02:06:58Z</time></rtept><rtept lat="39.038248" lon="-79.384073"><ele>1226.6</ele><time>2026-09-18T02:06:58Z</time></rtept><rtept lat="39.038159" lon="-79.383983"><ele>1226.6</ele><time>2026-09-18T02:06:58Z</time></rtept><rtept lat="39.038048" lon="-79.38382"><ele>1226.8</ele><time>2026-09-18T02:06:58Z</time></rtept><rtept lat="39.037975" lon="-79.383762"><ele>1226.4</ele><time>2026-09-18T02:06:58Z</time></rtept><rtept lat="39.037868" lon="-79.383732"><ele>1225.8</ele><time>2026-09-18T02:06:58Z</time></rtept><rtept lat="39.037628" lon="-79.383663"><ele>1224.4</ele><time>2026-09-18T02:06:58Z</time></rtept><rtept lat="39.03739" lon="-79.383595"><ele>1223.4</ele><time>2026-09-18T02:06:58Z</time></rtept><rtept lat="39.037136" lon="-79.383546"><ele>1222.0</ele><time>2026-09-18T02:06:58Z</time></rtept><rtept lat="39.036914" lon="-79.383528"><ele>1220.4</ele><time>2026-09-18T02:06:58Z</time></rtept><rtept lat="39.036779" lon="-79.383519"><ele>1219.4</ele><time>2026-09-18T02:06:58Z</time></rtept><rtept lat="39.036665" lon="-79.383597"><ele>1219.0</ele><time>2026-09-18T02:06:58Z</time></rtept><rtept lat="39.03641" lon="-79.383813"><ele>1215.6</ele><time>2026-09-18T02:06:58Z</time></rtept><rtept lat="39.036339" lon="-79.383868"><ele>1214.8</ele><time>2026-09-18T02:06:58Z</time></rtept><rtept lat="39.036162" lon="-79.383822"><ele>1213.2</ele><time>2026-09-18T02:06:58Z</time></rtept><rtept lat="39.036075" lon="-79.383772"><ele>1212.8</ele><time>2026-09-18T02:06:58Z</time></rtept><rtept lat="39.036013" lon="-79.383804"><ele>1212.0</ele><time>2026-09-18T02:06:58Z</time></rtept><rtept lat="39.035978" lon="-79.383876"><ele>1211.2</ele><time>2026-09-18T02:06:58Z</time></rtept><rtept lat="39.03591" lon="-79.383982"><ele>1210.0</ele><time>2026-09-18T02:06:58Z</time></rtept><rtept lat="39.035903" lon="-79.383984"><ele>1210.0</ele><time>2026-09-18T02:06:58Z</time></rtept><rtept lat="39.035753" lon="-79.38399"><ele>1209.4</ele><time>2026-09-18T02:06:58Z</time></rtept><rtept lat="39.035657" lon="-79.38398"><ele>1209.0</ele><time>2026-09-18T02:06:58Z</time></rtept><rtept lat="39.035546" lon="-79.383919"><ele>1208.6</ele><time>2026-09-18T02:06:58Z</time></rtept><rtept lat="39.035422" lon="-79.383824"><ele>1207.6</ele><time>2026-09-18T02:06:58Z</time></rtept><rtept lat="39.035265" lon="-79.383705"><ele>1206.8</ele><time>2026-09-18T02:06:58Z</time></rtept><rtept lat="39.035044" lon="-79.383754"><ele>1204.4</ele><time>2026-09-18T02:06:58Z</time></rtept><rtept lat="39.034839" lon="-79.383851"><ele>1202.4</ele><time>2026-09-18T02:06:58Z</time></rtept><rtept lat="39.034707" lon="-79.383946"><ele>1200.2</ele><time>2026-09-18T02:06:58Z</time></rtept><rtept lat="39.03464" lon="-79.384039"><ele>1199.6</ele><time>2026-09-18T02:06:58Z</time></rtept><rtept lat="39.034486" lon="-79.384031"><ele>1199.2</ele><time>2026-09-18T02:06:58Z</time></rtept><rtept lat="39.034388" lon="-79.384083"><ele>1198.4</ele><time>2026-09-18T02:06:58Z</time></rtept><rtept lat="39.034194" lon="-79.384236"><ele>1197.0</ele><time>2026-09-18T02:06:58Z</time></rtept><rtept lat="39.034066" lon="-79.384328"><ele>1196.6</ele><time>2026-09-18T02:06:58Z</time></rtept><rtept lat="39.033927" lon="-79.384424"><ele>1196.0</ele><time>2026-09-18T02:06:58Z</time></rtept><rtept lat="39.033818" lon="-79.384498"><ele>1195.2</ele><time>2026-09-18T02:06:58Z</time></rtept><rtept lat="39.033499" lon="-79.384497"><ele>1193.8</ele><time>2026-09-18T02:06:58Z</time></rtept><rtept lat="39.033189" lon="-79.384344"><ele>1192.2</ele><time>2026-09-18T02:06:58Z</time></rtept><rtept lat="39.032818" lon="-79.38421"><ele>1190.4</ele><time>2026-09-18T02:06:58Z</time></rtept><rtept lat="39.032594" lon="-79.384167"><ele>1189.8</ele><time>2026-09-18T02:06:58Z</time></rtept><rtept lat="39.03248" lon="-79.383948"><ele>1189.2</ele><time>2026-09-18T02:06:58Z</time></rtept><rtept lat="39.032351" lon="-79.383845"><ele>1187.6</ele><time>2026-09-18T02:06:58Z</time></rtept><rtept lat="39.032004" lon="-79.383865"><ele>1186.6</ele><time>2026-09-18T02:06:58Z</time></rtept><rtept lat="39.031273" lon="-79.38358"><ele>1179.8</ele><time>2026-09-18T02:06:58Z</time></rtept><rtept lat="39.030581" lon="-79.383253"><ele>1175.8</ele><time>2026-09-18T02:06:58Z</time></rtept><rtept lat="39.030429" lon="-79.38322"><ele>1175.2</ele><time>2026-09-18T02:06:58Z</time></rtept><rtept lat="39.030329" lon="-79.383176"><ele>1174.8</ele><time>2026-09-18T02:06:58Z</time></rtept><rtept lat="39.030055" lon="-79.382988"><ele>1170.8</ele><time>2026-09-18T02:06:58Z</time></rtept><rtept lat="39.029849" lon="-79.382881"><ele>1167.4</ele><time>2026-09-18T02:06:58Z</time></rtept><rtept lat="39.029698" lon="-79.382809"><ele>1165.2</ele><time>2026-09-18T02:06:58Z</time></rtept><rtept lat="39.029399" lon="-79.382735"><ele>1162.4</ele><time>2026-09-18T02:06:58Z</time></rtept><rtept lat="39.029247" lon="-79.382765"><ele>1161.6</ele><time>2026-09-18T02:06:58Z</time></rtept><rtept lat="39.029101" lon="-79.382716"><ele>1160.8</ele><time>2026-09-18T02:06:58Z</time></rtept><rtept lat="39.02905" lon="-79.382722"><ele>1160.4</ele><time>2026-09-18T02:06:58Z</time></rtept><rtept lat="39.028968" lon="-79.382771"><ele>1160.6</ele><time>2026-09-18T02:06:58Z</time></rtept><rtept lat="39.028875" lon="-79.382752"><ele>1160.2</ele><time>2026-09-18T02:06:58Z</time></rtept><rtept lat="39.028791" lon="-79.382707"><ele>1159.8</ele><time>2026-09-18T02:06:58Z</time></rtept><rtept lat="39.028616" lon="-79.382498"><ele>1158.0</ele><time>2026-09-18T02:06:58Z</time></rtept><rtept lat="39.028551" lon="-79.382443"><ele>1157.0</ele><time>2026-09-18T02:06:58Z</time></rtept><rtept lat="39.02841" lon="-79.382417"><ele>1155.6</ele><time>2026-09-18T02:06:58Z</time></rtept><rtept lat="39.028191" lon="-79.382221"><ele>1152.6</ele><time>2026-09-18T02:06:58Z</time></rtept><rtept lat="39.02812" lon="-79.382203"><ele>1152.2</ele><time>2026-09-18T02:06:58Z</time></rtept><rtept lat="39.027972" lon="-79.382221"><ele>1150.8</ele><time>2026-09-18T02:06:58Z</time></rtept><rtept lat="39.027862" lon="-79.382161"><ele>1150.2</ele><time>2026-09-18T02:06:58Z</time></rtept><rtept lat="39.027799" lon="-79.382112"><ele>1149.2</ele><time>2026-09-18T02:06:58Z</time></rtept><rtept lat="39.027782" lon="-79.382097"><ele>1148.2</ele><time>2026-09-18T02:06:58Z</time></rtept><rtept lat="39.027782" lon="-79.382097"><ele>1148.2</ele><time>2026-09-18T02:06:58Z</time></rtept><rtept lat="39.027703" lon="-79.382027"><ele>1148.0</ele><time>2026-09-18T02:06:58Z</time></rtept><rtept lat="39.027442" lon="-79.381777"><ele>1146.4</ele><time>2026-09-18T02:06:58Z</time></rtept><rtept lat="39.026823" lon="-79.381294"><ele>1142.4</ele><time>2026-09-18T02:06:58Z</time></rtept><rtept lat="39.026727" lon="-79.381199"><ele>1141.8</ele><time>2026-09-18T02:06:58Z</time></rtept><rtept lat="39.026525" lon="-79.381029"><ele>1140.0</ele><time>2026-09-18T02:06:58Z</time></rtept><rtept lat="39.026431" lon="-79.381015"><ele>1139.0</ele><time>2026-09-18T02:06:58Z</time></rtept><rtept lat="39.025932" lon="-79.380785"><ele>1136.8</ele><time>2026-09-18T02:06:58Z</time></rtept><rtept lat="39.025686" lon="-79.380671"><ele>1135.0</ele><time>2026-09-18T02:06:58Z</time></rtept><rtept lat="39.025511" lon="-79.380614"><ele>1134.8</ele><time>2026-09-18T02:06:58Z</time></rtept><rtept lat="39.024761" lon="-79.380417"><ele>1131.6</ele><time>2026-09-18T02:06:58Z</time></rtept><rtept lat="39.024577" lon="-79.380354"><ele>1131.4</ele><time>2026-09-18T02:06:58Z</time></rtept><rtept lat="39.024301" lon="-79.380305"><ele>1131.0</ele><time>2026-09-18T02:06:58Z</time></rtept><rtept lat="39.023773" lon="-79.380134"><ele>1128.2</ele><time>2026-09-18T02:06:58Z</time></rtept><rtept lat="39.023457" lon="-79.380081"><ele>1127.8</ele><time>2026-09-18T02:06:58Z</time></rtept><rtept lat="39.0231" lon="-79.379972"><ele>1127.2</ele><time>2026-09-18T02:06:58Z</time></rtept><rtept lat="39.022946" lon="-79.379945"><ele>1126.8</ele><time>2026-09-18T02:06:58Z</time></rtept><rtept lat="39.022359" lon="-79.379788"><ele>1125.0</ele><time>2026-09-18T02:06:58Z</time></rtept><rtept lat="39.021889" lon="-79.379705"><ele>1124.2</ele><time>2026-09-18T02:06:58Z</time></rtept><rtept lat="39.021379" lon="-79.379562"><ele>1123.4</ele><time>2026-09-18T02:06:58Z</time></rtept><rtept lat="39.021184" lon="-79.379498"><ele>1122.6</ele><time>2026-09-18T02:06:58Z</time></rtept><rtept lat="39.020885" lon="-79.37943"><ele>1121.0</ele><time>2026-09-18T02:06:58Z</time></rtept><rtept lat="39.020699" lon="-79.379359"><ele>1120.8</ele><time>2026-09-18T02:06:58Z</time></rtept><rtept lat="39.020392" lon="-79.379295"><ele>1120.8</ele><time>2026-09-18T02:06:58Z</time></rtept><rtept lat="39.020306" lon="-79.379288"><ele>1120.4</ele><time>2026-09-18T02:06:58Z</time></rtept><rtept lat="39.020213" lon="-79.37939"><ele>1120.4</ele><time>2026-09-18T02:06:58Z</time></rtept><rtept lat="39.020178" lon="-79.379396"><ele>1120.2</ele><time>2026-09-18T02:06:58Z</time></rtept><rtept lat="39.020107" lon="-79.379327"><ele>1120.4</ele><time>2026-09-18T02:06:58Z</time></rtept><rtept lat="39.020024" lon="-79.379304"><ele>1120.2</ele><time>2026-09-18T02:06:58Z</time></rtept><rtept lat="39.019908" lon="-79.379304"><ele>1120.2</ele><time>2026-09-18T02:06:58Z</time></rtept><rtept lat="39.019714" lon="-79.379223"><ele>1120.2</ele><time>2026-09-18T02:06:58Z</time></rtept><rtept lat="39.019578" lon="-79.379179"><ele>1120.6</ele><time>2026-09-18T02:06:58Z</time></rtept><rtept lat="39.019308" lon="-79.379101"><ele>1121.0</ele><time>2026-09-18T02:06:58Z</time></rtept><rtept lat="39.019208" lon="-79.379047"><ele>1120.6</ele><time>2026-09-18T02:06:58Z</time></rtept><rtept lat="39.019004" lon="-79.378923"><ele>1120.0</ele><time>2026-09-18T02:06:58Z</time></rtept><rtept lat="39.018929" lon="-79.378903"><ele>1119.6</ele><time>2026-09-18T02:06:58Z</time></rtept><rtept lat="39.018857" lon="-79.37883"><ele>1118.8</ele><time>2026-09-18T02:06:58Z</time></rtept><rtept lat="39.018858" lon="-79.378716"><ele>1118.2</ele><time>2026-09-18T02:06:58Z</time></rtept><rtept lat="39.018846" lon="-79.37852"><ele>1116.8</ele><time>2026-09-18T02:06:58Z</time></rtept><rtept lat="39.018845" lon="-79.378417"><ele>1116.6</ele><time>2026-09-18T02:06:58Z</time></rtept><rtept lat="39.018844" lon="-79.378318"><ele>1117.0</ele><time>2026-09-18T02:06:58Z</time></rtept><rtept lat="39.018825" lon="-79.377952"><ele>1118.4</ele><time>2026-09-18T02:06:58Z</time></rtept><rtept lat="39.018794" lon="-79.377777"><ele>1118.6</ele><time>2026-09-18T02:06:58Z</time></rtept><rtept lat="39.018786" lon="-79.377628"><ele>1119.2</ele><time>2026-09-18T02:06:58Z</time></rtept><rtept lat="39.01877" lon="-79.377482"><ele>1119.8</ele><time>2026-09-18T02:06:58Z</time></rtept><rtept lat="39.018743" lon="-79.377205"><ele>1121.0</ele><time>2026-09-18T02:06:58Z</time></rtept><rtept lat="39.018565" lon="-79.377077"><ele>1121.8</ele><time>2026-09-18T02:06:58Z</time></rtept><rtept lat="39.018385" lon="-79.376971"><ele>1122.2</ele><time>2026-09-18T02:06:58Z</time></rtept><rtept lat="39.017791" lon="-79.376896"><ele>1123.0</ele><time>2026-09-18T02:06:58Z</time></rtept><rtept lat="39.017353" lon="-79.376952"><ele>1124.0</ele><time>2026-09-18T02:06:58Z</time></rtept><rtept lat="39.017185" lon="-79.376922"><ele>1123.6</ele><time>2026-09-18T02:06:58Z</time></rtept><rtept lat="39.017091" lon="-79.376793"><ele>1124.2</ele><time>2026-09-18T02:06:58Z</time></rtept><rtept lat="39.017034" lon="-79.376631"><ele>1125.6</ele><time>2026-09-18T02:06:58Z</time></rtept><rtept lat="39.017032" lon="-79.37647"><ele>1127.0</ele><time>2026-09-18T02:06:58Z</time></rtept><rtept lat="39.017039" lon="-79.376285"><ele>1127.8</ele><time>2026-09-18T02:06:58Z</time></rtept><rtept lat="39.017123" lon="-79.376114"><ele>1129.0</ele><time>2026-09-18T02:06:58Z</time></rtept><rtept lat="39.017152" lon="-79.375954"><ele>1130.0</ele><time>2026-09-18T02:06:58Z</time></rtept><rtept lat="39.01705" lon="-79.375669"><ele>1131.6</ele><time>2026-09-18T02:06:58Z</time></rtept><rtept lat="39.017061" lon="-79.375281"><ele>1132.6</ele><time>2026-09-18T02:06:58Z</time></rtept><rtept lat="39.017013" lon="-79.375015"><ele>1132.8</ele><time>2026-09-18T02:06:58Z</time></rtept><rtept lat="39.016975" lon="-79.374799"><ele>1132.8</ele><time>2026-09-18T02:06:58Z</time></rtept><rtept lat="39.016806" lon="-79.374705"><ele>1131.8</ele><time>2026-09-18T02:06:58Z</time></rtept><rtept lat="39.016609" lon="-79.374707"><ele>1130.2</ele><time>2026-09-18T02:06:58Z</time></rtept><rtept lat="39.016483" lon="-79.374558"><ele>1130.0</ele><time>2026-09-18T02:06:58Z</time></rtept><rtept lat="39.016332" lon="-79.374353"><ele>1129.8</ele><time>2026-09-18T02:06:58Z</time></rtept><rtept lat="39.016162" lon="-79.37424"><ele>1129.2</ele><time>2026-09-18T02:06:58Z</time></rtept><rtept lat="39.015977" lon="-79.374132"><ele>1128.8</ele><time>2026-09-18T02:06:58Z</time></rtept><rtept lat="39.015704" lon="-79.374134"><ele>1127.8</ele><time>2026-09-18T02:06:58Z</time></rtept><rtept lat="39.015576" lon="-79.374181"><ele>1126.8</ele><time>2026-09-18T02:06:58Z</time></rtept><rtept lat="39.015489" lon="-79.374224"><ele>1126.6</ele><time>2026-09-18T02:06:58Z</time></rtept><rtept lat="39.015347" lon="-79.374207"><ele>1126.0</ele><time>2026-09-18T02:06:58Z</time></rtept><rtept lat="39.015246" lon="-79.374227"><ele>1125.6</ele><time>2026-09-18T02:06:58Z</time></rtept><rtept lat="39.015065" lon="-79.374243"><ele>1125.2</ele><time>2026-09-18T02:06:58Z</time></rtept><rtept lat="39.014604" lon="-79.374523"><ele>1123.2</ele><time>2026-09-18T02:06:58Z</time></rtept><rtept lat="39.014354" lon="-79.374602"><ele>1123.0</ele><time>2026-09-18T02:06:58Z</time></rtept><rtept lat="39.014095" lon="-79.374785"><ele>1122.4</ele><time>2026-09-18T02:06:58Z</time></rtept><rtept lat="39.013625" lon="-79.375032"><ele>1122.4</ele><time>2026-09-18T02:06:58Z</time></rtept><rtept lat="39.013351" lon="-79.375189"><ele>1122.4</ele><time>2026-09-18T02:06:58Z</time></rtept><rtept lat="39.012981" lon="-79.375426"><ele>1121.2</ele><time>2026-09-18T02:06:58Z</time></rtept><rtept lat="39.012553" lon="-79.375564"><ele>1120.8</ele><time>2026-09-18T02:06:58Z</time></rtept><rtept lat="39.012402" lon="-79.375663"><ele>1120.6</ele><time>2026-09-18T02:06:58Z</time></rtept><rtept lat="39.011963" lon="-79.375741"><ele>1121.2</ele><time>2026-09-18T02:06:58Z</time></rtept><rtept lat="39.011253" lon="-79.375732"><ele>1120.8</ele><time>2026-09-18T02:06:58Z</time></rtept><rtept lat="39.010714" lon="-79.375651"><ele>1119.2</ele><time>2026-09-18T02:06:58Z</time></rtept><rtept lat="39.010046" lon="-79.375348"><ele>1120.0</ele><time>2026-09-18T02:06:58Z</time></rtept><rtept lat="39.0094" lon="-79.37494"><ele>1118.6</ele><time>2026-09-18T02:06:58Z</time></rtept><rtept lat="39.009087" lon="-79.374649"><ele>1120.2</ele><time>2026-09-18T02:06:58Z</time></rtept><rtept lat="39.008789" lon="-79.374489"><ele>1119.4</ele><time>2026-09-18T02:06:58Z</time></rtept><rtept lat="39.008548" lon="-79.374392"><ele>1119.0</ele><time>2026-09-18T02:06:58Z</time></rtept><rtept lat="39.008085" lon="-79.374374"><ele>1117.6</ele><time>2026-09-18T02:06:58Z</time></rtept><rtept lat="39.00787" lon="-79.374451"><ele>1116.4</ele><time>2026-09-18T02:06:58Z</time></rtept><rtept lat="39.007756" lon="-79.374684"><ele>1115.0</ele><time>2026-09-18T02:06:58Z</time></rtept><rtept lat="39.007652" lon="-79.375045"><ele>1113.4</ele><time>2026-09-18T02:06:58Z</time></rtept><rtept lat="39.007613" lon="-79.375247"><ele>1112.4</ele><time>2026-09-18T02:06:58Z</time></rtept><rtept lat="39.007551" lon="-79.375408"><ele>1112.2</ele><time>2026-09-18T02:06:58Z</time></rtept><rtept lat="39.007488" lon="-79.375554"><ele>1111.6</ele><time>2026-09-18T02:06:58Z</time></rtept><rtept lat="39.007509" lon="-79.375979"><ele>1110.4</ele><time>2026-09-18T02:06:58Z</time></rtept><rtept lat="39.007476" lon="-79.37616"><ele>1110.0</ele><time>2026-09-18T02:06:58Z</time></rtept><rtept lat="39.00733" lon="-79.376299"><ele>1110.2</ele><time>2026-09-18T02:06:58Z</time></rtept><rtept lat="39.007203" lon="-79.376332"><ele>1110.0</ele><time>2026-09-18T02:06:58Z</time></rtept><rtept lat="39.007103" lon="-79.376445"><ele>1110.0</ele><time>2026-09-18T02:06:58Z</time></rtept><rtept lat="39.006979" lon="-79.376566"><ele>1109.6</ele><time>2026-09-18T02:06:58Z</time></rtept><rtept lat="39.00685" lon="-79.376666"><ele>1109.4</ele><time>2026-09-18T02:06:58Z</time></rtept><rtept lat="39.006774" lon="-79.376738"><ele>1109.6</ele><time>2026-09-18T02:06:58Z</time></rtept><rtept lat="39.006715" lon="-79.376859"><ele>1109.4</ele><time>2026-09-18T02:06:58Z</time></rtept><rtept lat="39.006758" lon="-79.376973"><ele>1109.4</ele><time>2026-09-18T02:06:58Z</time></rtept><rtept lat="39.006767" lon="-79.377025"><ele>1109.2</ele><time>2026-09-18T02:06:58Z</time></rtept><rtept lat="39.006713" lon="-79.37709"><ele>1109.2</ele><time>2026-09-18T02:06:58Z</time></rtept><rtept lat="39.006662" lon="-79.377151"><ele>1109.2</ele><time>2026-09-18T02:06:58Z</time></rtept><rtept lat="39.006539" lon="-79.377184"><ele>1109.8</ele><time>2026-09-18T02:06:58Z</time></rtept><rtept lat="39.006327" lon="-79.377156"><ele>1109.4</ele><time>2026-09-18T02:06:58Z</time></rtept><rtept lat="39.005964" lon="-79.377008"><ele>1110.0</ele><time>2026-09-18T02:06:58Z</time></rtept><rtept lat="39.005529" lon="-79.376807"><ele>1110.2</ele><time>2026-09-18T02:06:58Z</time></rtept><rtept lat="39.005011" lon="-79.376605"><ele>1109.8</ele><time>2026-09-18T02:06:58Z</time></rtept><rtept lat="39.004799" lon="-79.376448"><ele>1108.8</ele><time>2026-09-18T02:06:58Z</time></rtept><rtept lat="39.004661" lon="-79.376374"><ele>1108.0</ele><time>2026-09-18T02:06:58Z</time></rtept><rtept lat="39.00446" lon="-79.376267"><ele>1109.0</ele><time>2026-09-18T02:06:58Z</time></rtept><rtept lat="39.004323" lon="-79.376165"><ele>1108.6</ele><time>2026-09-18T02:06:58Z</time></rtept><rtept lat="39.004233" lon="-79.37608"><ele>1108.4</ele><time>2026-09-18T02:06:58Z</time></rtept><rtept lat="39.004117" lon="-79.375964"><ele>1108.2</ele><time>2026-09-18T02:06:58Z</time></rtept><rtept lat="39.004058" lon="-79.375847"><ele>1106.4</ele><time>2026-09-18T02:06:58Z</time></rtept><rtept lat="39.004061" lon="-79.375827"><ele>1106.4</ele><time>2026-09-18T02:06:58Z</time></rtept><rtept lat="39.00402" lon="-79.375704"><ele>1108.4</ele><time>2026-09-18T02:06:58Z</time></rtept><rtept lat="39.003891" lon="-79.375688"><ele>1108.8</ele><time>2026-09-18T02:06:58Z</time></rtept><rtept lat="39.003833" lon="-79.375755"><ele>1107.6</ele><time>2026-09-18T02:06:58Z</time></rtept><rtept lat="39.003765" lon="-79.3758"><ele>1106.0</ele><time>2026-09-18T02:06:58Z</time></rtept><rtept lat="39.00367" lon="-79.375812"><ele>1106.4</ele><time>2026-09-18T02:06:58Z</time></rtept><rtept lat="39.003577" lon="-79.375788"><ele>1108.0</ele><time>2026-09-18T02:06:58Z</time></rtept><rtept lat="39.003253" lon="-79.37584"><ele>1105.6</ele><time>2026-09-18T02:06:58Z</time></rtept><rtept lat="39.003046" lon="-79.375831"><ele>1104.6</ele><time>2026-09-18T02:06:58Z</time></rtept><rtept lat="39.002655" lon="-79.375813"><ele>1102.8</ele><time>2026-09-18T02:06:58Z</time></rtept><rtept lat="39.002284" lon="-79.375685"><ele>1100.4</ele><time>2026-09-18T02:06:58Z</time></rtept><rtept lat="39.001515" lon="-79.375297"><ele>1096.8</ele><time>2026-09-18T02:06:58Z</time></rtept><rtept lat="39.001375" lon="-79.375151"><ele>1096.2</ele><time>2026-09-18T02:06:58Z</time></rtept><rtept lat="39.001184" lon="-79.37508"><ele>1094.0</ele><time>2026-09-18T02:06:58Z</time></rtept><rtept lat="39.00114" lon="-79.375032"><ele>1091.4</ele><time>2026-09-18T02:06:58Z</time></rtept><rtept lat="39.000753" lon="-79.374613"><ele>1090.2</ele><time>2026-09-18T02:06:58Z</time></rtept><rtept lat="39.000411" lon="-79.374017"><ele>1088.8</ele><time>2026-09-18T02:06:58Z</time></rtept><rtept lat="39.000094" lon="-79.373511"><ele>1087.6</ele><time>2026-09-18T02:06:58Z</time></rtept><rtept lat="38.999902" lon="-79.373343"><ele>1087.4</ele><time>2026-09-18T02:06:58Z</time></rtept><rtept lat="38.999491" lon="-79.372957"><ele>1088.4</ele><time>2026-09-18T02:06:58Z</time></rtept><rtept lat="38.999368" lon="-79.372745"><ele>1086.4</ele><time>2026-09-18T02:06:58Z</time></rtept><rtept lat="38.999102" lon="-79.372466"><ele>1083.0</ele><time>2026-09-18T02:06:58Z</time></rtept><rtept lat="38.99879" lon="-79.372194"><ele>1085.0</ele><time>2026-09-18T02:06:58Z</time></rtept><rtept lat="38.998091" lon="-79.37175"><ele>1088.4</ele><time>2026-09-18T02:06:58Z</time></rtept><rtept lat="38.997992" lon="-79.371658"><ele>1088.8</ele><time>2026-09-18T02:06:58Z</time></rtept><rtept lat="38.997878" lon="-79.371614"><ele>1085.2</ele><time>2026-09-18T02:06:58Z</time></rtept><rtept lat="38.997585" lon="-79.371208"><ele>1087.2</ele><time>2026-09-18T02:06:58Z</time></rtept><rtept lat="38.997219" lon="-79.37079"><ele>1089.0</ele><time>2026-09-18T02:06:58Z</time></rtept><rtept lat="38.99703" lon="-79.370478"><ele>1088.2</ele><time>2026-09-18T02:06:58Z</time></rtept><rtept lat="38.996928" lon="-79.370256"><ele>1090.0</ele><time>2026-09-18T02:06:58Z</time></rtept><rtept lat="38.996755" lon="-79.369966"><ele>1088.4</ele><time>2026-09-18T02:06:58Z</time></rtept><rtept lat="38.996478" lon="-79.369636"><ele>1089.6</ele><time>2026-09-18T02:06:58Z</time></rtept><rtept lat="38.996176" lon="-79.369438"><ele>1092.4</ele><time>2026-09-18T02:06:58Z</time></rtept><rtept lat="38.996021" lon="-79.369353"><ele>1090.0</ele><time>2026-09-18T02:06:58Z</time></rtept><rtept lat="38.995879" lon="-79.369329"><ele>1089.0</ele><time>2026-09-18T02:06:58Z</time></rtept><rtept lat="38.995781" lon="-79.369221"><ele>1090.6</ele><time>2026-09-18T02:06:58Z</time></rtept><rtept lat="38.995546" lon="-79.369172"><ele>1090.8</ele><time>2026-09-18T02:06:58Z</time></rtept><rtept lat="38.995419" lon="-79.369108"><ele>1089.4</ele><time>2026-09-18T02:06:58Z</time></rtept><rtept lat="38.994728" lon="-79.368697"><ele>1089.4</ele><time>2026-09-18T02:06:58Z</time></rtept><rtept lat="38.994414" lon="-79.368544"><ele>1090.8</ele><time>2026-09-18T02:06:58Z</time></rtept><rtept lat="38.993343" lon="-79.368399"><ele>1090.4</ele><time>2026-09-18T02:06:58Z</time></rtept><rtept lat="38.992614" lon="-79.36827"><ele>1089.2</ele><time>2026-09-18T02:06:58Z</time></rtept><rtept lat="38.992051" lon="-79.368167"><ele>1088.4</ele><time>2026-09-18T02:06:58Z</time></rtept><rtept lat="38.991383" lon="-79.367954"><ele>1092.0</ele><time>2026-09-18T02:06:58Z</time></rtept><rtept lat="38.990858" lon="-79.36789"><ele>1091.8</ele><time>2026-09-18T02:06:58Z</time></rtept><rtept lat="38.990394" lon="-79.368083"><ele>1088.8</ele><time>2026-09-18T02:06:58Z</time></rtept><rtept lat="38.990173" lon="-79.368196"><ele>1088.6</ele><time>2026-09-18T02:06:58Z</time></rtept><rtept lat="38.989782" lon="-79.368302"><ele>1087.6</ele><time>2026-09-18T02:06:58Z</time></rtept><rtept lat="38.989391" lon="-79.368346"><ele>1084.2</ele><time>2026-09-18T02:06:58Z</time></rtept><rtept lat="38.988782" lon="-79.368495"><ele>1083.6</ele><time>2026-09-18T02:06:58Z</time></rtept><rtept lat="38.988165" lon="-79.36851"><ele>1078.6</ele><time>2026-09-18T02:06:58Z</time></rtept><rtept lat="38.987878" lon="-79.368468"><ele>1078.6</ele><time>2026-09-18T02:06:58Z</time></rtept><rtept lat="38.987683" lon="-79.36836"><ele>1078.0</ele><time>2026-09-18T02:06:58Z</time></rtept><rtept lat="38.987532" lon="-79.368202"><ele>1078.6</ele><time>2026-09-18T02:06:58Z</time></rtept><rtept lat="38.987425" lon="-79.368007"><ele>1077.4</ele><time>2026-09-18T02:06:58Z</time></rtept><rtept lat="38.987371" lon="-79.36774"><ele>1079.2</ele><time>2026-09-18T02:06:58Z</time></rtept><rtept lat="38.987379" lon="-79.367416"><ele>1076.8</ele><time>2026-09-18T02:06:58Z</time></rtept><rtept lat="38.987401" lon="-79.367184"><ele>1074.0</ele><time>2026-09-18T02:06:58Z</time></rtept><rtept lat="38.987775" lon="-79.366203"><ele>1072.4</ele><time>2026-09-18T02:06:58Z</time></rtept><rtept lat="38.988078" lon="-79.365761"><ele>1069.6</ele><time>2026-09-18T02:06:58Z</time></rtept><rtept lat="38.988328" lon="-79.36545"><ele>1068.4</ele><time>2026-09-18T02:06:58Z</time></rtept><rtept lat="38.989096" lon="-79.364518"><ele>1064.0</ele><time>2026-09-18T02:06:58Z</time></rtept><rtept lat="38.989825" lon="-79.363798"><ele>1064.8</ele><time>2026-09-18T02:06:58Z</time></rtept><rtept lat="38.990246" lon="-79.363454"><ele>1063.4</ele><time>2026-09-18T02:06:58Z</time></rtept><rtept lat="38.99167" lon="-79.362063"><ele>1053.2</ele><time>2026-09-18T02:06:58Z</time></rtept><rtept lat="38.992384" lon="-79.361354"><ele>1047.2</ele><time>2026-09-18T02:06:58Z</time></rtept><rtept lat="38.992756" lon="-79.361013"><ele>1045.4</ele><time>2026-09-18T02:06:58Z</time></rtept><rtept lat="38.993063" lon="-79.360607"><ele>1046.6</ele><time>2026-09-18T02:06:58Z</time></rtept><rtept lat="38.993126" lon="-79.36053"><ele>1046.4</ele><time>2026-09-18T02:06:58Z</time></rtept><rtept lat="38.993126" lon="-79.36053"><ele>1046.4000000000015</ele><time>2026-09-18T02:06:58Z</time></rtept><rtept lat="38.993339" lon="-79.360267"><ele>1045.2000000000007</ele><time>2026-09-18T02:06:58Z</time></rtept><rtept lat="38.99352" lon="-79.360066"><ele>1041.4000000000015</ele><time>2026-09-18T02:06:58Z</time></rtept><rtept lat="38.993668" lon="-79.359985"><ele>1041.6000000000004</ele><time>2026-09-18T02:06:58Z</time></rtept><rtept lat="38.993845" lon="-79.359824"><ele>1042.2000000000007</ele><time>2026-09-18T02:06:58Z</time></rtept><rtept lat="38.993943" lon="-79.359649"><ele>1041.0</ele><time>2026-09-18T02:06:58Z</time></rtept><rtept lat="38.994214" lon="-79.359329"><ele>1041.4000000000015</ele><time>2026-09-18T02:06:58Z</time></rtept><rtept lat="38.994641" lon="-79.358898"><ele>1040.6000000000004</ele><time>2026-09-18T02:06:58Z</time></rtept><rtept lat="38.994816" lon="-79.358791"><ele>1035.0</ele><time>2026-09-18T02:06:58Z</time></rtept><rtept lat="38.995037" lon="-79.358691"><ele>1033.800000000001</ele><time>2026-09-18T02:06:58Z</time></rtept><rtept lat="38.995264" lon="-79.358612"><ele>1032.800000000001</ele><time>2026-09-18T02:06:58Z</time></rtept><rtept lat="38.995565" lon="-79.358498"><ele>1031.4000000000015</ele><time>2026-09-18T02:06:58Z</time></rtept><rtept lat="38.995794" lon="-79.35844"><ele>1029.4000000000015</ele><time>2026-09-18T02:06:58Z</time></rtept><rtept lat="38.99596" lon="-79.358372"><ele>1029.6000000000004</ele><time>2026-09-18T02:06:58Z</time></rtept><rtept lat="38.996361" lon="-79.358344"><ele>1024.6000000000004</ele><time>2026-09-18T02:06:58Z</time></rtept><rtept lat="38.996791" lon="-79.35838"><ele>1024.4000000000015</ele><time>2026-09-18T02:06:58Z</time></rtept><rtept lat="38.997028" lon="-79.358456"><ele>1023.6000000000004</ele><time>2026-09-18T02:06:58Z</time></rtept><rtept lat="38.99717" lon="-79.358532"><ele>1021.2000000000007</ele><time>2026-09-18T02:06:58Z</time></rtept><rtept lat="38.997567" lon="-79.358765"><ele>1021.6000000000004</ele><time>2026-09-18T02:06:58Z</time></rtept><rtept lat="38.997931" lon="-79.358943"><ele>1018.6000000000004</ele><time>2026-09-18T02:06:58Z</time></rtept><rtept lat="38.998567" lon="-79.359276"><ele>1017.0</ele><time>2026-09-18T02:06:58Z</time></rtept><rtept lat="38.998926" lon="-79.359463"><ele>1013.0</ele><time>2026-09-18T02:06:58Z</time></rtept><rtept lat="39.000022" lon="-79.359887"><ele>1009.6000000000004</ele><time>2026-09-18T02:06:58Z</time></rtept><rtept lat="38.999951" lon="-79.359765"><ele>1007.8000000000011</ele><time>2026-09-18T02:06:58Z</time></rtept><rtept lat="38.999915" lon="-79.359599"><ele>1001.6000000000004</ele><time>2026-09-18T02:06:58Z</time></rtept><rtept lat="38.999865" lon="-79.359494"><ele>999.8000000000011</ele><time>2026-09-18T02:06:58Z</time></rtept><rtept lat="38.999835" lon="-79.359325"><ele>996.0</ele><time>2026-09-18T02:06:58Z</time></rtept><rtept lat="38.999778" lon="-79.359219"><ele>991.2000000000007</ele><time>2026-09-18T02:06:58Z</time></rtept><rtept lat="38.999726" lon="-79.359067"><ele>989.8000000000011</ele><time>2026-09-18T02:06:58Z</time></rtept><rtept lat="38.999738" lon="-79.358944"><ele>984.8000000000011</ele><time>2026-09-18T02:06:58Z</time></rtept><rtept lat="38.999712" lon="-79.358829"><ele>982.6000000000004</ele><time>2026-09-18T02:06:58Z</time></rtept><rtept lat="38.999553" lon="-79.358719"><ele>983.2000000000007</ele><time>2026-09-18T02:06:58Z</time></rtept><rtept lat="38.999138" lon="-79.358361"><ele>977.8000000000011</ele><time>2026-09-18T02:06:58Z</time></rtept><rtept lat="38.998833" lon="-79.358046"><ele>976.4000000000015</ele><time>2026-09-18T02:06:58Z</time></rtept><rtept lat="38.998677" lon="-79.357837"><ele>972.2000000000007</ele><time>2026-09-18T02:06:58Z</time></rtept><rtept lat="38.998543" lon="-79.357716"><ele>973.6000000000004</ele><time>2026-09-18T02:06:58Z</time></rtept><rtept lat="38.998343" lon="-79.357564"><ele>973.2000000000007</ele><time>2026-09-18T02:06:58Z</time></rtept><rtept lat="38.998118" lon="-79.357323"><ele>970.6000000000004</ele><time>2026-09-18T02:06:58Z</time></rtept><rtept lat="38.997959" lon="-79.357224"><ele>972.0</ele><time>2026-09-18T02:06:58Z</time></rtept><rtept lat="38.997888" lon="-79.357102"><ele>970.8000000000011</ele><time>2026-09-18T02:06:58Z</time></rtept><rtept lat="38.99772" lon="-79.356932"><ele>968.2000000000007</ele><time>2026-09-18T02:06:58Z</time></rtept><rtept lat="38.997575" lon="-79.356741"><ele>965.2000000000007</ele><time>2026-09-18T02:06:58Z</time></rtept><rtept lat="38.99743" lon="-79.356585"><ele>963.2000000000007</ele><time>2026-09-18T02:06:58Z</time></rtept><rtept lat="38.997331" lon="-79.356374"><ele>954.8000000000011</ele><time>2026-09-18T02:06:58Z</time></rtept><rtept lat="38.997184" lon="-79.356163"><ele>948.4000000000015</ele><time>2026-09-18T02:06:58Z</time></rtept><rtept lat="38.997069" lon="-79.356037"><ele>942.0</ele><time>2026-09-18T02:06:58Z</time></rtept><rtept lat="38.996996" lon="-79.355946"><ele>940.4000000000015</ele><time>2026-09-18T02:06:58Z</time></rtept><rtept lat="38.996891" lon="-79.355919"><ele>938.6000000000004</ele><time>2026-09-18T02:06:58Z</time></rtept><rtept lat="38.996797" lon="-79.355927"><ele>937.8000000000011</ele><time>2026-09-18T02:06:58Z</time></rtept><rtept lat="38.996603" lon="-79.355974"><ele>938.2000000000007</ele><time>2026-09-18T02:06:58Z</time></rtept><rtept lat="38.996527" lon="-79.355934"><ele>936.6000000000004</ele><time>2026-09-18T02:06:58Z</time></rtept><rtept lat="38.996426" lon="-79.355961"><ele>936.0</ele><time>2026-09-18T02:06:58Z</time></rtept><rtept lat="38.99618" lon="-79.355957"><ele>935.0</ele><time>2026-09-18T02:06:58Z</time></rtept><rtept lat="38.996008" lon="-79.355871"><ele>933.8000000000011</ele><time>2026-09-18T02:06:58Z</time></rtept><rtept lat="38.995781" lon="-79.355814"><ele>932.2000000000007</ele><time>2026-09-18T02:06:58Z</time></rtept><rtept lat="38.995563" lon="-79.355699"><ele>929.2000000000007</ele><time>2026-09-18T02:06:58Z</time></rtept><rtept lat="38.995332" lon="-79.355704"><ele>928.6000000000004</ele><time>2026-09-18T02:06:58Z</time></rtept><rtept lat="38.995111" lon="-79.35567"><ele>927.6000000000004</ele><time>2026-09-18T02:06:58Z</time></rtept><rtept lat="38.994963" lon="-79.355729"><ele>926.6000000000004</ele><time>2026-09-18T02:06:58Z</time></rtept><rtept lat="38.99481" lon="-79.355838"><ele>925.8000000000011</ele><time>2026-09-18T02:06:58Z</time></rtept><rtept lat="38.994665" lon="-79.35602"><ele>926.4000000000015</ele><time>2026-09-18T02:06:58Z</time></rtept><rtept lat="38.994457" lon="-79.356189"><ele>924.2000000000007</ele><time>2026-09-18T02:06:58Z</time></rtept><rtept lat="38.994387" lon="-79.356236"><ele>923.4000000000015</ele><time>2026-09-18T02:06:58Z</time></rtept><rtept lat="38.994316" lon="-79.356311"><ele>923.0</ele><time>2026-09-18T02:06:58Z</time></rtept><rtept lat="38.994309" lon="-79.35632"><ele>923.0</ele><time>2026-09-18T02:06:58Z</time></rtept><rtept lat="38.994309" lon="-79.35632"><ele>923.0</ele><time>2026-09-18T02:06:58Z</time></rtept><rtept lat="38.994316" lon="-79.356311"><ele>923.0</ele><time>2026-09-18T02:06:58Z</time></rtept><rtept lat="38.994387" lon="-79.356236"><ele>923.4000000000015</ele><time>2026-09-18T02:06:58Z</time></rtept><rtept lat="38.994457" lon="-79.356189"><ele>924.2000000000007</ele><time>2026-09-18T02:06:58Z</time></rtept><rtept lat="38.994665" lon="-79.35602"><ele>926.4000000000015</ele><time>2026-09-18T02:06:58Z</time></rtept><rtept lat="38.99481" lon="-79.355838"><ele>925.8000000000011</ele><time>2026-09-18T02:06:58Z</time></rtept><rtept lat="38.994963" lon="-79.355729"><ele>926.6000000000004</ele><time>2026-09-18T02:06:58Z</time></rtept><rtept lat="38.995111" lon="-79.35567"><ele>927.6000000000004</ele><time>2026-09-18T02:06:58Z</time></rtept><rtept lat="38.995332" lon="-79.355704"><ele>928.6000000000004</ele><time>2026-09-18T02:06:58Z</time></rtept><rtept lat="38.995563" lon="-79.355699"><ele>929.2000000000007</ele><time>2026-09-18T02:06:58Z</time></rtept><rtept lat="38.995781" lon="-79.355814"><ele>932.2000000000007</ele><time>2026-09-18T02:06:58Z</time></rtept><rtept lat="38.996008" lon="-79.355871"><ele>933.8000000000011</ele><time>2026-09-18T02:06:58Z</time></rtept><rtept lat="38.99618" lon="-79.355957"><ele>935.0</ele><time>2026-09-18T02:06:58Z</time></rtept><rtept lat="38.996426" lon="-79.355961"><ele>936.0</ele><time>2026-09-18T02:06:58Z</time></rtept><rtept lat="38.996527" lon="-79.355934"><ele>936.6000000000004</ele><time>2026-09-18T02:06:58Z</time></rtept><rtept lat="38.996603" lon="-79.355974"><ele>938.2000000000007</ele><time>2026-09-18T02:06:58Z</time></rtept><rtept lat="38.996797" lon="-79.355927"><ele>937.8000000000011</ele><time>2026-09-18T02:06:58Z</time></rtept><rtept lat="38.996891" lon="-79.355919"><ele>938.6000000000004</ele><time>2026-09-18T02:06:58Z</time></rtept><rtept lat="38.996996" lon="-79.355946"><ele>940.4000000000015</ele><time>2026-09-18T02:06:58Z</time></rtept><rtept lat="38.997069" lon="-79.356037"><ele>942.0</ele><time>2026-09-18T02:06:58Z</time></rtept><rtept lat="38.997184" lon="-79.356163"><ele>948.4000000000015</ele><time>2026-09-18T02:06:58Z</time></rtept><rtept lat="38.997331" lon="-79.356374"><ele>954.8000000000011</ele><time>2026-09-18T02:06:58Z</time></rtept><rtept lat="38.99743" lon="-79.356585"><ele>963.2000000000007</ele><time>2026-09-18T02:06:58Z</time></rtept><rtept lat="38.997575" lon="-79.356741"><ele>965.2000000000007</ele><time>2026-09-18T02:06:58Z</time></rtept><rtept lat="38.99772" lon="-79.356932"><ele>968.2000000000007</ele><time>2026-09-18T02:06:58Z</time></rtept><rtept lat="38.997888" lon="-79.357102"><ele>970.8000000000011</ele><time>2026-09-18T02:06:58Z</time></rtept><rtept lat="38.997959" lon="-79.357224"><ele>972.0</ele><time>2026-09-18T02:06:58Z</time></rtept><rtept lat="38.998118" lon="-79.357323"><ele>970.6000000000004</ele><time>2026-09-18T02:06:58Z</time></rtept><rtept lat="38.998343" lon="-79.357564"><ele>973.2000000000007</ele><time>2026-09-18T02:06:58Z</time></rtept><rtept lat="38.998543" lon="-79.357716"><ele>973.6000000000004</ele><time>2026-09-18T02:06:58Z</time></rtept><rtept lat="38.998677" lon="-79.357837"><ele>972.2000000000007</ele><time>2026-09-18T02:06:58Z</time></rtept><rtept lat="38.998833" lon="-79.358046"><ele>976.4000000000015</ele><time>2026-09-18T02:06:58Z</time></rtept><rtept lat="38.999138" lon="-79.358361"><ele>977.8000000000011</ele><time>2026-09-18T02:06:58Z</time></rtept><rtept lat="38.999553" lon="-79.358719"><ele>983.2000000000007</ele><time>2026-09-18T02:06:58Z</time></rtept><rtept lat="38.999712" lon="-79.358829"><ele>982.6000000000004</ele><time>2026-09-18T02:06:58Z</time></rtept><rtept lat="38.999738" lon="-79.358944"><ele>984.8000000000011</ele><time>2026-09-18T02:06:58Z</time></rtept><rtept lat="38.999726" lon="-79.359067"><ele>989.8000000000011</ele><time>2026-09-18T02:06:58Z</time></rtept><rtept lat="38.999778" lon="-79.359219"><ele>991.2000000000007</ele><time>2026-09-18T02:06:58Z</time></rtept><rtept lat="38.999835" lon="-79.359325"><ele>996.0</ele><time>2026-09-18T02:06:58Z</time></rtept><rtept lat="38.999865" lon="-79.359494"><ele>999.8000000000011</ele><time>2026-09-18T02:06:58Z</time></rtept><rtept lat="38.999915" lon="-79.359599"><ele>1001.6000000000004</ele><time>2026-09-18T02:06:58Z</time></rtept><rtept lat="38.999951" lon="-79.359765"><ele>1007.8000000000011</ele><time>2026-09-18T02:06:58Z</time></rtept><rtept lat="39.000022" lon="-79.359887"><ele>1009.6000000000004</ele><time>2026-09-18T02:06:58Z</time></rtept><rtept lat="39.000169" lon="-79.360142"><ele>1015.0</ele><time>2026-09-18T02:06:58Z</time></rtept><rtept lat="39.000308" lon="-79.360273"><ele>1017.4000000000015</ele><time>2026-09-18T02:06:58Z</time></rtept><rtept lat="39.000511" lon="-79.36056"><ele>1021.8000000000011</ele><time>2026-09-18T02:06:58Z</time></rtept><rtept lat="39.000592" lon="-79.360715"><ele>1024.800000000001</ele><time>2026-09-18T02:06:58Z</time></rtept><rtept lat="39.000685" lon="-79.36084"><ele>1025.6000000000004</ele><time>2026-09-18T02:06:58Z</time></rtept><rtept lat="39.00091" lon="-79.361055"><ele>1029.6000000000004</ele><time>2026-09-18T02:06:58Z</time></rtept><rtept lat="39.001115" lon="-79.361179"><ele>1029.2000000000007</ele><time>2026-09-18T02:06:58Z</time></rtept><rtept lat="39.001573" lon="-79.361363"><ele>1029.800000000001</ele><time>2026-09-18T02:06:58Z</time></rtept><rtept lat="39.002086" lon="-79.361542"><ele>1033.2000000000007</ele><time>2026-09-18T02:06:58Z</time></rtept><rtept lat="39.002356" lon="-79.361616"><ele>1035.800000000001</ele><time>2026-09-18T02:06:58Z</time></rtept><rtept lat="39.002783" lon="-79.361651"><ele>1039.2000000000007</ele><time>2026-09-18T02:06:58Z</time></rtept><rtept lat="39.003081" lon="-79.361766"><ele>1039.800000000001</ele><time>2026-09-18T02:06:58Z</time></rtept><rtept lat="39.003259" lon="-79.36191"><ele>1043.0</ele><time>2026-09-18T02:06:58Z</time></rtept><rtept lat="39.003506" lon="-79.362028"><ele>1043.6000000000004</ele><time>2026-09-18T02:06:58Z</time></rtept><rtept lat="39.003904" lon="-79.362149"><ele>1046.800000000001</ele><time>2026-09-18T02:06:58Z</time></rtept><rtept lat="39.004169" lon="-79.362167"><ele>1048.0</ele><time>2026-09-18T02:06:58Z</time></rtept><rtept lat="39.004576" lon="-79.362101"><ele>1048.800000000001</ele><time>2026-09-18T02:06:58Z</time></rtept><rtept lat="39.004848" lon="-79.361931"><ele>1049.4000000000015</ele><time>2026-09-18T02:06:58Z</time></rtept><rtept lat="39.005023" lon="-79.361818"><ele>1050.4000000000015</ele><time>2026-09-18T02:06:58Z</time></rtept><rtept lat="39.005154" lon="-79.361725"><ele>1051.2000000000007</ele><time>2026-09-18T02:06:58Z</time></rtept><rtept lat="39.005431" lon="-79.361691"><ele>1050.800000000001</ele><time>2026-09-18T02:06:58Z</time></rtept><rtept lat="39.005584" lon="-79.361649"><ele>1053.6000000000004</ele><time>2026-09-18T02:06:58Z</time></rtept><rtept lat="39.005726" lon="-79.361667"><ele>1056.0</ele><time>2026-09-18T02:06:58Z</time></rtept><rtept lat="39.006224" lon="-79.36141"><ele>1059.2000000000007</ele><time>2026-09-18T02:06:58Z</time></rtept><rtept lat="39.006505" lon="-79.361322"><ele>1060.6000000000004</ele><time>2026-09-18T02:06:58Z</time></rtept><rtept lat="39.006793" lon="-79.361307"><ele>1064.0</ele><time>2026-09-18T02:06:58Z</time></rtept><rtept lat="39.006949" lon="-79.361265"><ele>1062.4000000000015</ele><time>2026-09-18T02:06:58Z</time></rtept><rtept lat="39.007192" lon="-79.361159"><ele>1063.2000000000007</ele><time>2026-09-18T02:06:58Z</time></rtept><rtept lat="39.007468" lon="-79.361086"><ele>1065.2000000000007</ele><time>2026-09-18T02:06:58Z</time></rtept><rtept lat="39.007678" lon="-79.360972"><ele>1066.2000000000007</ele><time>2026-09-18T02:06:58Z</time></rtept><rtept lat="39.007804" lon="-79.360857"><ele>1065.800000000001</ele><time>2026-09-18T02:06:58Z</time></rtept><rtept lat="39.007921" lon="-79.360718"><ele>1068.2000000000007</ele><time>2026-09-18T02:06:58Z</time></rtept><rtept lat="39.008013" lon="-79.36059"><ele>1066.2000000000007</ele><time>2026-09-18T02:06:58Z</time></rtept><rtept lat="39.008115" lon="-79.360502"><ele>1066.800000000001</ele><time>2026-09-18T02:06:58Z</time></rtept><rtept lat="39.008179" lon="-79.360433"><ele>1066.800000000001</ele><time>2026-09-18T02:06:58Z</time></rtept><rtept lat="39.008302" lon="-79.360272"><ele>1066.800000000001</ele><time>2026-09-18T02:06:58Z</time></rtept><rtept lat="39.00839" lon="-79.360185"><ele>1071.4000000000015</ele><time>2026-09-18T02:06:58Z</time></rtept><rtept lat="39.008633" lon="-79.359868"><ele>1067.6000000000004</ele><time>2026-09-18T02:06:58Z</time></rtept><rtept lat="39.009006" lon="-79.359544"><ele>1072.800000000001</ele><time>2026-09-18T02:06:58Z</time></rtept><rtept lat="39.009333" lon="-79.359118"><ele>1074.800000000001</ele><time>2026-09-18T02:06:58Z</time></rtept><rtept lat="39.009577" lon="-79.358629"><ele>1076.0</ele><time>2026-09-18T02:06:58Z</time></rtept><rtept lat="39.009742" lon="-79.358395"><ele>1080.800000000001</ele><time>2026-09-18T02:06:58Z</time></rtept><rtept lat="39.009867" lon="-79.358168"><ele>1083.2000000000007</ele><time>2026-09-18T02:06:58Z</time></rtept><rtept lat="39.009996" lon="-79.357795"><ele>1082.800000000001</ele><time>2026-09-18T02:06:58Z</time></rtept><rtept lat="39.010355" lon="-79.357141"><ele>1078.6000000000004</ele><time>2026-09-18T02:06:58Z</time></rtept><rtept lat="39.010645" lon="-79.35684"><ele>1078.4000000000015</ele><time>2026-09-18T02:06:58Z</time></rtept><rtept lat="39.01079" lon="-79.356658"><ele>1080.6000000000004</ele><time>2026-09-18T02:06:58Z</time></rtept><rtept lat="39.010902" lon="-79.35645"><ele>1079.0</ele><time>2026-09-18T02:06:58Z</time></rtept><rtept lat="39.011069" lon="-79.356281"><ele>1082.2000000000007</ele><time>2026-09-18T02:06:58Z</time></rtept><rtept lat="39.011259" lon="-79.355959"><ele>1080.2000000000007</ele><time>2026-09-18T02:06:58Z</time></rtept><rtept lat="39.011299" lon="-79.355773"><ele>1076.2000000000007</ele><time>2026-09-18T02:06:58Z</time></rtept><rtept lat="39.011406" lon="-79.355595"><ele>1078.6000000000004</ele><time>2026-09-18T02:06:58Z</time></rtept><rtept lat="39.011643" lon="-79.355362"><ele>1077.4000000000015</ele><time>2026-09-18T02:06:58Z</time></rtept><rtept lat="39.011848" lon="-79.355217"><ele>1078.800000000001</ele><time>2026-09-18T02:06:58Z</time></rtept><rtept lat="39.012061" lon="-79.355136"><ele>1076.6000000000004</ele><time>2026-09-18T02:06:58Z</time></rtept><rtept lat="39.012334" lon="-79.355165"><ele>1075.800000000001</ele><time>2026-09-18T02:06:58Z</time></rtept><rtept lat="39.012826" lon="-79.355221"><ele>1078.800000000001</ele><time>2026-09-18T02:06:58Z</time></rtept><rtept lat="39.013439" lon="-79.355048"><ele>1077.0</ele><time>2026-09-18T02:06:58Z</time></rtept><rtept lat="39.014033" lon="-79.354718"><ele>1075.4000000000015</ele><time>2026-09-18T02:06:58Z</time></rtept><rtept lat="39.014397" lon="-79.354664"><ele>1073.6000000000004</ele><time>2026-09-18T02:06:58Z</time></rtept><rtept lat="39.014724" lon="-79.354663"><ele>1074.800000000001</ele><time>2026-09-18T02:06:58Z</time></rtept><rtept lat="39.014948" lon="-79.354667"><ele>1073.4000000000015</ele><time>2026-09-18T02:06:58Z</time></rtept><rtept lat="39.015375" lon="-79.354714"><ele>1073.4000000000015</ele><time>2026-09-18T02:06:58Z</time></rtept><rtept lat="39.015681" lon="-79.354678"><ele>1075.4000000000015</ele><time>2026-09-18T02:06:58Z</time></rtept><rtept lat="39.015842" lon="-79.35462"><ele>1073.6000000000004</ele><time>2026-09-18T02:06:58Z</time></rtept><rtept lat="39.015973" lon="-79.354552"><ele>1071.800000000001</ele><time>2026-09-18T02:06:58Z</time></rtept><rtept lat="39.016412" lon="-79.354441"><ele>1074.4000000000015</ele><time>2026-09-18T02:06:58Z</time></rtept><rtept lat="39.016555" lon="-79.354398"><ele>1072.800000000001</ele><time>2026-09-18T02:06:58Z</time></rtept><rtept lat="39.016661" lon="-79.354363"><ele>1074.2000000000007</ele><time>2026-09-18T02:06:58Z</time></rtept><rtept lat="39.017218" lon="-79.354198"><ele>1070.800000000001</ele><time>2026-09-18T02:06:58Z</time></rtept><rtept lat="39.017326" lon="-79.35413"><ele>1072.2000000000007</ele><time>2026-09-18T02:06:58Z</time></rtept><rtept lat="39.017547" lon="-79.354017"><ele>1073.2000000000007</ele><time>2026-09-18T02:06:58Z</time></rtept><rtept lat="39.01766" lon="-79.353922"><ele>1074.0</ele><time>2026-09-18T02:06:58Z</time></rtept><rtept lat="39.017778" lon="-79.353819"><ele>1074.0</ele><time>2026-09-18T02:06:58Z</time></rtept><rtept lat="39.017987" lon="-79.353626"><ele>1072.6000000000004</ele><time>2026-09-18T02:06:58Z</time></rtept><rtept lat="39.018099" lon="-79.353539"><ele>1072.4000000000015</ele><time>2026-09-18T02:06:58Z</time></rtept><rtept lat="39.018282" lon="-79.353455"><ele>1072.6000000000004</ele><time>2026-09-18T02:06:58Z</time></rtept><rtept lat="39.018541" lon="-79.353407"><ele>1071.2000000000007</ele><time>2026-09-18T02:06:58Z</time></rtept><rtept lat="39.01884" lon="-79.3534"><ele>1070.0</ele><time>2026-09-18T02:06:58Z</time></rtept><rtept lat="39.018944" lon="-79.353366"><ele>1067.2000000000007</ele><time>2026-09-18T02:06:58Z</time></rtept><rtept lat="39.019311" lon="-79.353139"><ele>1067.6000000000004</ele><time>2026-09-18T02:06:58Z</time></rtept><rtept lat="39.01952" lon="-79.353029"><ele>1067.6000000000004</ele><time>2026-09-18T02:06:58Z</time></rtept><rtept lat="39.019736" lon="-79.352877"><ele>1067.2000000000007</ele><time>2026-09-18T02:06:58Z</time></rtept><rtept lat="39.019804" lon="-79.352821"><ele>1066.2000000000007</ele><time>2026-09-18T02:06:58Z</time></rtept><rtept lat="39.019843" lon="-79.352775"><ele>1066.4000000000015</ele><time>2026-09-18T02:06:58Z</time></rtept><rtept lat="39.019986" lon="-79.352757"><ele>1068.2000000000007</ele><time>2026-09-18T02:06:58Z</time></rtept><rtept lat="39.019896" lon="-79.352556"><ele>1067.4000000000015</ele><time>2026-09-18T02:06:58Z</time></rtept><rtept lat="39.019797" lon="-79.352455"><ele>1067.0</ele><time>2026-09-18T02:06:58Z</time></rtept><rtept lat="39.019714" lon="-79.352341"><ele>1066.6000000000004</ele><time>2026-09-18T02:06:58Z</time></rtept><rtept lat="39.019714" lon="-79.352341"><ele>1066.0</ele><time>2026-09-18T02:06:58Z</time></rtept><rtept lat="39.019797" lon="-79.352455"><ele>1066.398438</ele><time>2026-09-18T02:06:58Z</time></rtept><rtept lat="39.019896" lon="-79.352556"><ele>1067.5</ele><time>2026-09-18T02:06:58Z</time></rtept><rtept lat="39.019986" lon="-79.352757"><ele>1068.0</ele><time>2026-09-18T02:06:58Z</time></rtept><rtept lat="39.020093" lon="-79.352817"><ele>1068.5</ele><time>2026-09-18T02:06:58Z</time></rtept><rtept lat="39.020244" lon="-79.352797"><ele>1069.296875</ele><time>2026-09-18T02:06:58Z</time></rtept><rtept lat="39.020415" lon="-79.352831"><ele>1070.0</ele><time>2026-09-18T02:06:58Z</time></rtept><rtept lat="39.020569" lon="-79.352911"><ele>1071.097656</ele><time>2026-09-18T02:06:58Z</time></rtept><rtept lat="39.020727" lon="-79.353033"><ele>1072.199219</ele><time>2026-09-18T02:06:58Z</time></rtept><rtept lat="39.020844" lon="-79.35304"><ele>1072.597656</ele><time>2026-09-18T02:06:58Z</time></rtept><rtept lat="39.020915" lon="-79.353084"><ele>1072.796875</ele><time>2026-09-18T02:06:58Z</time></rtept><rtept lat="39.021086" lon="-79.353064"><ele>1073.898438</ele><time>2026-09-18T02:06:58Z</time></rtept><rtept lat="39.021174" lon="-79.353127"><ele>1074.597656</ele><time>2026-09-18T02:06:58Z</time></rtept><rtept lat="39.021246" lon="-79.35321"><ele>1075.597656</ele><time>2026-09-18T02:06:58Z</time></rtept><rtept lat="39.021361" lon="-79.353297"><ele>1077.097656</ele><time>2026-09-18T02:06:58Z</time></rtept><rtept lat="39.021561" lon="-79.353623"><ele>1077.898438</ele><time>2026-09-18T02:06:58Z</time></rtept><rtept lat="39.021707" lon="-79.353849"><ele>1080.0</ele><time>2026-09-18T02:06:58Z</time></rtept><rtept lat="39.021796" lon="-79.353925"><ele>1081.398438</ele><time>2026-09-18T02:06:58Z</time></rtept><rtept lat="39.021877" lon="-79.35398"><ele>1083.199219</ele><time>2026-09-18T02:06:58Z</time></rtept><rtept lat="39.021969" lon="-79.353984"><ele>1085.699219</ele><time>2026-09-18T02:06:58Z</time></rtept><rtept lat="39.022338" lon="-79.353905"><ele>1092.597656</ele><time>2026-09-18T02:06:58Z</time></rtept><rtept lat="39.022501" lon="-79.353853"><ele>1094.097656</ele><time>2026-09-18T02:06:58Z</time></rtept><rtept lat="39.023023" lon="-79.353812"><ele>1098.0</ele><time>2026-09-18T02:06:58Z</time></rtept><rtept lat="39.023118" lon="-79.353762"><ele>1098.898438</ele><time>2026-09-18T02:06:58Z</time></rtept><rtept lat="39.023178" lon="-79.353705"><ele>1099.5</ele><time>2026-09-18T02:06:58Z</time></rtept><rtept lat="39.023269" lon="-79.353678"><ele>1100.5</ele><time>2026-09-18T02:06:58Z</time></rtept><rtept lat="39.023494" lon="-79.353575"><ele>1103.398438</ele><time>2026-09-18T02:06:58Z</time></rtept><rtept lat="39.023615" lon="-79.353574"><ele>1104.398438</ele><time>2026-09-18T02:06:58Z</time></rtept><rtept lat="39.023813" lon="-79.353481"><ele>1106.5</ele><time>2026-09-18T02:06:58Z</time></rtept><rtept lat="39.024056" lon="-79.353174"><ele>1115.199219</ele><time>2026-09-18T02:06:58Z</time></rtept><rtept lat="39.024081" lon="-79.352985"><ele>1119.898438</ele><time>2026-09-18T02:06:58Z</time></rtept><rtept lat="39.024204" lon="-79.35268"><ele>1125.699219</ele><time>2026-09-18T02:06:58Z</time></rtept><rtept lat="39.024219" lon="-79.352586"><ele>1126.597656</ele><time>2026-09-18T02:06:58Z</time></rtept><rtept lat="39.024268" lon="-79.352469"><ele>1128.199219</ele><time>2026-09-18T02:06:58Z</time></rtept><rtept lat="39.02428" lon="-79.352215"><ele>1131.796875</ele><time>2026-09-18T02:06:58Z</time></rtept><rtept lat="39.024384" lon="-79.352034"><ele>1136.097656</ele><time>2026-09-18T02:06:58Z</time></rtept><rtept lat="39.024455" lon="-79.351833"><ele>1139.597656</ele><time>2026-09-18T02:06:58Z</time></rtept><rtept lat="39.024454" lon="-79.351724"><ele>1140.898438</ele><time>2026-09-18T02:06:58Z</time></rtept><rtept lat="39.024595" lon="-79.351633"><ele>1143.199219</ele><time>2026-09-18T02:06:58Z</time></rtept><rtept lat="39.024671" lon="-79.351541"><ele>1143.796875</ele><time>2026-09-18T02:06:58Z</time></rtept><rtept lat="39.024759" lon="-79.351492"><ele>1144.296875</ele><time>2026-09-18T02:06:58Z</time></rtept><rtept lat="39.025077" lon="-79.351218"><ele>1146.699219</ele><time>2026-09-18T02:06:58Z</time></rtept><rtept lat="39.025528" lon="-79.350965"><ele>1147.796875</ele><time>2026-09-18T02:06:58Z</time></rtept><rtept lat="39.025863" lon="-79.350739"><ele>1148.5</ele><time>2026-09-18T02:06:58Z</time></rtept><rtept lat="39.026021" lon="-79.350715"><ele>1148.398438</ele><time>2026-09-18T02:06:58Z</time></rtept><rtept lat="39.02631" lon="-79.350567"><ele>1148.699219</ele><time>2026-09-18T02:06:58Z</time></rtept><rtept lat="39.026502" lon="-79.35057"><ele>1148.0</ele><time>2026-09-18T02:06:58Z</time></rtept><rtept lat="39.026632" lon="-79.350485"><ele>1148.199219</ele><time>2026-09-18T02:06:58Z</time></rtept><rtept lat="39.026922" lon="-79.350411"><ele>1148.296875</ele><time>2026-09-18T02:06:58Z</time></rtept><rtept lat="39.027238" lon="-79.350348"><ele>1148.398438</ele><time>2026-09-18T02:06:58Z</time></rtept><rtept lat="39.027592" lon="-79.350172"><ele>1149.296875</ele><time>2026-09-18T02:06:58Z</time></rtept><rtept lat="39.027749" lon="-79.350142"><ele>1150.097656</ele><time>2026-09-18T02:06:58Z</time></rtept><rtept lat="39.027947" lon="-79.350051"><ele>1151.097656</ele><time>2026-09-18T02:06:58Z</time></rtept><rtept lat="39.028048" lon="-79.350047"><ele>1151.5</ele><time>2026-09-18T02:06:58Z</time></rtept><rtept lat="39.028168" lon="-79.349978"><ele>1151.796875</ele><time>2026-09-18T02:06:58Z</time></rtept><rtept lat="39.028288" lon="-79.349906"><ele>1151.796875</ele><time>2026-09-18T02:06:58Z</time></rtept><rtept lat="39.028428" lon="-79.349854"><ele>1151.898438</ele><time>2026-09-18T02:06:58Z</time></rtept><rtept lat="39.028822" lon="-79.349653"><ele>1153.097656</ele><time>2026-09-18T02:06:58Z</time></rtept><rtept lat="39.029024" lon="-79.349532"><ele>1154.0</ele><time>2026-09-18T02:06:58Z</time></rtept><rtept lat="39.029182" lon="-79.349492"><ele>1155.097656</ele><time>2026-09-18T02:06:58Z</time></rtept><rtept lat="39.029312" lon="-79.349439"><ele>1156.0</ele><time>2026-09-18T02:06:58Z</time></rtept><rtept lat="39.029452" lon="-79.349328"><ele>1157.0</ele><time>2026-09-18T02:06:58Z</time></rtept><rtept lat="39.029646" lon="-79.349323"><ele>1158.5</ele><time>2026-09-18T02:06:58Z</time></rtept><rtept lat="39.029761" lon="-79.349219"><ele>1159.296875</ele><time>2026-09-18T02:06:58Z</time></rtept><rtept lat="39.029853" lon="-79.349206"><ele>1159.898438</ele><time>2026-09-18T02:06:58Z</time></rtept><rtept lat="39.030014" lon="-79.349248"><ele>1161.597656</ele><time>2026-09-18T02:06:58Z</time></rtept><rtept lat="39.030217" lon="-79.34923"><ele>1163.898438</ele><time>2026-09-18T02:06:58Z</time></rtept><rtept lat="39.030353" lon="-79.349151"><ele>1165.296875</ele><time>2026-09-18T02:06:58Z</time></rtept><rtept lat="39.030579" lon="-79.349108"><ele>1167.796875</ele><time>2026-09-18T02:06:58Z</time></rtept><rtept lat="39.030739" lon="-79.349003"><ele>1169.796875</ele><time>2026-09-18T02:06:58Z</time></rtept><rtept lat="39.030839" lon="-79.348994"><ele>1171.398438</ele><time>2026-09-18T02:06:58Z</time></rtept><rtept lat="39.030934" lon="-79.348917"><ele>1173.097656</ele><time>2026-09-18T02:06:58Z</time></rtept><rtept lat="39.031208" lon="-79.34885"><ele>1178.296875</ele><time>2026-09-18T02:06:58Z</time></rtept><rtept lat="39.031193" lon="-79.348513"><ele>1177.796875</ele><time>2026-09-18T02:06:58Z</time></rtept><rtept lat="39.031167" lon="-79.348133"><ele>1176.5</ele><time>2026-09-18T02:06:58Z</time></rtept><rtept lat="39.031133" lon="-79.347843"><ele>1174.199219</ele><time>2026-09-18T02:06:58Z</time></rtept><rtept lat="39.031182" lon="-79.347677"><ele>1173.898438</ele><time>2026-09-18T02:06:58Z</time></rtept><rtept lat="39.03122" lon="-79.34744"><ele>1172.5</ele><time>2026-09-18T02:06:58Z</time></rtept><rtept lat="39.031631" lon="-79.34681"><ele>1172.199219</ele><time>2026-09-18T02:06:58Z</time></rtept><rtept lat="39.031657" lon="-79.346685"><ele>1170.597656</ele><time>2026-09-18T02:06:58Z</time></rtept><rtept lat="39.031817" lon="-79.34635"><ele>1169.699219</ele><time>2026-09-18T02:06:58Z</time></rtept><rtept lat="39.031832" lon="-79.346077"><ele>1166.796875</ele><time>2026-09-18T02:06:58Z</time></rtept><rtept lat="39.031897" lon="-79.345853"><ele>1164.597656</ele><time>2026-09-18T02:06:58Z</time></rtept><rtept lat="39.031955" lon="-79.345509"><ele>1160.199219</ele><time>2026-09-18T02:06:58Z</time></rtept><rtept lat="39.031941" lon="-79.345217"><ele>1154.796875</ele><time>2026-09-18T02:06:58Z</time></rtept><rtept lat="39.031894" lon="-79.344838"><ele>1151.699219</ele><time>2026-09-18T02:06:58Z</time></rtept><rtept lat="39.031901" lon="-79.344532"><ele>1150.597656</ele><time>2026-09-18T02:06:58Z</time></rtept><rtept lat="39.031962" lon="-79.344409"><ele>1150.5</ele><time>2026-09-18T02:06:58Z</time></rtept><rtept lat="39.032068" lon="-79.344271"><ele>1150.398438</ele><time>2026-09-18T02:06:58Z</time></rtept><rtept lat="39.032159" lon="-79.344143"><ele>1149.898438</ele><time>2026-09-18T02:06:58Z</time></rtept><rtept lat="39.032113" lon="-79.343936"><ele>1149.199219</ele><time>2026-09-18T02:06:58Z</time></rtept><rtept lat="39.03223" lon="-79.343949"><ele>1149.199219</ele><time>2026-09-18T02:06:58Z</time></rtept><rtept lat="39.032319" lon="-79.343837"><ele>1148.796875</ele><time>2026-09-18T02:06:58Z</time></rtept><rtept lat="39.032331" lon="-79.343734"><ele>1148.398438</ele><time>2026-09-18T02:06:58Z</time></rtept><rtept lat="39.032353" lon="-79.34362"><ele>1148.0</ele><time>2026-09-18T02:06:58Z</time></rtept><rtept lat="39.032382" lon="-79.34337"><ele>1147.097656</ele><time>2026-09-18T02:06:58Z</time></rtept><rtept lat="39.032427" lon="-79.343363"><ele>1147.097656</ele><time>2026-09-18T02:06:58Z</time></rtept><rtept lat="39.032379" lon="-79.343197"><ele>1145.597656</ele><time>2026-09-18T02:06:58Z</time></rtept><rtept lat="39.03238" lon="-79.343031"><ele>1143.597656</ele><time>2026-09-18T02:06:58Z</time></rtept><rtept lat="39.032405" lon="-79.342744"><ele>1140.0</ele><time>2026-09-18T02:06:58Z</time></rtept><rtept lat="39.032364" lon="-79.342433"><ele>1138.699219</ele><time>2026-09-18T02:06:58Z</time></rtept><rtept lat="39.032392" lon="-79.342114"><ele>1137.699219</ele><time>2026-09-18T02:06:58Z</time></rtept><rtept lat="39.032438" lon="-79.341934"><ele>1136.898438</ele><time>2026-09-18T02:06:58Z</time></rtept><rtept lat="39.032463" lon="-79.341693"><ele>1135.199219</ele><time>2026-09-18T02:06:58Z</time></rtept><rtept lat="39.03255" lon="-79.341443"><ele>1132.0</ele><time>2026-09-18T02:06:58Z</time></rtept><rtept lat="39.032606" lon="-79.341187"><ele>1126.597656</ele><time>2026-09-18T02:06:58Z</time></rtept><rtept lat="39.032593" lon="-79.341054"><ele>1123.199219</ele><time>2026-09-18T02:06:58Z</time></rtept><rtept lat="39.032621" lon="-79.340953"><ele>1120.898438</ele><time>2026-09-18T02:06:58Z</time></rtept><rtept lat="39.032627" lon="-79.340866"><ele>1118.898438</ele><time>2026-09-18T02:06:58Z</time></rtept><rtept lat="39.032601" lon="-79.340801"><ele>1118.296875</ele><time>2026-09-18T02:06:58Z</time></rtept><rtept lat="39.032503" lon="-79.340693"><ele>1118.5</ele><time>2026-09-18T02:06:58Z</time></rtept><rtept lat="39.032365" lon="-79.340641"><ele>1117.699219</ele><time>2026-09-18T02:06:58Z</time></rtept><rtept lat="39.032161" lon="-79.340626"><ele>1116.597656</ele><time>2026-09-18T02:06:58Z</time></rtept><rtept lat="39.032074" lon="-79.340662"><ele>1116.398438</ele><time>2026-09-18T02:06:58Z</time></rtept><rtept lat="39.032026" lon="-79.3407"><ele>1116.597656</ele><time>2026-09-18T02:06:58Z</time></rtept><rtept lat="39.031947" lon="-79.340741"><ele>1116.699219</ele><time>2026-09-18T02:06:58Z</time></rtept><rtept lat="39.031903" lon="-79.340719"><ele>1116.699219</ele><time>2026-09-18T02:06:58Z</time></rtept><rtept lat="39.031846" lon="-79.340636"><ele>1117.199219</ele><time>2026-09-18T02:06:58Z</time></rtept><rtept lat="39.031835" lon="-79.340422"><ele>1116.5</ele><time>2026-09-18T02:06:58Z</time></rtept><rtept lat="39.031696" lon="-79.340208"><ele>1116.398438</ele><time>2026-09-18T02:06:58Z</time></rtept><rtept lat="39.031642" lon="-79.339973"><ele>1117.699219</ele><time>2026-09-18T02:06:58Z</time></rtept><rtept lat="39.031682" lon="-79.3398"><ele>1118.199219</ele><time>2026-09-18T02:06:58Z</time></rtept><rtept lat="39.031668" lon="-79.339524"><ele>1118.097656</ele><time>2026-09-18T02:06:58Z</time></rtept><rtept lat="39.031634" lon="-79.339277"><ele>1118.199219</ele><time>2026-09-18T02:06:58Z</time></rtept><rtept lat="39.031648" lon="-79.339018"><ele>1118.398438</ele><time>2026-09-18T02:06:58Z</time></rtept><rtept lat="39.031793" lon="-79.338797"><ele>1119.199219</ele><time>2026-09-18T02:06:58Z</time></rtept><rtept lat="39.031657" lon="-79.338385"><ele>1119.699219</ele><time>2026-09-18T02:06:58Z</time></rtept><rtept lat="39.03169" lon="-79.338234"><ele>1120.699219</ele><time>2026-09-18T02:06:58Z</time></rtept><rtept lat="39.031755" lon="-79.338108"><ele>1121.597656</ele><time>2026-09-18T02:06:58Z</time></rtept><rtept lat="39.031648" lon="-79.337811"><ele>1123.699219</ele><time>2026-09-18T02:06:58Z</time></rtept><rtept lat="39.031617" lon="-79.337269"><ele>1128.796875</ele><time>2026-09-18T02:06:58Z</time></rtept><rtept lat="39.031635" lon="-79.337077"><ele>1130.898438</ele><time>2026-09-18T02:06:58Z</time></rtept><rtept lat="39.031632" lon="-79.336757"><ele>1133.699219</ele><time>2026-09-18T02:06:58Z</time></rtept><rtept lat="39.031584" lon="-79.336571"><ele>1134.199219</ele><time>2026-09-18T02:06:58Z</time></rtept><rtept lat="39.031583" lon="-79.336443"><ele>1134.699219</ele><time>2026-09-18T02:06:58Z</time></rtept><rtept lat="39.031486" lon="-79.336326"><ele>1133.898438</ele><time>2026-09-18T02:06:58Z</time></rtept><rtept lat="39.031421" lon="-79.336186"><ele>1133.597656</ele><time>2026-09-18T02:06:58Z</time></rtept><rtept lat="39.031322" lon="-79.335758"><ele>1134.0</ele><time>2026-09-18T02:06:58Z</time></rtept><rtept lat="39.03135" lon="-79.335604"><ele>1135.796875</ele><time>2026-09-18T02:06:58Z</time></rtept><rtept lat="39.031335" lon="-79.335"><ele>1137.296875</ele><time>2026-09-18T02:06:58Z</time></rtept><rtept lat="39.031328" lon="-79.33436"><ele>1138.097656</ele><time>2026-09-18T02:06:58Z</time></rtept><rtept lat="39.031378" lon="-79.334013"><ele>1139.199219</ele><time>2026-09-18T02:06:58Z</time></rtept><rtept lat="39.031385" lon="-79.333838"><ele>1138.597656</ele><time>2026-09-18T02:06:58Z</time></rtept><rtept lat="39.031504" lon="-79.333448"><ele>1138.0</ele><time>2026-09-18T02:06:58Z</time></rtept><rtept lat="39.031561" lon="-79.333358"><ele>1138.097656</ele><time>2026-09-18T02:06:58Z</time></rtept><rtept lat="39.031633" lon="-79.333305"><ele>1139.0</ele><time>2026-09-18T02:06:58Z</time></rtept><rtept lat="39.031701" lon="-79.333217"><ele>1139.699219</ele><time>2026-09-18T02:06:58Z</time></rtept><rtept lat="39.031782" lon="-79.33316"><ele>1140.597656</ele><time>2026-09-18T02:06:58Z</time></rtept><rtept lat="39.031894" lon="-79.332968"><ele>1140.898438</ele><time>2026-09-18T02:06:58Z</time></rtept><rtept lat="39.031965" lon="-79.332899"><ele>1141.898438</ele><time>2026-09-18T02:06:58Z</time></rtept><rtept lat="39.032106" lon="-79.332655"><ele>1142.199219</ele><time>2026-09-18T02:06:58Z</time></rtept><rtept lat="39.032238" lon="-79.33254"><ele>1143.296875</ele><time>2026-09-18T02:06:58Z</time></rtept><rtept lat="39.032397" lon="-79.332258"><ele>1143.0</ele><time>2026-09-18T02:06:58Z</time></rtept><rtept lat="39.032535" lon="-79.332011"><ele>1139.199219</ele><time>2026-09-18T02:06:58Z</time></rtept><rtept lat="39.032665" lon="-79.33186"><ele>1139.0</ele><time>2026-09-18T02:06:58Z</time></rtept><rtept lat="39.032701" lon="-79.331782"><ele>1138.0</ele><time>2026-09-18T02:06:58Z</time></rtept><rtept lat="39.032717" lon="-79.331694"><ele>1136.398438</ele><time>2026-09-18T02:06:58Z</time></rtept><rtept lat="39.032711" lon="-79.33146"><ele>1133.898438</ele><time>2026-09-18T02:06:58Z</time></rtept><rtept lat="39.032681" lon="-79.331332"><ele>1133.296875</ele><time>2026-09-18T02:06:58Z</time></rtept><rtept lat="39.032733" lon="-79.331209"><ele>1133.796875</ele><time>2026-09-18T02:06:58Z</time></rtept><rtept lat="39.032828" lon="-79.331141"><ele>1134.0</ele><time>2026-09-18T02:06:58Z</time></rtept><rtept lat="39.032846" lon="-79.3311"><ele>1134.0</ele><time>2026-09-18T02:06:58Z</time></rtept><rtept lat="39.032843" lon="-79.331015"><ele>1134.296875</ele><time>2026-09-18T02:06:58Z</time></rtept><rtept lat="39.032873" lon="-79.330909"><ele>1134.597656</ele><time>2026-09-18T02:06:58Z</time></rtept><rtept lat="39.033012" lon="-79.330707"><ele>1135.398438</ele><time>2026-09-18T02:06:58Z</time></rtept><rtept lat="39.03314" lon="-79.330547"><ele>1136.0</ele><time>2026-09-18T02:06:58Z</time></rtept><rtept lat="39.033194" lon="-79.330421"><ele>1136.5</ele><time>2026-09-18T02:06:58Z</time></rtept><rtept lat="39.033278" lon="-79.330301"><ele>1137.199219</ele><time>2026-09-18T02:06:58Z</time></rtept><rtept lat="39.033297" lon="-79.330169"><ele>1137.597656</ele><time>2026-09-18T02:06:58Z</time></rtept><rtept lat="39.033339" lon="-79.330054"><ele>1137.898438</ele><time>2026-09-18T02:06:58Z</time></rtept><rtept lat="39.033323" lon="-79.329875"><ele>1138.398438</ele><time>2026-09-18T02:06:58Z</time></rtept><rtept lat="39.033365" lon="-79.329474"><ele>1139.898438</ele><time>2026-09-18T02:06:58Z</time></rtept><rtept lat="39.033415" lon="-79.329391"><ele>1140.398438</ele><time>2026-09-18T02:06:58Z</time></rtept><rtept lat="39.033417" lon="-79.32927"><ele>1141.097656</ele><time>2026-09-18T02:06:58Z</time></rtept><rtept lat="39.033384" lon="-79.32917"><ele>1141.597656</ele><time>2026-09-18T02:06:58Z</time></rtept><rtept lat="39.033346" lon="-79.328934"><ele>1143.296875</ele><time>2026-09-18T02:06:58Z</time></rtept><rtept lat="39.033342" lon="-79.328374"><ele>1147.199219</ele><time>2026-09-18T02:06:58Z</time></rtept><rtept lat="39.033379" lon="-79.328078"><ele>1149.199219</ele><time>2026-09-18T02:06:58Z</time></rtept><rtept lat="39.033352" lon="-79.327806"><ele>1150.796875</ele><time>2026-09-18T02:06:58Z</time></rtept><rtept lat="39.033362" lon="-79.327548"><ele>1152.199219</ele><time>2026-09-18T02:06:58Z</time></rtept><rtept lat="39.033335" lon="-79.327424"><ele>1152.898438</ele><time>2026-09-18T02:06:58Z</time></rtept><rtept lat="39.033343" lon="-79.327287"><ele>1153.597656</ele><time>2026-09-18T02:06:58Z</time></rtept><rtept lat="39.033389" lon="-79.327154"><ele>1154.296875</ele><time>2026-09-18T02:06:58Z</time></rtept><rtept lat="39.033394" lon="-79.327012"><ele>1154.796875</ele><time>2026-09-18T02:06:58Z</time></rtept><rtept lat="39.033362" lon="-79.326903"><ele>1155.398438</ele><time>2026-09-18T02:06:58Z</time></rtept><rtept lat="39.033358" lon="-79.326695"><ele>1157.296875</ele><time>2026-09-18T02:06:58Z</time></rtept><rtept lat="39.0334" lon="-79.326608"><ele>1158.398438</ele><time>2026-09-18T02:06:58Z</time></rtept><rtept lat="39.033413" lon="-79.326504"><ele>1159.597656</ele><time>2026-09-18T02:06:58Z</time></rtept><rtept lat="39.033466" lon="-79.326446"><ele>1160.296875</ele><time>2026-09-18T02:06:58Z</time></rtept><rtept lat="39.033483" lon="-79.326259"><ele>1162.398438</ele><time>2026-09-18T02:06:58Z</time></rtept><rtept lat="39.03349" lon="-79.326169"><ele>1163.398438</ele><time>2026-09-18T02:06:58Z</time></rtept><rtept lat="39.033555" lon="-79.326142"><ele>1163.699219</ele><time>2026-09-18T02:06:58Z</time></rtept><rtept lat="39.033573" lon="-79.32608"><ele>1164.296875</ele><time>2026-09-18T02:06:58Z</time></rtept><rtept lat="39.033573" lon="-79.32591"><ele>1165.699219</ele><time>2026-09-18T02:06:58Z</time></rtept><rtept lat="39.033555" lon="-79.325763"><ele>1167.097656</ele><time>2026-09-18T02:06:58Z</time></rtept><rtept lat="39.033516" lon="-79.32563"><ele>1168.398438</ele><time>2026-09-18T02:06:58Z</time></rtept><rtept lat="39.033444" lon="-79.32554"><ele>1169.0</ele><time>2026-09-18T02:06:58Z</time></rtept><rtept lat="39.033435" lon="-79.325495"><ele>1169.199219</ele><time>2026-09-18T02:06:58Z</time></rtept><rtept lat="39.033442" lon="-79.325359"><ele>1170.296875</ele><time>2026-09-18T02:06:58Z</time></rtept><rtept lat="39.033437" lon="-79.325265"><ele>1171.0</ele><time>2026-09-18T02:06:58Z</time></rtept><rtept lat="39.033413" lon="-79.325152"><ele>1172.097656</ele><time>2026-09-18T02:06:58Z</time></rtept><rtept lat="39.033289" lon="-79.325002"><ele>1172.699219</ele><time>2026-09-18T02:06:58Z</time></rtept><rtept lat="39.033249" lon="-79.324902"><ele>1173.0</ele><time>2026-09-18T02:06:58Z</time></rtept><rtept lat="39.033246" lon="-79.324744"><ele>1174.097656</ele><time>2026-09-18T02:06:58Z</time></rtept><rtept lat="39.033184" lon="-79.324625"><ele>1175.0</ele><time>2026-09-18T02:06:58Z</time></rtept><rtept lat="39.033184" lon="-79.324462"><ele>1176.796875</ele><time>2026-09-18T02:06:58Z</time></rtept><rtept lat="39.03307" lon="-79.324226"><ele>1178.5</ele><time>2026-09-18T02:06:58Z</time></rtept><rtept lat="39.03306" lon="-79.324106"><ele>1179.597656</ele><time>2026-09-18T02:06:58Z</time></rtept><rtept lat="39.033002" lon="-79.323951"><ele>1180.898438</ele><time>2026-09-18T02:06:58Z</time></rtept><rtept lat="39.032898" lon="-79.323864"><ele>1181.199219</ele><time>2026-09-18T02:06:58Z</time></rtept><rtept lat="39.032865" lon="-79.323782"><ele>1181.796875</ele><time>2026-09-18T02:06:58Z</time></rtept><rtept lat="39.032861" lon="-79.323678"><ele>1182.699219</ele><time>2026-09-18T02:06:58Z</time></rtept><rtept lat="39.032756" lon="-79.323488"><ele>1183.097656</ele><time>2026-09-18T02:06:58Z</time></rtept><rtept lat="39.032728" lon="-79.323402"><ele>1183.199219</ele><time>2026-09-18T02:06:58Z</time></rtept><rtept lat="39.032721" lon="-79.323267"><ele>1184.0</ele><time>2026-09-18T02:06:58Z</time></rtept><rtept lat="39.032702" lon="-79.323193"><ele>1184.199219</ele><time>2026-09-18T02:06:58Z</time></rtept><rtept lat="39.032592" lon="-79.322933"><ele>1184.398438</ele><time>2026-09-18T02:06:58Z</time></rtept><rtept lat="39.032578" lon="-79.322779"><ele>1185.296875</ele><time>2026-09-18T02:06:58Z</time></rtept><rtept lat="39.032586" lon="-79.322628"><ele>1186.398438</ele><time>2026-09-18T02:06:58Z</time></rtept><rtept lat="39.032553" lon="-79.322536"><ele>1186.5</ele><time>2026-09-18T02:06:58Z</time></rtept><rtept lat="39.032504" lon="-79.322444"><ele>1186.398438</ele><time>2026-09-18T02:06:58Z</time></rtept><rtept lat="39.032475" lon="-79.322314"><ele>1187.097656</ele><time>2026-09-18T02:06:58Z</time></rtept><rtept lat="39.032479" lon="-79.321878"><ele>1189.097656</ele><time>2026-09-18T02:06:58Z</time></rtept><rtept lat="39.032488" lon="-79.32165"><ele>1190.5</ele><time>2026-09-18T02:06:58Z</time></rtept><rtept lat="39.032461" lon="-79.321565"><ele>1190.398438</ele><time>2026-09-18T02:06:58Z</time></rtept><rtept lat="39.032462" lon="-79.321467"><ele>1190.796875</ele><time>2026-09-18T02:06:58Z</time></rtept><rtept lat="39.032473" lon="-79.321259"><ele>1191.597656</ele><time>2026-09-18T02:06:58Z</time></rtept><rtept lat="39.03245" lon="-79.321191"><ele>1191.699219</ele><time>2026-09-18T02:06:58Z</time></rtept><rtept lat="39.032447" lon="-79.321086"><ele>1192.097656</ele><time>2026-09-18T02:06:58Z</time></rtept><rtept lat="39.032521" lon="-79.320735"><ele>1194.296875</ele><time>2026-09-18T02:06:58Z</time></rtept><rtept lat="39.032538" lon="-79.320341"><ele>1196.199219</ele><time>2026-09-18T02:06:58Z</time></rtept><rtept lat="39.032591" lon="-79.320013"><ele>1197.5</ele><time>2026-09-18T02:06:58Z</time></rtept><rtept lat="39.032617" lon="-79.319757"><ele>1199.5</ele><time>2026-09-18T02:06:58Z</time></rtept><rtept lat="39.032715" lon="-79.319576"><ele>1200.597656</ele><time>2026-09-18T02:06:58Z</time></rtept><rtept lat="39.032984" lon="-79.31941"><ele>1202.5</ele><time>2026-09-18T02:06:58Z</time></rtept><rtept lat="39.033099" lon="-79.31931"><ele>1203.296875</ele><time>2026-09-18T02:06:58Z</time></rtept><rtept lat="39.033181" lon="-79.319281"><ele>1203.898438</ele><time>2026-09-18T02:06:58Z</time></rtept><rtept lat="39.033241" lon="-79.319223"><ele>1204.199219</ele><time>2026-09-18T02:06:58Z</time></rtept><rtept lat="39.033297" lon="-79.318972"><ele>1204.398438</ele><time>2026-09-18T02:06:58Z</time></rtept><rtept lat="39.03333" lon="-79.318851"><ele>1204.398438</ele><time>2026-09-18T02:06:58Z</time></rtept><rtept lat="39.033362" lon="-79.318784"><ele>1204.398438</ele><time>2026-09-18T02:06:58Z</time></rtept><rtept lat="39.033423" lon="-79.318771"><ele>1204.699219</ele><time>2026-09-18T02:06:58Z</time></rtept><rtept lat="39.033478" lon="-79.318787"><ele>1205.097656</ele><time>2026-09-18T02:06:58Z</time></rtept><rtept lat="39.033577" lon="-79.318874"><ele>1206.597656</ele><time>2026-09-18T02:06:58Z</time></rtept><rtept lat="39.033618" lon="-79.31888"><ele>1207.097656</ele><time>2026-09-18T02:06:58Z</time></rtept><rtept lat="39.03368" lon="-79.318848"><ele>1208.0</ele><time>2026-09-18T02:06:58Z</time></rtept><rtept lat="39.033755" lon="-79.318773"><ele>1209.097656</ele><time>2026-09-18T02:06:58Z</time></rtept><rtept lat="39.033874" lon="-79.318596"><ele>1210.296875</ele><time>2026-09-18T02:06:58Z</time></rtept><rtept lat="39.033869" lon="-79.318491"><ele>1210.097656</ele><time>2026-09-18T02:06:58Z</time></rtept><rtept lat="39.033865" lon="-79.318385"><ele>1210.0</ele><time>2026-09-18T02:06:58Z</time></rtept><rtept lat="39.033883" lon="-79.318317"><ele>1209.898438</ele><time>2026-09-18T02:06:58Z</time></rtept><rtept lat="39.034053" lon="-79.318117"><ele>1211.199219</ele><time>2026-09-18T02:06:58Z</time></rtept><rtept lat="39.034203" lon="-79.318015"><ele>1212.0</ele><time>2026-09-18T02:06:58Z</time></rtept><rtept lat="39.034306" lon="-79.317885"><ele>1211.796875</ele><time>2026-09-18T02:06:58Z</time></rtept><rtept lat="39.03441" lon="-79.317706"><ele>1211.0</ele><time>2026-09-18T02:06:58Z</time></rtept><rtept lat="39.034662" lon="-79.317474"><ele>1209.898438</ele><time>2026-09-18T02:06:58Z</time></rtept><rtept lat="39.034721" lon="-79.31737"><ele>1209.5</ele><time>2026-09-18T02:06:58Z</time></rtept><rtept lat="39.034733" lon="-79.317231"><ele>1209.0</ele><time>2026-09-18T02:06:58Z</time></rtept><rtept lat="39.034715" lon="-79.31705"><ele>1207.398438</ele><time>2026-09-18T02:06:58Z</time></rtept><rtept lat="39.034704" lon="-79.316983"><ele>1206.796875</ele><time>2026-09-18T02:06:58Z</time></rtept><rtept lat="39.034726" lon="-79.316879"><ele>1205.898438</ele><time>2026-09-18T02:06:58Z</time></rtept><rtept lat="39.034765" lon="-79.316779"><ele>1205.097656</ele><time>2026-09-18T02:06:58Z</time></rtept><rtept lat="39.034765" lon="-79.316733"><ele>1204.597656</ele><time>2026-09-18T02:06:58Z</time></rtept><rtept lat="39.034738" lon="-79.316664"><ele>1203.898438</ele><time>2026-09-18T02:06:58Z</time></rtept><rtept lat="39.034698" lon="-79.316632"><ele>1203.699219</ele><time>2026-09-18T02:06:58Z</time></rtept><rtept lat="39.034654" lon="-79.316565"><ele>1203.0</ele><time>2026-09-18T02:06:58Z</time></rtept><rtept lat="39.034608" lon="-79.316449"><ele>1201.699219</ele><time>2026-09-18T02:06:58Z</time></rtept><rtept lat="39.034595" lon="-79.316291"><ele>1200.699219</ele><time>2026-09-18T02:06:58Z</time></rtept><rtept lat="39.034384" lon="-79.316061"><ele>1198.898438</ele><time>2026-09-18T02:06:58Z</time></rtept><rtept lat="39.03432" lon="-79.315927"><ele>1197.796875</ele><time>2026-09-18T02:06:58Z</time></rtept><rtept lat="39.034216" lon="-79.315855"><ele>1196.0</ele><time>2026-09-18T02:06:58Z</time></rtept><rtept lat="39.03403" lon="-79.315748"><ele>1192.398438</ele><time>2026-09-18T02:06:58Z</time></rtept><rtept lat="39.033893" lon="-79.315631"><ele>1190.898438</ele><time>2026-09-18T02:06:58Z</time></rtept><rtept lat="39.033816" lon="-79.315547"><ele>1190.199219</ele><time>2026-09-18T02:06:58Z</time></rtept><rtept lat="39.033757" lon="-79.315466"><ele>1189.699219</ele><time>2026-09-18T02:06:58Z</time></rtept><rtept lat="39.033708" lon="-79.3153"><ele>1188.898438</ele><time>2026-09-18T02:06:58Z</time></rtept><rtept lat="39.033738" lon="-79.315211"><ele>1188.699219</ele><time>2026-09-18T02:06:58Z</time></rtept><rtept lat="39.033743" lon="-79.315088"><ele>1188.296875</ele><time>2026-09-18T02:06:58Z</time></rtept><rtept lat="39.033708" lon="-79.315004"><ele>1187.898438</ele><time>2026-09-18T02:06:58Z</time></rtept><rtept lat="39.033701" lon="-79.314879"><ele>1187.796875</ele><time>2026-09-18T02:06:58Z</time></rtept><rtept lat="39.033609" lon="-79.314656"><ele>1187.398438</ele><time>2026-09-18T02:06:58Z</time></rtept><rtept lat="39.033594" lon="-79.314547"><ele>1187.199219</ele><time>2026-09-18T02:06:58Z</time></rtept><rtept lat="39.033537" lon="-79.314326"><ele>1187.296875</ele><time>2026-09-18T02:06:58Z</time></rtept></rte></gpx>