<?xml version="1.0" ?><gpx xmlns="http://www.topografix.com/GPX/1/1" creator="GaiaGPS" version="1.1" xmlns:xsi="http://www.w3.org/2001/XMLSchema-instance" xsi:schemaLocation="http://www.topografix.com/GPX/1/1 http://www.topografix.com/GPX/1/1/gpx.xsd"><wpt lat="45.961261199293915" lon="-113.48676679451819"><time>2026-09-18T04:04:41Z</time><name>Night Campsite</name><desc>Chilly night. Snow on the ground around the tent. Beautiful lakeside view of East Pintler Peak.</desc><sym>emoji-⛺</sym></wpt><wpt lat="45.997704842919774" lon="-113.52844030430738"><time>2026-09-18T13:58:03Z</time><name>Start/End</name><desc>Truck parked here. Start and end of our loop.</desc></wpt><rte><name>Loop Route</name><desc></desc><extensions><line xmlns="http://www.topografix.com/GPX/gpx_style/0/2"><color>FF6200</color></line></extensions><rtept lat="45.998147" lon="-113.528351"><ele>1948.0</ele><time>2026-09-18T04:03:13Z</time></rtept><rtept lat="45.998147" lon="-113.528352"><ele>1948.0</ele><time>2026-09-18T04:03:13Z</time></rtept><rtept lat="45.998389" lon="-113.52828"><ele>1947.2000000000007</ele><time>2026-09-18T04:03:13Z</time></rtept><rtept lat="45.998598" lon="-113.528168"><ele>1946.2000000000007</ele><time>2026-09-18T04:03:13Z</time></rtept><rtept lat="45.998766" lon="-113.528085"><ele>1945.2000000000007</ele><time>2026-09-18T04:03:13Z</time></rtept><rtept lat="45.998972" lon="-113.527963"><ele>1943.800000000001</ele><time>2026-09-18T04:03:13Z</time></rtept><rtept lat="45.999101" lon="-113.527914"><ele>1943.2000000000007</ele><time>2026-09-18T04:03:13Z</time></rtept><rtept lat="45.999369" lon="-113.527887"><ele>1941.2000000000007</ele><time>2026-09-18T04:03:13Z</time></rtept><rtept lat="45.999533" lon="-113.527801"><ele>1940.0</ele><time>2026-09-18T04:03:13Z</time></rtept><rtept lat="45.999693" lon="-113.527619"><ele>1938.4000000000015</ele><time>2026-09-18T04:03:13Z</time></rtept><rtept lat="45.999876" lon="-113.527501"><ele>1937.0</ele><time>2026-09-18T04:03:13Z</time></rtept><rtept lat="46.000066" lon="-113.527415"><ele>1934.800000000001</ele><time>2026-09-18T04:03:13Z</time></rtept><rtept lat="46.000185" lon="-113.527426"><ele>1934.4000000000015</ele><time>2026-09-18T04:03:13Z</time></rtept><rtept lat="46.000383" lon="-113.527436"><ele>1934.4000000000015</ele><time>2026-09-18T04:03:13Z</time></rtept><rtept lat="46.000625" lon="-113.527528"><ele>1935.4000000000015</ele><time>2026-09-18T04:03:13Z</time></rtept><rtept lat="46.000804" lon="-113.527458"><ele>1934.800000000001</ele><time>2026-09-18T04:03:13Z</time></rtept><rtept lat="46.000956" lon="-113.527334"><ele>1934.2000000000007</ele><time>2026-09-18T04:03:13Z</time></rtept><rtept lat="46.001109" lon="-113.527254"><ele>1933.6000000000004</ele><time>2026-09-18T04:03:13Z</time></rtept><rtept lat="46.001258" lon="-113.527254"><ele>1933.4000000000015</ele><time>2026-09-18T04:03:13Z</time></rtept><rtept lat="46.001357" lon="-113.5273"><ele>1933.4000000000015</ele><time>2026-09-18T04:03:13Z</time></rtept><rtept lat="46.00149" lon="-113.527354"><ele>1934.2000000000007</ele><time>2026-09-18T04:03:13Z</time></rtept><rtept lat="46.001637" lon="-113.527344"><ele>1934.0</ele><time>2026-09-18T04:03:13Z</time></rtept><rtept lat="46.001747" lon="-113.527162"><ele>1932.4000000000015</ele><time>2026-09-18T04:03:13Z</time></rtept><rtept lat="46.001853" lon="-113.526939"><ele>1930.0</ele><time>2026-09-18T04:03:13Z</time></rtept><rtept lat="46.001899" lon="-113.526814"><ele>1929.2000000000007</ele><time>2026-09-18T04:03:13Z</time></rtept><rtept lat="46.001921" lon="-113.526578"><ele>1927.0</ele><time>2026-09-18T04:03:13Z</time></rtept><rtept lat="46.00197" lon="-113.526433"><ele>1926.0</ele><time>2026-09-18T04:03:13Z</time></rtept><rtept lat="46.002026" lon="-113.526321"><ele>1927.0</ele><time>2026-09-18T04:03:13Z</time></rtept><rtept lat="46.002089" lon="-113.526084"><ele>1931.6000000000004</ele><time>2026-09-18T04:03:13Z</time></rtept><rtept lat="46.002134" lon="-113.525918"><ele>1934.0</ele><time>2026-09-18T04:03:13Z</time></rtept><rtept lat="46.002268" lon="-113.52573"><ele>1936.0</ele><time>2026-09-18T04:03:13Z</time></rtept><rtept lat="46.002428" lon="-113.525591"><ele>1936.4000000000015</ele><time>2026-09-18T04:03:13Z</time></rtept><rtept lat="46.002645" lon="-113.525484"><ele>1938.2000000000007</ele><time>2026-09-18T04:03:13Z</time></rtept><rtept lat="46.002902" lon="-113.525339"><ele>1938.800000000001</ele><time>2026-09-18T04:03:13Z</time></rtept><rtept lat="46.003095" lon="-113.525092"><ele>1942.0</ele><time>2026-09-18T04:03:13Z</time></rtept><rtept lat="46.003226" lon="-113.524942"><ele>1942.800000000001</ele><time>2026-09-18T04:03:13Z</time></rtept><rtept lat="46.003382" lon="-113.524786"><ele>1944.2000000000007</ele><time>2026-09-18T04:03:13Z</time></rtept><rtept lat="46.00352" lon="-113.524572"><ele>1945.6000000000004</ele><time>2026-09-18T04:03:13Z</time></rtept><rtept lat="46.003606" lon="-113.524395"><ele>1946.800000000001</ele><time>2026-09-18T04:03:13Z</time></rtept><rtept lat="46.00368" lon="-113.524212"><ele>1951.2000000000007</ele><time>2026-09-18T04:03:13Z</time></rtept><rtept lat="46.003729" lon="-113.524035"><ele>1953.0</ele><time>2026-09-18T04:03:13Z</time></rtept><rtept lat="46.003785" lon="-113.523864"><ele>1954.6000000000004</ele><time>2026-09-18T04:03:13Z</time></rtept><rtept lat="46.003796" lon="-113.523719"><ele>1955.800000000001</ele><time>2026-09-18T04:03:13Z</time></rtept><rtept lat="46.0038" lon="-113.523515"><ele>1959.0</ele><time>2026-09-18T04:03:13Z</time></rtept><rtept lat="46.003811" lon="-113.523343"><ele>1961.2000000000007</ele><time>2026-09-18T04:03:13Z</time></rtept><rtept lat="46.003855" lon="-113.523118"><ele>1962.6000000000004</ele><time>2026-09-18T04:03:13Z</time></rtept><rtept lat="46.003896" lon="-113.522952"><ele>1964.2000000000007</ele><time>2026-09-18T04:03:13Z</time></rtept><rtept lat="46.003941" lon="-113.522871"><ele>1964.800000000001</ele><time>2026-09-18T04:03:13Z</time></rtept><rtept lat="46.004031" lon="-113.522812"><ele>1965.2000000000007</ele><time>2026-09-18T04:03:13Z</time></rtept><rtept lat="46.00418" lon="-113.522641"><ele>1965.0</ele><time>2026-09-18T04:03:13Z</time></rtept><rtept lat="46.004291" lon="-113.522319"><ele>1966.6000000000004</ele><time>2026-09-18T04:03:13Z</time></rtept><rtept lat="46.004314" lon="-113.52205"><ele>1967.4000000000015</ele><time>2026-09-18T04:03:13Z</time></rtept><rtept lat="46.004269" lon="-113.521675"><ele>1969.6000000000004</ele><time>2026-09-18T04:03:13Z</time></rtept><rtept lat="46.004168" lon="-113.521342"><ele>1971.800000000001</ele><time>2026-09-18T04:03:13Z</time></rtept><rtept lat="46.003983" lon="-113.521017"><ele>1972.6000000000004</ele><time>2026-09-18T04:03:13Z</time></rtept><rtept lat="46.003859" lon="-113.520838"><ele>1972.2000000000007</ele><time>2026-09-18T04:03:13Z</time></rtept><rtept lat="46.00371" lon="-113.520607"><ele>1970.800000000001</ele><time>2026-09-18T04:03:13Z</time></rtept><rtept lat="46.003569" lon="-113.520473"><ele>1973.2000000000007</ele><time>2026-09-18T04:03:13Z</time></rtept><rtept lat="46.003546" lon="-113.520382"><ele>1972.2000000000007</ele><time>2026-09-18T04:03:13Z</time></rtept><rtept lat="46.003501" lon="-113.520318"><ele>1973.0</ele><time>2026-09-18T04:03:13Z</time></rtept><rtept lat="46.003386" lon="-113.520291"><ele>1976.4000000000015</ele><time>2026-09-18T04:03:13Z</time></rtept><rtept lat="46.003237" lon="-113.520237"><ele>1977.800000000001</ele><time>2026-09-18T04:03:13Z</time></rtept><rtept lat="46.003095" lon="-113.520151"><ele>1978.800000000001</ele><time>2026-09-18T04:03:13Z</time></rtept><rtept lat="46.002965" lon="-113.520087"><ele>1978.800000000001</ele><time>2026-09-18T04:03:13Z</time></rtept><rtept lat="46.002834" lon="-113.520114"><ele>1980.0</ele><time>2026-09-18T04:03:13Z</time></rtept><rtept lat="46.002726" lon="-113.520162"><ele>1980.6000000000004</ele><time>2026-09-18T04:03:13Z</time></rtept><rtept lat="46.002615" lon="-113.520232"><ele>1981.6000000000004</ele><time>2026-09-18T04:03:13Z</time></rtept><rtept lat="46.002492" lon="-113.520211"><ele>1982.0</ele><time>2026-09-18T04:03:13Z</time></rtept><rtept lat="46.002372" lon="-113.520211"><ele>1981.800000000001</ele><time>2026-09-18T04:03:13Z</time></rtept><rtept lat="46.00222" lon="-113.520243"><ele>1981.800000000001</ele><time>2026-09-18T04:03:13Z</time></rtept><rtept lat="46.002108" lon="-113.520302"><ele>1983.4000000000015</ele><time>2026-09-18T04:03:13Z</time></rtept><rtept lat="46.001992" lon="-113.520312"><ele>1983.800000000001</ele><time>2026-09-18T04:03:13Z</time></rtept><rtept lat="46.001836" lon="-113.520291"><ele>1984.6000000000004</ele><time>2026-09-18T04:03:13Z</time></rtept><rtept lat="46.001731" lon="-113.520221"><ele>1983.800000000001</ele><time>2026-09-18T04:03:13Z</time></rtept><rtept lat="46.001605" lon="-113.520135"><ele>1983.0</ele><time>2026-09-18T04:03:13Z</time></rtept><rtept lat="46.001471" lon="-113.520071"><ele>1982.4000000000015</ele><time>2026-09-18T04:03:13Z</time></rtept><rtept lat="46.001337" lon="-113.520066"><ele>1983.4000000000015</ele><time>2026-09-18T04:03:13Z</time></rtept><rtept lat="46.001187" lon="-113.520087"><ele>1984.6000000000004</ele><time>2026-09-18T04:03:13Z</time></rtept><rtept lat="46.001064" lon="-113.520092"><ele>1985.4000000000015</ele><time>2026-09-18T04:03:13Z</time></rtept><rtept lat="46.000893" lon="-113.520103"><ele>1988.0</ele><time>2026-09-18T04:03:13Z</time></rtept><rtept lat="46.000766" lon="-113.519996"><ele>1986.2000000000007</ele><time>2026-09-18T04:03:13Z</time></rtept><rtept lat="46.000703" lon="-113.519937"><ele>1986.6000000000004</ele><time>2026-09-18T04:03:13Z</time></rtept><rtept lat="46.000602" lon="-113.519889"><ele>1985.6000000000004</ele><time>2026-09-18T04:03:13Z</time></rtept><rtept lat="46.000498" lon="-113.519872"><ele>1986.4000000000015</ele><time>2026-09-18T04:03:13Z</time></rtept><rtept lat="46.000405" lon="-113.519808"><ele>1986.2000000000007</ele><time>2026-09-18T04:03:13Z</time></rtept><rtept lat="46.000334" lon="-113.51969"><ele>1985.4000000000015</ele><time>2026-09-18T04:03:13Z</time></rtept><rtept lat="46.000282" lon="-113.51962"><ele>1984.800000000001</ele><time>2026-09-18T04:03:13Z</time></rtept><rtept lat="46.000204" lon="-113.519556"><ele>1983.800000000001</ele><time>2026-09-18T04:03:13Z</time></rtept><rtept lat="46.000122" lon="-113.519411"><ele>1981.6000000000004</ele><time>2026-09-18T04:03:13Z</time></rtept><rtept lat="45.999988" lon="-113.519293"><ele>1980.6000000000004</ele><time>2026-09-18T04:03:13Z</time></rtept><rtept lat="45.999872" lon="-113.519207"><ele>1980.800000000001</ele><time>2026-09-18T04:03:13Z</time></rtept><rtept lat="45.999798" lon="-113.519095"><ele>1980.6000000000004</ele><time>2026-09-18T04:03:13Z</time></rtept><rtept lat="45.999756" lon="-113.518902"><ele>1980.2000000000007</ele><time>2026-09-18T04:03:13Z</time></rtept><rtept lat="45.999723" lon="-113.518692"><ele>1979.6000000000004</ele><time>2026-09-18T04:03:13Z</time></rtept><rtept lat="45.99966" lon="-113.518569"><ele>1979.800000000001</ele><time>2026-09-18T04:03:13Z</time></rtept><rtept lat="45.999555" lon="-113.518446"><ele>1980.4000000000015</ele><time>2026-09-18T04:03:13Z</time></rtept><rtept lat="45.999458" lon="-113.518263"><ele>1981.4000000000015</ele><time>2026-09-18T04:03:13Z</time></rtept><rtept lat="45.999306" lon="-113.517968"><ele>1982.6000000000004</ele><time>2026-09-18T04:03:13Z</time></rtept><rtept lat="45.999071" lon="-113.517646"><ele>1985.2000000000007</ele><time>2026-09-18T04:03:13Z</time></rtept><rtept lat="45.998832" lon="-113.517308"><ele>1992.2000000000007</ele><time>2026-09-18T04:03:13Z</time></rtept><rtept lat="45.998758" lon="-113.517078"><ele>1993.4000000000015</ele><time>2026-09-18T04:03:13Z</time></rtept><rtept lat="45.998683" lon="-113.516901"><ele>1995.6000000000004</ele><time>2026-09-18T04:03:13Z</time></rtept><rtept lat="45.998523" lon="-113.516498"><ele>1997.2000000000007</ele><time>2026-09-18T04:03:13Z</time></rtept><rtept lat="45.998348" lon="-113.516176"><ele>1999.800000000001</ele><time>2026-09-18T04:03:13Z</time></rtept><rtept lat="45.998165" lon="-113.515924"><ele>2003.0</ele><time>2026-09-18T04:03:13Z</time></rtept><rtept lat="45.997919" lon="-113.515592"><ele>2007.0</ele><time>2026-09-18T04:03:13Z</time></rtept><rtept lat="45.997718" lon="-113.515372"><ele>2009.6000000000004</ele><time>2026-09-18T04:03:13Z</time></rtept><rtept lat="45.997588" lon="-113.515211"><ele>2010.800000000001</ele><time>2026-09-18T04:03:13Z</time></rtept><rtept lat="45.997483" lon="-113.515173"><ele>2011.6000000000004</ele><time>2026-09-18T04:03:13Z</time></rtept><rtept lat="45.997364" lon="-113.515007"><ele>2011.800000000001</ele><time>2026-09-18T04:03:13Z</time></rtept><rtept lat="45.997237" lon="-113.514825"><ele>2012.0</ele><time>2026-09-18T04:03:13Z</time></rtept><rtept lat="45.99717" lon="-113.514783"><ele>2012.4000000000015</ele><time>2026-09-18T04:03:13Z</time></rtept><rtept lat="45.99717" lon="-113.514783"><ele>2012.4000000000015</ele><time>2026-09-18T04:03:13Z</time></rtept><rtept lat="45.997159" lon="-113.514776"><ele>2012.0</ele><time>2026-09-18T04:03:13Z</time></rtept><rtept lat="45.997036" lon="-113.514648"><ele>2013.2000000000007</ele><time>2026-09-18T04:03:13Z</time></rtept><rtept lat="45.996913" lon="-113.514551"><ele>2015.800000000001</ele><time>2026-09-18T04:03:13Z</time></rtept><rtept lat="45.996872" lon="-113.514449"><ele>2017.2000000000007</ele><time>2026-09-18T04:03:13Z</time></rtept><rtept lat="45.99685" lon="-113.514299"><ele>2017.0</ele><time>2026-09-18T04:03:13Z</time></rtept><rtept lat="45.996839" lon="-113.514154"><ele>2017.6000000000004</ele><time>2026-09-18T04:03:13Z</time></rtept><rtept lat="45.996779" lon="-113.513956"><ele>2018.2000000000007</ele><time>2026-09-18T04:03:13Z</time></rtept><rtept lat="45.996712" lon="-113.513902"><ele>2019.2000000000007</ele><time>2026-09-18T04:03:13Z</time></rtept><rtept lat="45.996518" lon="-113.513848"><ele>2023.2000000000007</ele><time>2026-09-18T04:03:13Z</time></rtept><rtept lat="45.996451" lon="-113.513811"><ele>2023.6000000000004</ele><time>2026-09-18T04:03:13Z</time></rtept><rtept lat="45.996466" lon="-113.513725"><ele>2024.0</ele><time>2026-09-18T04:03:13Z</time></rtept><rtept lat="45.996466" lon="-113.513628"><ele>2025.0</ele><time>2026-09-18T04:03:13Z</time></rtept><rtept lat="45.996406" lon="-113.513661"><ele>2024.4000000000015</ele><time>2026-09-18T04:03:13Z</time></rtept><rtept lat="45.996332" lon="-113.513671"><ele>2024.800000000001</ele><time>2026-09-18T04:03:13Z</time></rtept><rtept lat="45.996287" lon="-113.513575"><ele>2025.800000000001</ele><time>2026-09-18T04:03:13Z</time></rtept><rtept lat="45.996231" lon="-113.513419"><ele>2028.800000000001</ele><time>2026-09-18T04:03:13Z</time></rtept><rtept lat="45.996127" lon="-113.513231"><ele>2030.0</ele><time>2026-09-18T04:03:13Z</time></rtept><rtept lat="45.996041" lon="-113.513113"><ele>2031.4000000000015</ele><time>2026-09-18T04:03:13Z</time></rtept><rtept lat="45.995907" lon="-113.513049"><ele>2034.0</ele><time>2026-09-18T04:03:13Z</time></rtept><rtept lat="45.995784" lon="-113.513001"><ele>2037.2000000000007</ele><time>2026-09-18T04:03:13Z</time></rtept><rtept lat="45.995694" lon="-113.512942"><ele>2038.6000000000004</ele><time>2026-09-18T04:03:13Z</time></rtept><rtept lat="45.99559" lon="-113.512893"><ele>2039.4000000000015</ele><time>2026-09-18T04:03:13Z</time></rtept><rtept lat="45.995475" lon="-113.512888"><ele>2039.6000000000004</ele><time>2026-09-18T04:03:13Z</time></rtept><rtept lat="45.995355" lon="-113.512867"><ele>2041.0</ele><time>2026-09-18T04:03:13Z</time></rtept><rtept lat="45.995255" lon="-113.512813"><ele>2043.0</ele><time>2026-09-18T04:03:13Z</time></rtept><rtept lat="45.995244" lon="-113.5127"><ele>2042.6000000000004</ele><time>2026-09-18T04:03:13Z</time></rtept><rtept lat="45.995236" lon="-113.512582"><ele>2041.800000000001</ele><time>2026-09-18T04:03:13Z</time></rtept><rtept lat="45.995136" lon="-113.512443"><ele>2042.6000000000004</ele><time>2026-09-18T04:03:13Z</time></rtept><rtept lat="45.994953" lon="-113.512282"><ele>2044.800000000001</ele><time>2026-09-18T04:03:13Z</time></rtept><rtept lat="45.994808" lon="-113.512207"><ele>2050.0</ele><time>2026-09-18T04:03:13Z</time></rtept><rtept lat="45.994629" lon="-113.512169"><ele>2051.4000000000015</ele><time>2026-09-18T04:03:13Z</time></rtept><rtept lat="45.994428" lon="-113.512212"><ele>2054.0</ele><time>2026-09-18T04:03:13Z</time></rtept><rtept lat="45.994293" lon="-113.512282"><ele>2055.0</ele><time>2026-09-18T04:03:13Z</time></rtept><rtept lat="45.994174" lon="-113.512357"><ele>2057.6000000000004</ele><time>2026-09-18T04:03:13Z</time></rtept><rtept lat="45.994073" lon="-113.512309"><ele>2058.6000000000004</ele><time>2026-09-18T04:03:13Z</time></rtept><rtept lat="45.993962" lon="-113.51226"><ele>2059.800000000001</ele><time>2026-09-18T04:03:13Z</time></rtept><rtept lat="45.993842" lon="-113.512207"><ele>2061.2000000000007</ele><time>2026-09-18T04:03:13Z</time></rtept><rtept lat="45.993753" lon="-113.512116"><ele>2062.6000000000004</ele><time>2026-09-18T04:03:13Z</time></rtept><rtept lat="45.993678" lon="-113.511998"><ele>2064.800000000001</ele><time>2026-09-18T04:03:13Z</time></rtept><rtept lat="45.993667" lon="-113.511869"><ele>2064.4000000000015</ele><time>2026-09-18T04:03:13Z</time></rtept><rtept lat="45.993686" lon="-113.511617"><ele>2061.6000000000004</ele><time>2026-09-18T04:03:13Z</time></rtept><rtept lat="45.993678" lon="-113.51145"><ele>2059.800000000001</ele><time>2026-09-18T04:03:13Z</time></rtept><rtept lat="45.993633" lon="-113.511359"><ele>2058.6000000000004</ele><time>2026-09-18T04:03:13Z</time></rtept><rtept lat="45.993514" lon="-113.511241"><ele>2059.0</ele><time>2026-09-18T04:03:13Z</time></rtept><rtept lat="45.993425" lon="-113.511171"><ele>2060.4000000000015</ele><time>2026-09-18T04:03:13Z</time></rtept><rtept lat="45.993261" lon="-113.511059"><ele>2063.0</ele><time>2026-09-18T04:03:13Z</time></rtept><rtept lat="45.993153" lon="-113.510978"><ele>2065.4000000000015</ele><time>2026-09-18T04:03:13Z</time></rtept><rtept lat="45.993086" lon="-113.510866"><ele>2067.6000000000004</ele><time>2026-09-18T04:03:13Z</time></rtept><rtept lat="45.993097" lon="-113.510726"><ele>2067.800000000001</ele><time>2026-09-18T04:03:13Z</time></rtept><rtept lat="45.993108" lon="-113.510581"><ele>2067.6000000000004</ele><time>2026-09-18T04:03:13Z</time></rtept><rtept lat="45.993078" lon="-113.510474"><ele>2066.800000000001</ele><time>2026-09-18T04:03:13Z</time></rtept><rtept lat="45.992944" lon="-113.510302"><ele>2066.800000000001</ele><time>2026-09-18T04:03:13Z</time></rtept><rtept lat="45.992795" lon="-113.510141"><ele>2066.0</ele><time>2026-09-18T04:03:13Z</time></rtept><rtept lat="45.992612" lon="-113.510007"><ele>2069.6000000000004</ele><time>2026-09-18T04:03:13Z</time></rtept><rtept lat="45.992426" lon="-113.509905"><ele>2071.0</ele><time>2026-09-18T04:03:13Z</time></rtept><rtept lat="45.992284" lon="-113.509879"><ele>2069.6000000000004</ele><time>2026-09-18T04:03:13Z</time></rtept><rtept lat="45.992117" lon="-113.509814"><ele>2070.6000000000004</ele><time>2026-09-18T04:03:13Z</time></rtept><rtept lat="45.992023" lon="-113.50975"><ele>2070.2000000000007</ele><time>2026-09-18T04:03:13Z</time></rtept><rtept lat="45.991867" lon="-113.509723"><ele>2073.6000000000004</ele><time>2026-09-18T04:03:13Z</time></rtept><rtept lat="45.99174" lon="-113.509669"><ele>2073.800000000001</ele><time>2026-09-18T04:03:13Z</time></rtept><rtept lat="45.991595" lon="-113.50961"><ele>2074.2000000000007</ele><time>2026-09-18T04:03:13Z</time></rtept><rtept lat="45.991491" lon="-113.509562"><ele>2076.0</ele><time>2026-09-18T04:03:13Z</time></rtept><rtept lat="45.991398" lon="-113.50953"><ele>2077.0</ele><time>2026-09-18T04:03:13Z</time></rtept><rtept lat="45.991219" lon="-113.509369"><ele>2078.800000000001</ele><time>2026-09-18T04:03:13Z</time></rtept><rtept lat="45.991088" lon="-113.509262"><ele>2078.800000000001</ele><time>2026-09-18T04:03:13Z</time></rtept><rtept lat="45.990976" lon="-113.509112"><ele>2079.2000000000007</ele><time>2026-09-18T04:03:13Z</time></rtept><rtept lat="45.990898" lon="-113.50894"><ele>2077.4000000000015</ele><time>2026-09-18T04:03:13Z</time></rtept><rtept lat="45.990797" lon="-113.508897"><ele>2076.6000000000004</ele><time>2026-09-18T04:03:13Z</time></rtept><rtept lat="45.990715" lon="-113.508795"><ele>2075.800000000001</ele><time>2026-09-18T04:03:13Z</time></rtept><rtept lat="45.990652" lon="-113.50865"><ele>2074.2000000000007</ele><time>2026-09-18T04:03:13Z</time></rtept><rtept lat="45.990566" lon="-113.508575"><ele>2075.2000000000007</ele><time>2026-09-18T04:03:13Z</time></rtept><rtept lat="45.990454" lon="-113.508479"><ele>2076.6000000000004</ele><time>2026-09-18T04:03:13Z</time></rtept><rtept lat="45.990253" lon="-113.508237"><ele>2077.2000000000007</ele><time>2026-09-18T04:03:13Z</time></rtept><rtept lat="45.99016" lon="-113.50813"><ele>2077.800000000001</ele><time>2026-09-18T04:03:13Z</time></rtept><rtept lat="45.990022" lon="-113.508065"><ele>2078.4000000000015</ele><time>2026-09-18T04:03:13Z</time></rtept><rtept lat="45.989929" lon="-113.508076"><ele>2079.0</ele><time>2026-09-18T04:03:13Z</time></rtept><rtept lat="45.989851" lon="-113.508114"><ele>2081.6000000000004</ele><time>2026-09-18T04:03:13Z</time></rtept><rtept lat="45.989717" lon="-113.508162"><ele>2083.2000000000007</ele><time>2026-09-18T04:03:13Z</time></rtept><rtept lat="45.989635" lon="-113.508173"><ele>2085.2000000000007</ele><time>2026-09-18T04:03:13Z</time></rtept><rtept lat="45.989567" lon="-113.508114"><ele>2085.4000000000015</ele><time>2026-09-18T04:03:13Z</time></rtept><rtept lat="45.989556" lon="-113.507947"><ele>2082.6000000000004</ele><time>2026-09-18T04:03:13Z</time></rtept><rtept lat="45.989489" lon="-113.507819"><ele>2080.4000000000015</ele><time>2026-09-18T04:03:13Z</time></rtept><rtept lat="45.989396" lon="-113.507738"><ele>2079.800000000001</ele><time>2026-09-18T04:03:13Z</time></rtept><rtept lat="45.989254" lon="-113.507668"><ele>2082.0</ele><time>2026-09-18T04:03:13Z</time></rtept><rtept lat="45.98915" lon="-113.507588"><ele>2082.2000000000007</ele><time>2026-09-18T04:03:13Z</time></rtept><rtept lat="45.989042" lon="-113.50755"><ele>2081.6000000000004</ele><time>2026-09-18T04:03:13Z</time></rtept><rtept lat="45.988967" lon="-113.507422"><ele>2082.0</ele><time>2026-09-18T04:03:13Z</time></rtept><rtept lat="45.988859" lon="-113.507288"><ele>2080.2000000000007</ele><time>2026-09-18T04:03:13Z</time></rtept><rtept lat="45.988665" lon="-113.507084"><ele>2080.800000000001</ele><time>2026-09-18T04:03:13Z</time></rtept><rtept lat="45.988528" lon="-113.506912"><ele>2080.0</ele><time>2026-09-18T04:03:13Z</time></rtept><rtept lat="45.98839" lon="-113.506778"><ele>2079.4000000000015</ele><time>2026-09-18T04:03:13Z</time></rtept><rtept lat="45.9882" lon="-113.506687"><ele>2080.0</ele><time>2026-09-18T04:03:13Z</time></rtept><rtept lat="45.988118" lon="-113.506649"><ele>2081.0</ele><time>2026-09-18T04:03:13Z</time></rtept><rtept lat="45.987991" lon="-113.506563"><ele>2081.4000000000015</ele><time>2026-09-18T04:03:13Z</time></rtept><rtept lat="45.987927" lon="-113.506504"><ele>2081.4000000000015</ele><time>2026-09-18T04:03:13Z</time></rtept><rtept lat="45.987894" lon="-113.506284"><ele>2081.0</ele><time>2026-09-18T04:03:13Z</time></rtept><rtept lat="45.987857" lon="-113.506204"><ele>2080.6000000000004</ele><time>2026-09-18T04:03:13Z</time></rtept><rtept lat="45.987693" lon="-113.506048"><ele>2081.4000000000015</ele><time>2026-09-18T04:03:13Z</time></rtept><rtept lat="45.987454" lon="-113.505834"><ele>2082.2000000000007</ele><time>2026-09-18T04:03:13Z</time></rtept><rtept lat="45.98732" lon="-113.505753"><ele>2082.6000000000004</ele><time>2026-09-18T04:03:13Z</time></rtept><rtept lat="45.987145" lon="-113.505646"><ele>2083.4000000000015</ele><time>2026-09-18T04:03:13Z</time></rtept><rtept lat="45.987018" lon="-113.505571"><ele>2084.0</ele><time>2026-09-18T04:03:13Z</time></rtept><rtept lat="45.986917" lon="-113.505501"><ele>2084.4000000000015</ele><time>2026-09-18T04:03:13Z</time></rtept><rtept lat="45.986828" lon="-113.505405"><ele>2084.6000000000004</ele><time>2026-09-18T04:03:13Z</time></rtept><rtept lat="45.986705" lon="-113.505389"><ele>2085.2000000000007</ele><time>2026-09-18T04:03:13Z</time></rtept><rtept lat="45.986601" lon="-113.505389"><ele>2085.800000000001</ele><time>2026-09-18T04:03:13Z</time></rtept><rtept lat="45.986522" lon="-113.505389"><ele>2086.6000000000004</ele><time>2026-09-18T04:03:13Z</time></rtept><rtept lat="45.986381" lon="-113.505281"><ele>2087.2000000000007</ele><time>2026-09-18T04:03:13Z</time></rtept><rtept lat="45.986265" lon="-113.505195"><ele>2088.0</ele><time>2026-09-18T04:03:13Z</time></rtept><rtept lat="45.98615" lon="-113.505115"><ele>2088.800000000001</ele><time>2026-09-18T04:03:13Z</time></rtept><rtept lat="45.986038" lon="-113.505061"><ele>2089.6000000000004</ele><time>2026-09-18T04:03:13Z</time></rtept><rtept lat="45.985963" lon="-113.505018"><ele>2090.6000000000004</ele><time>2026-09-18T04:03:13Z</time></rtept><rtept lat="45.985795" lon="-113.504884"><ele>2091.0</ele><time>2026-09-18T04:03:13Z</time></rtept><rtept lat="45.985624" lon="-113.50475"><ele>2093.0</ele><time>2026-09-18T04:03:13Z</time></rtept><rtept lat="45.985475" lon="-113.504632"><ele>2092.6000000000004</ele><time>2026-09-18T04:03:13Z</time></rtept><rtept lat="45.985412" lon="-113.504546"><ele>2092.4000000000015</ele><time>2026-09-18T04:03:13Z</time></rtept><rtept lat="45.985345" lon="-113.504278"><ele>2090.4000000000015</ele><time>2026-09-18T04:03:13Z</time></rtept><rtept lat="45.98527" lon="-113.504096"><ele>2091.800000000001</ele><time>2026-09-18T04:03:13Z</time></rtept><rtept lat="45.985165" lon="-113.503972"><ele>2092.800000000001</ele><time>2026-09-18T04:03:13Z</time></rtept><rtept lat="45.985113" lon="-113.503828"><ele>2093.2000000000007</ele><time>2026-09-18T04:03:13Z</time></rtept><rtept lat="45.98508" lon="-113.50364"><ele>2093.800000000001</ele><time>2026-09-18T04:03:13Z</time></rtept><rtept lat="45.985046" lon="-113.503516"><ele>2093.800000000001</ele><time>2026-09-18T04:03:13Z</time></rtept><rtept lat="45.985042" lon="-113.503098"><ele>2094.2000000000007</ele><time>2026-09-18T04:03:13Z</time></rtept><rtept lat="45.985054" lon="-113.502878"><ele>2094.4000000000015</ele><time>2026-09-18T04:03:13Z</time></rtept><rtept lat="45.985113" lon="-113.502663"><ele>2094.6000000000004</ele><time>2026-09-18T04:03:13Z</time></rtept><rtept lat="45.985106" lon="-113.502476"><ele>2094.800000000001</ele><time>2026-09-18T04:03:13Z</time></rtept><rtept lat="45.98502" lon="-113.502326"><ele>2095.6000000000004</ele><time>2026-09-18T04:03:13Z</time></rtept><rtept lat="45.984994" lon="-113.50217"><ele>2095.800000000001</ele><time>2026-09-18T04:03:13Z</time></rtept><rtept lat="45.985031" lon="-113.502052"><ele>2096.4000000000015</ele><time>2026-09-18T04:03:13Z</time></rtept><rtept lat="45.985169" lon="-113.501918"><ele>2096.2000000000007</ele><time>2026-09-18T04:03:13Z</time></rtept><rtept lat="45.985251" lon="-113.501843"><ele>2096.4000000000015</ele><time>2026-09-18T04:03:13Z</time></rtept><rtept lat="45.985292" lon="-113.501703"><ele>2096.800000000001</ele><time>2026-09-18T04:03:13Z</time></rtept><rtept lat="45.985337" lon="-113.501532"><ele>2097.2000000000007</ele><time>2026-09-18T04:03:13Z</time></rtept><rtept lat="45.985434" lon="-113.501419"><ele>2097.2000000000007</ele><time>2026-09-18T04:03:13Z</time></rtept><rtept lat="45.985546" lon="-113.50129"><ele>2097.2000000000007</ele><time>2026-09-18T04:03:13Z</time></rtept><rtept lat="45.985663" lon="-113.50115"><ele>2097.0</ele><time>2026-09-18T04:03:13Z</time></rtept><rtept lat="45.985807" lon="-113.501088"><ele>2097.6000000000004</ele><time>2026-09-18T04:03:13Z</time></rtept><rtept lat="45.986" lon="-113.500963"><ele>2098.2000000000007</ele><time>2026-09-18T04:03:13Z</time></rtept><rtept lat="45.986112" lon="-113.500963"><ele>2098.4000000000015</ele><time>2026-09-18T04:03:13Z</time></rtept><rtept lat="45.986288" lon="-113.500979"><ele>2098.4000000000015</ele><time>2026-09-18T04:03:13Z</time></rtept><rtept lat="45.986411" lon="-113.501017"><ele>2098.4000000000015</ele><time>2026-09-18T04:03:13Z</time></rtept><rtept lat="45.986571" lon="-113.501033"><ele>2098.6000000000004</ele><time>2026-09-18T04:03:13Z</time></rtept><rtept lat="45.986716" lon="-113.501011"><ele>2098.6000000000004</ele><time>2026-09-18T04:03:13Z</time></rtept><rtept lat="45.98682" lon="-113.500984"><ele>2098.4000000000015</ele><time>2026-09-18T04:03:13Z</time></rtept><rtept lat="45.986925" lon="-113.500915"><ele>2099.2000000000007</ele><time>2026-09-18T04:03:13Z</time></rtept><rtept lat="45.98697" lon="-113.500861"><ele>2101.0</ele><time>2026-09-18T04:03:13Z</time></rtept><rtept lat="45.986985" lon="-113.500716"><ele>2101.800000000001</ele><time>2026-09-18T04:03:13Z</time></rtept><rtept lat="45.986936" lon="-113.500496"><ele>2103.2000000000007</ele><time>2026-09-18T04:03:13Z</time></rtept><rtept lat="45.986888" lon="-113.500303"><ele>2104.0</ele><time>2026-09-18T04:03:13Z</time></rtept><rtept lat="45.986735" lon="-113.500056"><ele>2105.800000000001</ele><time>2026-09-18T04:03:13Z</time></rtept><rtept lat="45.986612" lon="-113.499852"><ele>2107.0</ele><time>2026-09-18T04:03:13Z</time></rtept><rtept lat="45.986481" lon="-113.499595"><ele>2109.0</ele><time>2026-09-18T04:03:13Z</time></rtept><rtept lat="45.986392" lon="-113.499354"><ele>2111.0</ele><time>2026-09-18T04:03:13Z</time></rtept><rtept lat="45.986317" lon="-113.499134"><ele>2113.800000000001</ele><time>2026-09-18T04:03:13Z</time></rtept><rtept lat="45.98622" lon="-113.498946"><ele>2115.2000000000007</ele><time>2026-09-18T04:03:13Z</time></rtept><rtept lat="45.986101" lon="-113.498758"><ele>2116.6000000000004</ele><time>2026-09-18T04:03:13Z</time></rtept><rtept lat="45.986034" lon="-113.498528"><ele>2119.800000000001</ele><time>2026-09-18T04:03:13Z</time></rtept><rtept lat="45.985933" lon="-113.498356"><ele>2121.6000000000004</ele><time>2026-09-18T04:03:13Z</time></rtept><rtept lat="45.985855" lon="-113.498157"><ele>2123.2000000000007</ele><time>2026-09-18T04:03:13Z</time></rtept><rtept lat="45.98571" lon="-113.497658"><ele>2131.0</ele><time>2026-09-18T04:03:13Z</time></rtept><rtept lat="45.985546" lon="-113.497358"><ele>2133.6000000000004</ele><time>2026-09-18T04:03:13Z</time></rtept><rtept lat="45.985367" lon="-113.496907"><ele>2144.2000000000007</ele><time>2026-09-18T04:03:13Z</time></rtept><rtept lat="45.98524" lon="-113.496602"><ele>2148.6000000000004</ele><time>2026-09-18T04:03:13Z</time></rtept><rtept lat="45.985121" lon="-113.496398"><ele>2153.4000000000015</ele><time>2026-09-18T04:03:13Z</time></rtept><rtept lat="45.984994" lon="-113.496242"><ele>2154.0</ele><time>2026-09-18T04:03:13Z</time></rtept><rtept lat="45.984838" lon="-113.49613"><ele>2156.2000000000007</ele><time>2026-09-18T04:03:13Z</time></rtept><rtept lat="45.984703" lon="-113.495947"><ele>2159.2000000000007</ele><time>2026-09-18T04:03:13Z</time></rtept><rtept lat="45.984595" lon="-113.495727"><ele>2162.4000000000015</ele><time>2026-09-18T04:03:13Z</time></rtept><rtept lat="45.984584" lon="-113.495491"><ele>2169.6000000000004</ele><time>2026-09-18T04:03:13Z</time></rtept><rtept lat="45.984584" lon="-113.495352"><ele>2174.2000000000007</ele><time>2026-09-18T04:03:13Z</time></rtept><rtept lat="45.98455" lon="-113.495185"><ele>2177.2000000000007</ele><time>2026-09-18T04:03:13Z</time></rtept><rtept lat="45.984468" lon="-113.495164"><ele>2175.2000000000007</ele><time>2026-09-18T04:03:13Z</time></rtept><rtept lat="45.98439" lon="-113.49518"><ele>2172.800000000001</ele><time>2026-09-18T04:03:13Z</time></rtept><rtept lat="45.984282" lon="-113.4951"><ele>2173.2000000000007</ele><time>2026-09-18T04:03:13Z</time></rtept><rtept lat="45.984096" lon="-113.494992"><ele>2177.800000000001</ele><time>2026-09-18T04:03:13Z</time></rtept><rtept lat="45.983984" lon="-113.494831"><ele>2182.4000000000015</ele><time>2026-09-18T04:03:13Z</time></rtept><rtept lat="45.983965" lon="-113.494692"><ele>2185.2000000000007</ele><time>2026-09-18T04:03:13Z</time></rtept><rtept lat="45.983883" lon="-113.494579"><ele>2189.2000000000007</ele><time>2026-09-18T04:03:13Z</time></rtept><rtept lat="45.983701" lon="-113.494504"><ele>2189.800000000001</ele><time>2026-09-18T04:03:13Z</time></rtept><rtept lat="45.983533" lon="-113.494418"><ele>2190.2000000000007</ele><time>2026-09-18T04:03:13Z</time></rtept><rtept lat="45.983339" lon="-113.494311"><ele>2190.6000000000004</ele><time>2026-09-18T04:03:13Z</time></rtept><rtept lat="45.983153" lon="-113.494091"><ele>2197.0</ele><time>2026-09-18T04:03:13Z</time></rtept><rtept lat="45.983018" lon="-113.49393"><ele>2199.0</ele><time>2026-09-18T04:03:13Z</time></rtept><rtept lat="45.982892" lon="-113.493834"><ele>2201.800000000001</ele><time>2026-09-18T04:03:13Z</time></rtept><rtept lat="45.982735" lon="-113.493694"><ele>2207.4000000000015</ele><time>2026-09-18T04:03:13Z</time></rtept><rtept lat="45.982672" lon="-113.493549"><ele>2211.6000000000004</ele><time>2026-09-18T04:03:13Z</time></rtept><rtept lat="45.982556" lon="-113.49349"><ele>2212.800000000001</ele><time>2026-09-18T04:03:13Z</time></rtept><rtept lat="45.982463" lon="-113.493512"><ele>2210.2000000000007</ele><time>2026-09-18T04:03:13Z</time></rtept><rtept lat="45.98234" lon="-113.493608"><ele>2206.6000000000004</ele><time>2026-09-18T04:03:13Z</time></rtept><rtept lat="45.982258" lon="-113.493673"><ele>2202.6000000000004</ele><time>2026-09-18T04:03:13Z</time></rtept><rtept lat="45.982169" lon="-113.493625"><ele>2204.800000000001</ele><time>2026-09-18T04:03:13Z</time></rtept><rtept lat="45.98199" lon="-113.493517"><ele>2206.2000000000007</ele><time>2026-09-18T04:03:13Z</time></rtept><rtept lat="45.98174" lon="-113.493335"><ele>2209.800000000001</ele><time>2026-09-18T04:03:13Z</time></rtept><rtept lat="45.981684" lon="-113.493249"><ele>2212.2000000000007</ele><time>2026-09-18T04:03:13Z</time></rtept><rtept lat="45.981542" lon="-113.493217"><ele>2213.800000000001</ele><time>2026-09-18T04:03:13Z</time></rtept><rtept lat="45.981427" lon="-113.493195"><ele>2212.6000000000004</ele><time>2026-09-18T04:03:13Z</time></rtept><rtept lat="45.981326" lon="-113.493227"><ele>2211.0</ele><time>2026-09-18T04:03:13Z</time></rtept><rtept lat="45.981225" lon="-113.493152"><ele>2210.4000000000015</ele><time>2026-09-18T04:03:13Z</time></rtept><rtept lat="45.981088" lon="-113.493147"><ele>2208.4000000000015</ele><time>2026-09-18T04:03:13Z</time></rtept><rtept lat="45.980923" lon="-113.493088"><ele>2209.800000000001</ele><time>2026-09-18T04:03:13Z</time></rtept><rtept lat="45.980778" lon="-113.493061"><ele>2210.0</ele><time>2026-09-18T04:03:13Z</time></rtept><rtept lat="45.980573" lon="-113.493099"><ele>2205.4000000000015</ele><time>2026-09-18T04:03:13Z</time></rtept><rtept lat="45.980379" lon="-113.493136"><ele>2208.2000000000007</ele><time>2026-09-18T04:03:13Z</time></rtept><rtept lat="45.980234" lon="-113.493174"><ele>2206.6000000000004</ele><time>2026-09-18T04:03:13Z</time></rtept><rtept lat="45.980148" lon="-113.493217"><ele>2206.6000000000004</ele><time>2026-09-18T04:03:13Z</time></rtept><rtept lat="45.979973" lon="-113.493233"><ele>2205.0</ele><time>2026-09-18T04:03:13Z</time></rtept><rtept lat="45.979846" lon="-113.493238"><ele>2205.0</ele><time>2026-09-18T04:03:13Z</time></rtept><rtept lat="45.979727" lon="-113.493217"><ele>2206.2000000000007</ele><time>2026-09-18T04:03:13Z</time></rtept><rtept lat="45.979611" lon="-113.493131"><ele>2207.2000000000007</ele><time>2026-09-18T04:03:13Z</time></rtept><rtept lat="45.979514" lon="-113.493056"><ele>2208.800000000001</ele><time>2026-09-18T04:03:13Z</time></rtept><rtept lat="45.979354" lon="-113.493024"><ele>2208.2000000000007</ele><time>2026-09-18T04:03:13Z</time></rtept><rtept lat="45.97922" lon="-113.493007"><ele>2208.2000000000007</ele><time>2026-09-18T04:03:13Z</time></rtept><rtept lat="45.979067" lon="-113.492997"><ele>2208.2000000000007</ele><time>2026-09-18T04:03:13Z</time></rtept><rtept lat="45.978791" lon="-113.492922"><ele>2210.0</ele><time>2026-09-18T04:03:13Z</time></rtept><rtept lat="45.978624" lon="-113.492906"><ele>2209.800000000001</ele><time>2026-09-18T04:03:13Z</time></rtept><rtept lat="45.978463" lon="-113.492868"><ele>2212.0</ele><time>2026-09-18T04:03:13Z</time></rtept><rtept lat="45.978307" lon="-113.492841"><ele>2211.800000000001</ele><time>2026-09-18T04:03:13Z</time></rtept><rtept lat="45.97821" lon="-113.492879"><ele>2211.800000000001</ele><time>2026-09-18T04:03:13Z</time></rtept><rtept lat="45.978113" lon="-113.492922"><ele>2209.6000000000004</ele><time>2026-09-18T04:03:13Z</time></rtept><rtept lat="45.978001" lon="-113.492932"><ele>2209.6000000000004</ele><time>2026-09-18T04:03:13Z</time></rtept><rtept lat="45.977897" lon="-113.492975"><ele>2209.6000000000004</ele><time>2026-09-18T04:03:13Z</time></rtept><rtept lat="45.977773" lon="-113.49297"><ele>2210.0</ele><time>2026-09-18T04:03:13Z</time></rtept><rtept lat="45.977684" lon="-113.493029"><ele>2208.6000000000004</ele><time>2026-09-18T04:03:13Z</time></rtept><rtept lat="45.977572" lon="-113.493056"><ele>2208.800000000001</ele><time>2026-09-18T04:03:13Z</time></rtept><rtept lat="45.977472" lon="-113.49312"><ele>2207.6000000000004</ele><time>2026-09-18T04:03:13Z</time></rtept><rtept lat="45.977371" lon="-113.493099"><ele>2207.800000000001</ele><time>2026-09-18T04:03:13Z</time></rtept><rtept lat="45.977248" lon="-113.493104"><ele>2208.0</ele><time>2026-09-18T04:03:13Z</time></rtept><rtept lat="45.977103" lon="-113.493093"><ele>2208.2000000000007</ele><time>2026-09-18T04:03:13Z</time></rtept><rtept lat="45.976942" lon="-113.493115"><ele>2208.6000000000004</ele><time>2026-09-18T04:03:13Z</time></rtept><rtept lat="45.976819" lon="-113.493136"><ele>2209.2000000000007</ele><time>2026-09-18T04:03:13Z</time></rtept><rtept lat="45.976756" lon="-113.493227"><ele>2208.0</ele><time>2026-09-18T04:03:13Z</time></rtept><rtept lat="45.97667" lon="-113.493383"><ele>2207.0</ele><time>2026-09-18T04:03:13Z</time></rtept><rtept lat="45.976603" lon="-113.493549"><ele>2206.4000000000015</ele><time>2026-09-18T04:03:13Z</time></rtept><rtept lat="45.976551" lon="-113.493646"><ele>2206.2000000000007</ele><time>2026-09-18T04:03:13Z</time></rtept><rtept lat="45.976443" lon="-113.493721"><ele>2206.0</ele><time>2026-09-18T04:03:13Z</time></rtept><rtept lat="45.976312" lon="-113.493775"><ele>2206.0</ele><time>2026-09-18T04:03:13Z</time></rtept><rtept lat="45.976126" lon="-113.493973"><ele>2205.800000000001</ele><time>2026-09-18T04:03:13Z</time></rtept><rtept lat="45.97604" lon="-113.494048"><ele>2205.4000000000015</ele><time>2026-09-18T04:03:13Z</time></rtept><rtept lat="45.975947" lon="-113.494118"><ele>2205.6000000000004</ele><time>2026-09-18T04:03:13Z</time></rtept><rtept lat="45.97576" lon="-113.494139"><ele>2206.4000000000015</ele><time>2026-09-18T04:03:13Z</time></rtept><rtept lat="45.975652" lon="-113.494139"><ele>2207.0</ele><time>2026-09-18T04:03:13Z</time></rtept><rtept lat="45.975511" lon="-113.494113"><ele>2207.6000000000004</ele><time>2026-09-18T04:03:13Z</time></rtept><rtept lat="45.975414" lon="-113.494145"><ele>2208.4000000000015</ele><time>2026-09-18T04:03:13Z</time></rtept><rtept lat="45.975272" lon="-113.494145"><ele>2209.2000000000007</ele><time>2026-09-18T04:03:13Z</time></rtept><rtept lat="45.975134" lon="-113.49415"><ele>2210.4000000000015</ele><time>2026-09-18T04:03:13Z</time></rtept><rtept lat="45.975011" lon="-113.494204"><ele>2210.2000000000007</ele><time>2026-09-18T04:03:13Z</time></rtept><rtept lat="45.974892" lon="-113.494198"><ele>2210.800000000001</ele><time>2026-09-18T04:03:13Z</time></rtept><rtept lat="45.974787" lon="-113.494161"><ele>2211.6000000000004</ele><time>2026-09-18T04:03:13Z</time></rtept><rtept lat="45.974713" lon="-113.494113"><ele>2212.0</ele><time>2026-09-18T04:03:13Z</time></rtept><rtept lat="45.97462" lon="-113.494075"><ele>2212.800000000001</ele><time>2026-09-18T04:03:13Z</time></rtept><rtept lat="45.974526" lon="-113.494043"><ele>2213.2000000000007</ele><time>2026-09-18T04:03:13Z</time></rtept><rtept lat="45.974418" lon="-113.49407"><ele>2213.4000000000015</ele><time>2026-09-18T04:03:13Z</time></rtept><rtept lat="45.974299" lon="-113.494086"><ele>2213.6000000000004</ele><time>2026-09-18T04:03:13Z</time></rtept><rtept lat="45.97418" lon="-113.494021"><ele>2213.800000000001</ele><time>2026-09-18T04:03:13Z</time></rtept><rtept lat="45.974064" lon="-113.493952"><ele>2214.6000000000004</ele><time>2026-09-18T04:03:13Z</time></rtept><rtept lat="45.973941" lon="-113.493903"><ele>2215.4000000000015</ele><time>2026-09-18T04:03:13Z</time></rtept><rtept lat="45.973777" lon="-113.493898"><ele>2215.800000000001</ele><time>2026-09-18T04:03:13Z</time></rtept><rtept lat="45.97365" lon="-113.493882"><ele>2216.6000000000004</ele><time>2026-09-18T04:03:13Z</time></rtept><rtept lat="45.973557" lon="-113.493877"><ele>2217.2000000000007</ele><time>2026-09-18T04:03:13Z</time></rtept><rtept lat="45.973471" lon="-113.493748"><ele>2218.0</ele><time>2026-09-18T04:03:13Z</time></rtept><rtept lat="45.973371" lon="-113.493689"><ele>2219.2000000000007</ele><time>2026-09-18T04:03:13Z</time></rtept><rtept lat="45.973214" lon="-113.49363"><ele>2221.4000000000015</ele><time>2026-09-18T04:03:13Z</time></rtept><rtept lat="45.973057" lon="-113.493555"><ele>2223.2000000000007</ele><time>2026-09-18T04:03:13Z</time></rtept><rtept lat="45.972938" lon="-113.493533"><ele>2224.4000000000015</ele><time>2026-09-18T04:03:13Z</time></rtept><rtept lat="45.9728" lon="-113.493512"><ele>2226.0</ele><time>2026-09-18T04:03:13Z</time></rtept><rtept lat="45.972688" lon="-113.493512"><ele>2227.2000000000007</ele><time>2026-09-18T04:03:13Z</time></rtept><rtept lat="45.972543" lon="-113.493512"><ele>2228.2000000000007</ele><time>2026-09-18T04:03:13Z</time></rtept><rtept lat="45.972394" lon="-113.493474"><ele>2229.800000000001</ele><time>2026-09-18T04:03:13Z</time></rtept><rtept lat="45.972245" lon="-113.493399"><ele>2232.0</ele><time>2026-09-18T04:03:13Z</time></rtept><rtept lat="45.972122" lon="-113.493335"><ele>2233.0</ele><time>2026-09-18T04:03:13Z</time></rtept><rtept lat="45.97192" lon="-113.493217"><ele>2238.0</ele><time>2026-09-18T04:03:13Z</time></rtept><rtept lat="45.971793" lon="-113.493158"><ele>2240.4000000000015</ele><time>2026-09-18T04:03:13Z</time></rtept><rtept lat="45.971667" lon="-113.493131"><ele>2243.6000000000004</ele><time>2026-09-18T04:03:13Z</time></rtept><rtept lat="45.971518" lon="-113.493083"><ele>2244.6000000000004</ele><time>2026-09-18T04:03:13Z</time></rtept><rtept lat="45.971402" lon="-113.493104"><ele>2245.6000000000004</ele><time>2026-09-18T04:03:13Z</time></rtept><rtept lat="45.971301" lon="-113.49312"><ele>2246.2000000000007</ele><time>2026-09-18T04:03:13Z</time></rtept><rtept lat="45.971178" lon="-113.493109"><ele>2247.0</ele><time>2026-09-18T04:03:13Z</time></rtept><rtept lat="45.971044" lon="-113.493029"><ele>2249.0</ele><time>2026-09-18T04:03:13Z</time></rtept><rtept lat="45.970925" lon="-113.49304"><ele>2249.6000000000004</ele><time>2026-09-18T04:03:13Z</time></rtept><rtept lat="45.970753" lon="-113.493115"><ele>2249.2000000000007</ele><time>2026-09-18T04:03:13Z</time></rtept><rtept lat="45.970604" lon="-113.493131"><ele>2249.6000000000004</ele><time>2026-09-18T04:03:13Z</time></rtept><rtept lat="45.970354" lon="-113.493206"><ele>2249.2000000000007</ele><time>2026-09-18T04:03:13Z</time></rtept><rtept lat="45.970213" lon="-113.49326"><ele>2248.0</ele><time>2026-09-18T04:03:13Z</time></rtept><rtept lat="45.970086" lon="-113.493276"><ele>2247.800000000001</ele><time>2026-09-18T04:03:13Z</time></rtept><rtept lat="45.969948" lon="-113.493217"><ele>2248.4000000000015</ele><time>2026-09-18T04:03:13Z</time></rtept><rtept lat="45.969885" lon="-113.493179"><ele>2249.800000000001</ele><time>2026-09-18T04:03:13Z</time></rtept><rtept lat="45.969799" lon="-113.493206"><ele>2252.2000000000007</ele><time>2026-09-18T04:03:13Z</time></rtept><rtept lat="45.969713" lon="-113.493163"><ele>2253.2000000000007</ele><time>2026-09-18T04:03:13Z</time></rtept><rtept lat="45.969642" lon="-113.493072"><ele>2255.800000000001</ele><time>2026-09-18T04:03:13Z</time></rtept><rtept lat="45.969568" lon="-113.493034"><ele>2258.0</ele><time>2026-09-18T04:03:13Z</time></rtept><rtept lat="45.969512" lon="-113.493099"><ele>2257.800000000001</ele><time>2026-09-18T04:03:13Z</time></rtept><rtept lat="45.969445" lon="-113.493168"><ele>2257.800000000001</ele><time>2026-09-18T04:03:13Z</time></rtept><rtept lat="45.969374" lon="-113.493185"><ele>2258.800000000001</ele><time>2026-09-18T04:03:13Z</time></rtept><rtept lat="45.969221" lon="-113.493227"><ele>2262.0</ele><time>2026-09-18T04:03:13Z</time></rtept><rtept lat="45.969139" lon="-113.493249"><ele>2261.2000000000007</ele><time>2026-09-18T04:03:13Z</time></rtept><rtept lat="45.969038" lon="-113.493217"><ele>2265.0</ele><time>2026-09-18T04:03:13Z</time></rtept><rtept lat="45.96893" lon="-113.493249"><ele>2265.0</ele><time>2026-09-18T04:03:13Z</time></rtept><rtept lat="45.968811" lon="-113.493308"><ele>2266.0</ele><time>2026-09-18T04:03:13Z</time></rtept><rtept lat="45.968658" lon="-113.493345"><ele>2267.0</ele><time>2026-09-18T04:03:13Z</time></rtept><rtept lat="45.968591" lon="-113.493421"><ele>2266.0</ele><time>2026-09-18T04:03:13Z</time></rtept><rtept lat="45.96846" lon="-113.493496"><ele>2265.800000000001</ele><time>2026-09-18T04:03:13Z</time></rtept><rtept lat="45.968356" lon="-113.493587"><ele>2265.6000000000004</ele><time>2026-09-18T04:03:13Z</time></rtept><rtept lat="45.968218" lon="-113.493657"><ele>2267.800000000001</ele><time>2026-09-18T04:03:13Z</time></rtept><rtept lat="45.968095" lon="-113.493651"><ele>2270.0</ele><time>2026-09-18T04:03:13Z</time></rtept><rtept lat="45.968005" lon="-113.493646"><ele>2272.0</ele><time>2026-09-18T04:03:13Z</time></rtept><rtept lat="45.967942" lon="-113.493625"><ele>2273.0</ele><time>2026-09-18T04:03:13Z</time></rtept><rtept lat="45.967983" lon="-113.49356"><ele>2274.0</ele><time>2026-09-18T04:03:13Z</time></rtept><rtept lat="45.968117" lon="-113.493474"><ele>2274.2000000000007</ele><time>2026-09-18T04:03:13Z</time></rtept><rtept lat="45.968255" lon="-113.493329"><ele>2274.2000000000007</ele><time>2026-09-18T04:03:13Z</time></rtept><rtept lat="45.968348" lon="-113.493206"><ele>2276.2000000000007</ele><time>2026-09-18T04:03:13Z</time></rtept><rtept lat="45.96846" lon="-113.493099"><ele>2276.2000000000007</ele><time>2026-09-18T04:03:13Z</time></rtept><rtept lat="45.968602" lon="-113.492965"><ele>2278.4000000000015</ele><time>2026-09-18T04:03:13Z</time></rtept><rtept lat="45.968692" lon="-113.492879"><ele>2278.4000000000015</ele><time>2026-09-18T04:03:13Z</time></rtept><rtept lat="45.968647" lon="-113.492852"><ele>2279.4000000000015</ele><time>2026-09-18T04:03:13Z</time></rtept><rtept lat="45.9686" lon="-113.492903"><ele>2278.4000000000015</ele><time>2026-09-18T04:03:13Z</time></rtept><rtept lat="45.968492" lon="-113.492959"><ele>2280.2000000000007</ele><time>2026-09-18T04:03:13Z</time></rtept><rtept lat="45.96838" lon="-113.492981"><ele>2280.0</ele><time>2026-09-18T04:03:13Z</time></rtept><rtept lat="45.968287" lon="-113.493029"><ele>2280.800000000001</ele><time>2026-09-18T04:03:13Z</time></rtept><rtept lat="45.968184" lon="-113.493048"><ele>2282.800000000001</ele><time>2026-09-18T04:03:13Z</time></rtept><rtept lat="45.968076" lon="-113.493056"><ele>2285.2000000000007</ele><time>2026-09-18T04:03:13Z</time></rtept><rtept lat="45.967992" lon="-113.493059"><ele>2286.6000000000004</ele><time>2026-09-18T04:03:13Z</time></rtept><rtept lat="45.967912" lon="-113.493045"><ele>2289.0</ele><time>2026-09-18T04:03:13Z</time></rtept><rtept lat="45.967877" lon="-113.493029"><ele>2289.0</ele><time>2026-09-18T04:03:13Z</time></rtept><rtept lat="45.967886" lon="-113.492973"><ele>2291.4000000000015</ele><time>2026-09-18T04:03:13Z</time></rtept><rtept lat="45.967991" lon="-113.492895"><ele>2289.2000000000007</ele><time>2026-09-18T04:03:13Z</time></rtept><rtept lat="45.968104" lon="-113.492779"><ele>2291.4000000000015</ele><time>2026-09-18T04:03:13Z</time></rtept><rtept lat="45.968242" lon="-113.49272"><ele>2288.800000000001</ele><time>2026-09-18T04:03:13Z</time></rtept><rtept lat="45.968367" lon="-113.4926"><ele>2290.4000000000015</ele><time>2026-09-18T04:03:13Z</time></rtept><rtept lat="45.968466" lon="-113.492492"><ele>2289.6000000000004</ele><time>2026-09-18T04:03:13Z</time></rtept><rtept lat="45.968537" lon="-113.492415"><ele>2290.2000000000007</ele><time>2026-09-18T04:03:13Z</time></rtept><rtept lat="45.968572" lon="-113.492353"><ele>2291.6000000000004</ele><time>2026-09-18T04:03:13Z</time></rtept><rtept lat="45.968533" lon="-113.49234"><ele>2291.6000000000004</ele><time>2026-09-18T04:03:13Z</time></rtept><rtept lat="45.96849" lon="-113.492372"><ele>2292.800000000001</ele><time>2026-09-18T04:03:13Z</time></rtept><rtept lat="45.968322" lon="-113.492442"><ele>2295.0</ele><time>2026-09-18T04:03:13Z</time></rtept><rtept lat="45.968198" lon="-113.492482"><ele>2296.0</ele><time>2026-09-18T04:03:13Z</time></rtept><rtept lat="45.968013" lon="-113.492498"><ele>2299.4000000000015</ele><time>2026-09-18T04:03:13Z</time></rtept><rtept lat="45.967871" lon="-113.492506"><ele>2301.800000000001</ele><time>2026-09-18T04:03:13Z</time></rtept><rtept lat="45.96775" lon="-113.492471"><ele>2304.0</ele><time>2026-09-18T04:03:13Z</time></rtept><rtept lat="45.967562" lon="-113.492514"><ele>2307.4000000000015</ele><time>2026-09-18T04:03:13Z</time></rtept><rtept lat="45.967386" lon="-113.492573"><ele>2308.2000000000007</ele><time>2026-09-18T04:03:13Z</time></rtept><rtept lat="45.967174" lon="-113.4926"><ele>2312.4000000000015</ele><time>2026-09-18T04:03:13Z</time></rtept><rtept lat="45.96701" lon="-113.492637"><ele>2312.2000000000007</ele><time>2026-09-18T04:03:13Z</time></rtept><rtept lat="45.966764" lon="-113.492643"><ele>2314.2000000000007</ele><time>2026-09-18T04:03:13Z</time></rtept><rtept lat="45.96648" lon="-113.492643"><ele>2314.4000000000015</ele><time>2026-09-18T04:03:13Z</time></rtept><rtept lat="45.966324" lon="-113.492659"><ele>2314.2000000000007</ele><time>2026-09-18T04:03:13Z</time></rtept><rtept lat="45.966186" lon="-113.492605"><ele>2316.6000000000004</ele><time>2026-09-18T04:03:13Z</time></rtept><rtept lat="45.966026" lon="-113.492557"><ele>2316.4000000000015</ele><time>2026-09-18T04:03:13Z</time></rtept><rtept lat="45.965914" lon="-113.492535"><ele>2319.2000000000007</ele><time>2026-09-18T04:03:13Z</time></rtept><rtept lat="45.965776" lon="-113.492423"><ele>2322.2000000000007</ele><time>2026-09-18T04:03:13Z</time></rtept><rtept lat="45.965664" lon="-113.492369"><ele>2324.800000000001</ele><time>2026-09-18T04:03:13Z</time></rtept><rtept lat="45.965541" lon="-113.492246"><ele>2326.6000000000004</ele><time>2026-09-18T04:03:13Z</time></rtept><rtept lat="45.965451" lon="-113.492187"><ele>2327.800000000001</ele><time>2026-09-18T04:03:13Z</time></rtept><rtept lat="45.965336" lon="-113.492171"><ele>2326.6000000000004</ele><time>2026-09-18T04:03:13Z</time></rtept><rtept lat="45.965213" lon="-113.492155"><ele>2325.800000000001</ele><time>2026-09-18T04:03:13Z</time></rtept><rtept lat="45.96509" lon="-113.491988"><ele>2328.4000000000015</ele><time>2026-09-18T04:03:13Z</time></rtept><rtept lat="45.965015" lon="-113.491833"><ele>2331.4000000000015</ele><time>2026-09-18T04:03:13Z</time></rtept><rtept lat="45.964885" lon="-113.491656"><ele>2334.0</ele><time>2026-09-18T04:03:13Z</time></rtept><rtept lat="45.964799" lon="-113.491624"><ele>2333.6000000000004</ele><time>2026-09-18T04:03:13Z</time></rtept><rtept lat="45.964717" lon="-113.491656"><ele>2333.6000000000004</ele><time>2026-09-18T04:03:13Z</time></rtept><rtept lat="45.964616" lon="-113.49164"><ele>2333.2000000000007</ele><time>2026-09-18T04:03:13Z</time></rtept><rtept lat="45.964541" lon="-113.491634"><ele>2333.0</ele><time>2026-09-18T04:03:13Z</time></rtept><rtept lat="45.964456" lon="-113.491543"><ele>2333.800000000001</ele><time>2026-09-18T04:03:13Z</time></rtept><rtept lat="45.964404" lon="-113.491495"><ele>2334.4000000000015</ele><time>2026-09-18T04:03:13Z</time></rtept><rtept lat="45.9643" lon="-113.491485"><ele>2334.0</ele><time>2026-09-18T04:03:13Z</time></rtept><rtept lat="45.964256" lon="-113.49156"><ele>2332.800000000001</ele><time>2026-09-18T04:03:13Z</time></rtept><rtept lat="45.964179" lon="-113.491658"><ele>2331.800000000001</ele><time>2026-09-18T04:03:13Z</time></rtept><rtept lat="45.964042" lon="-113.49172"><ele>2330.2000000000007</ele><time>2026-09-18T04:03:13Z</time></rtept><rtept lat="45.963866" lon="-113.491897"><ele>2326.2000000000007</ele><time>2026-09-18T04:03:13Z</time></rtept><rtept lat="45.963751" lon="-113.491978"><ele>2323.800000000001</ele><time>2026-09-18T04:03:13Z</time></rtept><rtept lat="45.96368" lon="-113.49201"><ele>2325.0</ele><time>2026-09-18T04:03:13Z</time></rtept><rtept lat="45.963512" lon="-113.49202"><ele>2326.4000000000015</ele><time>2026-09-18T04:03:13Z</time></rtept><rtept lat="45.963433" lon="-113.492049"><ele>2328.800000000001</ele><time>2026-09-18T04:03:13Z</time></rtept><rtept lat="45.963433" lon="-113.492049"><ele>2328.800000000001</ele><time>2026-09-18T04:03:13Z</time></rtept><rtept lat="45.963289" lon="-113.492101"><ele>2330.0</ele><time>2026-09-18T04:03:13Z</time></rtept><rtept lat="45.963121" lon="-113.492208"><ele>2333.2000000000007</ele><time>2026-09-18T04:03:13Z</time></rtept><rtept lat="45.962987" lon="-113.492294"><ele>2334.800000000001</ele><time>2026-09-18T04:03:13Z</time></rtept><rtept lat="45.962882" lon="-113.492364"><ele>2334.800000000001</ele><time>2026-09-18T04:03:13Z</time></rtept><rtept lat="45.962733" lon="-113.492401"><ele>2336.0</ele><time>2026-09-18T04:03:13Z</time></rtept><rtept lat="45.962632" lon="-113.492407"><ele>2336.2000000000007</ele><time>2026-09-18T04:03:13Z</time></rtept><rtept lat="45.96245" lon="-113.492525"><ele>2336.6000000000004</ele><time>2026-09-18T04:03:13Z</time></rtept><rtept lat="45.962301" lon="-113.492605"><ele>2336.6000000000004</ele><time>2026-09-18T04:03:13Z</time></rtept><rtept lat="45.962177" lon="-113.492643"><ele>2337.6000000000004</ele><time>2026-09-18T04:03:13Z</time></rtept><rtept lat="45.962047" lon="-113.492637"><ele>2337.6000000000004</ele><time>2026-09-18T04:03:13Z</time></rtept><rtept lat="45.961909" lon="-113.492568"><ele>2336.2000000000007</ele><time>2026-09-18T04:03:13Z</time></rtept><rtept lat="45.961778" lon="-113.492493"><ele>2335.6000000000004</ele><time>2026-09-18T04:03:13Z</time></rtept><rtept lat="45.961637" lon="-113.492439"><ele>2336.4000000000015</ele><time>2026-09-18T04:03:13Z</time></rtept><rtept lat="45.961484" lon="-113.492407"><ele>2337.0</ele><time>2026-09-18T04:03:13Z</time></rtept><rtept lat="45.961353" lon="-113.49238"><ele>2337.4000000000015</ele><time>2026-09-18T04:03:13Z</time></rtept><rtept lat="45.961219" lon="-113.492396"><ele>2337.2000000000007</ele><time>2026-09-18T04:03:13Z</time></rtept><rtept lat="45.961096" lon="-113.49238"><ele>2336.6000000000004</ele><time>2026-09-18T04:03:13Z</time></rtept><rtept lat="45.960947" lon="-113.492433"><ele>2336.0</ele><time>2026-09-18T04:03:13Z</time></rtept><rtept lat="45.960857" lon="-113.492466"><ele>2337.2000000000007</ele><time>2026-09-18T04:03:13Z</time></rtept><rtept lat="45.960723" lon="-113.492466"><ele>2336.2000000000007</ele><time>2026-09-18T04:03:13Z</time></rtept><rtept lat="45.96063" lon="-113.492487"><ele>2336.0</ele><time>2026-09-18T04:03:13Z</time></rtept><rtept lat="45.960544" lon="-113.49253"><ele>2336.2000000000007</ele><time>2026-09-18T04:03:13Z</time></rtept><rtept lat="45.960466" lon="-113.492541"><ele>2336.6000000000004</ele><time>2026-09-18T04:03:13Z</time></rtept><rtept lat="45.960276" lon="-113.492476"><ele>2338.2000000000007</ele><time>2026-09-18T04:03:13Z</time></rtept><rtept lat="45.960164" lon="-113.492374"><ele>2336.4000000000015</ele><time>2026-09-18T04:03:13Z</time></rtept><rtept lat="45.960052" lon="-113.492235"><ele>2337.4000000000015</ele><time>2026-09-18T04:03:13Z</time></rtept><rtept lat="45.959959" lon="-113.492079"><ele>2337.6000000000004</ele><time>2026-09-18T04:03:13Z</time></rtept><rtept lat="45.959869" lon="-113.491843"><ele>2336.6000000000004</ele><time>2026-09-18T04:03:13Z</time></rtept><rtept lat="45.959791" lon="-113.491736"><ele>2337.4000000000015</ele><time>2026-09-18T04:03:13Z</time></rtept><rtept lat="45.95963" lon="-113.491602"><ele>2337.4000000000015</ele><time>2026-09-18T04:03:13Z</time></rtept><rtept lat="45.959544" lon="-113.491528"><ele>2337.4000000000015</ele><time>2026-09-18T04:03:13Z</time></rtept><rtept lat="45.959544" lon="-113.491528"><ele>2337.4000000000015</ele><time>2026-09-18T04:03:13Z</time></rtept><rtept lat="45.959429" lon="-113.49143"><ele>2337.2000000000007</ele><time>2026-09-18T04:03:13Z</time></rtept><rtept lat="45.959272" lon="-113.491302"><ele>2337.0</ele><time>2026-09-18T04:03:13Z</time></rtept><rtept lat="45.959161" lon="-113.491216"><ele>2336.800000000001</ele><time>2026-09-18T04:03:13Z</time></rtept><rtept lat="45.958952" lon="-113.491125"><ele>2336.800000000001</ele><time>2026-09-18T04:03:13Z</time></rtept><rtept lat="45.958746" lon="-113.491012"><ele>2336.4000000000015</ele><time>2026-09-18T04:03:13Z</time></rtept><rtept lat="45.958564" lon="-113.491001"><ele>2335.6000000000004</ele><time>2026-09-18T04:03:13Z</time></rtept><rtept lat="45.958411" lon="-113.490964"><ele>2335.6000000000004</ele><time>2026-09-18T04:03:13Z</time></rtept><rtept lat="45.958232" lon="-113.491007"><ele>2336.4000000000015</ele><time>2026-09-18T04:03:13Z</time></rtept><rtept lat="45.958082" lon="-113.491362"><ele>2337.6000000000004</ele><time>2026-09-18T04:03:13Z</time></rtept><rtept lat="45.957962" lon="-113.491445"><ele>2338.2000000000007</ele><time>2026-09-18T04:03:13Z</time></rtept><rtept lat="45.957528" lon="-113.491673"><ele>2340.4000000000015</ele><time>2026-09-18T04:03:13Z</time></rtept><rtept lat="45.957361" lon="-113.491818"><ele>2341.6000000000004</ele><time>2026-09-18T04:03:13Z</time></rtept><rtept lat="45.957283" lon="-113.491769"><ele>2341.4000000000015</ele><time>2026-09-18T04:03:13Z</time></rtept><rtept lat="45.957167" lon="-113.491879"><ele>2343.0</ele><time>2026-09-18T04:03:13Z</time></rtept><rtept lat="45.957062" lon="-113.491898"><ele>2343.2000000000007</ele><time>2026-09-18T04:03:13Z</time></rtept><rtept lat="45.956984" lon="-113.491975"><ele>2345.0</ele><time>2026-09-18T04:03:13Z</time></rtept><rtept lat="45.956928" lon="-113.492232"><ele>2350.2000000000007</ele><time>2026-09-18T04:03:13Z</time></rtept><rtept lat="45.956564" lon="-113.492454"><ele>2356.4000000000015</ele><time>2026-09-18T04:03:13Z</time></rtept><rtept lat="45.955635" lon="-113.493041"><ele>2366.4000000000015</ele><time>2026-09-18T04:03:13Z</time></rtept><rtept lat="45.955597" lon="-113.493388"><ele>2370.800000000001</ele><time>2026-09-18T04:03:13Z</time></rtept><rtept lat="45.955447" lon="-113.493719"><ele>2375.4000000000015</ele><time>2026-09-18T04:03:13Z</time></rtept><rtept lat="45.955403" lon="-113.493726"><ele>2375.2000000000007</ele><time>2026-09-18T04:03:13Z</time></rtept><rtept lat="45.955354" lon="-113.493867"><ele>2377.800000000001</ele><time>2026-09-18T04:03:13Z</time></rtept><rtept lat="45.955508" lon="-113.494063"><ele>2384.2000000000007</ele><time>2026-09-18T04:03:13Z</time></rtept><rtept lat="45.956055" lon="-113.494018"><ele>2393.800000000001</ele><time>2026-09-18T04:03:13Z</time></rtept><rtept lat="45.956262" lon="-113.494162"><ele>2398.6000000000004</ele><time>2026-09-18T04:03:13Z</time></rtept><rtept lat="45.956303" lon="-113.494265"><ele>2404.6000000000004</ele><time>2026-09-18T04:03:13Z</time></rtept><rtept lat="45.956146" lon="-113.49432"><ele>2404.2000000000007</ele><time>2026-09-18T04:03:13Z</time></rtept><rtept lat="45.955999" lon="-113.49431"><ele>2403.4000000000015</ele><time>2026-09-18T04:03:13Z</time></rtept><rtept lat="45.955894" lon="-113.494426"><ele>2405.4000000000015</ele><time>2026-09-18T04:03:13Z</time></rtept><rtept lat="45.955581" lon="-113.494551"><ele>2407.6000000000004</ele><time>2026-09-18T04:03:13Z</time></rtept><rtept lat="45.955477" lon="-113.494512"><ele>2401.6000000000004</ele><time>2026-09-18T04:03:13Z</time></rtept><rtept lat="45.955262" lon="-113.494567"><ele>2403.6000000000004</ele><time>2026-09-18T04:03:13Z</time></rtept><rtept lat="45.955383" lon="-113.494663"><ele>2409.6000000000004</ele><time>2026-09-18T04:03:13Z</time></rtept><rtept lat="45.955561" lon="-113.494692"><ele>2414.800000000001</ele><time>2026-09-18T04:03:13Z</time></rtept><rtept lat="45.955709" lon="-113.494763"><ele>2415.2000000000007</ele><time>2026-09-18T04:03:13Z</time></rtept><rtept lat="45.955552" lon="-113.494744"><ele>2414.800000000001</ele><time>2026-09-18T04:03:13Z</time></rtept><rtept lat="45.955427" lon="-113.494805"><ele>2417.6000000000004</ele><time>2026-09-18T04:03:13Z</time></rtept><rtept lat="45.954898" lon="-113.494795"><ele>2413.4000000000015</ele><time>2026-09-18T04:03:13Z</time></rtept><rtept lat="45.954853" lon="-113.49484"><ele>2413.4000000000015</ele><time>2026-09-18T04:03:13Z</time></rtept><rtept lat="45.95488" lon="-113.494927"><ele>2416.4000000000015</ele><time>2026-09-18T04:03:13Z</time></rtept><rtept lat="45.954994" lon="-113.495007"><ele>2419.6000000000004</ele><time>2026-09-18T04:03:13Z</time></rtept><rtept lat="45.954954" lon="-113.495023"><ele>2419.6000000000004</ele><time>2026-09-18T04:03:13Z</time></rtept><rtept lat="45.954652" lon="-113.49485"><ele>2414.2000000000007</ele><time>2026-09-18T04:03:13Z</time></rtept><rtept lat="45.954076" lon="-113.494853"><ele>2413.4000000000015</ele><time>2026-09-18T04:03:13Z</time></rtept><rtept lat="45.954056" lon="-113.494895"><ele>2415.4000000000015</ele><time>2026-09-18T04:03:13Z</time></rtept><rtept lat="45.954092" lon="-113.494946"><ele>2415.4000000000015</ele><time>2026-09-18T04:03:13Z</time></rtept><rtept lat="45.954389" lon="-113.495168"><ele>2427.6000000000004</ele><time>2026-09-18T04:03:13Z</time></rtept><rtept lat="45.95484" lon="-113.495328"><ele>2434.800000000001</ele><time>2026-09-18T04:03:13Z</time></rtept><rtept lat="45.955695" lon="-113.495527"><ele>2444.0</ele><time>2026-09-18T04:03:13Z</time></rtept><rtept lat="45.955999" lon="-113.495595"><ele>2446.800000000001</ele><time>2026-09-18T04:03:13Z</time></rtept><rtept lat="45.956376" lon="-113.495926"><ele>2460.800000000001</ele><time>2026-09-18T04:03:13Z</time></rtept><rtept lat="45.956876" lon="-113.496141"><ele>2462.0</ele><time>2026-09-18T04:03:13Z</time></rtept><rtept lat="45.95691" lon="-113.496215"><ele>2464.4000000000015</ele><time>2026-09-18T04:03:13Z</time></rtept><rtept lat="45.956698" lon="-113.496424"><ele>2473.2000000000007</ele><time>2026-09-18T04:03:13Z</time></rtept><rtept lat="45.956691" lon="-113.496507"><ele>2474.2000000000007</ele><time>2026-09-18T04:03:13Z</time></rtept><rtept lat="45.956566" lon="-113.49688"><ele>2474.2000000000007</ele><time>2026-09-18T04:03:13Z</time></rtept><rtept lat="45.956329" lon="-113.4974"><ele>2466.4000000000015</ele><time>2026-09-18T04:03:13Z</time></rtept><rtept lat="45.956184" lon="-113.49784"><ele>2466.0</ele><time>2026-09-18T04:03:13Z</time></rtept><rtept lat="45.956128" lon="-113.498209"><ele>2469.2000000000007</ele><time>2026-09-18T04:03:13Z</time></rtept><rtept lat="45.956173" lon="-113.498396"><ele>2469.0</ele><time>2026-09-18T04:03:13Z</time></rtept><rtept lat="45.957024" lon="-113.499523"><ele>2465.0</ele><time>2026-09-18T04:03:13Z</time></rtept><rtept lat="45.957265" lon="-113.50022"><ele>2460.0</ele><time>2026-09-18T04:03:13Z</time></rtept><rtept lat="45.957254" lon="-113.500461"><ele>2464.0</ele><time>2026-09-18T04:03:13Z</time></rtept><rtept lat="45.957138" lon="-113.501"><ele>2468.6000000000004</ele><time>2026-09-18T04:03:13Z</time></rtept><rtept lat="45.956948" lon="-113.50128"><ele>2468.6000000000004</ele><time>2026-09-18T04:03:13Z</time></rtept><rtept lat="45.956932" lon="-113.501376"><ele>2468.2000000000007</ele><time>2026-09-18T04:03:13Z</time></rtept><rtept lat="45.956961" lon="-113.501447"><ele>2467.0</ele><time>2026-09-18T04:03:13Z</time></rtept><rtept lat="45.957095" lon="-113.501572"><ele>2465.0</ele><time>2026-09-18T04:03:13Z</time></rtept><rtept lat="45.957216" lon="-113.501527"><ele>2465.4000000000015</ele><time>2026-09-18T04:03:13Z</time></rtept><rtept lat="45.95731" lon="-113.501572"><ele>2463.4000000000015</ele><time>2026-09-18T04:03:13Z</time></rtept><rtept lat="45.957368" lon="-113.501707"><ele>2461.800000000001</ele><time>2026-09-18T04:03:13Z</time></rtept><rtept lat="45.957372" lon="-113.501839"><ele>2464.2000000000007</ele><time>2026-09-18T04:03:13Z</time></rtept><rtept lat="45.957269" lon="-113.502002"><ele>2467.800000000001</ele><time>2026-09-18T04:03:13Z</time></rtept><rtept lat="45.957115" lon="-113.502035"><ele>2464.6000000000004</ele><time>2026-09-18T04:03:13Z</time></rtept><rtept lat="45.95685" lon="-113.502327"><ele>2468.6000000000004</ele><time>2026-09-18T04:03:13Z</time></rtept><rtept lat="45.956624" lon="-113.502272"><ele>2471.6000000000004</ele><time>2026-09-18T04:03:13Z</time></rtept><rtept lat="45.956555" lon="-113.50268"><ele>2476.6000000000004</ele><time>2026-09-18T04:03:13Z</time></rtept><rtept lat="45.956466" lon="-113.50277"><ele>2476.2000000000007</ele><time>2026-09-18T04:03:13Z</time></rtept><rtept lat="45.95649" lon="-113.503194"><ele>2473.4000000000015</ele><time>2026-09-18T04:03:13Z</time></rtept><rtept lat="45.956459" lon="-113.503525"><ele>2475.800000000001</ele><time>2026-09-18T04:03:13Z</time></rtept><rtept lat="45.95668" lon="-113.504154"><ele>2482.2000000000007</ele><time>2026-09-18T04:03:13Z</time></rtept><rtept lat="45.956736" lon="-113.504501"><ele>2483.6000000000004</ele><time>2026-09-18T04:03:13Z</time></rtept><rtept lat="45.956727" lon="-113.504713"><ele>2483.4000000000015</ele><time>2026-09-18T04:03:13Z</time></rtept><rtept lat="45.956662" lon="-113.504675"><ele>2486.2000000000007</ele><time>2026-09-18T04:03:13Z</time></rtept><rtept lat="45.956524" lon="-113.504973"><ele>2489.2000000000007</ele><time>2026-09-18T04:03:13Z</time></rtept><rtept lat="45.956559" lon="-113.505034"><ele>2489.6000000000004</ele><time>2026-09-18T04:03:13Z</time></rtept><rtept lat="45.956705" lon="-113.505125"><ele>2487.800000000001</ele><time>2026-09-18T04:03:13Z</time></rtept><rtept lat="45.956725" lon="-113.505227"><ele>2489.2000000000007</ele><time>2026-09-18T04:03:13Z</time></rtept><rtept lat="45.95666" lon="-113.505295"><ele>2491.800000000001</ele><time>2026-09-18T04:03:13Z</time></rtept><rtept lat="45.956591" lon="-113.505564"><ele>2497.4000000000015</ele><time>2026-09-18T04:03:13Z</time></rtept><rtept lat="45.956602" lon="-113.505696"><ele>2500.6000000000004</ele><time>2026-09-18T04:03:13Z</time></rtept><rtept lat="45.956655" lon="-113.50578"><ele>2501.2000000000007</ele><time>2026-09-18T04:03:13Z</time></rtept><rtept lat="45.95647" lon="-113.505789"><ele>2503.0</ele><time>2026-09-18T04:03:13Z</time></rtept><rtept lat="45.956316" lon="-113.505889"><ele>2505.800000000001</ele><time>2026-09-18T04:03:13Z</time></rtept><rtept lat="45.956238" lon="-113.505889"><ele>2506.2000000000007</ele><time>2026-09-18T04:03:13Z</time></rtept><rtept lat="45.956048" lon="-113.506104"><ele>2511.0</ele><time>2026-09-18T04:03:13Z</time></rtept><rtept lat="45.955657" lon="-113.506236"><ele>2514.0</ele><time>2026-09-18T04:03:13Z</time></rtept><rtept lat="45.955615" lon="-113.506316"><ele>2515.2000000000007</ele><time>2026-09-18T04:03:13Z</time></rtept><rtept lat="45.955626" lon="-113.506425"><ele>2515.800000000001</ele><time>2026-09-18T04:03:13Z</time></rtept><rtept lat="45.955613" lon="-113.506663"><ele>2518.0</ele><time>2026-09-18T04:03:13Z</time></rtept><rtept lat="45.955532" lon="-113.506878"><ele>2519.4000000000015</ele><time>2026-09-18T04:03:13Z</time></rtept><rtept lat="45.955537" lon="-113.50693"><ele>2519.6000000000004</ele><time>2026-09-18T04:03:13Z</time></rtept><rtept lat="45.955626" lon="-113.507064"><ele>2517.0</ele><time>2026-09-18T04:03:13Z</time></rtept><rtept lat="45.955581" lon="-113.507209"><ele>2519.2000000000007</ele><time>2026-09-18T04:03:13Z</time></rtept><rtept lat="45.955488" lon="-113.507267"><ele>2522.4000000000015</ele><time>2026-09-18T04:03:13Z</time></rtept><rtept lat="45.955389" lon="-113.507415"><ele>2524.800000000001</ele><time>2026-09-18T04:03:13Z</time></rtept><rtept lat="45.955492" lon="-113.507511"><ele>2524.800000000001</ele><time>2026-09-18T04:03:13Z</time></rtept><rtept lat="45.955599" lon="-113.507485"><ele>2522.2000000000007</ele><time>2026-09-18T04:03:13Z</time></rtept><rtept lat="45.955642" lon="-113.507559"><ele>2520.2000000000007</ele><time>2026-09-18T04:03:13Z</time></rtept><rtept lat="45.95559" lon="-113.507652"><ele>2523.6000000000004</ele><time>2026-09-18T04:03:13Z</time></rtept><rtept lat="45.955581" lon="-113.507765"><ele>2526.2000000000007</ele><time>2026-09-18T04:03:13Z</time></rtept><rtept lat="45.955508" lon="-113.507845"><ele>2528.6000000000004</ele><time>2026-09-18T04:03:13Z</time></rtept><rtept lat="45.955557" lon="-113.50798"><ele>2529.2000000000007</ele><time>2026-09-18T04:03:13Z</time></rtept><rtept lat="45.955485" lon="-113.508198"><ele>2532.0</ele><time>2026-09-18T04:03:13Z</time></rtept><rtept lat="45.955356" lon="-113.508474"><ele>2537.2000000000007</ele><time>2026-09-18T04:03:13Z</time></rtept><rtept lat="45.95507" lon="-113.509033"><ele>2537.800000000001</ele><time>2026-09-18T04:03:13Z</time></rtept><rtept lat="45.95497" lon="-113.509361"><ele>2537.800000000001</ele><time>2026-09-18T04:03:13Z</time></rtept><rtept lat="45.955097" lon="-113.509518"><ele>2538.2000000000007</ele><time>2026-09-18T04:03:13Z</time></rtept><rtept lat="45.955142" lon="-113.50964"><ele>2541.800000000001</ele><time>2026-09-18T04:03:13Z</time></rtept><rtept lat="45.955157" lon="-113.509852"><ele>2543.4000000000015</ele><time>2026-09-18T04:03:13Z</time></rtept><rtept lat="45.955061" lon="-113.510006"><ele>2548.0</ele><time>2026-09-18T04:03:13Z</time></rtept><rtept lat="45.954775" lon="-113.510132"><ele>2554.4000000000015</ele><time>2026-09-18T04:03:13Z</time></rtept><rtept lat="45.954553" lon="-113.510694"><ele>2558.0</ele><time>2026-09-18T04:03:13Z</time></rtept><rtept lat="45.954403" lon="-113.510759"><ele>2560.800000000001</ele><time>2026-09-18T04:03:13Z</time></rtept><rtept lat="45.954306" lon="-113.511008"><ele>2560.0</ele><time>2026-09-18T04:03:13Z</time></rtept><rtept lat="45.954012" lon="-113.511235"><ele>2559.6000000000004</ele><time>2026-09-18T04:03:13Z</time></rtept><rtept lat="45.953666" lon="-113.511456"><ele>2554.800000000001</ele><time>2026-09-18T04:03:13Z</time></rtept><rtept lat="45.953226" lon="-113.511464"><ele>2558.800000000001</ele><time>2026-09-18T04:03:13Z</time></rtept><rtept lat="45.952884" lon="-113.511559"><ele>2558.2000000000007</ele><time>2026-09-18T04:03:13Z</time></rtept><rtept lat="45.952884" lon="-113.511559"><ele>2558.2000000000007</ele><time>2026-09-18T04:03:13Z</time></rtept><rtept lat="45.952533" lon="-113.511657"><ele>2560.0</ele><time>2026-09-18T04:03:13Z</time></rtept><rtept lat="45.952568" lon="-113.511823"><ele>2557.4000000000015</ele><time>2026-09-18T04:03:13Z</time></rtept><rtept lat="45.952455" lon="-113.512265"><ele>2553.2000000000007</ele><time>2026-09-18T04:03:13Z</time></rtept><rtept lat="45.952344" lon="-113.512436"><ele>2552.0</ele><time>2026-09-18T04:03:13Z</time></rtept><rtept lat="45.952217" lon="-113.512422"><ele>2555.0</ele><time>2026-09-18T04:03:13Z</time></rtept><rtept lat="45.952163" lon="-113.512539"><ele>2554.800000000001</ele><time>2026-09-18T04:03:13Z</time></rtept><rtept lat="45.951943" lon="-113.512777"><ele>2554.800000000001</ele><time>2026-09-18T04:03:13Z</time></rtept><rtept lat="45.951668" lon="-113.512968"><ele>2557.800000000001</ele><time>2026-09-18T04:03:13Z</time></rtept><rtept lat="45.951487" lon="-113.513043"><ele>2560.2000000000007</ele><time>2026-09-18T04:03:13Z</time></rtept><rtept lat="45.951285" lon="-113.513225"><ele>2561.800000000001</ele><time>2026-09-18T04:03:13Z</time></rtept><rtept lat="45.951232" lon="-113.513589"><ele>2562.800000000001</ele><time>2026-09-18T04:03:13Z</time></rtept><rtept lat="45.951343" lon="-113.514054"><ele>2568.800000000001</ele><time>2026-09-18T04:03:13Z</time></rtept><rtept lat="45.951501" lon="-113.514228"><ele>2570.800000000001</ele><time>2026-09-18T04:03:13Z</time></rtept><rtept lat="45.951742" lon="-113.514376"><ele>2572.800000000001</ele><time>2026-09-18T04:03:13Z</time></rtept><rtept lat="45.95192" lon="-113.514396"><ele>2572.4000000000015</ele><time>2026-09-18T04:03:13Z</time></rtept><rtept lat="45.952325" lon="-113.514673"><ele>2580.2000000000007</ele><time>2026-09-18T04:03:13Z</time></rtept><rtept lat="45.952914" lon="-113.51504"><ele>2599.2000000000007</ele><time>2026-09-18T04:03:13Z</time></rtept><rtept lat="45.953411" lon="-113.515073"><ele>2601.800000000001</ele><time>2026-09-18T04:03:13Z</time></rtept><rtept lat="45.953547" lon="-113.515141"><ele>2606.6000000000004</ele><time>2026-09-18T04:03:13Z</time></rtept><rtept lat="45.953479" lon="-113.515166"><ele>2606.6000000000004</ele><time>2026-09-18T04:03:13Z</time></rtept><rtept lat="45.953422" lon="-113.515163"><ele>2606.4000000000015</ele><time>2026-09-18T04:03:13Z</time></rtept><rtept lat="45.95308" lon="-113.515353"><ele>2611.800000000001</ele><time>2026-09-18T04:03:13Z</time></rtept><rtept lat="45.952838" lon="-113.515605"><ele>2607.800000000001</ele><time>2026-09-18T04:03:13Z</time></rtept><rtept lat="45.952807" lon="-113.515698"><ele>2604.800000000001</ele><time>2026-09-18T04:03:13Z</time></rtept><rtept lat="45.952486" lon="-113.515841"><ele>2602.2000000000007</ele><time>2026-09-18T04:03:13Z</time></rtept><rtept lat="45.952383" lon="-113.515939"><ele>2600.6000000000004</ele><time>2026-09-18T04:03:13Z</time></rtept><rtept lat="45.952554" lon="-113.516039"><ele>2591.4000000000015</ele><time>2026-09-18T04:03:13Z</time></rtept><rtept lat="45.951865" lon="-113.516426"><ele>2578.0</ele><time>2026-09-18T04:03:13Z</time></rtept><rtept lat="45.951918" lon="-113.516473"><ele>2577.2000000000007</ele><time>2026-09-18T04:03:13Z</time></rtept><rtept lat="45.952445" lon="-113.516546"><ele>2558.800000000001</ele><time>2026-09-18T04:03:13Z</time></rtept><rtept lat="45.952385" lon="-113.516636"><ele>2553.2000000000007</ele><time>2026-09-18T04:03:13Z</time></rtept><rtept lat="45.952309" lon="-113.516639"><ele>2554.4000000000015</ele><time>2026-09-18T04:03:13Z</time></rtept><rtept lat="45.952231" lon="-113.51663"><ele>2555.4000000000015</ele><time>2026-09-18T04:03:13Z</time></rtept><rtept lat="45.952151" lon="-113.516709"><ele>2552.0</ele><time>2026-09-18T04:03:13Z</time></rtept><rtept lat="45.951598" lon="-113.516843"><ele>2550.4000000000015</ele><time>2026-09-18T04:03:13Z</time></rtept><rtept lat="45.95133" lon="-113.517084"><ele>2545.0</ele><time>2026-09-18T04:03:13Z</time></rtept><rtept lat="45.951612" lon="-113.516994"><ele>2546.2000000000007</ele><time>2026-09-18T04:03:13Z</time></rtept><rtept lat="45.951717" lon="-113.517059"><ele>2540.2000000000007</ele><time>2026-09-18T04:03:13Z</time></rtept><rtept lat="45.951532" lon="-113.517218"><ele>2536.6000000000004</ele><time>2026-09-18T04:03:13Z</time></rtept><rtept lat="45.951528" lon="-113.517299"><ele>2533.800000000001</ele><time>2026-09-18T04:03:13Z</time></rtept><rtept lat="45.951388" lon="-113.517442"><ele>2532.0</ele><time>2026-09-18T04:03:13Z</time></rtept><rtept lat="45.951326" lon="-113.51761"><ele>2528.2000000000007</ele><time>2026-09-18T04:03:13Z</time></rtept><rtept lat="45.951113" lon="-113.517795"><ele>2526.6000000000004</ele><time>2026-09-18T04:03:13Z</time></rtept><rtept lat="45.95094" lon="-113.51775"><ele>2532.2000000000007</ele><time>2026-09-18T04:03:13Z</time></rtept><rtept lat="45.950718" lon="-113.51805"><ele>2528.800000000001</ele><time>2026-09-18T04:03:13Z</time></rtept><rtept lat="45.950574" lon="-113.518277"><ele>2528.2000000000007</ele><time>2026-09-18T04:03:13Z</time></rtept><rtept lat="45.95038" lon="-113.518851"><ele>2521.2000000000007</ele><time>2026-09-18T04:03:13Z</time></rtept><rtept lat="45.950241" lon="-113.518904"><ele>2523.6000000000004</ele><time>2026-09-18T04:03:13Z</time></rtept><rtept lat="45.949302" lon="-113.52013"><ele>2516.2000000000007</ele><time>2026-09-18T04:03:13Z</time></rtept><rtept lat="45.949355" lon="-113.520261"><ele>2515.0</ele><time>2026-09-18T04:03:13Z</time></rtept><rtept lat="45.948866" lon="-113.52074"><ele>2507.4000000000015</ele><time>2026-09-18T04:03:13Z</time></rtept><rtept lat="45.948436" lon="-113.520995"><ele>2501.4000000000015</ele><time>2026-09-18T04:03:13Z</time></rtept><rtept lat="45.948237" lon="-113.521105"><ele>2498.2000000000007</ele><time>2026-09-18T04:03:13Z</time></rtept><rtept lat="45.947919" lon="-113.521361"><ele>2490.800000000001</ele><time>2026-09-18T04:03:13Z</time></rtept><rtept lat="45.947718" lon="-113.521539"><ele>2487.2000000000007</ele><time>2026-09-18T04:03:13Z</time></rtept><rtept lat="45.947612" lon="-113.521829"><ele>2484.2000000000007</ele><time>2026-09-18T04:03:13Z</time></rtept><rtept lat="45.947568" lon="-113.521885"><ele>2485.2000000000007</ele><time>2026-09-18T04:03:13Z</time></rtept><rtept lat="45.947498" lon="-113.522087"><ele>2482.800000000001</ele><time>2026-09-18T04:03:13Z</time></rtept><rtept lat="45.947504" lon="-113.522121"><ele>2482.800000000001</ele><time>2026-09-18T04:03:13Z</time></rtept><rtept lat="45.947426" lon="-113.522275"><ele>2481.800000000001</ele><time>2026-09-18T04:03:13Z</time></rtept><rtept lat="45.947409" lon="-113.522386"><ele>2482.0</ele><time>2026-09-18T04:03:13Z</time></rtept><rtept lat="45.9474" lon="-113.522469"><ele>2483.0</ele><time>2026-09-18T04:03:13Z</time></rtept><rtept lat="45.947324" lon="-113.522522"><ele>2483.4000000000015</ele><time>2026-09-18T04:03:13Z</time></rtept><rtept lat="45.94721" lon="-113.522813"><ele>2483.6000000000004</ele><time>2026-09-18T04:03:13Z</time></rtept><rtept lat="45.947161" lon="-113.522889"><ele>2484.2000000000007</ele><time>2026-09-18T04:03:13Z</time></rtept><rtept lat="45.947208" lon="-113.523004"><ele>2485.0</ele><time>2026-09-18T04:03:13Z</time></rtept><rtept lat="45.947208" lon="-113.523132"><ele>2486.800000000001</ele><time>2026-09-18T04:03:13Z</time></rtept><rtept lat="45.947108" lon="-113.523318"><ele>2488.800000000001</ele><time>2026-09-18T04:03:13Z</time></rtept><rtept lat="45.947086" lon="-113.523366"><ele>2489.6000000000004</ele><time>2026-09-18T04:03:13Z</time></rtept><rtept lat="45.94699" lon="-113.523444"><ele>2489.4000000000015</ele><time>2026-09-18T04:03:13Z</time></rtept><rtept lat="45.946995" lon="-113.52348"><ele>2490.0</ele><time>2026-09-18T04:03:13Z</time></rtept><rtept lat="45.947041" lon="-113.523555"><ele>2491.0</ele><time>2026-09-18T04:03:13Z</time></rtept><rtept lat="45.947025" lon="-113.523704"><ele>2491.800000000001</ele><time>2026-09-18T04:03:13Z</time></rtept><rtept lat="45.946994" lon="-113.52378"><ele>2491.800000000001</ele><time>2026-09-18T04:03:13Z</time></rtept><rtept lat="45.947017" lon="-113.523991"><ele>2495.0</ele><time>2026-09-18T04:03:13Z</time></rtept><rtept lat="45.947062" lon="-113.524096"><ele>2496.2000000000007</ele><time>2026-09-18T04:03:13Z</time></rtept><rtept lat="45.947223" lon="-113.524195"><ele>2495.800000000001</ele><time>2026-09-18T04:03:13Z</time></rtept><rtept lat="45.947385" lon="-113.524397"><ele>2497.4000000000015</ele><time>2026-09-18T04:03:13Z</time></rtept><rtept lat="45.947394" lon="-113.524478"><ele>2497.800000000001</ele><time>2026-09-18T04:03:13Z</time></rtept><rtept lat="45.947619" lon="-113.525196"><ele>2509.0</ele><time>2026-09-18T04:03:13Z</time></rtept><rtept lat="45.947714" lon="-113.525281"><ele>2508.0</ele><time>2026-09-18T04:03:13Z</time></rtept><rtept lat="45.947625" lon="-113.525269"><ele>2511.0</ele><time>2026-09-18T04:03:13Z</time></rtept><rtept lat="45.947532" lon="-113.525321"><ele>2512.6000000000004</ele><time>2026-09-18T04:03:13Z</time></rtept><rtept lat="45.947431" lon="-113.525306"><ele>2516.4000000000015</ele><time>2026-09-18T04:03:13Z</time></rtept><rtept lat="45.947412" lon="-113.525361"><ele>2519.0</ele><time>2026-09-18T04:03:13Z</time></rtept><rtept lat="45.94765" lon="-113.525526"><ele>2519.2000000000007</ele><time>2026-09-18T04:03:13Z</time></rtept><rtept lat="45.947748" lon="-113.525654"><ele>2521.800000000001</ele><time>2026-09-18T04:03:13Z</time></rtept><rtept lat="45.947893" lon="-113.525706"><ele>2521.6000000000004</ele><time>2026-09-18T04:03:13Z</time></rtept><rtept lat="45.94799" lon="-113.525886"><ele>2524.4000000000015</ele><time>2026-09-18T04:03:13Z</time></rtept><rtept lat="45.948069" lon="-113.526042"><ele>2522.4000000000015</ele><time>2026-09-18T04:03:13Z</time></rtept><rtept lat="45.948077" lon="-113.526195"><ele>2521.2000000000007</ele><time>2026-09-18T04:03:13Z</time></rtept><rtept lat="45.948041" lon="-113.526256"><ele>2521.800000000001</ele><time>2026-09-18T04:03:13Z</time></rtept><rtept lat="45.947975" lon="-113.526284"><ele>2518.2000000000007</ele><time>2026-09-18T04:03:13Z</time></rtept><rtept lat="45.947884" lon="-113.526299"><ele>2517.800000000001</ele><time>2026-09-18T04:03:13Z</time></rtept><rtept lat="45.94775" lon="-113.526323"><ele>2517.4000000000015</ele><time>2026-09-18T04:03:13Z</time></rtept><rtept lat="45.947721" lon="-113.526381"><ele>2514.6000000000004</ele><time>2026-09-18T04:03:13Z</time></rtept><rtept lat="45.94791" lon="-113.526665"><ele>2508.800000000001</ele><time>2026-09-18T04:03:13Z</time></rtept><rtept lat="45.948097" lon="-113.527173"><ele>2504.2000000000007</ele><time>2026-09-18T04:03:13Z</time></rtept><rtept lat="45.94816" lon="-113.527692"><ele>2499.4000000000015</ele><time>2026-09-18T04:03:13Z</time></rtept><rtept lat="45.948222" lon="-113.527744"><ele>2500.2000000000007</ele><time>2026-09-18T04:03:13Z</time></rtept><rtept lat="45.948243" lon="-113.528025"><ele>2499.6000000000004</ele><time>2026-09-18T04:03:13Z</time></rtept><rtept lat="45.948241" lon="-113.52834"><ele>2496.6000000000004</ele><time>2026-09-18T04:03:13Z</time></rtept><rtept lat="45.948247" lon="-113.528762"><ele>2493.6000000000004</ele><time>2026-09-18T04:03:13Z</time></rtept><rtept lat="45.948224" lon="-113.528872"><ele>2490.0</ele><time>2026-09-18T04:03:13Z</time></rtept><rtept lat="45.948245" lon="-113.529189"><ele>2490.0</ele><time>2026-09-18T04:03:13Z</time></rtept><rtept lat="45.948303" lon="-113.529208"><ele>2491.4000000000015</ele><time>2026-09-18T04:03:13Z</time></rtept><rtept lat="45.948296" lon="-113.529483"><ele>2489.2000000000007</ele><time>2026-09-18T04:03:13Z</time></rtept><rtept lat="45.948426" lon="-113.529776"><ele>2490.2000000000007</ele><time>2026-09-18T04:03:13Z</time></rtept><rtept lat="45.948604" lon="-113.530515"><ele>2480.2000000000007</ele><time>2026-09-18T04:03:13Z</time></rtept><rtept lat="45.948577" lon="-113.530546"><ele>2478.800000000001</ele><time>2026-09-18T04:03:13Z</time></rtept><rtept lat="45.948456" lon="-113.530445"><ele>2477.0</ele><time>2026-09-18T04:03:13Z</time></rtept><rtept lat="45.948394" lon="-113.530286"><ele>2478.6000000000004</ele><time>2026-09-18T04:03:13Z</time></rtept><rtept lat="45.94825" lon="-113.530115"><ele>2477.4000000000015</ele><time>2026-09-18T04:03:13Z</time></rtept><rtept lat="45.948177" lon="-113.530103"><ele>2475.2000000000007</ele><time>2026-09-18T04:03:13Z</time></rtept><rtept lat="45.947867" lon="-113.529804"><ele>2467.6000000000004</ele><time>2026-09-18T04:03:13Z</time></rtept><rtept lat="45.947757" lon="-113.529782"><ele>2467.0</ele><time>2026-09-18T04:03:13Z</time></rtept><rtept lat="45.947799" lon="-113.530161"><ele>2460.6000000000004</ele><time>2026-09-18T04:03:13Z</time></rtept><rtept lat="45.947899" lon="-113.530295"><ele>2462.6000000000004</ele><time>2026-09-18T04:03:13Z</time></rtept><rtept lat="45.947939" lon="-113.530485"><ele>2459.800000000001</ele><time>2026-09-18T04:03:13Z</time></rtept><rtept lat="45.94806" lon="-113.530677"><ele>2460.0</ele><time>2026-09-18T04:03:13Z</time></rtept><rtept lat="45.948218" lon="-113.531029"><ele>2456.6000000000004</ele><time>2026-09-18T04:03:13Z</time></rtept><rtept lat="45.948284" lon="-113.531255"><ele>2454.4000000000015</ele><time>2026-09-18T04:03:13Z</time></rtept><rtept lat="45.948657" lon="-113.531814"><ele>2449.800000000001</ele><time>2026-09-18T04:03:13Z</time></rtept><rtept lat="45.948668" lon="-113.531967"><ele>2446.0</ele><time>2026-09-18T04:03:13Z</time></rtept><rtept lat="45.94901" lon="-113.532419"><ele>2440.800000000001</ele><time>2026-09-18T04:03:13Z</time></rtept><rtept lat="45.949154" lon="-113.532624"><ele>2439.800000000001</ele><time>2026-09-18T04:03:13Z</time></rtept><rtept lat="45.949152" lon="-113.532667"><ele>2437.6000000000004</ele><time>2026-09-18T04:03:13Z</time></rtept><rtept lat="45.94911" lon="-113.532651"><ele>2436.6000000000004</ele><time>2026-09-18T04:03:13Z</time></rtept><rtept lat="45.948991" lon="-113.532532"><ele>2437.800000000001</ele><time>2026-09-18T04:03:13Z</time></rtept><rtept lat="45.948736" lon="-113.532486"><ele>2434.2000000000007</ele><time>2026-09-18T04:03:13Z</time></rtept><rtept lat="45.948647" lon="-113.53244"><ele>2436.0</ele><time>2026-09-18T04:03:13Z</time></rtept><rtept lat="45.948543" lon="-113.532514"><ele>2432.2000000000007</ele><time>2026-09-18T04:03:13Z</time></rtept><rtept lat="45.948428" lon="-113.532596"><ele>2428.800000000001</ele><time>2026-09-18T04:03:13Z</time></rtept><rtept lat="45.948077" lon="-113.532382"><ele>2428.800000000001</ele><time>2026-09-18T04:03:13Z</time></rtept><rtept lat="45.94806" lon="-113.53241"><ele>2428.800000000001</ele><time>2026-09-18T04:03:13Z</time></rtept><rtept lat="45.948156" lon="-113.53277"><ele>2420.2000000000007</ele><time>2026-09-18T04:03:13Z</time></rtept><rtept lat="45.94833" lon="-113.532932"><ele>2417.6000000000004</ele><time>2026-09-18T04:03:13Z</time></rtept><rtept lat="45.9484" lon="-113.533082"><ele>2413.6000000000004</ele><time>2026-09-18T04:03:13Z</time></rtept><rtept lat="45.948581" lon="-113.533119"><ele>2415.0</ele><time>2026-09-18T04:03:13Z</time></rtept><rtept lat="45.948628" lon="-113.533168"><ele>2414.0</ele><time>2026-09-18T04:03:13Z</time></rtept><rtept lat="45.948919" lon="-113.533256"><ele>2416.6000000000004</ele><time>2026-09-18T04:03:13Z</time></rtept><rtept lat="45.94915" lon="-113.533418"><ele>2412.4000000000015</ele><time>2026-09-18T04:03:13Z</time></rtept><rtept lat="45.949337" lon="-113.533528"><ele>2409.2000000000007</ele><time>2026-09-18T04:03:13Z</time></rtept><rtept lat="45.949358" lon="-113.533568"><ele>2409.2000000000007</ele><time>2026-09-18T04:03:13Z</time></rtept><rtept lat="45.949346" lon="-113.533589"><ele>2406.0</ele><time>2026-09-18T04:03:13Z</time></rtept><rtept lat="45.949248" lon="-113.533617"><ele>2406.0</ele><time>2026-09-18T04:03:13Z</time></rtept><rtept lat="45.949031" lon="-113.533611"><ele>2406.2000000000007</ele><time>2026-09-18T04:03:13Z</time></rtept><rtept lat="45.948745" lon="-113.533733"><ele>2402.800000000001</ele><time>2026-09-18T04:03:13Z</time></rtept><rtept lat="45.948674" lon="-113.533846"><ele>2399.0</ele><time>2026-09-18T04:03:13Z</time></rtept><rtept lat="45.948417" lon="-113.533993"><ele>2396.800000000001</ele><time>2026-09-18T04:03:13Z</time></rtept><rtept lat="45.948213" lon="-113.533932"><ele>2396.0</ele><time>2026-09-18T04:03:13Z</time></rtept><rtept lat="45.94809" lon="-113.53395"><ele>2395.4000000000015</ele><time>2026-09-18T04:03:13Z</time></rtept><rtept lat="45.947927" lon="-113.534078"><ele>2393.0</ele><time>2026-09-18T04:03:13Z</time></rtept><rtept lat="45.947925" lon="-113.534188"><ele>2390.2000000000007</ele><time>2026-09-18T04:03:13Z</time></rtept><rtept lat="45.947969" lon="-113.53428"><ele>2389.0</ele><time>2026-09-18T04:03:13Z</time></rtept><rtept lat="45.948179" lon="-113.534426"><ele>2388.0</ele><time>2026-09-18T04:03:13Z</time></rtept><rtept lat="45.948305" lon="-113.53442"><ele>2388.0</ele><time>2026-09-18T04:03:13Z</time></rtept><rtept lat="45.948566" lon="-113.53461"><ele>2381.6000000000004</ele><time>2026-09-18T04:03:13Z</time></rtept><rtept lat="45.948827" lon="-113.534805"><ele>2376.2000000000007</ele><time>2026-09-18T04:03:13Z</time></rtept><rtept lat="45.949711" lon="-113.534616"><ele>2372.4000000000015</ele><time>2026-09-18T04:03:13Z</time></rtept><rtept lat="45.94983" lon="-113.534576"><ele>2373.0</ele><time>2026-09-18T04:03:13Z</time></rtept><rtept lat="45.949834" lon="-113.53465"><ele>2371.0</ele><time>2026-09-18T04:03:13Z</time></rtept><rtept lat="45.949756" lon="-113.534692"><ele>2369.800000000001</ele><time>2026-09-18T04:03:13Z</time></rtept><rtept lat="45.949643" lon="-113.534778"><ele>2369.2000000000007</ele><time>2026-09-18T04:03:13Z</time></rtept><rtept lat="45.949633" lon="-113.534864"><ele>2367.2000000000007</ele><time>2026-09-18T04:03:13Z</time></rtept><rtept lat="45.949354" lon="-113.535122"><ele>2364.800000000001</ele><time>2026-09-18T04:03:13Z</time></rtept><rtept lat="45.949059" lon="-113.535413"><ele>2362.6000000000004</ele><time>2026-09-18T04:03:13Z</time></rtept><rtept lat="45.948903" lon="-113.535666"><ele>2357.800000000001</ele><time>2026-09-18T04:03:13Z</time></rtept><rtept lat="45.948889" lon="-113.535733"><ele>2355.800000000001</ele><time>2026-09-18T04:03:13Z</time></rtept><rtept lat="45.948763" lon="-113.535972"><ele>2351.4000000000015</ele><time>2026-09-18T04:03:13Z</time></rtept><rtept lat="45.948654" lon="-113.535991"><ele>2350.2000000000007</ele><time>2026-09-18T04:03:13Z</time></rtept><rtept lat="45.948674" lon="-113.536177"><ele>2347.2000000000007</ele><time>2026-09-18T04:03:13Z</time></rtept><rtept lat="45.948554" lon="-113.536588"><ele>2346.0</ele><time>2026-09-18T04:03:13Z</time></rtept><rtept lat="45.948458" lon="-113.53664"><ele>2349.6000000000004</ele><time>2026-09-18T04:03:13Z</time></rtept><rtept lat="45.948388" lon="-113.536894"><ele>2346.6000000000004</ele><time>2026-09-18T04:03:13Z</time></rtept><rtept lat="45.948368" lon="-113.53718"><ele>2338.800000000001</ele><time>2026-09-18T04:03:13Z</time></rtept><rtept lat="45.948577" lon="-113.536951"><ele>2340.2000000000007</ele><time>2026-09-18T04:03:13Z</time></rtept><rtept lat="45.948849" lon="-113.536812"><ele>2333.4000000000015</ele><time>2026-09-18T04:03:13Z</time></rtept><rtept lat="45.948962" lon="-113.536851"><ele>2328.800000000001</ele><time>2026-09-18T04:03:13Z</time></rtept><rtept lat="45.948919" lon="-113.537051"><ele>2328.0</ele><time>2026-09-18T04:03:13Z</time></rtept><rtept lat="45.94882" lon="-113.537237"><ele>2327.4000000000015</ele><time>2026-09-18T04:03:13Z</time></rtept><rtept lat="45.949201" lon="-113.537147"><ele>2318.4000000000015</ele><time>2026-09-18T04:03:13Z</time></rtept><rtept lat="45.949251" lon="-113.537003"><ele>2320.0</ele><time>2026-09-18T04:03:13Z</time></rtept><rtept lat="45.949567" lon="-113.536965"><ele>2318.4000000000015</ele><time>2026-09-18T04:03:13Z</time></rtept><rtept lat="45.950181" lon="-113.536699"><ele>2318.4000000000015</ele><time>2026-09-18T04:03:13Z</time></rtept><rtept lat="45.950675" lon="-113.53646"><ele>2316.0</ele><time>2026-09-18T04:03:13Z</time></rtept><rtept lat="45.950816" lon="-113.536557"><ele>2310.4000000000015</ele><time>2026-09-18T04:03:13Z</time></rtept><rtept lat="45.951283" lon="-113.536431"><ele>2304.0</ele><time>2026-09-18T04:03:13Z</time></rtept><rtept lat="45.951501" lon="-113.536466"><ele>2302.2000000000007</ele><time>2026-09-18T04:03:13Z</time></rtept><rtept lat="45.951922" lon="-113.536126"><ele>2299.4000000000015</ele><time>2026-09-18T04:03:13Z</time></rtept><rtept lat="45.952" lon="-113.536057"><ele>2298.0</ele><time>2026-09-18T04:03:13Z</time></rtept><rtept lat="45.952261" lon="-113.53595"><ele>2293.6000000000004</ele><time>2026-09-18T04:03:13Z</time></rtept><rtept lat="45.952444" lon="-113.535912"><ele>2290.0</ele><time>2026-09-18T04:03:13Z</time></rtept><rtept lat="45.952582" lon="-113.535789"><ele>2287.4000000000015</ele><time>2026-09-18T04:03:13Z</time></rtept><rtept lat="45.952675" lon="-113.535681"><ele>2287.0</ele><time>2026-09-18T04:03:13Z</time></rtept><rtept lat="45.952817" lon="-113.535445"><ele>2287.6000000000004</ele><time>2026-09-18T04:03:13Z</time></rtept><rtept lat="45.952932" lon="-113.535333"><ele>2285.2000000000007</ele><time>2026-09-18T04:03:13Z</time></rtept><rtept lat="45.953082" lon="-113.535199"><ele>2283.0</ele><time>2026-09-18T04:03:13Z</time></rtept><rtept lat="45.95319" lon="-113.535059"><ele>2281.2000000000007</ele><time>2026-09-18T04:03:13Z</time></rtept><rtept lat="45.953186" lon="-113.535268"><ele>2278.4000000000015</ele><time>2026-09-18T04:03:13Z</time></rtept><rtept lat="45.953112" lon="-113.535488"><ele>2278.4000000000015</ele><time>2026-09-18T04:03:13Z</time></rtept><rtept lat="45.953287" lon="-113.535327"><ele>2275.800000000001</ele><time>2026-09-18T04:03:13Z</time></rtept><rtept lat="45.953537" lon="-113.53507"><ele>2269.6000000000004</ele><time>2026-09-18T04:03:13Z</time></rtept><rtept lat="45.953779" lon="-113.534855"><ele>2265.4000000000015</ele><time>2026-09-18T04:03:13Z</time></rtept><rtept lat="45.953842" lon="-113.534807"><ele>2262.2000000000007</ele><time>2026-09-18T04:03:13Z</time></rtept><rtept lat="45.953913" lon="-113.534668"><ele>2265.0</ele><time>2026-09-18T04:03:13Z</time></rtept><rtept lat="45.953954" lon="-113.534732"><ele>2261.6000000000004</ele><time>2026-09-18T04:03:13Z</time></rtept><rtept lat="45.953917" lon="-113.534839"><ele>2259.0</ele><time>2026-09-18T04:03:13Z</time></rtept><rtept lat="45.953854" lon="-113.534995"><ele>2258.4000000000015</ele><time>2026-09-18T04:03:13Z</time></rtept><rtept lat="45.953809" lon="-113.535107"><ele>2259.4000000000015</ele><time>2026-09-18T04:03:13Z</time></rtept><rtept lat="45.953887" lon="-113.535118"><ele>2257.4000000000015</ele><time>2026-09-18T04:03:13Z</time></rtept><rtept lat="45.954003" lon="-113.534984"><ele>2255.2000000000007</ele><time>2026-09-18T04:03:13Z</time></rtept><rtept lat="45.954092" lon="-113.534861"><ele>2253.800000000001</ele><time>2026-09-18T04:03:13Z</time></rtept><rtept lat="45.95423" lon="-113.534727"><ele>2253.800000000001</ele><time>2026-09-18T04:03:13Z</time></rtept><rtept lat="45.954409" lon="-113.534614"><ele>2251.800000000001</ele><time>2026-09-18T04:03:13Z</time></rtept><rtept lat="45.9546" lon="-113.534421"><ele>2252.4000000000015</ele><time>2026-09-18T04:03:13Z</time></rtept><rtept lat="45.954719" lon="-113.53441"><ele>2250.4000000000015</ele><time>2026-09-18T04:03:13Z</time></rtept><rtept lat="45.954816" lon="-113.534383"><ele>2248.0</ele><time>2026-09-18T04:03:13Z</time></rtept><rtept lat="45.954954" lon="-113.534281"><ele>2247.2000000000007</ele><time>2026-09-18T04:03:13Z</time></rtept><rtept lat="45.955036" lon="-113.534153"><ele>2248.0</ele><time>2026-09-18T04:03:13Z</time></rtept><rtept lat="45.955178" lon="-113.534056"><ele>2247.0</ele><time>2026-09-18T04:03:13Z</time></rtept><rtept lat="45.955334" lon="-113.533997"><ele>2244.800000000001</ele><time>2026-09-18T04:03:13Z</time></rtept><rtept lat="45.955461" lon="-113.533933"><ele>2241.6000000000004</ele><time>2026-09-18T04:03:13Z</time></rtept><rtept lat="45.955517" lon="-113.533868"><ele>2242.2000000000007</ele><time>2026-09-18T04:03:13Z</time></rtept><rtept lat="45.955573" lon="-113.5339"><ele>2240.6000000000004</ele><time>2026-09-18T04:03:13Z</time></rtept><rtept lat="45.955558" lon="-113.533976"><ele>2240.0</ele><time>2026-09-18T04:03:13Z</time></rtept><rtept lat="45.955476" lon="-113.534115"><ele>2237.2000000000007</ele><time>2026-09-18T04:03:13Z</time></rtept><rtept lat="45.955416" lon="-113.534185"><ele>2236.800000000001</ele><time>2026-09-18T04:03:13Z</time></rtept><rtept lat="45.955308" lon="-113.534255"><ele>2240.2000000000007</ele><time>2026-09-18T04:03:13Z</time></rtept><rtept lat="45.955222" lon="-113.534303"><ele>2239.800000000001</ele><time>2026-09-18T04:03:13Z</time></rtept><rtept lat="45.955219" lon="-113.534362"><ele>2237.800000000001</ele><time>2026-09-18T04:03:13Z</time></rtept><rtept lat="45.955331" lon="-113.534383"><ele>2234.4000000000015</ele><time>2026-09-18T04:03:13Z</time></rtept><rtept lat="45.955427" lon="-113.534373"><ele>2232.6000000000004</ele><time>2026-09-18T04:03:13Z</time></rtept><rtept lat="45.955558" lon="-113.534346"><ele>2228.800000000001</ele><time>2026-09-18T04:03:13Z</time></rtept><rtept lat="45.955722" lon="-113.534314"><ele>2224.6000000000004</ele><time>2026-09-18T04:03:13Z</time></rtept><rtept lat="45.955879" lon="-113.534233"><ele>2220.2000000000007</ele><time>2026-09-18T04:03:13Z</time></rtept><rtept lat="45.956002" lon="-113.534147"><ele>2219.4000000000015</ele><time>2026-09-18T04:03:13Z</time></rtept><rtept lat="45.956192" lon="-113.53411"><ele>2216.4000000000015</ele><time>2026-09-18T04:03:13Z</time></rtept><rtept lat="45.956352" lon="-113.533949"><ele>2217.4000000000015</ele><time>2026-09-18T04:03:13Z</time></rtept><rtept lat="45.956595" lon="-113.53389"><ele>2214.0</ele><time>2026-09-18T04:03:13Z</time></rtept><rtept lat="45.956822" lon="-113.533809"><ele>2209.6000000000004</ele><time>2026-09-18T04:03:13Z</time></rtept><rtept lat="45.956945" lon="-113.53375"><ele>2206.800000000001</ele><time>2026-09-18T04:03:13Z</time></rtept><rtept lat="45.957024" lon="-113.53367"><ele>2206.800000000001</ele><time>2026-09-18T04:03:13Z</time></rtept><rtept lat="45.957046" lon="-113.533573"><ele>2210.4000000000015</ele><time>2026-09-18T04:03:13Z</time></rtept><rtept lat="45.957121" lon="-113.533337"><ele>2209.800000000001</ele><time>2026-09-18T04:03:13Z</time></rtept><rtept lat="45.957154" lon="-113.533198"><ele>2211.2000000000007</ele><time>2026-09-18T04:03:13Z</time></rtept><rtept lat="45.95721" lon="-113.533058"><ele>2210.800000000001</ele><time>2026-09-18T04:03:13Z</time></rtept><rtept lat="45.957239" lon="-113.532957"><ele>2209.6000000000004</ele><time>2026-09-18T04:03:13Z</time></rtept><rtept lat="45.957315" lon="-113.533048"><ele>2207.800000000001</ele><time>2026-09-18T04:03:13Z</time></rtept><rtept lat="45.957333" lon="-113.533144"><ele>2206.800000000001</ele><time>2026-09-18T04:03:13Z</time></rtept><rtept lat="45.9574" lon="-113.533225"><ele>2204.800000000001</ele><time>2026-09-18T04:03:13Z</time></rtept><rtept lat="45.957475" lon="-113.533225"><ele>2201.2000000000007</ele><time>2026-09-18T04:03:13Z</time></rtept><rtept lat="45.957598" lon="-113.533187"><ele>2198.4000000000015</ele><time>2026-09-18T04:03:13Z</time></rtept><rtept lat="45.957781" lon="-113.533085"><ele>2195.6000000000004</ele><time>2026-09-18T04:03:13Z</time></rtept><rtept lat="45.957934" lon="-113.532994"><ele>2193.4000000000015</ele><time>2026-09-18T04:03:13Z</time></rtept><rtept lat="45.958057" lon="-113.532892"><ele>2190.4000000000015</ele><time>2026-09-18T04:03:13Z</time></rtept><rtept lat="45.958161" lon="-113.532769"><ele>2188.0</ele><time>2026-09-18T04:03:13Z</time></rtept><rtept lat="45.958202" lon="-113.53272"><ele>2186.6000000000004</ele><time>2026-09-18T04:03:13Z</time></rtept><rtept lat="45.958273" lon="-113.532554"><ele>2185.800000000001</ele><time>2026-09-18T04:03:13Z</time></rtept><rtept lat="45.958336" lon="-113.532441"><ele>2184.6000000000004</ele><time>2026-09-18T04:03:13Z</time></rtept><rtept lat="45.958471" lon="-113.532372"><ele>2182.2000000000007</ele><time>2026-09-18T04:03:13Z</time></rtept><rtept lat="45.95859" lon="-113.532361"><ele>2180.4000000000015</ele><time>2026-09-18T04:03:13Z</time></rtept><rtept lat="45.958639" lon="-113.532336"><ele>2179.6000000000004</ele><time>2026-09-18T04:03:13Z</time></rtept><rtept lat="45.958732" lon="-113.532302"><ele>2177.6000000000004</ele><time>2026-09-18T04:03:13Z</time></rtept><rtept lat="45.95877" lon="-113.532289"><ele>2177.6000000000004</ele><time>2026-09-18T04:03:13Z</time></rtept><rtept lat="45.958893" lon="-113.532284"><ele>2176.2000000000007</ele><time>2026-09-18T04:03:13Z</time></rtept><rtept lat="45.959019" lon="-113.532282"><ele>2174.2000000000007</ele><time>2026-09-18T04:03:13Z</time></rtept><rtept lat="45.959146" lon="-113.532259"><ele>2172.6000000000004</ele><time>2026-09-18T04:03:13Z</time></rtept><rtept lat="45.959289" lon="-113.532263"><ele>2171.6000000000004</ele><time>2026-09-18T04:03:13Z</time></rtept><rtept lat="45.959387" lon="-113.532274"><ele>2170.2000000000007</ele><time>2026-09-18T04:03:13Z</time></rtept><rtept lat="45.959461" lon="-113.532244"><ele>2169.2000000000007</ele><time>2026-09-18T04:03:13Z</time></rtept><rtept lat="45.959531" lon="-113.532178"><ele>2169.4000000000015</ele><time>2026-09-18T04:03:13Z</time></rtept><rtept lat="45.959571" lon="-113.532174"><ele>2168.2000000000007</ele><time>2026-09-18T04:03:13Z</time></rtept><rtept lat="45.959686" lon="-113.532232"><ele>2165.2000000000007</ele><time>2026-09-18T04:03:13Z</time></rtept><rtept lat="45.959803" lon="-113.532207"><ele>2163.2000000000007</ele><time>2026-09-18T04:03:13Z</time></rtept><rtept lat="45.959959" lon="-113.532184"><ele>2162.2000000000007</ele><time>2026-09-18T04:03:13Z</time></rtept><rtept lat="45.960123" lon="-113.532211"><ele>2159.6000000000004</ele><time>2026-09-18T04:03:13Z</time></rtept><rtept lat="45.960313" lon="-113.532264"><ele>2156.2000000000007</ele><time>2026-09-18T04:03:13Z</time></rtept><rtept lat="45.960451" lon="-113.532307"><ele>2153.6000000000004</ele><time>2026-09-18T04:03:13Z</time></rtept><rtept lat="45.960465" lon="-113.532312"><ele>2153.0</ele><time>2026-09-18T04:03:13Z</time></rtept><rtept lat="45.960465" lon="-113.532312"><ele>2153.0</ele><time>2026-09-18T04:03:13Z</time></rtept><rtept lat="45.960548" lon="-113.532345"><ele>2152.2000000000007</ele><time>2026-09-18T04:03:13Z</time></rtept><rtept lat="45.960634" lon="-113.532345"><ele>2151.6000000000004</ele><time>2026-09-18T04:03:13Z</time></rtept><rtept lat="45.960799" lon="-113.532316"><ele>2150.4000000000015</ele><time>2026-09-18T04:03:13Z</time></rtept><rtept lat="45.96096" lon="-113.532335"><ele>2150.2000000000007</ele><time>2026-09-18T04:03:13Z</time></rtept><rtept lat="45.961061" lon="-113.532353"><ele>2149.800000000001</ele><time>2026-09-18T04:03:13Z</time></rtept><rtept lat="45.96118" lon="-113.532397"><ele>2148.0</ele><time>2026-09-18T04:03:13Z</time></rtept><rtept lat="45.961296" lon="-113.532417"><ele>2147.2000000000007</ele><time>2026-09-18T04:03:13Z</time></rtept><rtept lat="45.961388" lon="-113.532596"><ele>2146.0</ele><time>2026-09-18T04:03:13Z</time></rtept><rtept lat="45.961497" lon="-113.532686"><ele>2145.4000000000015</ele><time>2026-09-18T04:03:13Z</time></rtept><rtept lat="45.961572" lon="-113.532705"><ele>2145.6000000000004</ele><time>2026-09-18T04:03:13Z</time></rtept><rtept lat="45.961689" lon="-113.532651"><ele>2146.0</ele><time>2026-09-18T04:03:13Z</time></rtept><rtept lat="45.961812" lon="-113.532656"><ele>2146.4000000000015</ele><time>2026-09-18T04:03:13Z</time></rtept><rtept lat="45.961924" lon="-113.53272"><ele>2145.4000000000015</ele><time>2026-09-18T04:03:13Z</time></rtept><rtept lat="45.962047" lon="-113.532844"><ele>2144.4000000000015</ele><time>2026-09-18T04:03:13Z</time></rtept><rtept lat="45.962196" lon="-113.532924"><ele>2143.6000000000004</ele><time>2026-09-18T04:03:13Z</time></rtept><rtept lat="45.962319" lon="-113.532967"><ele>2143.800000000001</ele><time>2026-09-18T04:03:13Z</time></rtept><rtept lat="45.962505" lon="-113.533085"><ele>2141.6000000000004</ele><time>2026-09-18T04:03:13Z</time></rtept><rtept lat="45.962603" lon="-113.533064"><ele>2141.6000000000004</ele><time>2026-09-18T04:03:13Z</time></rtept><rtept lat="45.962733" lon="-113.533026"><ele>2143.0</ele><time>2026-09-18T04:03:13Z</time></rtept><rtept lat="45.962923" lon="-113.53301"><ele>2143.2000000000007</ele><time>2026-09-18T04:03:13Z</time></rtept><rtept lat="45.963087" lon="-113.532999"><ele>2143.4000000000015</ele><time>2026-09-18T04:03:13Z</time></rtept><rtept lat="45.963173" lon="-113.532956"><ele>2145.2000000000007</ele><time>2026-09-18T04:03:13Z</time></rtept><rtept lat="45.963262" lon="-113.532956"><ele>2145.2000000000007</ele><time>2026-09-18T04:03:13Z</time></rtept><rtept lat="45.963415" lon="-113.533026"><ele>2143.800000000001</ele><time>2026-09-18T04:03:13Z</time></rtept><rtept lat="45.963628" lon="-113.533123"><ele>2142.800000000001</ele><time>2026-09-18T04:03:13Z</time></rtept><rtept lat="45.963758" lon="-113.533166"><ele>2141.6000000000004</ele><time>2026-09-18T04:03:13Z</time></rtept><rtept lat="45.963852" lon="-113.533305"><ele>2139.800000000001</ele><time>2026-09-18T04:03:13Z</time></rtept><rtept lat="45.963889" lon="-113.533445"><ele>2136.2000000000007</ele><time>2026-09-18T04:03:13Z</time></rtept><rtept lat="45.96396" lon="-113.53352"><ele>2134.6000000000004</ele><time>2026-09-18T04:03:13Z</time></rtept><rtept lat="45.964034" lon="-113.533697"><ele>2131.4000000000015</ele><time>2026-09-18T04:03:13Z</time></rtept><rtept lat="45.964094" lon="-113.533847"><ele>2127.800000000001</ele><time>2026-09-18T04:03:13Z</time></rtept><rtept lat="45.964191" lon="-113.533933"><ele>2126.0</ele><time>2026-09-18T04:03:13Z</time></rtept><rtept lat="45.964273" lon="-113.534019"><ele>2124.0</ele><time>2026-09-18T04:03:13Z</time></rtept><rtept lat="45.964415" lon="-113.534029"><ele>2123.6000000000004</ele><time>2026-09-18T04:03:13Z</time></rtept><rtept lat="45.964471" lon="-113.534099"><ele>2121.6000000000004</ele><time>2026-09-18T04:03:13Z</time></rtept><rtept lat="45.964553" lon="-113.534238"><ele>2119.6000000000004</ele><time>2026-09-18T04:03:13Z</time></rtept><rtept lat="45.964668" lon="-113.534314"><ele>2117.4000000000015</ele><time>2026-09-18T04:03:13Z</time></rtept><rtept lat="45.964836" lon="-113.534432"><ele>2113.800000000001</ele><time>2026-09-18T04:03:13Z</time></rtept><rtept lat="45.964918" lon="-113.534448"><ele>2113.2000000000007</ele><time>2026-09-18T04:03:13Z</time></rtept><rtept lat="45.965026" lon="-113.534448"><ele>2112.4000000000015</ele><time>2026-09-18T04:03:13Z</time></rtept><rtept lat="45.965172" lon="-113.534448"><ele>2112.2000000000007</ele><time>2026-09-18T04:03:13Z</time></rtept><rtept lat="45.965265" lon="-113.534464"><ele>2112.2000000000007</ele><time>2026-09-18T04:03:13Z</time></rtept><rtept lat="45.965388" lon="-113.534517"><ele>2112.2000000000007</ele><time>2026-09-18T04:03:13Z</time></rtept><rtept lat="45.965447" lon="-113.534582"><ele>2110.800000000001</ele><time>2026-09-18T04:03:13Z</time></rtept><rtept lat="45.965541" lon="-113.53455"><ele>2110.4000000000015</ele><time>2026-09-18T04:03:13Z</time></rtept><rtept lat="45.965735" lon="-113.534566"><ele>2109.4000000000015</ele><time>2026-09-18T04:03:13Z</time></rtept><rtept lat="45.965839" lon="-113.534566"><ele>2108.6000000000004</ele><time>2026-09-18T04:03:13Z</time></rtept><rtept lat="45.965921" lon="-113.534603"><ele>2108.2000000000007</ele><time>2026-09-18T04:03:13Z</time></rtept><rtept lat="45.966014" lon="-113.534641"><ele>2106.2000000000007</ele><time>2026-09-18T04:03:13Z</time></rtept><rtept lat="45.966096" lon="-113.534689"><ele>2104.6000000000004</ele><time>2026-09-18T04:03:13Z</time></rtept><rtept lat="45.966182" lon="-113.534684"><ele>2105.4000000000015</ele><time>2026-09-18T04:03:13Z</time></rtept><rtept lat="45.966331" lon="-113.53463"><ele>2104.4000000000015</ele><time>2026-09-18T04:03:13Z</time></rtept><rtept lat="45.966477" lon="-113.534625"><ele>2103.800000000001</ele><time>2026-09-18T04:03:13Z</time></rtept><rtept lat="45.96657" lon="-113.534646"><ele>2103.2000000000007</ele><time>2026-09-18T04:03:13Z</time></rtept><rtept lat="45.966656" lon="-113.534689"><ele>2101.2000000000007</ele><time>2026-09-18T04:03:13Z</time></rtept><rtept lat="45.966768" lon="-113.534652"><ele>2102.0</ele><time>2026-09-18T04:03:13Z</time></rtept><rtept lat="45.96692" lon="-113.534625"><ele>2101.2000000000007</ele><time>2026-09-18T04:03:13Z</time></rtept><rtept lat="45.967025" lon="-113.534668"><ele>2100.6000000000004</ele><time>2026-09-18T04:03:13Z</time></rtept><rtept lat="45.967114" lon="-113.534796"><ele>2097.6000000000004</ele><time>2026-09-18T04:03:13Z</time></rtept><rtept lat="45.967196" lon="-113.534888"><ele>2096.4000000000015</ele><time>2026-09-18T04:03:13Z</time></rtept><rtept lat="45.967282" lon="-113.534995"><ele>2095.2000000000007</ele><time>2026-09-18T04:03:13Z</time></rtept><rtept lat="45.967375" lon="-113.535097"><ele>2094.2000000000007</ele><time>2026-09-18T04:03:13Z</time></rtept><rtept lat="45.967573" lon="-113.535188"><ele>2093.2000000000007</ele><time>2026-09-18T04:03:13Z</time></rtept><rtept lat="45.967689" lon="-113.535247"><ele>2092.0</ele><time>2026-09-18T04:03:13Z</time></rtept><rtept lat="45.967812" lon="-113.535322"><ele>2090.800000000001</ele><time>2026-09-18T04:03:13Z</time></rtept><rtept lat="45.967886" lon="-113.535429"><ele>2089.800000000001</ele><time>2026-09-18T04:03:13Z</time></rtept><rtept lat="45.967983" lon="-113.535574"><ele>2087.4000000000015</ele><time>2026-09-18T04:03:13Z</time></rtept><rtept lat="45.968058" lon="-113.535639"><ele>2086.2000000000007</ele><time>2026-09-18T04:03:13Z</time></rtept><rtept lat="45.968199" lon="-113.535735"><ele>2084.800000000001</ele><time>2026-09-18T04:03:13Z</time></rtept><rtept lat="45.968304" lon="-113.535891"><ele>2082.2000000000007</ele><time>2026-09-18T04:03:13Z</time></rtept><rtept lat="45.968375" lon="-113.5361"><ele>2079.6000000000004</ele><time>2026-09-18T04:03:13Z</time></rtept><rtept lat="45.968446" lon="-113.536309"><ele>2077.0</ele><time>2026-09-18T04:03:13Z</time></rtept><rtept lat="45.968535" lon="-113.536395"><ele>2075.4000000000015</ele><time>2026-09-18T04:03:13Z</time></rtept><rtept lat="45.968572" lon="-113.536529"><ele>2073.6000000000004</ele><time>2026-09-18T04:03:13Z</time></rtept><rtept lat="45.96868" lon="-113.536647"><ele>2072.6000000000004</ele><time>2026-09-18T04:03:13Z</time></rtept><rtept lat="45.968774" lon="-113.536636"><ele>2072.2000000000007</ele><time>2026-09-18T04:03:13Z</time></rtept><rtept lat="45.968923" lon="-113.536583"><ele>2071.800000000001</ele><time>2026-09-18T04:03:13Z</time></rtept><rtept lat="45.969057" lon="-113.536583"><ele>2071.4000000000015</ele><time>2026-09-18T04:03:13Z</time></rtept><rtept lat="45.969135" lon="-113.53661"><ele>2071.2000000000007</ele><time>2026-09-18T04:03:13Z</time></rtept><rtept lat="45.969243" lon="-113.536615"><ele>2071.0</ele><time>2026-09-18T04:03:13Z</time></rtept><rtept lat="45.969374" lon="-113.536615"><ele>2071.0</ele><time>2026-09-18T04:03:13Z</time></rtept><rtept lat="45.969512" lon="-113.536668"><ele>2069.800000000001</ele><time>2026-09-18T04:03:13Z</time></rtept><rtept lat="45.969605" lon="-113.53676"><ele>2068.800000000001</ele><time>2026-09-18T04:03:13Z</time></rtept><rtept lat="45.969724" lon="-113.536803"><ele>2068.800000000001</ele><time>2026-09-18T04:03:13Z</time></rtept><rtept lat="45.969836" lon="-113.536792"><ele>2068.800000000001</ele><time>2026-09-18T04:03:13Z</time></rtept><rtept lat="45.969926" lon="-113.536776"><ele>2068.800000000001</ele><time>2026-09-18T04:03:13Z</time></rtept><rtept lat="45.970037" lon="-113.536701"><ele>2070.0</ele><time>2026-09-18T04:03:13Z</time></rtept><rtept lat="45.970138" lon="-113.536636"><ele>2070.800000000001</ele><time>2026-09-18T04:03:13Z</time></rtept><rtept lat="45.970209" lon="-113.536583"><ele>2070.800000000001</ele><time>2026-09-18T04:03:13Z</time></rtept><rtept lat="45.970325" lon="-113.536567"><ele>2071.800000000001</ele><time>2026-09-18T04:03:13Z</time></rtept><rtept lat="45.970433" lon="-113.536556"><ele>2071.6000000000004</ele><time>2026-09-18T04:03:13Z</time></rtept><rtept lat="45.970586" lon="-113.536545"><ele>2071.6000000000004</ele><time>2026-09-18T04:03:13Z</time></rtept><rtept lat="45.970802" lon="-113.536433"><ele>2072.4000000000015</ele><time>2026-09-18T04:03:13Z</time></rtept><rtept lat="45.970936" lon="-113.536411"><ele>2072.2000000000007</ele><time>2026-09-18T04:03:13Z</time></rtept><rtept lat="45.97104" lon="-113.536427"><ele>2072.2000000000007</ele><time>2026-09-18T04:03:13Z</time></rtept><rtept lat="45.971201" lon="-113.53647"><ele>2072.0</ele><time>2026-09-18T04:03:13Z</time></rtept><rtept lat="45.97129" lon="-113.536508"><ele>2070.800000000001</ele><time>2026-09-18T04:03:13Z</time></rtept><rtept lat="45.971376" lon="-113.536668"><ele>2068.800000000001</ele><time>2026-09-18T04:03:13Z</time></rtept><rtept lat="45.971521" lon="-113.536856"><ele>2066.4000000000015</ele><time>2026-09-18T04:03:13Z</time></rtept><rtept lat="45.971678" lon="-113.536985"><ele>2064.800000000001</ele><time>2026-09-18T04:03:13Z</time></rtept><rtept lat="45.971857" lon="-113.537205"><ele>2060.6000000000004</ele><time>2026-09-18T04:03:13Z</time></rtept><rtept lat="45.971946" lon="-113.537285"><ele>2058.800000000001</ele><time>2026-09-18T04:03:13Z</time></rtept><rtept lat="45.972137" lon="-113.537328"><ele>2057.6000000000004</ele><time>2026-09-18T04:03:13Z</time></rtept><rtept lat="45.972364" lon="-113.537328"><ele>2055.800000000001</ele><time>2026-09-18T04:03:13Z</time></rtept><rtept lat="45.972513" lon="-113.537291"><ele>2054.6000000000004</ele><time>2026-09-18T04:03:13Z</time></rtept><rtept lat="45.972673" lon="-113.537285"><ele>2054.0</ele><time>2026-09-18T04:03:13Z</time></rtept><rtept lat="45.972811" lon="-113.537269"><ele>2053.0</ele><time>2026-09-18T04:03:13Z</time></rtept><rtept lat="45.972972" lon="-113.537173"><ele>2055.0</ele><time>2026-09-18T04:03:13Z</time></rtept><rtept lat="45.973125" lon="-113.537108"><ele>2054.0</ele><time>2026-09-18T04:03:13Z</time></rtept><rtept lat="45.973251" lon="-113.537066"><ele>2054.4000000000015</ele><time>2026-09-18T04:03:13Z</time></rtept><rtept lat="45.973382" lon="-113.537092"><ele>2053.800000000001</ele><time>2026-09-18T04:03:13Z</time></rtept><rtept lat="45.973557" lon="-113.537092"><ele>2052.4000000000015</ele><time>2026-09-18T04:03:13Z</time></rtept><rtept lat="45.973676" lon="-113.537119"><ele>2050.0</ele><time>2026-09-18T04:03:13Z</time></rtept><rtept lat="45.973822" lon="-113.537103"><ele>2047.0</ele><time>2026-09-18T04:03:13Z</time></rtept><rtept lat="45.974001" lon="-113.537049"><ele>2046.0</ele><time>2026-09-18T04:03:13Z</time></rtept><rtept lat="45.974232" lon="-113.537017"><ele>2044.4000000000015</ele><time>2026-09-18T04:03:13Z</time></rtept><rtept lat="45.974485" lon="-113.536958"><ele>2043.4000000000015</ele><time>2026-09-18T04:03:13Z</time></rtept><rtept lat="45.974593" lon="-113.536958"><ele>2042.6000000000004</ele><time>2026-09-18T04:03:13Z</time></rtept><rtept lat="45.974698" lon="-113.536985"><ele>2041.0</ele><time>2026-09-18T04:03:13Z</time></rtept><rtept lat="45.974851" lon="-113.537001"><ele>2038.800000000001</ele><time>2026-09-18T04:03:13Z</time></rtept><rtept lat="45.975041" lon="-113.536969"><ele>2037.800000000001</ele><time>2026-09-18T04:03:13Z</time></rtept><rtept lat="45.975142" lon="-113.536942"><ele>2037.2000000000007</ele><time>2026-09-18T04:03:13Z</time></rtept><rtept lat="45.975238" lon="-113.536947"><ele>2037.2000000000007</ele><time>2026-09-18T04:03:13Z</time></rtept><rtept lat="45.975317" lon="-113.536996"><ele>2037.0</ele><time>2026-09-18T04:03:13Z</time></rtept><rtept lat="45.975387" lon="-113.537017"><ele>2035.800000000001</ele><time>2026-09-18T04:03:13Z</time></rtept><rtept lat="45.975488" lon="-113.537006"><ele>2037.0</ele><time>2026-09-18T04:03:13Z</time></rtept><rtept lat="45.975626" lon="-113.536969"><ele>2036.800000000001</ele><time>2026-09-18T04:03:13Z</time></rtept><rtept lat="45.975749" lon="-113.53691"><ele>2036.800000000001</ele><time>2026-09-18T04:03:13Z</time></rtept><rtept lat="45.975902" lon="-113.536905"><ele>2035.2000000000007</ele><time>2026-09-18T04:03:13Z</time></rtept><rtept lat="45.976047" lon="-113.536851"><ele>2033.6000000000004</ele><time>2026-09-18T04:03:13Z</time></rtept><rtept lat="45.976174" lon="-113.536851"><ele>2033.0</ele><time>2026-09-18T04:03:13Z</time></rtept><rtept lat="45.976334" lon="-113.536856"><ele>2032.0</ele><time>2026-09-18T04:03:13Z</time></rtept><rtept lat="45.976502" lon="-113.536803"><ele>2032.2000000000007</ele><time>2026-09-18T04:03:13Z</time></rtept><rtept lat="45.976577" lon="-113.536744"><ele>2032.6000000000004</ele><time>2026-09-18T04:03:13Z</time></rtept><rtept lat="45.976722" lon="-113.53669"><ele>2031.6000000000004</ele><time>2026-09-18T04:03:13Z</time></rtept><rtept lat="45.976898" lon="-113.536604"><ele>2030.800000000001</ele><time>2026-09-18T04:03:13Z</time></rtept><rtept lat="45.97708" lon="-113.53661"><ele>2028.4000000000015</ele><time>2026-09-18T04:03:13Z</time></rtept><rtept lat="45.977199" lon="-113.536701"><ele>2025.800000000001</ele><time>2026-09-18T04:03:13Z</time></rtept><rtept lat="45.977274" lon="-113.536701"><ele>2025.2000000000007</ele><time>2026-09-18T04:03:13Z</time></rtept><rtept lat="45.977371" lon="-113.536567"><ele>2024.6000000000004</ele><time>2026-09-18T04:03:13Z</time></rtept><rtept lat="45.977457" lon="-113.536459"><ele>2024.800000000001</ele><time>2026-09-18T04:03:13Z</time></rtept><rtept lat="45.977598" lon="-113.536336"><ele>2024.2000000000007</ele><time>2026-09-18T04:03:13Z</time></rtept><rtept lat="45.977729" lon="-113.536207"><ele>2024.6000000000004</ele><time>2026-09-18T04:03:13Z</time></rtept><rtept lat="45.97787" lon="-113.536127"><ele>2024.800000000001</ele><time>2026-09-18T04:03:13Z</time></rtept><rtept lat="45.977971" lon="-113.536132"><ele>2024.0</ele><time>2026-09-18T04:03:13Z</time></rtept><rtept lat="45.978143" lon="-113.536137"><ele>2023.0</ele><time>2026-09-18T04:03:13Z</time></rtept><rtept lat="45.978277" lon="-113.535993"><ele>2023.0</ele><time>2026-09-18T04:03:13Z</time></rtept><rtept lat="45.978396" lon="-113.535982"><ele>2022.4000000000015</ele><time>2026-09-18T04:03:13Z</time></rtept><rtept lat="45.978493" lon="-113.53603"><ele>2021.800000000001</ele><time>2026-09-18T04:03:13Z</time></rtept><rtept lat="45.978597" lon="-113.536078"><ele>2020.4000000000015</ele><time>2026-09-18T04:03:13Z</time></rtept><rtept lat="45.978713" lon="-113.536019"><ele>2020.4000000000015</ele><time>2026-09-18T04:03:13Z</time></rtept><rtept lat="45.978873" lon="-113.53596"><ele>2020.4000000000015</ele><time>2026-09-18T04:03:13Z</time></rtept><rtept lat="45.979082" lon="-113.536035"><ele>2018.6000000000004</ele><time>2026-09-18T04:03:13Z</time></rtept><rtept lat="45.979238" lon="-113.536078"><ele>2017.2000000000007</ele><time>2026-09-18T04:03:13Z</time></rtept><rtept lat="45.979377" lon="-113.536052"><ele>2016.6000000000004</ele><time>2026-09-18T04:03:13Z</time></rtept><rtept lat="45.97947" lon="-113.535939"><ele>2016.800000000001</ele><time>2026-09-18T04:03:13Z</time></rtept><rtept lat="45.979585" lon="-113.535676"><ele>2018.0</ele><time>2026-09-18T04:03:13Z</time></rtept><rtept lat="45.979682" lon="-113.535612"><ele>2018.4000000000015</ele><time>2026-09-18T04:03:13Z</time></rtept><rtept lat="45.979802" lon="-113.535488"><ele>2018.800000000001</ele><time>2026-09-18T04:03:13Z</time></rtept><rtept lat="45.979921" lon="-113.535338"><ele>2020.0</ele><time>2026-09-18T04:03:13Z</time></rtept><rtept lat="45.979969" lon="-113.535258"><ele>2020.800000000001</ele><time>2026-09-18T04:03:13Z</time></rtept><rtept lat="45.980036" lon="-113.535183"><ele>2021.4000000000015</ele><time>2026-09-18T04:03:13Z</time></rtept><rtept lat="45.980081" lon="-113.535263"><ele>2020.6000000000004</ele><time>2026-09-18T04:03:13Z</time></rtept><rtept lat="45.980185" lon="-113.535263"><ele>2020.2000000000007</ele><time>2026-09-18T04:03:13Z</time></rtept><rtept lat="45.980297" lon="-113.535183"><ele>2020.800000000001</ele><time>2026-09-18T04:03:13Z</time></rtept><rtept lat="45.980428" lon="-113.535065"><ele>2021.2000000000007</ele><time>2026-09-18T04:03:13Z</time></rtept><rtept lat="45.980554" lon="-113.535011"><ele>2021.6000000000004</ele><time>2026-09-18T04:03:13Z</time></rtept><rtept lat="45.98067" lon="-113.534957"><ele>2021.4000000000015</ele><time>2026-09-18T04:03:13Z</time></rtept><rtept lat="45.980804" lon="-113.534904"><ele>2021.6000000000004</ele><time>2026-09-18T04:03:13Z</time></rtept><rtept lat="45.980935" lon="-113.534904"><ele>2021.2000000000007</ele><time>2026-09-18T04:03:13Z</time></rtept><rtept lat="45.981061" lon="-113.534979"><ele>2020.0</ele><time>2026-09-18T04:03:13Z</time></rtept><rtept lat="45.981211" lon="-113.53507"><ele>2019.0</ele><time>2026-09-18T04:03:13Z</time></rtept><rtept lat="45.981337" lon="-113.535091"><ele>2018.6000000000004</ele><time>2026-09-18T04:03:13Z</time></rtept><rtept lat="45.981479" lon="-113.535065"><ele>2018.2000000000007</ele><time>2026-09-18T04:03:13Z</time></rtept><rtept lat="45.981535" lon="-113.535016"><ele>2018.6000000000004</ele><time>2026-09-18T04:03:13Z</time></rtept><rtept lat="45.981591" lon="-113.534957"><ele>2018.6000000000004</ele><time>2026-09-18T04:03:13Z</time></rtept><rtept lat="45.981684" lon="-113.534909"><ele>2019.2000000000007</ele><time>2026-09-18T04:03:13Z</time></rtept><rtept lat="45.981755" lon="-113.53493"><ele>2018.800000000001</ele><time>2026-09-18T04:03:13Z</time></rtept><rtept lat="45.981799" lon="-113.534952"><ele>2018.0</ele><time>2026-09-18T04:03:13Z</time></rtept><rtept lat="45.981908" lon="-113.534914"><ele>2018.4000000000015</ele><time>2026-09-18T04:03:13Z</time></rtept><rtept lat="45.982001" lon="-113.534855"><ele>2019.0</ele><time>2026-09-18T04:03:13Z</time></rtept><rtept lat="45.982113" lon="-113.534748"><ele>2019.4000000000015</ele><time>2026-09-18T04:03:13Z</time></rtept><rtept lat="45.982195" lon="-113.534662"><ele>2020.2000000000007</ele><time>2026-09-18T04:03:13Z</time></rtept><rtept lat="45.982288" lon="-113.534668"><ele>2020.0</ele><time>2026-09-18T04:03:13Z</time></rtept><rtept lat="45.982355" lon="-113.534694"><ele>2018.800000000001</ele><time>2026-09-18T04:03:13Z</time></rtept><rtept lat="45.982493" lon="-113.534802"><ele>2017.6000000000004</ele><time>2026-09-18T04:03:13Z</time></rtept><rtept lat="45.982616" lon="-113.534769"><ele>2018.0</ele><time>2026-09-18T04:03:13Z</time></rtept><rtept lat="45.982754" lon="-113.5347"><ele>2017.6000000000004</ele><time>2026-09-18T04:03:13Z</time></rtept><rtept lat="45.982866" lon="-113.534646"><ele>2018.2000000000007</ele><time>2026-09-18T04:03:13Z</time></rtept><rtept lat="45.982944" lon="-113.534582"><ele>2019.0</ele><time>2026-09-18T04:03:13Z</time></rtept><rtept lat="45.983067" lon="-113.53456"><ele>2018.2000000000007</ele><time>2026-09-18T04:03:13Z</time></rtept><rtept lat="45.983235" lon="-113.534517"><ele>2019.0</ele><time>2026-09-18T04:03:13Z</time></rtept><rtept lat="45.983332" lon="-113.534448"><ele>2018.4000000000015</ele><time>2026-09-18T04:03:13Z</time></rtept><rtept lat="45.983454" lon="-113.534314"><ele>2020.2000000000007</ele><time>2026-09-18T04:03:13Z</time></rtept><rtept lat="45.98357" lon="-113.534244"><ele>2020.800000000001</ele><time>2026-09-18T04:03:13Z</time></rtept><rtept lat="45.983708" lon="-113.534153"><ele>2021.6000000000004</ele><time>2026-09-18T04:03:13Z</time></rtept><rtept lat="45.983853" lon="-113.534045"><ele>2022.0</ele><time>2026-09-18T04:03:13Z</time></rtept><rtept lat="45.984051" lon="-113.533965"><ele>2022.4000000000015</ele><time>2026-09-18T04:03:13Z</time></rtept><rtept lat="45.984189" lon="-113.5339"><ele>2023.2000000000007</ele><time>2026-09-18T04:03:13Z</time></rtept><rtept lat="45.984338" lon="-113.53374"><ele>2025.0</ele><time>2026-09-18T04:03:13Z</time></rtept><rtept lat="45.984517" lon="-113.533595"><ele>2025.2000000000007</ele><time>2026-09-18T04:03:13Z</time></rtept><rtept lat="45.984644" lon="-113.53353"><ele>2025.6000000000004</ele><time>2026-09-18T04:03:13Z</time></rtept><rtept lat="45.984763" lon="-113.533498"><ele>2024.800000000001</ele><time>2026-09-18T04:03:13Z</time></rtept><rtept lat="45.984849" lon="-113.533493"><ele>2024.4000000000015</ele><time>2026-09-18T04:03:13Z</time></rtept><rtept lat="45.984934" lon="-113.533428"><ele>2024.800000000001</ele><time>2026-09-18T04:03:13Z</time></rtept><rtept lat="45.985005" lon="-113.533348"><ele>2025.4000000000015</ele><time>2026-09-18T04:03:13Z</time></rtept><rtept lat="45.985069" lon="-113.533305"><ele>2026.0</ele><time>2026-09-18T04:03:13Z</time></rtept><rtept lat="45.985191" lon="-113.533278"><ele>2025.2000000000007</ele><time>2026-09-18T04:03:13Z</time></rtept><rtept lat="45.985341" lon="-113.533246"><ele>2024.0</ele><time>2026-09-18T04:03:13Z</time></rtept><rtept lat="45.985456" lon="-113.533171"><ele>2024.2000000000007</ele><time>2026-09-18T04:03:13Z</time></rtept><rtept lat="45.985564" lon="-113.533128"><ele>2025.0</ele><time>2026-09-18T04:03:13Z</time></rtept><rtept lat="45.985646" lon="-113.533037"><ele>2025.0</ele><time>2026-09-18T04:03:13Z</time></rtept><rtept lat="45.985721" lon="-113.532972"><ele>2025.6000000000004</ele><time>2026-09-18T04:03:13Z</time></rtept><rtept lat="45.985822" lon="-113.532967"><ele>2024.4000000000015</ele><time>2026-09-18T04:03:13Z</time></rtept><rtept lat="45.985926" lon="-113.532924"><ele>2023.800000000001</ele><time>2026-09-18T04:03:13Z</time></rtept><rtept lat="45.986079" lon="-113.532763"><ele>2023.800000000001</ele><time>2026-09-18T04:03:13Z</time></rtept><rtept lat="45.986109" lon="-113.532731"><ele>2023.2000000000007</ele><time>2026-09-18T04:03:13Z</time></rtept><rtept lat="45.986198" lon="-113.532634"><ele>2023.6000000000004</ele><time>2026-09-18T04:03:13Z</time></rtept><rtept lat="45.986332" lon="-113.532624"><ele>2023.2000000000007</ele><time>2026-09-18T04:03:13Z</time></rtept><rtept lat="45.986399" lon="-113.532565"><ele>2022.6000000000004</ele><time>2026-09-18T04:03:13Z</time></rtept><rtept lat="45.986455" lon="-113.53249"><ele>2023.0</ele><time>2026-09-18T04:03:13Z</time></rtept><rtept lat="45.986518" lon="-113.532286"><ele>2024.4000000000015</ele><time>2026-09-18T04:03:13Z</time></rtept><rtept lat="45.986619" lon="-113.532044"><ele>2025.800000000001</ele><time>2026-09-18T04:03:13Z</time></rtept><rtept lat="45.98669" lon="-113.531841"><ele>2027.6000000000004</ele><time>2026-09-18T04:03:13Z</time></rtept><rtept lat="45.986835" lon="-113.531508"><ele>2028.0</ele><time>2026-09-18T04:03:13Z</time></rtept><rtept lat="45.986936" lon="-113.531411"><ele>2027.800000000001</ele><time>2026-09-18T04:03:13Z</time></rtept><rtept lat="45.98704" lon="-113.531358"><ele>2025.6000000000004</ele><time>2026-09-18T04:03:13Z</time></rtept><rtept lat="45.987156" lon="-113.531234"><ele>2024.800000000001</ele><time>2026-09-18T04:03:13Z</time></rtept><rtept lat="45.987201" lon="-113.531132"><ele>2024.2000000000007</ele><time>2026-09-18T04:03:13Z</time></rtept><rtept lat="45.987286" lon="-113.531025"><ele>2023.800000000001</ele><time>2026-09-18T04:03:13Z</time></rtept><rtept lat="45.987465" lon="-113.53088"><ele>2020.4000000000015</ele><time>2026-09-18T04:03:13Z</time></rtept><rtept lat="45.987566" lon="-113.530746"><ele>2017.800000000001</ele><time>2026-09-18T04:03:13Z</time></rtept><rtept lat="45.98767" lon="-113.53043"><ele>2018.2000000000007</ele><time>2026-09-18T04:03:13Z</time></rtept><rtept lat="45.987749" lon="-113.530226"><ele>2019.4000000000015</ele><time>2026-09-18T04:03:13Z</time></rtept><rtept lat="45.987812" lon="-113.530054"><ele>2022.2000000000007</ele><time>2026-09-18T04:03:13Z</time></rtept><rtept lat="45.987871" lon="-113.529899"><ele>2022.4000000000015</ele><time>2026-09-18T04:03:13Z</time></rtept><rtept lat="45.987965" lon="-113.529877"><ele>2021.6000000000004</ele><time>2026-09-18T04:03:13Z</time></rtept><rtept lat="45.988099" lon="-113.529877"><ele>2019.6000000000004</ele><time>2026-09-18T04:03:13Z</time></rtept><rtept lat="45.98817" lon="-113.529834"><ele>2018.6000000000004</ele><time>2026-09-18T04:03:13Z</time></rtept><rtept lat="45.988274" lon="-113.529765"><ele>2017.6000000000004</ele><time>2026-09-18T04:03:13Z</time></rtept><rtept lat="45.988364" lon="-113.529582"><ele>2018.4000000000015</ele><time>2026-09-18T04:03:13Z</time></rtept><rtept lat="45.988434" lon="-113.529464"><ele>2018.0</ele><time>2026-09-18T04:03:13Z</time></rtept><rtept lat="45.988531" lon="-113.529368"><ele>2016.2000000000007</ele><time>2026-09-18T04:03:13Z</time></rtept><rtept lat="45.988654" lon="-113.529319"><ele>2014.2000000000007</ele><time>2026-09-18T04:03:13Z</time></rtept><rtept lat="45.988822" lon="-113.529271"><ele>2010.800000000001</ele><time>2026-09-18T04:03:13Z</time></rtept><rtept lat="45.989031" lon="-113.529169"><ele>2006.2000000000007</ele><time>2026-09-18T04:03:13Z</time></rtept><rtept lat="45.989139" lon="-113.528987"><ele>2006.2000000000007</ele><time>2026-09-18T04:03:13Z</time></rtept><rtept lat="45.989284" lon="-113.528912"><ele>2002.800000000001</ele><time>2026-09-18T04:03:13Z</time></rtept><rtept lat="45.9894" lon="-113.528788"><ele>2000.6000000000004</ele><time>2026-09-18T04:03:13Z</time></rtept><rtept lat="45.989631" lon="-113.528649"><ele>1996.2000000000007</ele><time>2026-09-18T04:03:13Z</time></rtept><rtept lat="45.989765" lon="-113.528541"><ele>1994.0</ele><time>2026-09-18T04:03:13Z</time></rtept><rtept lat="45.989925" lon="-113.528488"><ele>1991.800000000001</ele><time>2026-09-18T04:03:13Z</time></rtept><rtept lat="45.990145" lon="-113.528257"><ele>1987.6000000000004</ele><time>2026-09-18T04:03:13Z</time></rtept><rtept lat="45.990361" lon="-113.528053"><ele>1985.0</ele><time>2026-09-18T04:03:13Z</time></rtept><rtept lat="45.990555" lon="-113.527849"><ele>1983.6000000000004</ele><time>2026-09-18T04:03:13Z</time></rtept><rtept lat="45.990708" lon="-113.527812"><ele>1981.6000000000004</ele><time>2026-09-18T04:03:13Z</time></rtept><rtept lat="45.990891" lon="-113.527753"><ele>1978.800000000001</ele><time>2026-09-18T04:03:13Z</time></rtept><rtept lat="45.991002" lon="-113.527656"><ele>1977.800000000001</ele><time>2026-09-18T04:03:13Z</time></rtept><rtept lat="45.991155" lon="-113.527587"><ele>1977.0</ele><time>2026-09-18T04:03:13Z</time></rtept><rtept lat="45.991338" lon="-113.527458"><ele>1976.6000000000004</ele><time>2026-09-18T04:03:13Z</time></rtept><rtept lat="45.991526" lon="-113.527286"><ele>1976.0</ele><time>2026-09-18T04:03:13Z</time></rtept><rtept lat="45.99161" lon="-113.527265"><ele>1974.6000000000004</ele><time>2026-09-18T04:03:13Z</time></rtept><rtept lat="45.991677" lon="-113.527291"><ele>1973.800000000001</ele><time>2026-09-18T04:03:13Z</time></rtept><rtept lat="45.991772" lon="-113.527334"><ele>1972.0</ele><time>2026-09-18T04:03:13Z</time></rtept><rtept lat="45.991895" lon="-113.527299"><ele>1970.800000000001</ele><time>2026-09-18T04:03:13Z</time></rtept><rtept lat="45.992014" lon="-113.527345"><ele>1968.4000000000015</ele><time>2026-09-18T04:03:13Z</time></rtept><rtept lat="45.992154" lon="-113.52742"><ele>1966.4000000000015</ele><time>2026-09-18T04:03:13Z</time></rtept><rtept lat="45.992221" lon="-113.527536"><ele>1965.0</ele><time>2026-09-18T04:03:13Z</time></rtept><rtept lat="45.992322" lon="-113.527731"><ele>1962.6000000000004</ele><time>2026-09-18T04:03:13Z</time></rtept><rtept lat="45.992459" lon="-113.527932"><ele>1960.0</ele><time>2026-09-18T04:03:13Z</time></rtept><rtept lat="45.992538" lon="-113.528051"><ele>1959.0</ele><time>2026-09-18T04:03:13Z</time></rtept><rtept lat="45.992579" lon="-113.528085"><ele>1958.0</ele><time>2026-09-18T04:03:13Z</time></rtept><rtept lat="45.992661" lon="-113.528091"><ele>1957.4000000000015</ele><time>2026-09-18T04:03:13Z</time></rtept><rtept lat="45.992728" lon="-113.528096"><ele>1956.4000000000015</ele><time>2026-09-18T04:03:13Z</time></rtept><rtept lat="45.992795" lon="-113.528139"><ele>1956.0</ele><time>2026-09-18T04:03:13Z</time></rtept><rtept lat="45.992871" lon="-113.528254"><ele>1954.6000000000004</ele><time>2026-09-18T04:03:13Z</time></rtept><rtept lat="45.992939" lon="-113.528378"><ele>1953.6000000000004</ele><time>2026-09-18T04:03:13Z</time></rtept><rtept lat="45.993004" lon="-113.528528"><ele>1952.2000000000007</ele><time>2026-09-18T04:03:13Z</time></rtept><rtept lat="45.993071" lon="-113.528662"><ele>1951.800000000001</ele><time>2026-09-18T04:03:13Z</time></rtept><rtept lat="45.993153" lon="-113.528759"><ele>1951.6000000000004</ele><time>2026-09-18T04:03:13Z</time></rtept><rtept lat="45.99328" lon="-113.528858"><ele>1952.800000000001</ele><time>2026-09-18T04:03:13Z</time></rtept><rtept lat="45.99338" lon="-113.528909"><ele>1953.0</ele><time>2026-09-18T04:03:13Z</time></rtept><rtept lat="45.99347" lon="-113.528917"><ele>1953.2000000000007</ele><time>2026-09-18T04:03:13Z</time></rtept><rtept lat="45.993689" lon="-113.528895"><ele>1954.800000000001</ele><time>2026-09-18T04:03:13Z</time></rtept><rtept lat="45.99377" lon="-113.528895"><ele>1955.2000000000007</ele><time>2026-09-18T04:03:13Z</time></rtept><rtept lat="45.99398" lon="-113.528882"><ele>1956.0</ele><time>2026-09-18T04:03:13Z</time></rtept><rtept lat="45.994097" lon="-113.528807"><ele>1955.2000000000007</ele><time>2026-09-18T04:03:13Z</time></rtept><rtept lat="45.994304" lon="-113.528697"><ele>1955.2000000000007</ele><time>2026-09-18T04:03:13Z</time></rtept><rtept lat="45.99442" lon="-113.52863"><ele>1954.800000000001</ele><time>2026-09-18T04:03:13Z</time></rtept><rtept lat="45.994629" lon="-113.528616"><ele>1955.4000000000015</ele><time>2026-09-18T04:03:13Z</time></rtept><rtept lat="45.994824" lon="-113.528611"><ele>1956.2000000000007</ele><time>2026-09-18T04:03:13Z</time></rtept><rtept lat="45.994951" lon="-113.528555"><ele>1955.6000000000004</ele><time>2026-09-18T04:03:13Z</time></rtept><rtept lat="45.995042" lon="-113.528512"><ele>1955.6000000000004</ele><time>2026-09-18T04:03:13Z</time></rtept><rtept lat="45.995042" lon="-113.528512"><ele>1955.6000000000004</ele><time>2026-09-18T04:03:13Z</time></rtept><rtept lat="45.995132" lon="-113.528469"><ele>1955.0</ele><time>2026-09-18T04:03:13Z</time></rtept><rtept lat="45.995301" lon="-113.528391"><ele>1954.6000000000004</ele><time>2026-09-18T04:03:13Z</time></rtept><rtept lat="45.995482" lon="-113.528367"><ele>1955.0</ele><time>2026-09-18T04:03:13Z</time></rtept><rtept lat="45.995583" lon="-113.528375"><ele>1955.0</ele><time>2026-09-18T04:03:13Z</time></rtept><rtept lat="45.995674" lon="-113.528394"><ele>1955.2000000000007</ele><time>2026-09-18T04:03:13Z</time></rtept><rtept lat="45.995741" lon="-113.528472"><ele>1956.0</ele><time>2026-09-18T04:03:13Z</time></rtept><rtept lat="45.995799" lon="-113.528576"><ele>1956.800000000001</ele><time>2026-09-18T04:03:13Z</time></rtept><rtept lat="45.995877" lon="-113.528611"><ele>1957.4000000000015</ele><time>2026-09-18T04:03:13Z</time></rtept><rtept lat="45.995952" lon="-113.528598"><ele>1957.6000000000004</ele><time>2026-09-18T04:03:13Z</time></rtept><rtept lat="45.996058" lon="-113.528576"><ele>1956.800000000001</ele><time>2026-09-18T04:03:13Z</time></rtept><rtept lat="45.996138" lon="-113.528552"><ele>1956.800000000001</ele><time>2026-09-18T04:03:13Z</time></rtept><rtept lat="45.996308" lon="-113.528574"><ele>1956.6000000000004</ele><time>2026-09-18T04:03:13Z</time></rtept><rtept lat="45.996487" lon="-113.528619"><ele>1957.2000000000007</ele><time>2026-09-18T04:03:13Z</time></rtept><rtept lat="45.996688" lon="-113.528633"><ele>1957.0</ele><time>2026-09-18T04:03:13Z</time></rtept><rtept lat="45.996922" lon="-113.528614"><ele>1956.6000000000004</ele><time>2026-09-18T04:03:13Z</time></rtept><rtept lat="45.997086" lon="-113.528547"><ele>1955.4000000000015</ele><time>2026-09-18T04:03:13Z</time></rtept><rtept lat="45.997298" lon="-113.528473"><ele>1954.0</ele><time>2026-09-18T04:03:13Z</time></rtept><rtept lat="45.997298" lon="-113.528473"><ele>1954.0</ele><time>2026-09-18T04:03:13Z</time></rtept><rtept lat="45.997347" lon="-113.528456"><ele>1953.4000000000015</ele><time>2026-09-18T04:03:13Z</time></rtept><rtept lat="45.997462" lon="-113.528418"><ele>1951.6000000000004</ele><time>2026-09-18T04:03:13Z</time></rtept><rtept lat="45.997462" lon="-113.528416"><ele>1951.6000000000004</ele><time>2026-09-18T04:03:13Z</time></rtept><rtept lat="45.997579" lon="-113.528313"><ele>1950.2000000000007</ele><time>2026-09-18T04:03:13Z</time></rtept><rtept lat="45.99787" lon="-113.528467"><ele>1949.2000000000007</ele><time>2026-09-18T04:03:13Z</time></rtept><rtept lat="45.997902" lon="-113.528539"><ele>1949.6000000000004</ele><time>2026-09-18T04:03:13Z</time></rtept><rtept lat="45.998139" lon="-113.528354"><ele>1948.0</ele><time>2026-09-18T04:03:13Z</time></rtept><rtept lat="45.998234" lon="-113.528326"><ele>1947.4000000000015</ele><time>2026-09-18T04:03:13Z</time></rtept></rte></gpx>