<?xml version="1.0" ?><gpx xmlns="http://www.topografix.com/GPX/1/1" creator="GaiaGPS" version="1.1" xmlns:xsi="http://www.w3.org/2001/XMLSchema-instance" xsi:schemaLocation="http://www.topografix.com/GPX/1/1 http://www.topografix.com/GPX/1/1/gpx.xsd"><wpt lat="47.62528665221956" lon="-84.72292114300294"><time>2026-09-18T14:21:14Z</time><name>Base Camp</name><desc>Base Camp for the fishing trip on the island where the Ranger Cabin is.</desc><sym>emoji-⛺</sym></wpt><wpt lat="47.65604196749007" lon="-84.76629666974439"><time>2026-09-18T14:21:59Z</time><name>First Night Camp</name><desc>Where we camped for the first night on our way to Old Woman.</desc><sym>emoji-⛺</sym></wpt><wpt lat="47.65695808871578" lon="-84.78272056326598"><time>2026-09-18T14:25:07Z</time><name>Last Night Campsite</name><desc>Where we camped on our last night on the way out to the parking spot.</desc><sym>emoji-⛺</sym></wpt><rte><name>Portage Route</name><desc></desc><extensions><line xmlns="http://www.topografix.com/GPX/gpx_style/0/2"><color>F42410</color></line></extensions><rtept lat="47.658652" lon="-84.799601"><ele>409.60000000000036</ele><time>2026-09-18T14:04:40Z</time></rtept><rtept lat="47.658652" lon="-84.799611"><ele>409.40000000000146</ele><time>2026-09-18T14:04:40Z</time></rtept><rtept lat="47.658683" lon="-84.799336"><ele>409.40000000000146</ele><time>2026-09-18T14:04:40Z</time></rtept><rtept lat="47.658678" lon="-84.799113"><ele>409.8000000000011</ele><time>2026-09-18T14:04:40Z</time></rtept><rtept lat="47.658718" lon="-84.798966"><ele>410.40000000000146</ele><time>2026-09-18T14:04:40Z</time></rtept><rtept lat="47.658702" lon="-84.798784"><ele>411.8000000000011</ele><time>2026-09-18T14:04:40Z</time></rtept><rtept lat="47.658627" lon="-84.798668"><ele>412.8000000000011</ele><time>2026-09-18T14:04:40Z</time></rtept><rtept lat="47.65859" lon="-84.798607"><ele>414.40000000000146</ele><time>2026-09-18T14:04:40Z</time></rtept><rtept lat="47.65859" lon="-84.798607"><ele>414.40000000000146</ele><time>2026-09-18T14:04:40Z</time></rtept><rtept lat="47.658553" lon="-84.798545"><ele>416.0</ele><time>2026-09-18T14:04:40Z</time></rtept><rtept lat="47.658516" lon="-84.79832"><ele>417.8000000000011</ele><time>2026-09-18T14:04:40Z</time></rtept><rtept lat="47.658582" lon="-84.798009"><ele>420.40000000000146</ele><time>2026-09-18T14:04:40Z</time></rtept><rtept lat="47.658723" lon="-84.797697"><ele>422.40000000000146</ele><time>2026-09-18T14:04:40Z</time></rtept><rtept lat="47.658761" lon="-84.797294"><ele>425.60000000000036</ele><time>2026-09-18T14:04:40Z</time></rtept><rtept lat="47.65873" lon="-84.796873"><ele>429.60000000000036</ele><time>2026-09-18T14:04:40Z</time></rtept><rtept lat="47.658652" lon="-84.796455"><ele>431.60000000000036</ele><time>2026-09-18T14:04:40Z</time></rtept><rtept lat="47.658554" lon="-84.796168"><ele>430.0</ele><time>2026-09-18T14:04:40Z</time></rtept><rtept lat="47.658554" lon="-84.796168"><ele>430.0</ele><time>2026-09-18T14:04:40Z</time></rtept><rtept lat="47.658554" lon="-84.796168"><ele>430.0</ele><time>2026-09-18T14:04:40Z</time></rtept><rtept lat="47.658532" lon="-84.795769"><ele>429.60000000000036</ele><time>2026-09-18T14:04:40Z</time></rtept><rtept lat="47.658514" lon="-84.79543"><ele>429.60000000000036</ele><time>2026-09-18T14:04:40Z</time></rtept><rtept lat="47.658514" lon="-84.79543"><ele>429.60000000000036</ele><time>2026-09-18T14:04:40Z</time></rtept><rtept lat="47.658556" lon="-84.795034"><ele>429.8000000000011</ele><time>2026-09-18T14:04:40Z</time></rtept><rtept lat="47.658599" lon="-84.794639"><ele>431.0</ele><time>2026-09-18T14:04:40Z</time></rtept><rtept lat="47.658641" lon="-84.794243"><ele>433.2000000000007</ele><time>2026-09-18T14:04:40Z</time></rtept><rtept lat="47.658683" lon="-84.793848"><ele>430.40000000000146</ele><time>2026-09-18T14:04:40Z</time></rtept><rtept lat="47.658726" lon="-84.793452"><ele>428.60000000000036</ele><time>2026-09-18T14:04:40Z</time></rtept><rtept lat="47.658768" lon="-84.793056"><ele>428.0</ele><time>2026-09-18T14:04:40Z</time></rtept><rtept lat="47.65881" lon="-84.792661"><ele>427.40000000000146</ele><time>2026-09-18T14:04:40Z</time></rtept><rtept lat="47.658853" lon="-84.792265"><ele>426.8000000000011</ele><time>2026-09-18T14:04:40Z</time></rtept><rtept lat="47.658895" lon="-84.79187"><ele>427.2000000000007</ele><time>2026-09-18T14:04:40Z</time></rtept><rtept lat="47.658938" lon="-84.791474"><ele>427.40000000000146</ele><time>2026-09-18T14:04:40Z</time></rtept><rtept lat="47.65898" lon="-84.791078"><ele>427.2000000000007</ele><time>2026-09-18T14:04:40Z</time></rtept><rtept lat="47.659022" lon="-84.790683"><ele>426.2000000000007</ele><time>2026-09-18T14:04:40Z</time></rtept><rtept lat="47.659051" lon="-84.790412"><ele>425.8000000000011</ele><time>2026-09-18T14:04:40Z</time></rtept><rtept lat="47.659051" lon="-84.790412"><ele>425.8000000000011</ele><time>2026-09-18T14:04:40Z</time></rtept><rtept lat="47.659025" lon="-84.790013"><ele>424.60000000000036</ele><time>2026-09-18T14:04:40Z</time></rtept><rtept lat="47.658999" lon="-84.789615"><ele>423.60000000000036</ele><time>2026-09-18T14:04:40Z</time></rtept><rtept lat="47.658974" lon="-84.789216"><ele>423.2000000000007</ele><time>2026-09-18T14:04:40Z</time></rtept><rtept lat="47.658948" lon="-84.788817"><ele>424.0</ele><time>2026-09-18T14:04:40Z</time></rtept><rtept lat="47.658922" lon="-84.788418"><ele>423.8000000000011</ele><time>2026-09-18T14:04:40Z</time></rtept><rtept lat="47.658896" lon="-84.78802"><ele>423.8000000000011</ele><time>2026-09-18T14:04:40Z</time></rtept><rtept lat="47.65887" lon="-84.787621"><ele>423.8000000000011</ele><time>2026-09-18T14:04:40Z</time></rtept><rtept lat="47.658845" lon="-84.787222"><ele>424.0</ele><time>2026-09-18T14:04:40Z</time></rtept><rtept lat="47.658819" lon="-84.786823"><ele>424.40000000000146</ele><time>2026-09-18T14:04:40Z</time></rtept><rtept lat="47.658793" lon="-84.786425"><ele>424.8000000000011</ele><time>2026-09-18T14:04:40Z</time></rtept><rtept lat="47.658767" lon="-84.786026"><ele>425.0</ele><time>2026-09-18T14:04:40Z</time></rtept><rtept lat="47.658741" lon="-84.785627"><ele>425.0</ele><time>2026-09-18T14:04:40Z</time></rtept><rtept lat="47.658716" lon="-84.785229"><ele>425.0</ele><time>2026-09-18T14:04:40Z</time></rtept><rtept lat="47.65869" lon="-84.78483"><ele>425.8000000000011</ele><time>2026-09-18T14:04:40Z</time></rtept><rtept lat="47.658664" lon="-84.784431"><ele>426.0</ele><time>2026-09-18T14:04:40Z</time></rtept><rtept lat="47.658638" lon="-84.784032"><ele>426.0</ele><time>2026-09-18T14:04:40Z</time></rtept><rtept lat="47.658612" lon="-84.783634"><ele>426.2000000000007</ele><time>2026-09-18T14:04:40Z</time></rtept><rtept lat="47.658587" lon="-84.783235"><ele>427.0</ele><time>2026-09-18T14:04:40Z</time></rtept><rtept lat="47.658561" lon="-84.782836"><ele>427.0</ele><time>2026-09-18T14:04:40Z</time></rtept><rtept lat="47.658535" lon="-84.782437"><ele>427.0</ele><time>2026-09-18T14:04:40Z</time></rtept><rtept lat="47.658509" lon="-84.782039"><ele>427.8000000000011</ele><time>2026-09-18T14:04:40Z</time></rtept><rtept lat="47.658483" lon="-84.78164"><ele>427.60000000000036</ele><time>2026-09-18T14:04:40Z</time></rtept><rtept lat="47.658458" lon="-84.781241"><ele>427.60000000000036</ele><time>2026-09-18T14:04:40Z</time></rtept><rtept lat="47.658432" lon="-84.780843"><ele>427.0</ele><time>2026-09-18T14:04:40Z</time></rtept><rtept lat="47.658406" lon="-84.780444"><ele>426.40000000000146</ele><time>2026-09-18T14:04:40Z</time></rtept><rtept lat="47.65838" lon="-84.780045"><ele>426.0</ele><time>2026-09-18T14:04:40Z</time></rtept><rtept lat="47.658354" lon="-84.779646"><ele>426.0</ele><time>2026-09-18T14:04:40Z</time></rtept><rtept lat="47.658328" lon="-84.779248"><ele>425.8000000000011</ele><time>2026-09-18T14:04:40Z</time></rtept><rtept lat="47.658303" lon="-84.778849"><ele>425.8000000000011</ele><time>2026-09-18T14:04:40Z</time></rtept><rtept lat="47.658277" lon="-84.77845"><ele>425.60000000000036</ele><time>2026-09-18T14:04:40Z</time></rtept><rtept lat="47.658251" lon="-84.778052"><ele>425.40000000000146</ele><time>2026-09-18T14:04:40Z</time></rtept><rtept lat="47.658225" lon="-84.777653"><ele>425.0</ele><time>2026-09-18T14:04:40Z</time></rtept><rtept lat="47.658199" lon="-84.777254"><ele>425.0</ele><time>2026-09-18T14:04:40Z</time></rtept><rtept lat="47.658173" lon="-84.776855"><ele>425.0</ele><time>2026-09-18T14:04:40Z</time></rtept><rtept lat="47.658148" lon="-84.776457"><ele>425.0</ele><time>2026-09-18T14:04:40Z</time></rtept><rtept lat="47.658122" lon="-84.776058"><ele>425.0</ele><time>2026-09-18T14:04:40Z</time></rtept><rtept lat="47.658096" lon="-84.775659"><ele>425.0</ele><time>2026-09-18T14:04:40Z</time></rtept><rtept lat="47.65807" lon="-84.775261"><ele>424.40000000000146</ele><time>2026-09-18T14:04:40Z</time></rtept><rtept lat="47.658044" lon="-84.774862"><ele>424.60000000000036</ele><time>2026-09-18T14:04:40Z</time></rtept><rtept lat="47.658018" lon="-84.774463"><ele>425.0</ele><time>2026-09-18T14:04:40Z</time></rtept><rtept lat="47.657993" lon="-84.774064"><ele>425.0</ele><time>2026-09-18T14:04:40Z</time></rtept><rtept lat="47.657967" lon="-84.773666"><ele>424.60000000000036</ele><time>2026-09-18T14:04:40Z</time></rtept><rtept lat="47.657941" lon="-84.773267"><ele>424.60000000000036</ele><time>2026-09-18T14:04:40Z</time></rtept><rtept lat="47.657915" lon="-84.772868"><ele>425.0</ele><time>2026-09-18T14:04:40Z</time></rtept><rtept lat="47.657889" lon="-84.77247"><ele>425.0</ele><time>2026-09-18T14:04:40Z</time></rtept><rtept lat="47.657863" lon="-84.772071"><ele>424.0</ele><time>2026-09-18T14:04:40Z</time></rtept><rtept lat="47.657837" lon="-84.771672"><ele>422.40000000000146</ele><time>2026-09-18T14:04:40Z</time></rtept><rtept lat="47.657812" lon="-84.771273"><ele>421.40000000000146</ele><time>2026-09-18T14:04:40Z</time></rtept><rtept lat="47.657786" lon="-84.770875"><ele>421.0</ele><time>2026-09-18T14:04:40Z</time></rtept><rtept lat="47.65776" lon="-84.770476"><ele>420.40000000000146</ele><time>2026-09-18T14:04:40Z</time></rtept><rtept lat="47.65775" lon="-84.770321"><ele>420.60000000000036</ele><time>2026-09-18T14:04:40Z</time></rtept><rtept lat="47.65775" lon="-84.770321"><ele>420.60000000000036</ele><time>2026-09-18T14:04:40Z</time></rtept><rtept lat="47.657662" lon="-84.769942"><ele>421.0</ele><time>2026-09-18T14:04:40Z</time></rtept><rtept lat="47.657574" lon="-84.769563"><ele>421.0</ele><time>2026-09-18T14:04:40Z</time></rtept><rtept lat="47.657487" lon="-84.769185"><ele>421.0</ele><time>2026-09-18T14:04:40Z</time></rtept><rtept lat="47.657399" lon="-84.768806"><ele>421.2000000000007</ele><time>2026-09-18T14:04:40Z</time></rtept><rtept lat="47.657311" lon="-84.768427"><ele>421.8000000000011</ele><time>2026-09-18T14:04:40Z</time></rtept><rtept lat="47.657223" lon="-84.768048"><ele>422.0</ele><time>2026-09-18T14:04:40Z</time></rtept><rtept lat="47.657136" lon="-84.76767"><ele>422.0</ele><time>2026-09-18T14:04:40Z</time></rtept><rtept lat="47.657048" lon="-84.767291"><ele>422.0</ele><time>2026-09-18T14:04:40Z</time></rtept><rtept lat="47.657001" lon="-84.76709"><ele>422.0</ele><time>2026-09-18T14:04:40Z</time></rtept><rtept lat="47.657001" lon="-84.76709"><ele>422.0</ele><time>2026-09-18T14:04:40Z</time></rtept><rtept lat="47.656781" lon="-84.766858"><ele>422.0</ele><time>2026-09-18T14:04:40Z</time></rtept><rtept lat="47.656561" lon="-84.766625"><ele>422.0</ele><time>2026-09-18T14:04:40Z</time></rtept><rtept lat="47.656342" lon="-84.766393"><ele>422.0</ele><time>2026-09-18T14:04:40Z</time></rtept><rtept lat="47.656122" lon="-84.766161"><ele>422.0</ele><time>2026-09-18T14:04:40Z</time></rtept><rtept lat="47.655902" lon="-84.765929"><ele>422.0</ele><time>2026-09-18T14:04:40Z</time></rtept><rtept lat="47.655804" lon="-84.765825"><ele>422.0</ele><time>2026-09-18T14:04:40Z</time></rtept><rtept lat="47.655804" lon="-84.765825"><ele>422.0</ele><time>2026-09-18T14:04:40Z</time></rtept><rtept lat="47.655546" lon="-84.76571"><ele>422.0</ele><time>2026-09-18T14:04:40Z</time></rtept><rtept lat="47.655287" lon="-84.765596"><ele>422.60000000000036</ele><time>2026-09-18T14:04:40Z</time></rtept><rtept lat="47.655029" lon="-84.765481"><ele>423.0</ele><time>2026-09-18T14:04:40Z</time></rtept><rtept lat="47.65477" lon="-84.765366"><ele>423.0</ele><time>2026-09-18T14:04:40Z</time></rtept><rtept lat="47.654512" lon="-84.765252"><ele>423.40000000000146</ele><time>2026-09-18T14:04:40Z</time></rtept><rtept lat="47.654253" lon="-84.765137"><ele>424.0</ele><time>2026-09-18T14:04:40Z</time></rtept><rtept lat="47.653995" lon="-84.765022"><ele>424.0</ele><time>2026-09-18T14:04:40Z</time></rtept><rtept lat="47.653736" lon="-84.764908"><ele>424.40000000000146</ele><time>2026-09-18T14:04:40Z</time></rtept><rtept lat="47.653478" lon="-84.764793"><ele>424.8000000000011</ele><time>2026-09-18T14:04:40Z</time></rtept><rtept lat="47.653219" lon="-84.764678"><ele>425.2000000000007</ele><time>2026-09-18T14:04:40Z</time></rtept><rtept lat="47.65296" lon="-84.764563"><ele>425.2000000000007</ele><time>2026-09-18T14:04:40Z</time></rtept><rtept lat="47.652702" lon="-84.764449"><ele>425.60000000000036</ele><time>2026-09-18T14:04:40Z</time></rtept><rtept lat="47.652443" lon="-84.764334"><ele>425.8000000000011</ele><time>2026-09-18T14:04:40Z</time></rtept><rtept lat="47.652185" lon="-84.764219"><ele>425.2000000000007</ele><time>2026-09-18T14:04:40Z</time></rtept><rtept lat="47.652036" lon="-84.764153"><ele>424.8000000000011</ele><time>2026-09-18T14:04:40Z</time></rtept><rtept lat="47.652036" lon="-84.764153"><ele>424.8000000000011</ele><time>2026-09-18T14:04:40Z</time></rtept><rtept lat="47.651774" lon="-84.764248"><ele>426.0</ele><time>2026-09-18T14:04:40Z</time></rtept><rtept lat="47.651512" lon="-84.764342"><ele>426.40000000000146</ele><time>2026-09-18T14:04:40Z</time></rtept><rtept lat="47.651377" lon="-84.764391"><ele>426.2000000000007</ele><time>2026-09-18T14:04:40Z</time></rtept><rtept lat="47.651377" lon="-84.764391"><ele>426.2000000000007</ele><time>2026-09-18T14:04:40Z</time></rtept><rtept lat="47.651108" lon="-84.764413"><ele>425.8000000000011</ele><time>2026-09-18T14:04:40Z</time></rtept><rtept lat="47.650937" lon="-84.764427"><ele>425.8000000000011</ele><time>2026-09-18T14:04:40Z</time></rtept><rtept lat="47.650937" lon="-84.764427"><ele>425.8000000000011</ele><time>2026-09-18T14:04:40Z</time></rtept><rtept lat="47.650667" lon="-84.764409"><ele>424.8000000000011</ele><time>2026-09-18T14:04:40Z</time></rtept><rtept lat="47.650398" lon="-84.76439"><ele>425.2000000000007</ele><time>2026-09-18T14:04:40Z</time></rtept><rtept lat="47.650128" lon="-84.764372"><ele>425.2000000000007</ele><time>2026-09-18T14:04:40Z</time></rtept><rtept lat="47.649859" lon="-84.764354"><ele>425.2000000000007</ele><time>2026-09-18T14:04:40Z</time></rtept><rtept lat="47.649589" lon="-84.764335"><ele>425.60000000000036</ele><time>2026-09-18T14:04:40Z</time></rtept><rtept lat="47.64932" lon="-84.764317"><ele>425.60000000000036</ele><time>2026-09-18T14:04:40Z</time></rtept><rtept lat="47.64905" lon="-84.764299"><ele>426.2000000000007</ele><time>2026-09-18T14:04:40Z</time></rtept><rtept lat="47.648781" lon="-84.76428"><ele>426.60000000000036</ele><time>2026-09-18T14:04:40Z</time></rtept><rtept lat="47.648511" lon="-84.764262"><ele>426.60000000000036</ele><time>2026-09-18T14:04:40Z</time></rtept><rtept lat="47.648369" lon="-84.764252"><ele>426.60000000000036</ele><time>2026-09-18T14:04:40Z</time></rtept><rtept lat="47.648369" lon="-84.764252"><ele>426.60000000000036</ele><time>2026-09-18T14:04:40Z</time></rtept><rtept lat="47.64811" lon="-84.764362"><ele>426.8000000000011</ele><time>2026-09-18T14:04:40Z</time></rtept><rtept lat="47.64785" lon="-84.764473"><ele>426.60000000000036</ele><time>2026-09-18T14:04:40Z</time></rtept><rtept lat="47.647591" lon="-84.764583"><ele>427.0</ele><time>2026-09-18T14:04:40Z</time></rtept><rtept lat="47.647332" lon="-84.764694"><ele>427.0</ele><time>2026-09-18T14:04:40Z</time></rtept><rtept lat="47.647072" lon="-84.764804"><ele>427.0</ele><time>2026-09-18T14:04:40Z</time></rtept><rtept lat="47.646813" lon="-84.764915"><ele>427.0</ele><time>2026-09-18T14:04:40Z</time></rtept><rtept lat="47.646567" lon="-84.76502"><ele>427.0</ele><time>2026-09-18T14:04:40Z</time></rtept><rtept lat="47.646567" lon="-84.76502"><ele>427.0</ele><time>2026-09-18T14:04:40Z</time></rtept><rtept lat="47.646515" lon="-84.765413"><ele>427.60000000000036</ele><time>2026-09-18T14:04:40Z</time></rtept><rtept lat="47.646466" lon="-84.765783"><ele>427.8000000000011</ele><time>2026-09-18T14:04:40Z</time></rtept><rtept lat="47.646466" lon="-84.765783"><ele>427.8000000000011</ele><time>2026-09-18T14:04:40Z</time></rtept><rtept lat="47.646255" lon="-84.766033"><ele>427.8000000000011</ele><time>2026-09-18T14:04:40Z</time></rtept><rtept lat="47.646044" lon="-84.766282"><ele>427.8000000000011</ele><time>2026-09-18T14:04:40Z</time></rtept><rtept lat="47.645833" lon="-84.766532"><ele>428.0</ele><time>2026-09-18T14:04:40Z</time></rtept><rtept lat="47.645826" lon="-84.76654"><ele>428.0</ele><time>2026-09-18T14:04:40Z</time></rtept><rtept lat="47.645826" lon="-84.76654"><ele>428.0</ele><time>2026-09-18T14:04:40Z</time></rtept><rtept lat="47.64556" lon="-84.766475"><ele>427.8000000000011</ele><time>2026-09-18T14:04:40Z</time></rtept><rtept lat="47.645294" lon="-84.76641"><ele>427.60000000000036</ele><time>2026-09-18T14:04:40Z</time></rtept><rtept lat="47.645027" lon="-84.766344"><ele>427.40000000000146</ele><time>2026-09-18T14:04:40Z</time></rtept><rtept lat="47.64478" lon="-84.766284"><ele>427.2000000000007</ele><time>2026-09-18T14:04:40Z</time></rtept><rtept lat="47.64478" lon="-84.766284"><ele>427.2000000000007</ele><time>2026-09-18T14:04:40Z</time></rtept><rtept lat="47.644532" lon="-84.766126"><ele>426.60000000000036</ele><time>2026-09-18T14:04:40Z</time></rtept><rtept lat="47.644284" lon="-84.765967"><ele>426.60000000000036</ele><time>2026-09-18T14:04:40Z</time></rtept><rtept lat="47.644037" lon="-84.765809"><ele>426.40000000000146</ele><time>2026-09-18T14:04:40Z</time></rtept><rtept lat="47.643789" lon="-84.76565"><ele>426.40000000000146</ele><time>2026-09-18T14:04:40Z</time></rtept><rtept lat="47.643669" lon="-84.765573"><ele>426.0</ele><time>2026-09-18T14:04:40Z</time></rtept><rtept lat="47.643669" lon="-84.765573"><ele>426.0</ele><time>2026-09-18T14:04:40Z</time></rtept><rtept lat="47.643504" lon="-84.765256"><ele>425.2000000000007</ele><time>2026-09-18T14:04:40Z</time></rtept><rtept lat="47.643339" lon="-84.764939"><ele>424.8000000000011</ele><time>2026-09-18T14:04:40Z</time></rtept><rtept lat="47.643174" lon="-84.764622"><ele>424.0</ele><time>2026-09-18T14:04:40Z</time></rtept><rtept lat="47.643009" lon="-84.764306"><ele>424.0</ele><time>2026-09-18T14:04:40Z</time></rtept><rtept lat="47.642844" lon="-84.763989"><ele>423.60000000000036</ele><time>2026-09-18T14:04:40Z</time></rtept><rtept lat="47.642679" lon="-84.763672"><ele>422.60000000000036</ele><time>2026-09-18T14:04:40Z</time></rtept><rtept lat="47.642666" lon="-84.763646"><ele>422.60000000000036</ele><time>2026-09-18T14:04:40Z</time></rtept><rtept lat="47.642666" lon="-84.763646"><ele>422.60000000000036</ele><time>2026-09-18T14:04:40Z</time></rtept><rtept lat="47.642397" lon="-84.763672"><ele>422.0</ele><time>2026-09-18T14:04:40Z</time></rtept><rtept lat="47.642133" lon="-84.763698"><ele>421.8000000000011</ele><time>2026-09-18T14:04:40Z</time></rtept><rtept lat="47.642133" lon="-84.763698"><ele>421.8000000000011</ele><time>2026-09-18T14:04:40Z</time></rtept><rtept lat="47.641907" lon="-84.763916"><ele>421.40000000000146</ele><time>2026-09-18T14:04:40Z</time></rtept><rtept lat="47.641681" lon="-84.764134"><ele>421.40000000000146</ele><time>2026-09-18T14:04:40Z</time></rtept><rtept lat="47.641454" lon="-84.764352"><ele>421.60000000000036</ele><time>2026-09-18T14:04:40Z</time></rtept><rtept lat="47.641228" lon="-84.764571"><ele>421.60000000000036</ele><time>2026-09-18T14:04:40Z</time></rtept><rtept lat="47.64108" lon="-84.764714"><ele>421.40000000000146</ele><time>2026-09-18T14:04:40Z</time></rtept><rtept lat="47.64108" lon="-84.764714"><ele>421.40000000000146</ele><time>2026-09-18T14:04:40Z</time></rtept><rtept lat="47.640814" lon="-84.764781"><ele>422.2000000000007</ele><time>2026-09-18T14:04:40Z</time></rtept><rtept lat="47.640548" lon="-84.764848"><ele>423.0</ele><time>2026-09-18T14:04:40Z</time></rtept><rtept lat="47.640282" lon="-84.764915"><ele>425.60000000000036</ele><time>2026-09-18T14:04:40Z</time></rtept><rtept lat="47.640016" lon="-84.764982"><ele>425.60000000000036</ele><time>2026-09-18T14:04:40Z</time></rtept><rtept lat="47.639867" lon="-84.765019"><ele>424.2000000000007</ele><time>2026-09-18T14:04:40Z</time></rtept><rtept lat="47.639867" lon="-84.765019"><ele>424.2000000000007</ele><time>2026-09-18T14:04:40Z</time></rtept><rtept lat="47.639602" lon="-84.765094"><ele>423.40000000000146</ele><time>2026-09-18T14:04:40Z</time></rtept><rtept lat="47.639337" lon="-84.765168"><ele>420.60000000000036</ele><time>2026-09-18T14:04:40Z</time></rtept><rtept lat="47.639291" lon="-84.765181"><ele>420.40000000000146</ele><time>2026-09-18T14:04:40Z</time></rtept><rtept lat="47.639291" lon="-84.765181"><ele>420.40000000000146</ele><time>2026-09-18T14:04:40Z</time></rtept><rtept lat="47.639179" lon="-84.764817"><ele>420.0</ele><time>2026-09-18T14:04:40Z</time></rtept><rtept lat="47.639137" lon="-84.764679"><ele>419.8000000000011</ele><time>2026-09-18T14:04:40Z</time></rtept><rtept lat="47.639137" lon="-84.764679"><ele>419.8000000000011</ele><time>2026-09-18T14:04:40Z</time></rtept><rtept lat="47.639123" lon="-84.764279"><ele>419.2000000000007</ele><time>2026-09-18T14:04:40Z</time></rtept><rtept lat="47.639108" lon="-84.763879"><ele>418.8000000000011</ele><time>2026-09-18T14:04:40Z</time></rtept><rtept lat="47.639094" lon="-84.763479"><ele>418.8000000000011</ele><time>2026-09-18T14:04:40Z</time></rtept><rtept lat="47.639093" lon="-84.763439"><ele>418.8000000000011</ele><time>2026-09-18T14:04:40Z</time></rtept><rtept lat="47.639093" lon="-84.763439"><ele>418.8000000000011</ele><time>2026-09-18T14:04:40Z</time></rtept><rtept lat="47.638833" lon="-84.763333"><ele>418.2000000000007</ele><time>2026-09-18T14:04:40Z</time></rtept><rtept lat="47.638573" lon="-84.763227"><ele>418.2000000000007</ele><time>2026-09-18T14:04:40Z</time></rtept><rtept lat="47.638313" lon="-84.763121"><ele>418.0</ele><time>2026-09-18T14:04:40Z</time></rtept><rtept lat="47.638052" lon="-84.763015"><ele>418.0</ele><time>2026-09-18T14:04:40Z</time></rtept><rtept lat="47.637949" lon="-84.762972"><ele>418.0</ele><time>2026-09-18T14:04:40Z</time></rtept><rtept lat="47.637949" lon="-84.762972"><ele>418.0</ele><time>2026-09-18T14:04:40Z</time></rtept><rtept lat="47.637693" lon="-84.762848"><ele>417.8000000000011</ele><time>2026-09-18T14:04:40Z</time></rtept><rtept lat="47.637436" lon="-84.762723"><ele>417.0</ele><time>2026-09-18T14:04:40Z</time></rtept><rtept lat="47.637295" lon="-84.762655"><ele>417.0</ele><time>2026-09-18T14:04:40Z</time></rtept><rtept lat="47.637295" lon="-84.762655"><ele>417.0</ele><time>2026-09-18T14:04:40Z</time></rtept><rtept lat="47.637026" lon="-84.762627"><ele>416.8000000000011</ele><time>2026-09-18T14:04:40Z</time></rtept><rtept lat="47.636757" lon="-84.7626"><ele>417.0</ele><time>2026-09-18T14:04:40Z</time></rtept><rtept lat="47.636488" lon="-84.762572"><ele>416.8000000000011</ele><time>2026-09-18T14:04:40Z</time></rtept><rtept lat="47.636218" lon="-84.762545"><ele>416.2000000000007</ele><time>2026-09-18T14:04:40Z</time></rtept><rtept lat="47.636019" lon="-84.762524"><ele>416.40000000000146</ele><time>2026-09-18T14:04:40Z</time></rtept><rtept lat="47.636019" lon="-84.762524"><ele>416.40000000000146</ele><time>2026-09-18T14:04:40Z</time></rtept><rtept lat="47.63575" lon="-84.762496"><ele>416.60000000000036</ele><time>2026-09-18T14:04:40Z</time></rtept><rtept lat="47.635481" lon="-84.762469"><ele>416.2000000000007</ele><time>2026-09-18T14:04:40Z</time></rtept><rtept lat="47.635212" lon="-84.762441"><ele>416.2000000000007</ele><time>2026-09-18T14:04:40Z</time></rtept><rtept lat="47.634942" lon="-84.762414"><ele>416.40000000000146</ele><time>2026-09-18T14:04:40Z</time></rtept><rtept lat="47.634673" lon="-84.762386"><ele>416.0</ele><time>2026-09-18T14:04:40Z</time></rtept><rtept lat="47.634404" lon="-84.762359"><ele>415.60000000000036</ele><time>2026-09-18T14:04:40Z</time></rtept><rtept lat="47.634135" lon="-84.762331"><ele>415.60000000000036</ele><time>2026-09-18T14:04:40Z</time></rtept><rtept lat="47.633883" lon="-84.762306"><ele>414.8000000000011</ele><time>2026-09-18T14:04:40Z</time></rtept><rtept lat="47.633883" lon="-84.762306"><ele>414.8000000000011</ele><time>2026-09-18T14:04:40Z</time></rtept><rtept lat="47.633613" lon="-84.762322"><ele>414.2000000000007</ele><time>2026-09-18T14:04:40Z</time></rtept><rtept lat="47.633344" lon="-84.762339"><ele>413.8000000000011</ele><time>2026-09-18T14:04:40Z</time></rtept><rtept lat="47.633074" lon="-84.762355"><ele>414.0</ele><time>2026-09-18T14:04:40Z</time></rtept><rtept lat="47.632805" lon="-84.762372"><ele>414.0</ele><time>2026-09-18T14:04:40Z</time></rtept><rtept lat="47.632535" lon="-84.762388"><ele>414.0</ele><time>2026-09-18T14:04:40Z</time></rtept><rtept lat="47.632266" lon="-84.762405"><ele>414.0</ele><time>2026-09-18T14:04:40Z</time></rtept><rtept lat="47.631996" lon="-84.762421"><ele>414.0</ele><time>2026-09-18T14:04:40Z</time></rtept><rtept lat="47.631726" lon="-84.762437"><ele>414.0</ele><time>2026-09-18T14:04:40Z</time></rtept><rtept lat="47.631457" lon="-84.762454"><ele>414.0</ele><time>2026-09-18T14:04:40Z</time></rtept><rtept lat="47.631187" lon="-84.76247"><ele>413.8000000000011</ele><time>2026-09-18T14:04:40Z</time></rtept><rtept lat="47.631089" lon="-84.762476"><ele>413.8000000000011</ele><time>2026-09-18T14:04:40Z</time></rtept><rtept lat="47.631089" lon="-84.762476"><ele>413.8000000000011</ele><time>2026-09-18T14:04:40Z</time></rtept><rtept lat="47.63082" lon="-84.762501"><ele>413.8000000000011</ele><time>2026-09-18T14:04:40Z</time></rtept><rtept lat="47.63055" lon="-84.762527"><ele>414.0</ele><time>2026-09-18T14:04:40Z</time></rtept><rtept lat="47.630281" lon="-84.762552"><ele>414.0</ele><time>2026-09-18T14:04:40Z</time></rtept><rtept lat="47.630012" lon="-84.762577"><ele>414.0</ele><time>2026-09-18T14:04:40Z</time></rtept><rtept lat="47.629743" lon="-84.762603"><ele>414.0</ele><time>2026-09-18T14:04:40Z</time></rtept><rtept lat="47.629473" lon="-84.762628"><ele>414.0</ele><time>2026-09-18T14:04:40Z</time></rtept><rtept lat="47.629204" lon="-84.762654"><ele>413.8000000000011</ele><time>2026-09-18T14:04:40Z</time></rtept><rtept lat="47.628935" lon="-84.762679"><ele>413.8000000000011</ele><time>2026-09-18T14:04:40Z</time></rtept><rtept lat="47.628666" lon="-84.762704"><ele>414.0</ele><time>2026-09-18T14:04:40Z</time></rtept><rtept lat="47.628396" lon="-84.76273"><ele>414.0</ele><time>2026-09-18T14:04:40Z</time></rtept><rtept lat="47.628127" lon="-84.762755"><ele>414.0</ele><time>2026-09-18T14:04:40Z</time></rtept><rtept lat="47.627858" lon="-84.76278"><ele>414.0</ele><time>2026-09-18T14:04:40Z</time></rtept><rtept lat="47.627589" lon="-84.762806"><ele>414.0</ele><time>2026-09-18T14:04:40Z</time></rtept><rtept lat="47.627319" lon="-84.762831"><ele>414.0</ele><time>2026-09-18T14:04:40Z</time></rtept><rtept lat="47.62705" lon="-84.762856"><ele>414.0</ele><time>2026-09-18T14:04:40Z</time></rtept><rtept lat="47.626781" lon="-84.762882"><ele>414.0</ele><time>2026-09-18T14:04:40Z</time></rtept><rtept lat="47.626684" lon="-84.762891"><ele>414.0</ele><time>2026-09-18T14:04:40Z</time></rtept><rtept lat="47.626684" lon="-84.762891"><ele>414.0</ele><time>2026-09-18T14:04:40Z</time></rtept><rtept lat="47.626419" lon="-84.762813"><ele>414.0</ele><time>2026-09-18T14:04:40Z</time></rtept><rtept lat="47.626155" lon="-84.762735"><ele>414.0</ele><time>2026-09-18T14:04:40Z</time></rtept><rtept lat="47.62589" lon="-84.762658"><ele>414.0</ele><time>2026-09-18T14:04:40Z</time></rtept><rtept lat="47.625625" lon="-84.76258"><ele>414.0</ele><time>2026-09-18T14:04:40Z</time></rtept><rtept lat="47.625361" lon="-84.762502"><ele>414.0</ele><time>2026-09-18T14:04:40Z</time></rtept><rtept lat="47.625096" lon="-84.762424"><ele>414.0</ele><time>2026-09-18T14:04:40Z</time></rtept><rtept lat="47.624831" lon="-84.762347"><ele>414.0</ele><time>2026-09-18T14:04:40Z</time></rtept><rtept lat="47.624567" lon="-84.762269"><ele>414.0</ele><time>2026-09-18T14:04:40Z</time></rtept><rtept lat="47.624302" lon="-84.762191"><ele>414.0</ele><time>2026-09-18T14:04:40Z</time></rtept><rtept lat="47.624037" lon="-84.762113"><ele>414.0</ele><time>2026-09-18T14:04:40Z</time></rtept><rtept lat="47.623773" lon="-84.762036"><ele>414.0</ele><time>2026-09-18T14:04:40Z</time></rtept><rtept lat="47.623617" lon="-84.76199"><ele>413.8000000000011</ele><time>2026-09-18T14:04:40Z</time></rtept><rtept lat="47.623617" lon="-84.76199"><ele>413.8000000000011</ele><time>2026-09-18T14:04:40Z</time></rtept><rtept lat="47.623362" lon="-84.76186"><ele>413.60000000000036</ele><time>2026-09-18T14:04:40Z</time></rtept><rtept lat="47.623107" lon="-84.76173"><ele>414.60000000000036</ele><time>2026-09-18T14:04:40Z</time></rtept><rtept lat="47.622994" lon="-84.761673"><ele>415.2000000000007</ele><time>2026-09-18T14:04:40Z</time></rtept><rtept lat="47.622994" lon="-84.761673"><ele>415.2000000000007</ele><time>2026-09-18T14:04:40Z</time></rtept><rtept lat="47.622899" lon="-84.761298"><ele>423.2000000000007</ele><time>2026-09-18T14:04:40Z</time></rtept><rtept lat="47.622804" lon="-84.760923"><ele>430.8000000000011</ele><time>2026-09-18T14:04:40Z</time></rtept><rtept lat="47.62271" lon="-84.760549"><ele>437.8000000000011</ele><time>2026-09-18T14:04:40Z</time></rtept><rtept lat="47.622615" lon="-84.760174"><ele>441.0</ele><time>2026-09-18T14:04:40Z</time></rtept><rtept lat="47.62252" lon="-84.759799"><ele>442.60000000000036</ele><time>2026-09-18T14:04:40Z</time></rtept><rtept lat="47.622453" lon="-84.759536"><ele>443.60000000000036</ele><time>2026-09-18T14:04:40Z</time></rtept><rtept lat="47.622453" lon="-84.759536"><ele>443.60000000000036</ele><time>2026-09-18T14:04:40Z</time></rtept><rtept lat="47.622396" lon="-84.759145"><ele>445.2000000000007</ele><time>2026-09-18T14:04:40Z</time></rtept><rtept lat="47.622339" lon="-84.758754"><ele>446.2000000000007</ele><time>2026-09-18T14:04:40Z</time></rtept><rtept lat="47.622281" lon="-84.758362"><ele>447.8000000000011</ele><time>2026-09-18T14:04:40Z</time></rtept><rtept lat="47.622224" lon="-84.757971"><ele>448.8000000000011</ele><time>2026-09-18T14:04:40Z</time></rtept><rtept lat="47.622167" lon="-84.75758"><ele>448.40000000000146</ele><time>2026-09-18T14:04:40Z</time></rtept><rtept lat="47.62211" lon="-84.757189"><ele>446.2000000000007</ele><time>2026-09-18T14:04:40Z</time></rtept><rtept lat="47.622053" lon="-84.756798"><ele>444.8000000000011</ele><time>2026-09-18T14:04:40Z</time></rtept><rtept lat="47.622038" lon="-84.7567"><ele>444.40000000000146</ele><time>2026-09-18T14:04:40Z</time></rtept><rtept lat="47.622038" lon="-84.7567"><ele>444.40000000000146</ele><time>2026-09-18T14:04:40Z</time></rtept><rtept lat="47.62202" lon="-84.756301"><ele>443.0</ele><time>2026-09-18T14:04:40Z</time></rtept><rtept lat="47.622001" lon="-84.755901"><ele>443.0</ele><time>2026-09-18T14:04:40Z</time></rtept><rtept lat="47.621983" lon="-84.755502"><ele>443.0</ele><time>2026-09-18T14:04:40Z</time></rtept><rtept lat="47.621964" lon="-84.755103"><ele>443.0</ele><time>2026-09-18T14:04:40Z</time></rtept><rtept lat="47.621946" lon="-84.754703"><ele>443.0</ele><time>2026-09-18T14:04:40Z</time></rtept><rtept lat="47.621944" lon="-84.754666"><ele>443.0</ele><time>2026-09-18T14:04:40Z</time></rtept><rtept lat="47.621944" lon="-84.754666"><ele>443.0</ele><time>2026-09-18T14:04:40Z</time></rtept><rtept lat="47.621974" lon="-84.754268"><ele>443.0</ele><time>2026-09-18T14:04:40Z</time></rtept><rtept lat="47.622004" lon="-84.75387"><ele>443.0</ele><time>2026-09-18T14:04:40Z</time></rtept><rtept lat="47.622034" lon="-84.753473"><ele>443.0</ele><time>2026-09-18T14:04:40Z</time></rtept><rtept lat="47.622064" lon="-84.753075"><ele>443.0</ele><time>2026-09-18T14:04:40Z</time></rtept><rtept lat="47.622094" lon="-84.752677"><ele>442.8000000000011</ele><time>2026-09-18T14:04:40Z</time></rtept><rtept lat="47.62212" lon="-84.752334"><ele>443.0</ele><time>2026-09-18T14:04:40Z</time></rtept><rtept lat="47.62212" lon="-84.752334"><ele>443.0</ele><time>2026-09-18T14:04:40Z</time></rtept><rtept lat="47.622214" lon="-84.751959"><ele>443.60000000000036</ele><time>2026-09-18T14:04:40Z</time></rtept><rtept lat="47.622308" lon="-84.751584"><ele>443.60000000000036</ele><time>2026-09-18T14:04:40Z</time></rtept><rtept lat="47.622402" lon="-84.751208"><ele>443.0</ele><time>2026-09-18T14:04:40Z</time></rtept><rtept lat="47.622491" lon="-84.750851"><ele>442.2000000000007</ele><time>2026-09-18T14:04:40Z</time></rtept><rtept lat="47.622491" lon="-84.750851"><ele>442.2000000000007</ele><time>2026-09-18T14:04:40Z</time></rtept><rtept lat="47.622557" lon="-84.750463"><ele>441.40000000000146</ele><time>2026-09-18T14:04:40Z</time></rtept><rtept lat="47.622623" lon="-84.750075"><ele>440.2000000000007</ele><time>2026-09-18T14:04:40Z</time></rtept><rtept lat="47.622689" lon="-84.749687"><ele>439.40000000000146</ele><time>2026-09-18T14:04:40Z</time></rtept><rtept lat="47.622718" lon="-84.749517"><ele>438.2000000000007</ele><time>2026-09-18T14:04:40Z</time></rtept><rtept lat="47.622718" lon="-84.749517"><ele>438.2000000000007</ele><time>2026-09-18T14:04:40Z</time></rtept><rtept lat="47.62294" lon="-84.749289"><ele>436.0</ele><time>2026-09-18T14:04:40Z</time></rtept><rtept lat="47.623162" lon="-84.749061"><ele>435.0</ele><time>2026-09-18T14:04:40Z</time></rtept><rtept lat="47.623379" lon="-84.748838"><ele>433.8000000000011</ele><time>2026-09-18T14:04:40Z</time></rtept><rtept lat="47.623379" lon="-84.748838"><ele>433.8000000000011</ele><time>2026-09-18T14:04:40Z</time></rtept><rtept lat="47.623637" lon="-84.74872"><ele>433.60000000000036</ele><time>2026-09-18T14:04:40Z</time></rtept><rtept lat="47.623895" lon="-84.748603"><ele>433.40000000000146</ele><time>2026-09-18T14:04:40Z</time></rtept><rtept lat="47.624153" lon="-84.748485"><ele>433.2000000000007</ele><time>2026-09-18T14:04:40Z</time></rtept><rtept lat="47.624411" lon="-84.748368"><ele>433.2000000000007</ele><time>2026-09-18T14:04:40Z</time></rtept><rtept lat="47.624668" lon="-84.74825"><ele>433.60000000000036</ele><time>2026-09-18T14:04:40Z</time></rtept><rtept lat="47.624926" lon="-84.748133"><ele>433.8000000000011</ele><time>2026-09-18T14:04:40Z</time></rtept><rtept lat="47.62498" lon="-84.748108"><ele>433.8000000000011</ele><time>2026-09-18T14:04:40Z</time></rtept><rtept lat="47.62498" lon="-84.748108"><ele>433.8000000000011</ele><time>2026-09-18T14:04:40Z</time></rtept><rtept lat="47.624989" lon="-84.747708"><ele>434.8000000000011</ele><time>2026-09-18T14:04:40Z</time></rtept><rtept lat="47.624997" lon="-84.747308"><ele>434.0</ele><time>2026-09-18T14:04:40Z</time></rtept><rtept lat="47.625002" lon="-84.747074"><ele>433.2000000000007</ele><time>2026-09-18T14:04:40Z</time></rtept><rtept lat="47.625002" lon="-84.747074"><ele>433.2000000000007</ele><time>2026-09-18T14:04:40Z</time></rtept><rtept lat="47.625006" lon="-84.746674"><ele>432.2000000000007</ele><time>2026-09-18T14:04:40Z</time></rtept><rtept lat="47.625009" lon="-84.746273"><ele>432.0</ele><time>2026-09-18T14:04:40Z</time></rtept><rtept lat="47.625013" lon="-84.745873"><ele>432.0</ele><time>2026-09-18T14:04:40Z</time></rtept><rtept lat="47.625016" lon="-84.745473"><ele>432.0</ele><time>2026-09-18T14:04:40Z</time></rtept><rtept lat="47.62502" lon="-84.745073"><ele>432.0</ele><time>2026-09-18T14:04:40Z</time></rtept><rtept lat="47.625023" lon="-84.744672"><ele>432.0</ele><time>2026-09-18T14:04:40Z</time></rtept><rtept lat="47.625027" lon="-84.744272"><ele>432.0</ele><time>2026-09-18T14:04:40Z</time></rtept><rtept lat="47.625029" lon="-84.744056"><ele>431.8000000000011</ele><time>2026-09-18T14:04:40Z</time></rtept><rtept lat="47.625029" lon="-84.744056"><ele>431.8000000000011</ele><time>2026-09-18T14:04:40Z</time></rtept><rtept lat="47.624981" lon="-84.743662"><ele>432.40000000000146</ele><time>2026-09-18T14:04:40Z</time></rtept><rtept lat="47.624962" lon="-84.743505"><ele>434.0</ele><time>2026-09-18T14:04:40Z</time></rtept><rtept lat="47.624962" lon="-84.743505"><ele>434.0</ele><time>2026-09-18T14:04:40Z</time></rtept><rtept lat="47.624982" lon="-84.743106"><ele>438.60000000000036</ele><time>2026-09-18T14:04:40Z</time></rtept><rtept lat="47.625002" lon="-84.742707"><ele>444.8000000000011</ele><time>2026-09-18T14:04:40Z</time></rtept><rtept lat="47.625022" lon="-84.742307"><ele>454.0</ele><time>2026-09-18T14:04:40Z</time></rtept><rtept lat="47.625043" lon="-84.741908"><ele>459.40000000000146</ele><time>2026-09-18T14:04:40Z</time></rtept><rtept lat="47.625063" lon="-84.741509"><ele>466.0</ele><time>2026-09-18T14:04:40Z</time></rtept><rtept lat="47.625083" lon="-84.74111"><ele>473.2000000000007</ele><time>2026-09-18T14:04:40Z</time></rtept><rtept lat="47.625103" lon="-84.740711"><ele>485.2000000000007</ele><time>2026-09-18T14:04:40Z</time></rtept><rtept lat="47.625123" lon="-84.740311"><ele>496.8000000000011</ele><time>2026-09-18T14:04:40Z</time></rtept><rtept lat="47.625143" lon="-84.739912"><ele>510.60000000000036</ele><time>2026-09-18T14:04:40Z</time></rtept><rtept lat="47.625163" lon="-84.739513"><ele>522.4000000000015</ele><time>2026-09-18T14:04:40Z</time></rtept><rtept lat="47.625183" lon="-84.739114"><ele>530.0</ele><time>2026-09-18T14:04:40Z</time></rtept><rtept lat="47.625203" lon="-84.738715"><ele>539.2000000000007</ele><time>2026-09-18T14:04:40Z</time></rtept><rtept lat="47.625224" lon="-84.738316"><ele>544.2000000000007</ele><time>2026-09-18T14:04:40Z</time></rtept><rtept lat="47.625244" lon="-84.737916"><ele>547.0</ele><time>2026-09-18T14:04:40Z</time></rtept><rtept lat="47.625264" lon="-84.737517"><ele>550.2000000000007</ele><time>2026-09-18T14:04:40Z</time></rtept><rtept lat="47.625284" lon="-84.737118"><ele>550.8000000000011</ele><time>2026-09-18T14:04:40Z</time></rtept><rtept lat="47.625293" lon="-84.73694"><ele>549.4000000000015</ele><time>2026-09-18T14:04:40Z</time></rtept><rtept lat="47.625293" lon="-84.73694"><ele>549.4000000000015</ele><time>2026-09-18T14:04:40Z</time></rtept><rtept lat="47.625306" lon="-84.73654"><ele>544.4000000000015</ele><time>2026-09-18T14:04:40Z</time></rtept><rtept lat="47.62532" lon="-84.73614"><ele>537.8000000000011</ele><time>2026-09-18T14:04:40Z</time></rtept><rtept lat="47.625333" lon="-84.735741"><ele>530.4000000000015</ele><time>2026-09-18T14:04:40Z</time></rtept><rtept lat="47.625346" lon="-84.735341"><ele>525.2000000000007</ele><time>2026-09-18T14:04:40Z</time></rtept><rtept lat="47.62536" lon="-84.734941"><ele>516.4000000000015</ele><time>2026-09-18T14:04:40Z</time></rtept><rtept lat="47.625373" lon="-84.734541"><ele>503.60000000000036</ele><time>2026-09-18T14:04:40Z</time></rtept><rtept lat="47.625386" lon="-84.734141"><ele>494.8000000000011</ele><time>2026-09-18T14:04:40Z</time></rtept><rtept lat="47.625399" lon="-84.733741"><ele>485.40000000000146</ele><time>2026-09-18T14:04:40Z</time></rtept><rtept lat="47.625413" lon="-84.733342"><ele>478.40000000000146</ele><time>2026-09-18T14:04:40Z</time></rtept><rtept lat="47.625426" lon="-84.732942"><ele>471.0</ele><time>2026-09-18T14:04:40Z</time></rtept><rtept lat="47.625439" lon="-84.732542"><ele>458.2000000000007</ele><time>2026-09-18T14:04:40Z</time></rtept><rtept lat="47.625453" lon="-84.732142"><ele>448.40000000000146</ele><time>2026-09-18T14:04:40Z</time></rtept><rtept lat="47.625466" lon="-84.731742"><ele>437.2000000000007</ele><time>2026-09-18T14:04:40Z</time></rtept><rtept lat="47.625478" lon="-84.731369"><ele>428.2000000000007</ele><time>2026-09-18T14:04:40Z</time></rtept><rtept lat="47.625478" lon="-84.731369"><ele>428.2000000000007</ele><time>2026-09-18T14:04:40Z</time></rtept><rtept lat="47.6255" lon="-84.73097"><ele>422.2000000000007</ele><time>2026-09-18T14:04:40Z</time></rtept><rtept lat="47.625522" lon="-84.730571"><ele>414.60000000000036</ele><time>2026-09-18T14:04:40Z</time></rtept><rtept lat="47.625545" lon="-84.730172"><ele>410.8000000000011</ele><time>2026-09-18T14:04:40Z</time></rtept><rtept lat="47.625567" lon="-84.729773"><ele>409.2000000000007</ele><time>2026-09-18T14:04:40Z</time></rtept><rtept lat="47.625589" lon="-84.729374"><ele>404.2000000000007</ele><time>2026-09-18T14:04:40Z</time></rtept><rtept lat="47.625611" lon="-84.728975"><ele>398.60000000000036</ele><time>2026-09-18T14:04:40Z</time></rtept><rtept lat="47.625634" lon="-84.728576"><ele>393.8000000000011</ele><time>2026-09-18T14:04:40Z</time></rtept><rtept lat="47.625656" lon="-84.728177"><ele>389.8000000000011</ele><time>2026-09-18T14:04:40Z</time></rtept><rtept lat="47.625678" lon="-84.727779"><ele>387.8000000000011</ele><time>2026-09-18T14:04:40Z</time></rtept><rtept lat="47.6257" lon="-84.72738"><ele>384.8000000000011</ele><time>2026-09-18T14:04:40Z</time></rtept><rtept lat="47.625723" lon="-84.726981"><ele>381.60000000000036</ele><time>2026-09-18T14:04:40Z</time></rtept><rtept lat="47.625745" lon="-84.726582"><ele>380.0</ele><time>2026-09-18T14:04:40Z</time></rtept><rtept lat="47.625756" lon="-84.726376"><ele>379.0</ele><time>2026-09-18T14:04:40Z</time></rtept><rtept lat="47.625756" lon="-84.726376"><ele>379.0</ele><time>2026-09-18T14:04:40Z</time></rtept><rtept lat="47.625688" lon="-84.725988"><ele>378.40000000000146</ele><time>2026-09-18T14:04:40Z</time></rtept><rtept lat="47.625621" lon="-84.725601"><ele>376.8000000000011</ele><time>2026-09-18T14:04:40Z</time></rtept><rtept lat="47.625553" lon="-84.725213"><ele>373.0</ele><time>2026-09-18T14:04:40Z</time></rtept><rtept lat="47.625486" lon="-84.724826"><ele>371.0</ele><time>2026-09-18T14:04:40Z</time></rtept><rtept lat="47.625418" lon="-84.724438"><ele>371.0</ele><time>2026-09-18T14:04:40Z</time></rtept><rtept lat="47.62535" lon="-84.724051"><ele>371.0</ele><time>2026-09-18T14:04:40Z</time></rtept><rtept lat="47.625283" lon="-84.723663"><ele>371.2000000000007</ele><time>2026-09-18T14:04:40Z</time></rtept><rtept lat="47.625215" lon="-84.723276"><ele>371.8000000000011</ele><time>2026-09-18T14:04:40Z</time></rtept><rtept lat="47.625163" lon="-84.722978"><ele>372.0</ele><time>2026-09-18T14:04:40Z</time></rtept><rtept lat="47.625163" lon="-84.722978"><ele>372.0</ele><time>2026-09-18T14:04:40Z</time></rtept><rtept lat="47.625215" lon="-84.723276"><ele>371.8000000000011</ele><time>2026-09-18T14:04:40Z</time></rtept><rtept lat="47.625283" lon="-84.723663"><ele>371.2000000000007</ele><time>2026-09-18T14:04:40Z</time></rtept><rtept lat="47.62535" lon="-84.724051"><ele>371.0</ele><time>2026-09-18T14:04:40Z</time></rtept><rtept lat="47.625418" lon="-84.724438"><ele>371.0</ele><time>2026-09-18T14:04:40Z</time></rtept><rtept lat="47.625486" lon="-84.724826"><ele>371.0</ele><time>2026-09-18T14:04:40Z</time></rtept><rtept lat="47.625553" lon="-84.725213"><ele>373.0</ele><time>2026-09-18T14:04:40Z</time></rtept><rtept lat="47.625621" lon="-84.725601"><ele>376.8000000000011</ele><time>2026-09-18T14:04:40Z</time></rtept><rtept lat="47.625688" lon="-84.725988"><ele>378.40000000000146</ele><time>2026-09-18T14:04:40Z</time></rtept><rtept lat="47.625733" lon="-84.726247"><ele>379.0</ele><time>2026-09-18T14:04:40Z</time></rtept><rtept lat="47.625733" lon="-84.726247"><ele>379.0</ele><time>2026-09-18T14:04:40Z</time></rtept><rtept lat="47.625756" lon="-84.726376"><ele>379.0</ele><time>2026-09-18T14:04:40Z</time></rtept><rtept lat="47.625756" lon="-84.726376"><ele>379.0</ele><time>2026-09-18T14:04:40Z</time></rtept><rtept lat="47.625745" lon="-84.726582"><ele>380.0</ele><time>2026-09-18T14:04:40Z</time></rtept><rtept lat="47.625723" lon="-84.726981"><ele>381.60000000000036</ele><time>2026-09-18T14:04:40Z</time></rtept><rtept lat="47.6257" lon="-84.72738"><ele>384.8000000000011</ele><time>2026-09-18T14:04:40Z</time></rtept><rtept lat="47.625678" lon="-84.727779"><ele>387.8000000000011</ele><time>2026-09-18T14:04:40Z</time></rtept><rtept lat="47.625656" lon="-84.728177"><ele>389.8000000000011</ele><time>2026-09-18T14:04:40Z</time></rtept><rtept lat="47.625634" lon="-84.728576"><ele>393.8000000000011</ele><time>2026-09-18T14:04:40Z</time></rtept><rtept lat="47.625611" lon="-84.728975"><ele>398.60000000000036</ele><time>2026-09-18T14:04:40Z</time></rtept><rtept lat="47.625589" lon="-84.729374"><ele>404.2000000000007</ele><time>2026-09-18T14:04:40Z</time></rtept><rtept lat="47.625567" lon="-84.729773"><ele>409.2000000000007</ele><time>2026-09-18T14:04:40Z</time></rtept><rtept lat="47.625545" lon="-84.730172"><ele>410.8000000000011</ele><time>2026-09-18T14:04:40Z</time></rtept><rtept lat="47.625522" lon="-84.730571"><ele>414.60000000000036</ele><time>2026-09-18T14:04:40Z</time></rtept><rtept lat="47.6255" lon="-84.73097"><ele>422.2000000000007</ele><time>2026-09-18T14:04:40Z</time></rtept><rtept lat="47.625485" lon="-84.731236"><ele>426.8000000000011</ele><time>2026-09-18T14:04:40Z</time></rtept><rtept lat="47.625485" lon="-84.731236"><ele>426.8000000000011</ele><time>2026-09-18T14:04:40Z</time></rtept><rtept lat="47.625478" lon="-84.731369"><ele>428.2000000000007</ele><time>2026-09-18T14:04:40Z</time></rtept><rtept lat="47.625478" lon="-84.731369"><ele>428.2000000000007</ele><time>2026-09-18T14:04:40Z</time></rtept><rtept lat="47.625466" lon="-84.731742"><ele>437.2000000000007</ele><time>2026-09-18T14:04:40Z</time></rtept><rtept lat="47.625453" lon="-84.732142"><ele>448.40000000000146</ele><time>2026-09-18T14:04:40Z</time></rtept><rtept lat="47.625439" lon="-84.732542"><ele>458.2000000000007</ele><time>2026-09-18T14:04:40Z</time></rtept><rtept lat="47.625426" lon="-84.732942"><ele>471.0</ele><time>2026-09-18T14:04:40Z</time></rtept><rtept lat="47.625413" lon="-84.733342"><ele>478.40000000000146</ele><time>2026-09-18T14:04:40Z</time></rtept><rtept lat="47.625399" lon="-84.733741"><ele>485.40000000000146</ele><time>2026-09-18T14:04:40Z</time></rtept><rtept lat="47.625386" lon="-84.734141"><ele>494.8000000000011</ele><time>2026-09-18T14:04:40Z</time></rtept><rtept lat="47.625373" lon="-84.734541"><ele>503.60000000000036</ele><time>2026-09-18T14:04:40Z</time></rtept><rtept lat="47.62536" lon="-84.734941"><ele>516.4000000000015</ele><time>2026-09-18T14:04:40Z</time></rtept><rtept lat="47.625346" lon="-84.735341"><ele>525.2000000000007</ele><time>2026-09-18T14:04:40Z</time></rtept><rtept lat="47.625333" lon="-84.735741"><ele>530.4000000000015</ele><time>2026-09-18T14:04:40Z</time></rtept><rtept lat="47.62532" lon="-84.73614"><ele>537.8000000000011</ele><time>2026-09-18T14:04:40Z</time></rtept><rtept lat="47.625306" lon="-84.73654"><ele>544.4000000000015</ele><time>2026-09-18T14:04:40Z</time></rtept><rtept lat="47.625297" lon="-84.736807"><ele>548.4000000000015</ele><time>2026-09-18T14:04:40Z</time></rtept><rtept lat="47.625297" lon="-84.736807"><ele>548.4000000000015</ele><time>2026-09-18T14:04:40Z</time></rtept><rtept lat="47.625293" lon="-84.73694"><ele>549.4000000000015</ele><time>2026-09-18T14:04:40Z</time></rtept><rtept lat="47.625293" lon="-84.73694"><ele>549.4000000000015</ele><time>2026-09-18T14:04:40Z</time></rtept><rtept lat="47.625284" lon="-84.737118"><ele>550.8000000000011</ele><time>2026-09-18T14:04:40Z</time></rtept><rtept lat="47.625264" lon="-84.737517"><ele>550.2000000000007</ele><time>2026-09-18T14:04:40Z</time></rtept><rtept lat="47.625244" lon="-84.737916"><ele>547.0</ele><time>2026-09-18T14:04:40Z</time></rtept><rtept lat="47.625224" lon="-84.738316"><ele>544.2000000000007</ele><time>2026-09-18T14:04:40Z</time></rtept><rtept lat="47.625203" lon="-84.738715"><ele>539.2000000000007</ele><time>2026-09-18T14:04:40Z</time></rtept><rtept lat="47.625183" lon="-84.739114"><ele>530.0</ele><time>2026-09-18T14:04:40Z</time></rtept><rtept lat="47.625163" lon="-84.739513"><ele>522.4000000000015</ele><time>2026-09-18T14:04:40Z</time></rtept><rtept lat="47.625143" lon="-84.739912"><ele>510.60000000000036</ele><time>2026-09-18T14:04:40Z</time></rtept><rtept lat="47.625123" lon="-84.740311"><ele>496.8000000000011</ele><time>2026-09-18T14:04:40Z</time></rtept><rtept lat="47.625103" lon="-84.740711"><ele>485.2000000000007</ele><time>2026-09-18T14:04:40Z</time></rtept><rtept lat="47.625083" lon="-84.74111"><ele>473.2000000000007</ele><time>2026-09-18T14:04:40Z</time></rtept><rtept lat="47.625063" lon="-84.741509"><ele>466.0</ele><time>2026-09-18T14:04:40Z</time></rtept><rtept lat="47.625043" lon="-84.741908"><ele>459.40000000000146</ele><time>2026-09-18T14:04:40Z</time></rtept><rtept lat="47.625022" lon="-84.742307"><ele>454.0</ele><time>2026-09-18T14:04:40Z</time></rtept><rtept lat="47.625002" lon="-84.742707"><ele>444.8000000000011</ele><time>2026-09-18T14:04:40Z</time></rtept><rtept lat="47.624982" lon="-84.743106"><ele>438.60000000000036</ele><time>2026-09-18T14:04:40Z</time></rtept><rtept lat="47.624969" lon="-84.743372"><ele>435.2000000000007</ele><time>2026-09-18T14:04:40Z</time></rtept><rtept lat="47.624969" lon="-84.743372"><ele>435.2000000000007</ele><time>2026-09-18T14:04:40Z</time></rtept><rtept lat="47.624962" lon="-84.743505"><ele>434.0</ele><time>2026-09-18T14:04:40Z</time></rtept><rtept lat="47.624962" lon="-84.743505"><ele>434.0</ele><time>2026-09-18T14:04:40Z</time></rtept><rtept lat="47.624981" lon="-84.743662"><ele>432.40000000000146</ele><time>2026-09-18T14:04:40Z</time></rtept><rtept lat="47.625013" lon="-84.743925"><ele>432.0</ele><time>2026-09-18T14:04:40Z</time></rtept><rtept lat="47.625013" lon="-84.743925"><ele>432.0</ele><time>2026-09-18T14:04:40Z</time></rtept><rtept lat="47.625029" lon="-84.744056"><ele>431.8000000000011</ele><time>2026-09-18T14:04:40Z</time></rtept><rtept lat="47.625029" lon="-84.744056"><ele>431.8000000000011</ele><time>2026-09-18T14:04:40Z</time></rtept><rtept lat="47.625027" lon="-84.744272"><ele>432.0</ele><time>2026-09-18T14:04:40Z</time></rtept><rtept lat="47.625023" lon="-84.744672"><ele>432.0</ele><time>2026-09-18T14:04:40Z</time></rtept><rtept lat="47.62502" lon="-84.745073"><ele>432.0</ele><time>2026-09-18T14:04:40Z</time></rtept><rtept lat="47.625016" lon="-84.745473"><ele>432.0</ele><time>2026-09-18T14:04:40Z</time></rtept><rtept lat="47.625013" lon="-84.745873"><ele>432.0</ele><time>2026-09-18T14:04:40Z</time></rtept><rtept lat="47.625009" lon="-84.746273"><ele>432.0</ele><time>2026-09-18T14:04:40Z</time></rtept><rtept lat="47.625006" lon="-84.746674"><ele>432.2000000000007</ele><time>2026-09-18T14:04:40Z</time></rtept><rtept lat="47.625003" lon="-84.746941"><ele>433.0</ele><time>2026-09-18T14:04:40Z</time></rtept><rtept lat="47.625003" lon="-84.746941"><ele>433.0</ele><time>2026-09-18T14:04:40Z</time></rtept><rtept lat="47.625002" lon="-84.747074"><ele>433.2000000000007</ele><time>2026-09-18T14:04:40Z</time></rtept><rtept lat="47.625002" lon="-84.747074"><ele>433.2000000000007</ele><time>2026-09-18T14:04:40Z</time></rtept><rtept lat="47.624997" lon="-84.747308"><ele>434.0</ele><time>2026-09-18T14:04:40Z</time></rtept><rtept lat="47.624989" lon="-84.747708"><ele>434.8000000000011</ele><time>2026-09-18T14:04:40Z</time></rtept><rtept lat="47.624983" lon="-84.747975"><ele>434.40000000000146</ele><time>2026-09-18T14:04:40Z</time></rtept><rtept lat="47.624983" lon="-84.747975"><ele>434.40000000000146</ele><time>2026-09-18T14:04:40Z</time></rtept><rtept lat="47.62498" lon="-84.748108"><ele>433.8000000000011</ele><time>2026-09-18T14:04:40Z</time></rtept><rtept lat="47.62498" lon="-84.748108"><ele>433.8000000000011</ele><time>2026-09-18T14:04:40Z</time></rtept><rtept lat="47.624926" lon="-84.748133"><ele>433.8000000000011</ele><time>2026-09-18T14:04:40Z</time></rtept><rtept lat="47.624668" lon="-84.74825"><ele>433.60000000000036</ele><time>2026-09-18T14:04:40Z</time></rtept><rtept lat="47.624411" lon="-84.748368"><ele>433.2000000000007</ele><time>2026-09-18T14:04:40Z</time></rtept><rtept lat="47.624153" lon="-84.748485"><ele>433.2000000000007</ele><time>2026-09-18T14:04:40Z</time></rtept><rtept lat="47.623895" lon="-84.748603"><ele>433.40000000000146</ele><time>2026-09-18T14:04:40Z</time></rtept><rtept lat="47.623637" lon="-84.74872"><ele>433.60000000000036</ele><time>2026-09-18T14:04:40Z</time></rtept><rtept lat="47.623465" lon="-84.748799"><ele>434.0</ele><time>2026-09-18T14:04:40Z</time></rtept><rtept lat="47.623465" lon="-84.748799"><ele>434.0</ele><time>2026-09-18T14:04:40Z</time></rtept><rtept lat="47.623379" lon="-84.748838"><ele>433.8000000000011</ele><time>2026-09-18T14:04:40Z</time></rtept><rtept lat="47.623379" lon="-84.748838"><ele>433.8000000000011</ele><time>2026-09-18T14:04:40Z</time></rtept><rtept lat="47.623162" lon="-84.749061"><ele>435.0</ele><time>2026-09-18T14:04:40Z</time></rtept><rtept lat="47.62294" lon="-84.749289"><ele>436.0</ele><time>2026-09-18T14:04:40Z</time></rtept><rtept lat="47.622792" lon="-84.749441"><ele>437.40000000000146</ele><time>2026-09-18T14:04:40Z</time></rtept><rtept lat="47.622792" lon="-84.749441"><ele>437.40000000000146</ele><time>2026-09-18T14:04:40Z</time></rtept><rtept lat="47.622718" lon="-84.749517"><ele>438.2000000000007</ele><time>2026-09-18T14:04:40Z</time></rtept><rtept lat="47.622718" lon="-84.749517"><ele>438.2000000000007</ele><time>2026-09-18T14:04:40Z</time></rtept><rtept lat="47.622689" lon="-84.749687"><ele>439.40000000000146</ele><time>2026-09-18T14:04:40Z</time></rtept><rtept lat="47.622623" lon="-84.750075"><ele>440.2000000000007</ele><time>2026-09-18T14:04:40Z</time></rtept><rtept lat="47.622557" lon="-84.750463"><ele>441.40000000000146</ele><time>2026-09-18T14:04:40Z</time></rtept><rtept lat="47.622513" lon="-84.750722"><ele>441.8000000000011</ele><time>2026-09-18T14:04:40Z</time></rtept><rtept lat="47.622513" lon="-84.750722"><ele>441.8000000000011</ele><time>2026-09-18T14:04:40Z</time></rtept><rtept lat="47.622491" lon="-84.750851"><ele>442.2000000000007</ele><time>2026-09-18T14:04:40Z</time></rtept><rtept lat="47.622491" lon="-84.750851"><ele>442.2000000000007</ele><time>2026-09-18T14:04:40Z</time></rtept><rtept lat="47.622402" lon="-84.751208"><ele>443.0</ele><time>2026-09-18T14:04:40Z</time></rtept><rtept lat="47.622308" lon="-84.751584"><ele>443.60000000000036</ele><time>2026-09-18T14:04:40Z</time></rtept><rtept lat="47.622214" lon="-84.751959"><ele>443.60000000000036</ele><time>2026-09-18T14:04:40Z</time></rtept><rtept lat="47.622151" lon="-84.752209"><ele>443.2000000000007</ele><time>2026-09-18T14:04:40Z</time></rtept><rtept lat="47.622151" lon="-84.752209"><ele>443.2000000000007</ele><time>2026-09-18T14:04:40Z</time></rtept><rtept lat="47.62212" lon="-84.752334"><ele>443.0</ele><time>2026-09-18T14:04:40Z</time></rtept><rtept lat="47.62212" lon="-84.752334"><ele>443.0</ele><time>2026-09-18T14:04:40Z</time></rtept><rtept lat="47.622094" lon="-84.752677"><ele>442.8000000000011</ele><time>2026-09-18T14:04:40Z</time></rtept><rtept lat="47.622064" lon="-84.753075"><ele>443.0</ele><time>2026-09-18T14:04:40Z</time></rtept><rtept lat="47.622034" lon="-84.753473"><ele>443.0</ele><time>2026-09-18T14:04:40Z</time></rtept><rtept lat="47.622004" lon="-84.75387"><ele>443.0</ele><time>2026-09-18T14:04:40Z</time></rtept><rtept lat="47.621974" lon="-84.754268"><ele>443.0</ele><time>2026-09-18T14:04:40Z</time></rtept><rtept lat="47.621954" lon="-84.754533"><ele>443.0</ele><time>2026-09-18T14:04:40Z</time></rtept><rtept lat="47.621954" lon="-84.754533"><ele>443.0</ele><time>2026-09-18T14:04:40Z</time></rtept><rtept lat="47.621944" lon="-84.754666"><ele>443.0</ele><time>2026-09-18T14:04:40Z</time></rtept><rtept lat="47.621944" lon="-84.754666"><ele>443.0</ele><time>2026-09-18T14:04:40Z</time></rtept><rtept lat="47.621946" lon="-84.754703"><ele>443.0</ele><time>2026-09-18T14:04:40Z</time></rtept><rtept lat="47.621964" lon="-84.755103"><ele>443.0</ele><time>2026-09-18T14:04:40Z</time></rtept><rtept lat="47.621983" lon="-84.755502"><ele>443.0</ele><time>2026-09-18T14:04:40Z</time></rtept><rtept lat="47.622001" lon="-84.755901"><ele>443.0</ele><time>2026-09-18T14:04:40Z</time></rtept><rtept lat="47.62202" lon="-84.756301"><ele>443.0</ele><time>2026-09-18T14:04:40Z</time></rtept><rtept lat="47.622032" lon="-84.756567"><ele>443.60000000000036</ele><time>2026-09-18T14:04:40Z</time></rtept><rtept lat="47.622032" lon="-84.756567"><ele>443.60000000000036</ele><time>2026-09-18T14:04:40Z</time></rtept><rtept lat="47.622038" lon="-84.7567"><ele>444.40000000000146</ele><time>2026-09-18T14:04:40Z</time></rtept><rtept lat="47.622038" lon="-84.7567"><ele>444.40000000000146</ele><time>2026-09-18T14:04:40Z</time></rtept><rtept lat="47.622053" lon="-84.756798"><ele>444.8000000000011</ele><time>2026-09-18T14:04:40Z</time></rtept><rtept lat="47.62211" lon="-84.757189"><ele>446.2000000000007</ele><time>2026-09-18T14:04:40Z</time></rtept><rtept lat="47.622167" lon="-84.75758"><ele>448.40000000000146</ele><time>2026-09-18T14:04:40Z</time></rtept><rtept lat="47.622224" lon="-84.757971"><ele>448.8000000000011</ele><time>2026-09-18T14:04:40Z</time></rtept><rtept lat="47.622281" lon="-84.758362"><ele>447.8000000000011</ele><time>2026-09-18T14:04:40Z</time></rtept><rtept lat="47.622339" lon="-84.758754"><ele>446.2000000000007</ele><time>2026-09-18T14:04:40Z</time></rtept><rtept lat="47.622396" lon="-84.759145"><ele>445.2000000000007</ele><time>2026-09-18T14:04:40Z</time></rtept><rtept lat="47.622434" lon="-84.759406"><ele>444.2000000000007</ele><time>2026-09-18T14:04:40Z</time></rtept><rtept lat="47.622434" lon="-84.759406"><ele>444.2000000000007</ele><time>2026-09-18T14:04:40Z</time></rtept><rtept lat="47.622453" lon="-84.759536"><ele>443.60000000000036</ele><time>2026-09-18T14:04:40Z</time></rtept><rtept lat="47.622453" lon="-84.759536"><ele>443.60000000000036</ele><time>2026-09-18T14:04:40Z</time></rtept><rtept lat="47.62252" lon="-84.759799"><ele>442.60000000000036</ele><time>2026-09-18T14:04:40Z</time></rtept><rtept lat="47.622615" lon="-84.760174"><ele>441.0</ele><time>2026-09-18T14:04:40Z</time></rtept><rtept lat="47.62271" lon="-84.760549"><ele>437.8000000000011</ele><time>2026-09-18T14:04:40Z</time></rtept><rtept lat="47.622804" lon="-84.760923"><ele>430.8000000000011</ele><time>2026-09-18T14:04:40Z</time></rtept><rtept lat="47.622899" lon="-84.761298"><ele>423.2000000000007</ele><time>2026-09-18T14:04:40Z</time></rtept><rtept lat="47.622962" lon="-84.761548"><ele>417.8000000000011</ele><time>2026-09-18T14:04:40Z</time></rtept><rtept lat="47.622962" lon="-84.761548"><ele>417.8000000000011</ele><time>2026-09-18T14:04:40Z</time></rtept><rtept lat="47.622994" lon="-84.761673"><ele>415.2000000000007</ele><time>2026-09-18T14:04:40Z</time></rtept><rtept lat="47.622994" lon="-84.761673"><ele>415.2000000000007</ele><time>2026-09-18T14:04:40Z</time></rtept><rtept lat="47.623107" lon="-84.76173"><ele>414.60000000000036</ele><time>2026-09-18T14:04:40Z</time></rtept><rtept lat="47.623362" lon="-84.76186"><ele>413.60000000000036</ele><time>2026-09-18T14:04:40Z</time></rtept><rtept lat="47.623532" lon="-84.761947"><ele>413.8000000000011</ele><time>2026-09-18T14:04:40Z</time></rtept><rtept lat="47.623532" lon="-84.761947"><ele>413.8000000000011</ele><time>2026-09-18T14:04:40Z</time></rtept><rtept lat="47.623617" lon="-84.76199"><ele>413.8000000000011</ele><time>2026-09-18T14:04:40Z</time></rtept><rtept lat="47.623617" lon="-84.76199"><ele>413.8000000000011</ele><time>2026-09-18T14:04:40Z</time></rtept><rtept lat="47.623773" lon="-84.762036"><ele>414.0</ele><time>2026-09-18T14:04:40Z</time></rtept><rtept lat="47.624037" lon="-84.762113"><ele>414.0</ele><time>2026-09-18T14:04:40Z</time></rtept><rtept lat="47.624302" lon="-84.762191"><ele>414.0</ele><time>2026-09-18T14:04:40Z</time></rtept><rtept lat="47.624567" lon="-84.762269"><ele>414.0</ele><time>2026-09-18T14:04:40Z</time></rtept><rtept lat="47.624831" lon="-84.762347"><ele>414.0</ele><time>2026-09-18T14:04:40Z</time></rtept><rtept lat="47.625096" lon="-84.762424"><ele>414.0</ele><time>2026-09-18T14:04:40Z</time></rtept><rtept lat="47.625361" lon="-84.762502"><ele>414.0</ele><time>2026-09-18T14:04:40Z</time></rtept><rtept lat="47.625625" lon="-84.76258"><ele>414.0</ele><time>2026-09-18T14:04:40Z</time></rtept><rtept lat="47.62589" lon="-84.762658"><ele>414.0</ele><time>2026-09-18T14:04:40Z</time></rtept><rtept lat="47.626155" lon="-84.762735"><ele>414.0</ele><time>2026-09-18T14:04:40Z</time></rtept><rtept lat="47.626419" lon="-84.762813"><ele>414.0</ele><time>2026-09-18T14:04:40Z</time></rtept><rtept lat="47.626596" lon="-84.762865"><ele>414.0</ele><time>2026-09-18T14:04:40Z</time></rtept><rtept lat="47.626596" lon="-84.762865"><ele>414.0</ele><time>2026-09-18T14:04:40Z</time></rtept><rtept lat="47.626684" lon="-84.762891"><ele>414.0</ele><time>2026-09-18T14:04:40Z</time></rtept><rtept lat="47.626684" lon="-84.762891"><ele>414.0</ele><time>2026-09-18T14:04:40Z</time></rtept><rtept lat="47.626781" lon="-84.762882"><ele>414.0</ele><time>2026-09-18T14:04:40Z</time></rtept><rtept lat="47.62705" lon="-84.762856"><ele>414.0</ele><time>2026-09-18T14:04:40Z</time></rtept><rtept lat="47.627319" lon="-84.762831"><ele>414.0</ele><time>2026-09-18T14:04:40Z</time></rtept><rtept lat="47.627589" lon="-84.762806"><ele>414.0</ele><time>2026-09-18T14:04:40Z</time></rtept><rtept lat="47.627858" lon="-84.76278"><ele>414.0</ele><time>2026-09-18T14:04:40Z</time></rtept><rtept lat="47.628127" lon="-84.762755"><ele>414.0</ele><time>2026-09-18T14:04:40Z</time></rtept><rtept lat="47.628396" lon="-84.76273"><ele>414.0</ele><time>2026-09-18T14:04:40Z</time></rtept><rtept lat="47.628666" lon="-84.762704"><ele>414.0</ele><time>2026-09-18T14:04:40Z</time></rtept><rtept lat="47.628935" lon="-84.762679"><ele>413.8000000000011</ele><time>2026-09-18T14:04:40Z</time></rtept><rtept lat="47.629204" lon="-84.762654"><ele>413.8000000000011</ele><time>2026-09-18T14:04:40Z</time></rtept><rtept lat="47.629473" lon="-84.762628"><ele>414.0</ele><time>2026-09-18T14:04:40Z</time></rtept><rtept lat="47.629743" lon="-84.762603"><ele>414.0</ele><time>2026-09-18T14:04:40Z</time></rtept><rtept lat="47.630012" lon="-84.762577"><ele>414.0</ele><time>2026-09-18T14:04:40Z</time></rtept><rtept lat="47.630281" lon="-84.762552"><ele>414.0</ele><time>2026-09-18T14:04:40Z</time></rtept><rtept lat="47.63055" lon="-84.762527"><ele>414.0</ele><time>2026-09-18T14:04:40Z</time></rtept><rtept lat="47.63082" lon="-84.762501"><ele>413.8000000000011</ele><time>2026-09-18T14:04:40Z</time></rtept><rtept lat="47.630999" lon="-84.762484"><ele>413.8000000000011</ele><time>2026-09-18T14:04:40Z</time></rtept><rtept lat="47.630999" lon="-84.762484"><ele>413.8000000000011</ele><time>2026-09-18T14:04:40Z</time></rtept><rtept lat="47.631089" lon="-84.762476"><ele>413.8000000000011</ele><time>2026-09-18T14:04:40Z</time></rtept><rtept lat="47.631089" lon="-84.762476"><ele>413.8000000000011</ele><time>2026-09-18T14:04:40Z</time></rtept><rtept lat="47.631187" lon="-84.76247"><ele>413.8000000000011</ele><time>2026-09-18T14:04:40Z</time></rtept><rtept lat="47.631457" lon="-84.762454"><ele>414.0</ele><time>2026-09-18T14:04:40Z</time></rtept><rtept lat="47.631726" lon="-84.762437"><ele>414.0</ele><time>2026-09-18T14:04:40Z</time></rtept><rtept lat="47.631996" lon="-84.762421"><ele>414.0</ele><time>2026-09-18T14:04:40Z</time></rtept><rtept lat="47.632266" lon="-84.762405"><ele>414.0</ele><time>2026-09-18T14:04:40Z</time></rtept><rtept lat="47.632535" lon="-84.762388"><ele>414.0</ele><time>2026-09-18T14:04:40Z</time></rtept><rtept lat="47.632805" lon="-84.762372"><ele>414.0</ele><time>2026-09-18T14:04:40Z</time></rtept><rtept lat="47.633074" lon="-84.762355"><ele>414.0</ele><time>2026-09-18T14:04:40Z</time></rtept><rtept lat="47.633344" lon="-84.762339"><ele>413.8000000000011</ele><time>2026-09-18T14:04:40Z</time></rtept><rtept lat="47.633613" lon="-84.762322"><ele>414.2000000000007</ele><time>2026-09-18T14:04:40Z</time></rtept><rtept lat="47.633793" lon="-84.762311"><ele>414.40000000000146</ele><time>2026-09-18T14:04:40Z</time></rtept><rtept lat="47.633793" lon="-84.762311"><ele>414.40000000000146</ele><time>2026-09-18T14:04:40Z</time></rtept><rtept lat="47.633883" lon="-84.762306"><ele>414.8000000000011</ele><time>2026-09-18T14:04:40Z</time></rtept><rtept lat="47.633883" lon="-84.762306"><ele>414.8000000000011</ele><time>2026-09-18T14:04:40Z</time></rtept><rtept lat="47.634135" lon="-84.762331"><ele>415.60000000000036</ele><time>2026-09-18T14:04:40Z</time></rtept><rtept lat="47.634404" lon="-84.762359"><ele>415.60000000000036</ele><time>2026-09-18T14:04:40Z</time></rtept><rtept lat="47.634673" lon="-84.762386"><ele>416.0</ele><time>2026-09-18T14:04:40Z</time></rtept><rtept lat="47.634942" lon="-84.762414"><ele>416.40000000000146</ele><time>2026-09-18T14:04:40Z</time></rtept><rtept lat="47.635212" lon="-84.762441"><ele>416.2000000000007</ele><time>2026-09-18T14:04:40Z</time></rtept><rtept lat="47.635481" lon="-84.762469"><ele>416.2000000000007</ele><time>2026-09-18T14:04:40Z</time></rtept><rtept lat="47.63575" lon="-84.762496"><ele>416.60000000000036</ele><time>2026-09-18T14:04:40Z</time></rtept><rtept lat="47.635929" lon="-84.762515"><ele>416.40000000000146</ele><time>2026-09-18T14:04:40Z</time></rtept><rtept lat="47.635929" lon="-84.762515"><ele>416.40000000000146</ele><time>2026-09-18T14:04:40Z</time></rtept><rtept lat="47.636019" lon="-84.762524"><ele>416.40000000000146</ele><time>2026-09-18T14:04:40Z</time></rtept><rtept lat="47.636019" lon="-84.762524"><ele>416.40000000000146</ele><time>2026-09-18T14:04:40Z</time></rtept><rtept lat="47.636218" lon="-84.762545"><ele>416.2000000000007</ele><time>2026-09-18T14:04:40Z</time></rtept><rtept lat="47.636488" lon="-84.762572"><ele>416.8000000000011</ele><time>2026-09-18T14:04:40Z</time></rtept><rtept lat="47.636757" lon="-84.7626"><ele>417.0</ele><time>2026-09-18T14:04:40Z</time></rtept><rtept lat="47.637026" lon="-84.762627"><ele>416.8000000000011</ele><time>2026-09-18T14:04:40Z</time></rtept><rtept lat="47.637205" lon="-84.762646"><ele>417.0</ele><time>2026-09-18T14:04:40Z</time></rtept><rtept lat="47.637205" lon="-84.762646"><ele>417.0</ele><time>2026-09-18T14:04:40Z</time></rtept><rtept lat="47.637295" lon="-84.762655"><ele>417.0</ele><time>2026-09-18T14:04:40Z</time></rtept><rtept lat="47.637295" lon="-84.762655"><ele>417.0</ele><time>2026-09-18T14:04:40Z</time></rtept><rtept lat="47.637436" lon="-84.762723"><ele>417.0</ele><time>2026-09-18T14:04:40Z</time></rtept><rtept lat="47.637693" lon="-84.762848"><ele>417.8000000000011</ele><time>2026-09-18T14:04:40Z</time></rtept><rtept lat="47.637864" lon="-84.762931"><ele>418.0</ele><time>2026-09-18T14:04:40Z</time></rtept><rtept lat="47.637864" lon="-84.762931"><ele>418.0</ele><time>2026-09-18T14:04:40Z</time></rtept><rtept lat="47.637949" lon="-84.762972"><ele>418.0</ele><time>2026-09-18T14:04:40Z</time></rtept><rtept lat="47.637949" lon="-84.762972"><ele>418.0</ele><time>2026-09-18T14:04:40Z</time></rtept><rtept lat="47.638052" lon="-84.763015"><ele>418.0</ele><time>2026-09-18T14:04:40Z</time></rtept><rtept lat="47.638313" lon="-84.763121"><ele>418.0</ele><time>2026-09-18T14:04:40Z</time></rtept><rtept lat="47.638573" lon="-84.763227"><ele>418.2000000000007</ele><time>2026-09-18T14:04:40Z</time></rtept><rtept lat="47.638833" lon="-84.763333"><ele>418.2000000000007</ele><time>2026-09-18T14:04:40Z</time></rtept><rtept lat="47.639006" lon="-84.763404"><ele>418.60000000000036</ele><time>2026-09-18T14:04:40Z</time></rtept><rtept lat="47.639006" lon="-84.763404"><ele>418.60000000000036</ele><time>2026-09-18T14:04:40Z</time></rtept><rtept lat="47.639093" lon="-84.763439"><ele>418.8000000000011</ele><time>2026-09-18T14:04:40Z</time></rtept><rtept lat="47.639093" lon="-84.763439"><ele>418.8000000000011</ele><time>2026-09-18T14:04:40Z</time></rtept><rtept lat="47.639094" lon="-84.763479"><ele>418.8000000000011</ele><time>2026-09-18T14:04:40Z</time></rtept><rtept lat="47.639108" lon="-84.763879"><ele>418.8000000000011</ele><time>2026-09-18T14:04:40Z</time></rtept><rtept lat="47.639123" lon="-84.764279"><ele>419.2000000000007</ele><time>2026-09-18T14:04:40Z</time></rtept><rtept lat="47.639132" lon="-84.764546"><ele>419.60000000000036</ele><time>2026-09-18T14:04:40Z</time></rtept><rtept lat="47.639132" lon="-84.764546"><ele>419.60000000000036</ele><time>2026-09-18T14:04:40Z</time></rtept><rtept lat="47.639137" lon="-84.764679"><ele>419.8000000000011</ele><time>2026-09-18T14:04:40Z</time></rtept><rtept lat="47.639137" lon="-84.764679"><ele>419.8000000000011</ele><time>2026-09-18T14:04:40Z</time></rtept><rtept lat="47.639179" lon="-84.764817"><ele>420.0</ele><time>2026-09-18T14:04:40Z</time></rtept><rtept lat="47.639254" lon="-84.76506"><ele>420.60000000000036</ele><time>2026-09-18T14:04:40Z</time></rtept><rtept lat="47.639254" lon="-84.76506"><ele>420.60000000000036</ele><time>2026-09-18T14:04:40Z</time></rtept><rtept lat="47.639291" lon="-84.765181"><ele>420.40000000000146</ele><time>2026-09-18T14:04:40Z</time></rtept><rtept lat="47.639291" lon="-84.765181"><ele>420.40000000000146</ele><time>2026-09-18T14:04:40Z</time></rtept><rtept lat="47.639337" lon="-84.765168"><ele>420.60000000000036</ele><time>2026-09-18T14:04:40Z</time></rtept><rtept lat="47.639602" lon="-84.765094"><ele>423.40000000000146</ele><time>2026-09-18T14:04:40Z</time></rtept><rtept lat="47.639779" lon="-84.765044"><ele>424.2000000000007</ele><time>2026-09-18T14:04:40Z</time></rtept><rtept lat="47.639779" lon="-84.765044"><ele>424.2000000000007</ele><time>2026-09-18T14:04:40Z</time></rtept><rtept lat="47.639867" lon="-84.765019"><ele>424.2000000000007</ele><time>2026-09-18T14:04:40Z</time></rtept><rtept lat="47.639867" lon="-84.765019"><ele>424.2000000000007</ele><time>2026-09-18T14:04:40Z</time></rtept><rtept lat="47.640016" lon="-84.764982"><ele>425.60000000000036</ele><time>2026-09-18T14:04:40Z</time></rtept><rtept lat="47.640282" lon="-84.764915"><ele>425.60000000000036</ele><time>2026-09-18T14:04:40Z</time></rtept><rtept lat="47.640548" lon="-84.764848"><ele>423.0</ele><time>2026-09-18T14:04:40Z</time></rtept><rtept lat="47.640814" lon="-84.764781"><ele>422.2000000000007</ele><time>2026-09-18T14:04:40Z</time></rtept><rtept lat="47.640991" lon="-84.764736"><ele>421.60000000000036</ele><time>2026-09-18T14:04:40Z</time></rtept><rtept lat="47.640991" lon="-84.764736"><ele>421.60000000000036</ele><time>2026-09-18T14:04:40Z</time></rtept><rtept lat="47.64108" lon="-84.764714"><ele>421.40000000000146</ele><time>2026-09-18T14:04:40Z</time></rtept><rtept lat="47.64108" lon="-84.764714"><ele>421.40000000000146</ele><time>2026-09-18T14:04:40Z</time></rtept><rtept lat="47.641228" lon="-84.764571"><ele>421.60000000000036</ele><time>2026-09-18T14:04:40Z</time></rtept><rtept lat="47.641454" lon="-84.764352"><ele>421.60000000000036</ele><time>2026-09-18T14:04:40Z</time></rtept><rtept lat="47.641681" lon="-84.764134"><ele>421.40000000000146</ele><time>2026-09-18T14:04:40Z</time></rtept><rtept lat="47.641907" lon="-84.763916"><ele>421.40000000000146</ele><time>2026-09-18T14:04:40Z</time></rtept><rtept lat="47.642058" lon="-84.763771"><ele>421.60000000000036</ele><time>2026-09-18T14:04:40Z</time></rtept><rtept lat="47.642058" lon="-84.763771"><ele>421.60000000000036</ele><time>2026-09-18T14:04:40Z</time></rtept><rtept lat="47.642133" lon="-84.763698"><ele>421.8000000000011</ele><time>2026-09-18T14:04:40Z</time></rtept><rtept lat="47.642133" lon="-84.763698"><ele>421.8000000000011</ele><time>2026-09-18T14:04:40Z</time></rtept><rtept lat="47.642397" lon="-84.763672"><ele>422.0</ele><time>2026-09-18T14:04:40Z</time></rtept><rtept lat="47.642576" lon="-84.763655"><ele>422.40000000000146</ele><time>2026-09-18T14:04:40Z</time></rtept><rtept lat="47.642576" lon="-84.763655"><ele>422.40000000000146</ele><time>2026-09-18T14:04:40Z</time></rtept><rtept lat="47.642666" lon="-84.763646"><ele>422.60000000000036</ele><time>2026-09-18T14:04:40Z</time></rtept><rtept lat="47.642666" lon="-84.763646"><ele>422.60000000000036</ele><time>2026-09-18T14:04:40Z</time></rtept><rtept lat="47.642679" lon="-84.763672"><ele>422.60000000000036</ele><time>2026-09-18T14:04:40Z</time></rtept><rtept lat="47.642844" lon="-84.763989"><ele>423.60000000000036</ele><time>2026-09-18T14:04:40Z</time></rtept><rtept lat="47.643009" lon="-84.764306"><ele>424.0</ele><time>2026-09-18T14:04:40Z</time></rtept><rtept lat="47.643174" lon="-84.764622"><ele>424.0</ele><time>2026-09-18T14:04:40Z</time></rtept><rtept lat="47.643339" lon="-84.764939"><ele>424.8000000000011</ele><time>2026-09-18T14:04:40Z</time></rtept><rtept lat="47.643504" lon="-84.765256"><ele>425.2000000000007</ele><time>2026-09-18T14:04:40Z</time></rtept><rtept lat="47.643614" lon="-84.765467"><ele>425.60000000000036</ele><time>2026-09-18T14:04:40Z</time></rtept><rtept lat="47.643614" lon="-84.765467"><ele>425.60000000000036</ele><time>2026-09-18T14:04:40Z</time></rtept><rtept lat="47.643669" lon="-84.765573"><ele>426.0</ele><time>2026-09-18T14:04:40Z</time></rtept><rtept lat="47.643669" lon="-84.765573"><ele>426.0</ele><time>2026-09-18T14:04:40Z</time></rtept><rtept lat="47.643789" lon="-84.76565"><ele>426.40000000000146</ele><time>2026-09-18T14:04:40Z</time></rtept><rtept lat="47.644037" lon="-84.765809"><ele>426.40000000000146</ele><time>2026-09-18T14:04:40Z</time></rtept><rtept lat="47.644284" lon="-84.765967"><ele>426.60000000000036</ele><time>2026-09-18T14:04:40Z</time></rtept><rtept lat="47.644532" lon="-84.766126"><ele>426.60000000000036</ele><time>2026-09-18T14:04:40Z</time></rtept><rtept lat="47.644697" lon="-84.766231"><ele>427.0</ele><time>2026-09-18T14:04:40Z</time></rtept><rtept lat="47.644697" lon="-84.766231"><ele>427.0</ele><time>2026-09-18T14:04:40Z</time></rtept><rtept lat="47.64478" lon="-84.766284"><ele>427.2000000000007</ele><time>2026-09-18T14:04:40Z</time></rtept><rtept lat="47.64478" lon="-84.766284"><ele>427.2000000000007</ele><time>2026-09-18T14:04:40Z</time></rtept><rtept lat="47.645027" lon="-84.766344"><ele>427.40000000000146</ele><time>2026-09-18T14:04:40Z</time></rtept><rtept lat="47.645294" lon="-84.76641"><ele>427.60000000000036</ele><time>2026-09-18T14:04:40Z</time></rtept><rtept lat="47.64556" lon="-84.766475"><ele>427.8000000000011</ele><time>2026-09-18T14:04:40Z</time></rtept><rtept lat="47.645737" lon="-84.766518"><ele>427.8000000000011</ele><time>2026-09-18T14:04:40Z</time></rtept><rtept lat="47.645737" lon="-84.766518"><ele>427.8000000000011</ele><time>2026-09-18T14:04:40Z</time></rtept><rtept lat="47.645826" lon="-84.76654"><ele>428.0</ele><time>2026-09-18T14:04:40Z</time></rtept><rtept lat="47.645826" lon="-84.76654"><ele>428.0</ele><time>2026-09-18T14:04:40Z</time></rtept><rtept lat="47.645833" lon="-84.766532"><ele>428.0</ele><time>2026-09-18T14:04:40Z</time></rtept><rtept lat="47.646044" lon="-84.766282"><ele>427.8000000000011</ele><time>2026-09-18T14:04:40Z</time></rtept><rtept lat="47.646255" lon="-84.766033"><ele>427.8000000000011</ele><time>2026-09-18T14:04:40Z</time></rtept><rtept lat="47.646396" lon="-84.765866"><ele>428.0</ele><time>2026-09-18T14:04:40Z</time></rtept><rtept lat="47.646396" lon="-84.765866"><ele>428.0</ele><time>2026-09-18T14:04:40Z</time></rtept><rtept lat="47.646466" lon="-84.765783"><ele>427.8000000000011</ele><time>2026-09-18T14:04:40Z</time></rtept><rtept lat="47.646466" lon="-84.765783"><ele>427.8000000000011</ele><time>2026-09-18T14:04:40Z</time></rtept><rtept lat="47.646515" lon="-84.765413"><ele>427.60000000000036</ele><time>2026-09-18T14:04:40Z</time></rtept><rtept lat="47.64655" lon="-84.765151"><ele>427.0</ele><time>2026-09-18T14:04:40Z</time></rtept><rtept lat="47.64655" lon="-84.765151"><ele>427.0</ele><time>2026-09-18T14:04:40Z</time></rtept><rtept lat="47.646567" lon="-84.76502"><ele>427.0</ele><time>2026-09-18T14:04:40Z</time></rtept><rtept lat="47.646567" lon="-84.76502"><ele>427.0</ele><time>2026-09-18T14:04:40Z</time></rtept><rtept lat="47.646813" lon="-84.764915"><ele>427.0</ele><time>2026-09-18T14:04:40Z</time></rtept><rtept lat="47.647072" lon="-84.764804"><ele>427.0</ele><time>2026-09-18T14:04:40Z</time></rtept><rtept lat="47.647332" lon="-84.764694"><ele>427.0</ele><time>2026-09-18T14:04:40Z</time></rtept><rtept lat="47.647591" lon="-84.764583"><ele>427.0</ele><time>2026-09-18T14:04:40Z</time></rtept><rtept lat="47.64785" lon="-84.764473"><ele>426.60000000000036</ele><time>2026-09-18T14:04:40Z</time></rtept><rtept lat="47.64811" lon="-84.764362"><ele>426.8000000000011</ele><time>2026-09-18T14:04:40Z</time></rtept><rtept lat="47.648283" lon="-84.764289"><ele>426.60000000000036</ele><time>2026-09-18T14:04:40Z</time></rtept><rtept lat="47.648283" lon="-84.764289"><ele>426.60000000000036</ele><time>2026-09-18T14:04:40Z</time></rtept><rtept lat="47.648369" lon="-84.764252"><ele>426.60000000000036</ele><time>2026-09-18T14:04:40Z</time></rtept><rtept lat="47.648369" lon="-84.764252"><ele>426.60000000000036</ele><time>2026-09-18T14:04:40Z</time></rtept><rtept lat="47.648511" lon="-84.764262"><ele>426.60000000000036</ele><time>2026-09-18T14:04:40Z</time></rtept><rtept lat="47.648781" lon="-84.76428"><ele>426.60000000000036</ele><time>2026-09-18T14:04:40Z</time></rtept><rtept lat="47.64905" lon="-84.764299"><ele>426.2000000000007</ele><time>2026-09-18T14:04:40Z</time></rtept><rtept lat="47.64932" lon="-84.764317"><ele>425.60000000000036</ele><time>2026-09-18T14:04:40Z</time></rtept><rtept lat="47.649589" lon="-84.764335"><ele>425.60000000000036</ele><time>2026-09-18T14:04:40Z</time></rtept><rtept lat="47.649859" lon="-84.764354"><ele>425.2000000000007</ele><time>2026-09-18T14:04:40Z</time></rtept><rtept lat="47.650128" lon="-84.764372"><ele>425.2000000000007</ele><time>2026-09-18T14:04:40Z</time></rtept><rtept lat="47.650398" lon="-84.76439"><ele>425.2000000000007</ele><time>2026-09-18T14:04:40Z</time></rtept><rtept lat="47.650667" lon="-84.764409"><ele>424.8000000000011</ele><time>2026-09-18T14:04:40Z</time></rtept><rtept lat="47.650847" lon="-84.764421"><ele>425.60000000000036</ele><time>2026-09-18T14:04:40Z</time></rtept><rtept lat="47.650847" lon="-84.764421"><ele>425.60000000000036</ele><time>2026-09-18T14:04:40Z</time></rtept><rtept lat="47.650937" lon="-84.764427"><ele>425.8000000000011</ele><time>2026-09-18T14:04:40Z</time></rtept><rtept lat="47.650937" lon="-84.764427"><ele>425.8000000000011</ele><time>2026-09-18T14:04:40Z</time></rtept><rtept lat="47.651108" lon="-84.764413"><ele>425.8000000000011</ele><time>2026-09-18T14:04:40Z</time></rtept><rtept lat="47.651287" lon="-84.764398"><ele>426.0</ele><time>2026-09-18T14:04:40Z</time></rtept><rtept lat="47.651287" lon="-84.764398"><ele>426.0</ele><time>2026-09-18T14:04:40Z</time></rtept><rtept lat="47.651377" lon="-84.764391"><ele>426.2000000000007</ele><time>2026-09-18T14:04:40Z</time></rtept><rtept lat="47.651377" lon="-84.764391"><ele>426.2000000000007</ele><time>2026-09-18T14:04:40Z</time></rtept><rtept lat="47.651512" lon="-84.764342"><ele>426.40000000000146</ele><time>2026-09-18T14:04:40Z</time></rtept><rtept lat="47.651774" lon="-84.764248"><ele>426.0</ele><time>2026-09-18T14:04:40Z</time></rtept><rtept lat="47.651949" lon="-84.764185"><ele>425.2000000000007</ele><time>2026-09-18T14:04:40Z</time></rtept><rtept lat="47.651949" lon="-84.764185"><ele>425.2000000000007</ele><time>2026-09-18T14:04:40Z</time></rtept><rtept lat="47.652036" lon="-84.764153"><ele>424.8000000000011</ele><time>2026-09-18T14:04:40Z</time></rtept><rtept lat="47.652036" lon="-84.764153"><ele>424.8000000000011</ele><time>2026-09-18T14:04:40Z</time></rtept><rtept lat="47.652185" lon="-84.764219"><ele>425.2000000000007</ele><time>2026-09-18T14:04:40Z</time></rtept><rtept lat="47.652443" lon="-84.764334"><ele>425.8000000000011</ele><time>2026-09-18T14:04:40Z</time></rtept><rtept lat="47.652702" lon="-84.764449"><ele>425.60000000000036</ele><time>2026-09-18T14:04:40Z</time></rtept><rtept lat="47.65296" lon="-84.764563"><ele>425.2000000000007</ele><time>2026-09-18T14:04:40Z</time></rtept><rtept lat="47.653219" lon="-84.764678"><ele>425.2000000000007</ele><time>2026-09-18T14:04:40Z</time></rtept><rtept lat="47.653478" lon="-84.764793"><ele>424.8000000000011</ele><time>2026-09-18T14:04:40Z</time></rtept><rtept lat="47.653736" lon="-84.764908"><ele>424.40000000000146</ele><time>2026-09-18T14:04:40Z</time></rtept><rtept lat="47.653995" lon="-84.765022"><ele>424.0</ele><time>2026-09-18T14:04:40Z</time></rtept><rtept lat="47.654253" lon="-84.765137"><ele>424.0</ele><time>2026-09-18T14:04:40Z</time></rtept><rtept lat="47.654512" lon="-84.765252"><ele>423.40000000000146</ele><time>2026-09-18T14:04:40Z</time></rtept><rtept lat="47.65477" lon="-84.765366"><ele>423.0</ele><time>2026-09-18T14:04:40Z</time></rtept><rtept lat="47.655029" lon="-84.765481"><ele>423.0</ele><time>2026-09-18T14:04:40Z</time></rtept><rtept lat="47.655287" lon="-84.765596"><ele>422.60000000000036</ele><time>2026-09-18T14:04:40Z</time></rtept><rtept lat="47.655546" lon="-84.76571"><ele>422.0</ele><time>2026-09-18T14:04:40Z</time></rtept><rtept lat="47.655718" lon="-84.765787"><ele>422.0</ele><time>2026-09-18T14:04:40Z</time></rtept><rtept lat="47.655718" lon="-84.765787"><ele>422.0</ele><time>2026-09-18T14:04:40Z</time></rtept><rtept lat="47.655804" lon="-84.765825"><ele>422.0</ele><time>2026-09-18T14:04:40Z</time></rtept><rtept lat="47.655804" lon="-84.765825"><ele>422.0</ele><time>2026-09-18T14:04:40Z</time></rtept><rtept lat="47.655902" lon="-84.765929"><ele>422.0</ele><time>2026-09-18T14:04:40Z</time></rtept><rtept lat="47.656122" lon="-84.766161"><ele>422.0</ele><time>2026-09-18T14:04:40Z</time></rtept><rtept lat="47.656342" lon="-84.766393"><ele>422.0</ele><time>2026-09-18T14:04:40Z</time></rtept><rtept lat="47.656561" lon="-84.766625"><ele>422.0</ele><time>2026-09-18T14:04:40Z</time></rtept><rtept lat="47.656781" lon="-84.766858"><ele>422.0</ele><time>2026-09-18T14:04:40Z</time></rtept><rtept lat="47.656928" lon="-84.767013"><ele>422.0</ele><time>2026-09-18T14:04:40Z</time></rtept><rtept lat="47.656928" lon="-84.767013"><ele>422.0</ele><time>2026-09-18T14:04:40Z</time></rtept><rtept lat="47.657001" lon="-84.76709"><ele>422.0</ele><time>2026-09-18T14:04:40Z</time></rtept><rtept lat="47.657001" lon="-84.76709"><ele>422.0</ele><time>2026-09-18T14:04:40Z</time></rtept><rtept lat="47.657048" lon="-84.767291"><ele>422.0</ele><time>2026-09-18T14:04:40Z</time></rtept><rtept lat="47.657136" lon="-84.76767"><ele>422.0</ele><time>2026-09-18T14:04:40Z</time></rtept><rtept lat="47.657223" lon="-84.768048"><ele>422.0</ele><time>2026-09-18T14:04:40Z</time></rtept><rtept lat="47.657311" lon="-84.768427"><ele>421.8000000000011</ele><time>2026-09-18T14:04:40Z</time></rtept><rtept lat="47.657399" lon="-84.768806"><ele>421.2000000000007</ele><time>2026-09-18T14:04:40Z</time></rtept><rtept lat="47.657487" lon="-84.769185"><ele>421.0</ele><time>2026-09-18T14:04:40Z</time></rtept><rtept lat="47.657574" lon="-84.769563"><ele>421.0</ele><time>2026-09-18T14:04:40Z</time></rtept><rtept lat="47.657662" lon="-84.769942"><ele>421.0</ele><time>2026-09-18T14:04:40Z</time></rtept><rtept lat="47.657721" lon="-84.770195"><ele>420.8000000000011</ele><time>2026-09-18T14:04:40Z</time></rtept><rtept lat="47.657721" lon="-84.770195"><ele>420.8000000000011</ele><time>2026-09-18T14:04:40Z</time></rtept><rtept lat="47.65775" lon="-84.770321"><ele>420.60000000000036</ele><time>2026-09-18T14:04:40Z</time></rtept><rtept lat="47.65775" lon="-84.770321"><ele>420.60000000000036</ele><time>2026-09-18T14:04:40Z</time></rtept><rtept lat="47.65776" lon="-84.770476"><ele>420.40000000000146</ele><time>2026-09-18T14:04:40Z</time></rtept><rtept lat="47.657786" lon="-84.770875"><ele>421.0</ele><time>2026-09-18T14:04:40Z</time></rtept><rtept lat="47.657812" lon="-84.771273"><ele>421.40000000000146</ele><time>2026-09-18T14:04:40Z</time></rtept><rtept lat="47.657837" lon="-84.771672"><ele>422.40000000000146</ele><time>2026-09-18T14:04:40Z</time></rtept><rtept lat="47.657863" lon="-84.772071"><ele>424.0</ele><time>2026-09-18T14:04:40Z</time></rtept><rtept lat="47.657889" lon="-84.77247"><ele>425.0</ele><time>2026-09-18T14:04:40Z</time></rtept><rtept lat="47.657915" lon="-84.772868"><ele>425.0</ele><time>2026-09-18T14:04:40Z</time></rtept><rtept lat="47.657941" lon="-84.773267"><ele>424.60000000000036</ele><time>2026-09-18T14:04:40Z</time></rtept><rtept lat="47.657967" lon="-84.773666"><ele>424.60000000000036</ele><time>2026-09-18T14:04:40Z</time></rtept><rtept lat="47.657993" lon="-84.774064"><ele>425.0</ele><time>2026-09-18T14:04:40Z</time></rtept><rtept lat="47.658018" lon="-84.774463"><ele>425.0</ele><time>2026-09-18T14:04:40Z</time></rtept><rtept lat="47.658044" lon="-84.774862"><ele>424.60000000000036</ele><time>2026-09-18T14:04:40Z</time></rtept><rtept lat="47.65807" lon="-84.775261"><ele>424.40000000000146</ele><time>2026-09-18T14:04:40Z</time></rtept><rtept lat="47.658096" lon="-84.775659"><ele>425.0</ele><time>2026-09-18T14:04:40Z</time></rtept><rtept lat="47.658122" lon="-84.776058"><ele>425.0</ele><time>2026-09-18T14:04:40Z</time></rtept><rtept lat="47.658148" lon="-84.776457"><ele>425.0</ele><time>2026-09-18T14:04:40Z</time></rtept><rtept lat="47.658173" lon="-84.776855"><ele>425.0</ele><time>2026-09-18T14:04:40Z</time></rtept><rtept lat="47.658199" lon="-84.777254"><ele>425.0</ele><time>2026-09-18T14:04:40Z</time></rtept><rtept lat="47.658225" lon="-84.777653"><ele>425.0</ele><time>2026-09-18T14:04:40Z</time></rtept><rtept lat="47.658251" lon="-84.778052"><ele>425.40000000000146</ele><time>2026-09-18T14:04:40Z</time></rtept><rtept lat="47.658277" lon="-84.77845"><ele>425.60000000000036</ele><time>2026-09-18T14:04:40Z</time></rtept><rtept lat="47.658303" lon="-84.778849"><ele>425.8000000000011</ele><time>2026-09-18T14:04:40Z</time></rtept><rtept lat="47.658328" lon="-84.779248"><ele>425.8000000000011</ele><time>2026-09-18T14:04:40Z</time></rtept><rtept lat="47.658354" lon="-84.779646"><ele>426.0</ele><time>2026-09-18T14:04:40Z</time></rtept><rtept lat="47.65838" lon="-84.780045"><ele>426.0</ele><time>2026-09-18T14:04:40Z</time></rtept><rtept lat="47.658406" lon="-84.780444"><ele>426.40000000000146</ele><time>2026-09-18T14:04:40Z</time></rtept><rtept lat="47.658432" lon="-84.780843"><ele>427.0</ele><time>2026-09-18T14:04:40Z</time></rtept><rtept lat="47.658458" lon="-84.781241"><ele>427.60000000000036</ele><time>2026-09-18T14:04:40Z</time></rtept><rtept lat="47.658483" lon="-84.78164"><ele>427.60000000000036</ele><time>2026-09-18T14:04:40Z</time></rtept><rtept lat="47.658509" lon="-84.782039"><ele>427.8000000000011</ele><time>2026-09-18T14:04:40Z</time></rtept><rtept lat="47.658535" lon="-84.782437"><ele>427.0</ele><time>2026-09-18T14:04:40Z</time></rtept><rtept lat="47.658561" lon="-84.782836"><ele>427.0</ele><time>2026-09-18T14:04:40Z</time></rtept><rtept lat="47.658587" lon="-84.783235"><ele>427.0</ele><time>2026-09-18T14:04:40Z</time></rtept><rtept lat="47.658612" lon="-84.783634"><ele>426.2000000000007</ele><time>2026-09-18T14:04:40Z</time></rtept><rtept lat="47.658638" lon="-84.784032"><ele>426.0</ele><time>2026-09-18T14:04:40Z</time></rtept><rtept lat="47.658664" lon="-84.784431"><ele>426.0</ele><time>2026-09-18T14:04:40Z</time></rtept><rtept lat="47.65869" lon="-84.78483"><ele>425.8000000000011</ele><time>2026-09-18T14:04:40Z</time></rtept><rtept lat="47.658716" lon="-84.785229"><ele>425.0</ele><time>2026-09-18T14:04:40Z</time></rtept><rtept lat="47.658741" lon="-84.785627"><ele>425.0</ele><time>2026-09-18T14:04:40Z</time></rtept><rtept lat="47.658767" lon="-84.786026"><ele>425.0</ele><time>2026-09-18T14:04:40Z</time></rtept><rtept lat="47.658793" lon="-84.786425"><ele>424.8000000000011</ele><time>2026-09-18T14:04:40Z</time></rtept><rtept lat="47.658819" lon="-84.786823"><ele>424.40000000000146</ele><time>2026-09-18T14:04:40Z</time></rtept><rtept lat="47.658845" lon="-84.787222"><ele>424.0</ele><time>2026-09-18T14:04:40Z</time></rtept><rtept lat="47.65887" lon="-84.787621"><ele>423.8000000000011</ele><time>2026-09-18T14:04:40Z</time></rtept><rtept lat="47.658896" lon="-84.78802"><ele>423.8000000000011</ele><time>2026-09-18T14:04:40Z</time></rtept><rtept lat="47.658922" lon="-84.788418"><ele>423.8000000000011</ele><time>2026-09-18T14:04:40Z</time></rtept><rtept lat="47.658948" lon="-84.788817"><ele>424.0</ele><time>2026-09-18T14:04:40Z</time></rtept><rtept lat="47.658974" lon="-84.789216"><ele>423.2000000000007</ele><time>2026-09-18T14:04:40Z</time></rtept><rtept lat="47.658999" lon="-84.789615"><ele>423.60000000000036</ele><time>2026-09-18T14:04:40Z</time></rtept><rtept lat="47.659025" lon="-84.790013"><ele>424.60000000000036</ele><time>2026-09-18T14:04:40Z</time></rtept><rtept lat="47.659042" lon="-84.790279"><ele>425.60000000000036</ele><time>2026-09-18T14:04:40Z</time></rtept><rtept lat="47.659042" lon="-84.790279"><ele>425.60000000000036</ele><time>2026-09-18T14:04:40Z</time></rtept><rtept lat="47.659051" lon="-84.790412"><ele>425.8000000000011</ele><time>2026-09-18T14:04:40Z</time></rtept><rtept lat="47.659051" lon="-84.790412"><ele>425.8000000000011</ele><time>2026-09-18T14:04:40Z</time></rtept><rtept lat="47.659022" lon="-84.790683"><ele>426.2000000000007</ele><time>2026-09-18T14:04:40Z</time></rtept><rtept lat="47.65898" lon="-84.791078"><ele>427.2000000000007</ele><time>2026-09-18T14:04:40Z</time></rtept><rtept lat="47.658938" lon="-84.791474"><ele>427.40000000000146</ele><time>2026-09-18T14:04:40Z</time></rtept><rtept lat="47.658895" lon="-84.79187"><ele>427.2000000000007</ele><time>2026-09-18T14:04:40Z</time></rtept><rtept lat="47.658853" lon="-84.792265"><ele>426.8000000000011</ele><time>2026-09-18T14:04:40Z</time></rtept><rtept lat="47.65881" lon="-84.792661"><ele>427.40000000000146</ele><time>2026-09-18T14:04:40Z</time></rtept><rtept lat="47.658768" lon="-84.793056"><ele>428.0</ele><time>2026-09-18T14:04:40Z</time></rtept><rtept lat="47.658726" lon="-84.793452"><ele>428.60000000000036</ele><time>2026-09-18T14:04:40Z</time></rtept><rtept lat="47.658683" lon="-84.793848"><ele>430.40000000000146</ele><time>2026-09-18T14:04:40Z</time></rtept><rtept lat="47.658641" lon="-84.794243"><ele>433.2000000000007</ele><time>2026-09-18T14:04:40Z</time></rtept><rtept lat="47.658599" lon="-84.794639"><ele>431.0</ele><time>2026-09-18T14:04:40Z</time></rtept><rtept lat="47.658556" lon="-84.795034"><ele>429.8000000000011</ele><time>2026-09-18T14:04:40Z</time></rtept><rtept lat="47.658528" lon="-84.795298"><ele>429.60000000000036</ele><time>2026-09-18T14:04:40Z</time></rtept><rtept lat="47.658528" lon="-84.795298"><ele>429.60000000000036</ele><time>2026-09-18T14:04:40Z</time></rtept><rtept lat="47.658514" lon="-84.79543"><ele>429.60000000000036</ele><time>2026-09-18T14:04:40Z</time></rtept><rtept lat="47.658514" lon="-84.79543"><ele>429.60000000000036</ele><time>2026-09-18T14:04:40Z</time></rtept><rtept lat="47.658532" lon="-84.795769"><ele>429.60000000000036</ele><time>2026-09-18T14:04:40Z</time></rtept><rtept lat="47.658547" lon="-84.796035"><ele>429.8000000000011</ele><time>2026-09-18T14:04:40Z</time></rtept><rtept lat="47.658547" lon="-84.796035"><ele>429.8000000000011</ele><time>2026-09-18T14:04:40Z</time></rtept><rtept lat="47.658554" lon="-84.796168"><ele>430.0</ele><time>2026-09-18T14:04:40Z</time></rtept><rtept lat="47.658554" lon="-84.796168"><ele>430.0</ele><time>2026-09-18T14:04:40Z</time></rtept><rtept lat="47.658554" lon="-84.796168"><ele>430.0</ele><time>2026-09-18T14:04:40Z</time></rtept><rtept lat="47.658652" lon="-84.796455"><ele>431.60000000000036</ele><time>2026-09-18T14:04:40Z</time></rtept><rtept lat="47.65873" lon="-84.796873"><ele>429.60000000000036</ele><time>2026-09-18T14:04:40Z</time></rtept><rtept lat="47.658761" lon="-84.797294"><ele>425.60000000000036</ele><time>2026-09-18T14:04:40Z</time></rtept><rtept lat="47.658723" lon="-84.797697"><ele>422.40000000000146</ele><time>2026-09-18T14:04:40Z</time></rtept><rtept lat="47.658582" lon="-84.798009"><ele>420.40000000000146</ele><time>2026-09-18T14:04:40Z</time></rtept><rtept lat="47.658516" lon="-84.79832"><ele>417.8000000000011</ele><time>2026-09-18T14:04:40Z</time></rtept><rtept lat="47.658545" lon="-84.798496"><ele>416.0</ele><time>2026-09-18T14:04:40Z</time></rtept><rtept lat="47.658545" lon="-84.798496"><ele>416.0</ele><time>2026-09-18T14:04:40Z</time></rtept><rtept lat="47.658553" lon="-84.798545"><ele>416.0</ele><time>2026-09-18T14:04:40Z</time></rtept><rtept lat="47.65859" lon="-84.798607"><ele>414.40000000000146</ele><time>2026-09-18T14:04:40Z</time></rtept><rtept lat="47.65859" lon="-84.798607"><ele>414.40000000000146</ele><time>2026-09-18T14:04:40Z</time></rtept><rtept lat="47.658627" lon="-84.798668"><ele>412.8000000000011</ele><time>2026-09-18T14:04:40Z</time></rtept><rtept lat="47.658702" lon="-84.798784"><ele>411.8000000000011</ele><time>2026-09-18T14:04:40Z</time></rtept><rtept lat="47.658718" lon="-84.798966"><ele>410.40000000000146</ele><time>2026-09-18T14:04:40Z</time></rtept><rtept lat="47.658678" lon="-84.799113"><ele>409.8000000000011</ele><time>2026-09-18T14:04:40Z</time></rtept><rtept lat="47.658683" lon="-84.799336"><ele>409.40000000000146</ele><time>2026-09-18T14:04:40Z</time></rtept><rtept lat="47.658666" lon="-84.799489"><ele>409.60000000000036</ele><time>2026-09-18T14:04:40Z</time></rtept></rte><rte><name>Fishing Route</name><desc>Roughly the areas we fished / canoe'ed on Old Woman Lake for 5 days</desc><extensions><line xmlns="http://www.topografix.com/GPX/gpx_style/0/2"><color>F42410</color></line></extensions><rtept lat="47.625437" lon="-84.722714"><ele>371.8000000000011</ele><time>2026-09-18T14:15:17Z</time></rtept><rtept lat="47.625173" lon="-84.722635"><ele>372.0</ele><time>2026-09-18T14:15:17Z</time></rtept><rtept lat="47.624908" lon="-84.722555"><ele>371.40000000000146</ele><time>2026-09-18T14:15:17Z</time></rtept><rtept lat="47.624644" lon="-84.722476"><ele>371.0</ele><time>2026-09-18T14:15:17Z</time></rtept><rtept lat="47.624379" lon="-84.722397"><ele>371.0</ele><time>2026-09-18T14:15:17Z</time></rtept><rtept lat="47.624115" lon="-84.722318"><ele>371.0</ele><time>2026-09-18T14:15:17Z</time></rtept><rtept lat="47.62385" lon="-84.722238"><ele>371.0</ele><time>2026-09-18T14:15:17Z</time></rtept><rtept lat="47.623586" lon="-84.722159"><ele>371.0</ele><time>2026-09-18T14:15:17Z</time></rtept><rtept lat="47.623321" lon="-84.72208"><ele>371.0</ele><time>2026-09-18T14:15:17Z</time></rtept><rtept lat="47.623057" lon="-84.722001"><ele>371.0</ele><time>2026-09-18T14:15:17Z</time></rtept><rtept lat="47.622792" lon="-84.721921"><ele>371.0</ele><time>2026-09-18T14:15:17Z</time></rtept><rtept lat="47.622528" lon="-84.721842"><ele>371.0</ele><time>2026-09-18T14:15:17Z</time></rtept><rtept lat="47.622264" lon="-84.721763"><ele>371.0</ele><time>2026-09-18T14:15:17Z</time></rtept><rtept lat="47.621999" lon="-84.721683"><ele>371.0</ele><time>2026-09-18T14:15:17Z</time></rtept><rtept lat="47.621795" lon="-84.721622"><ele>371.0</ele><time>2026-09-18T14:15:17Z</time></rtept><rtept lat="47.621795" lon="-84.721622"><ele>371.0</ele><time>2026-09-18T14:15:17Z</time></rtept><rtept lat="47.621531" lon="-84.721542"><ele>371.0</ele><time>2026-09-18T14:15:17Z</time></rtept><rtept lat="47.621266" lon="-84.721463"><ele>371.0</ele><time>2026-09-18T14:15:17Z</time></rtept><rtept lat="47.621002" lon="-84.721383"><ele>371.0</ele><time>2026-09-18T14:15:17Z</time></rtept><rtept lat="47.620737" lon="-84.721304"><ele>371.0</ele><time>2026-09-18T14:15:17Z</time></rtept><rtept lat="47.620473" lon="-84.721224"><ele>371.0</ele><time>2026-09-18T14:15:17Z</time></rtept><rtept lat="47.620209" lon="-84.721145"><ele>371.0</ele><time>2026-09-18T14:15:17Z</time></rtept><rtept lat="47.619944" lon="-84.721065"><ele>371.0</ele><time>2026-09-18T14:15:17Z</time></rtept><rtept lat="47.619757" lon="-84.721009"><ele>371.0</ele><time>2026-09-18T14:15:17Z</time></rtept><rtept lat="47.619757" lon="-84.721009"><ele>371.0</ele><time>2026-09-18T14:15:17Z</time></rtept><rtept lat="47.619555" lon="-84.721275"><ele>371.0</ele><time>2026-09-18T14:15:17Z</time></rtept><rtept lat="47.619353" lon="-84.72154"><ele>371.0</ele><time>2026-09-18T14:15:17Z</time></rtept><rtept lat="47.619152" lon="-84.721806"><ele>371.0</ele><time>2026-09-18T14:15:17Z</time></rtept><rtept lat="47.61895" lon="-84.722072"><ele>371.0</ele><time>2026-09-18T14:15:17Z</time></rtept><rtept lat="47.618807" lon="-84.722259"><ele>371.0</ele><time>2026-09-18T14:15:17Z</time></rtept><rtept lat="47.618807" lon="-84.722259"><ele>371.0</ele><time>2026-09-18T14:15:17Z</time></rtept><rtept lat="47.618622" lon="-84.721968"><ele>371.0</ele><time>2026-09-18T14:15:17Z</time></rtept><rtept lat="47.618436" lon="-84.721678"><ele>371.0</ele><time>2026-09-18T14:15:17Z</time></rtept><rtept lat="47.618251" lon="-84.721387"><ele>371.0</ele><time>2026-09-18T14:15:17Z</time></rtept><rtept lat="47.618065" lon="-84.721096"><ele>371.0</ele><time>2026-09-18T14:15:17Z</time></rtept><rtept lat="47.618004" lon="-84.721001"><ele>371.0</ele><time>2026-09-18T14:15:17Z</time></rtept><rtept lat="47.618004" lon="-84.721001"><ele>371.0</ele><time>2026-09-18T14:15:17Z</time></rtept><rtept lat="47.6181" lon="-84.720627"><ele>371.0</ele><time>2026-09-18T14:15:17Z</time></rtept><rtept lat="47.618195" lon="-84.720252"><ele>371.0</ele><time>2026-09-18T14:15:17Z</time></rtept><rtept lat="47.618291" lon="-84.719878"><ele>371.0</ele><time>2026-09-18T14:15:17Z</time></rtept><rtept lat="47.618386" lon="-84.719504"><ele>371.0</ele><time>2026-09-18T14:15:17Z</time></rtept><rtept lat="47.618482" lon="-84.71913"><ele>371.0</ele><time>2026-09-18T14:15:17Z</time></rtept><rtept lat="47.618578" lon="-84.718755"><ele>371.0</ele><time>2026-09-18T14:15:17Z</time></rtept><rtept lat="47.618673" lon="-84.718381"><ele>371.0</ele><time>2026-09-18T14:15:17Z</time></rtept><rtept lat="47.618769" lon="-84.718007"><ele>371.0</ele><time>2026-09-18T14:15:17Z</time></rtept><rtept lat="47.618792" lon="-84.717916"><ele>371.0</ele><time>2026-09-18T14:15:17Z</time></rtept><rtept lat="47.618792" lon="-84.717916"><ele>371.0</ele><time>2026-09-18T14:15:17Z</time></rtept><rtept lat="47.618545" lon="-84.718076"><ele>371.0</ele><time>2026-09-18T14:15:17Z</time></rtept><rtept lat="47.618297" lon="-84.718236"><ele>371.0</ele><time>2026-09-18T14:15:17Z</time></rtept><rtept lat="47.61805" lon="-84.718395"><ele>371.0</ele><time>2026-09-18T14:15:17Z</time></rtept><rtept lat="47.617803" lon="-84.718555"><ele>371.0</ele><time>2026-09-18T14:15:17Z</time></rtept><rtept lat="47.617555" lon="-84.718715"><ele>371.0</ele><time>2026-09-18T14:15:17Z</time></rtept><rtept lat="47.617308" lon="-84.718875"><ele>371.0</ele><time>2026-09-18T14:15:17Z</time></rtept><rtept lat="47.61706" lon="-84.719034"><ele>371.0</ele><time>2026-09-18T14:15:17Z</time></rtept><rtept lat="47.616813" lon="-84.719194"><ele>371.0</ele><time>2026-09-18T14:15:17Z</time></rtept><rtept lat="47.616566" lon="-84.719354"><ele>371.0</ele><time>2026-09-18T14:15:17Z</time></rtept><rtept lat="47.616318" lon="-84.719513"><ele>371.0</ele><time>2026-09-18T14:15:17Z</time></rtept><rtept lat="47.616071" lon="-84.719673"><ele>371.0</ele><time>2026-09-18T14:15:17Z</time></rtept><rtept lat="47.616017" lon="-84.719708"><ele>371.0</ele><time>2026-09-18T14:15:17Z</time></rtept><rtept lat="47.616017" lon="-84.719708"><ele>371.0</ele><time>2026-09-18T14:15:17Z</time></rtept><rtept lat="47.61603" lon="-84.720108"><ele>371.0</ele><time>2026-09-18T14:15:17Z</time></rtept><rtept lat="47.616042" lon="-84.720508"><ele>371.0</ele><time>2026-09-18T14:15:17Z</time></rtept><rtept lat="47.616055" lon="-84.720907"><ele>371.0</ele><time>2026-09-18T14:15:17Z</time></rtept><rtept lat="47.616067" lon="-84.721307"><ele>371.0</ele><time>2026-09-18T14:15:17Z</time></rtept><rtept lat="47.61608" lon="-84.721707"><ele>371.0</ele><time>2026-09-18T14:15:17Z</time></rtept><rtept lat="47.616092" lon="-84.722107"><ele>371.0</ele><time>2026-09-18T14:15:17Z</time></rtept><rtept lat="47.616105" lon="-84.722507"><ele>371.0</ele><time>2026-09-18T14:15:17Z</time></rtept><rtept lat="47.616117" lon="-84.722906"><ele>371.0</ele><time>2026-09-18T14:15:17Z</time></rtept><rtept lat="47.61613" lon="-84.723306"><ele>371.0</ele><time>2026-09-18T14:15:17Z</time></rtept><rtept lat="47.616132" lon="-84.723371"><ele>371.0</ele><time>2026-09-18T14:15:17Z</time></rtept><rtept lat="47.616132" lon="-84.723371"><ele>371.0</ele><time>2026-09-18T14:15:17Z</time></rtept><rtept lat="47.615924" lon="-84.723625"><ele>371.0</ele><time>2026-09-18T14:15:17Z</time></rtept><rtept lat="47.615715" lon="-84.72388"><ele>371.0</ele><time>2026-09-18T14:15:17Z</time></rtept><rtept lat="47.615507" lon="-84.724134"><ele>371.0</ele><time>2026-09-18T14:15:17Z</time></rtept><rtept lat="47.615299" lon="-84.724389"><ele>371.0</ele><time>2026-09-18T14:15:17Z</time></rtept><rtept lat="47.615091" lon="-84.724643"><ele>371.0</ele><time>2026-09-18T14:15:17Z</time></rtept><rtept lat="47.614882" lon="-84.724898"><ele>371.0</ele><time>2026-09-18T14:15:17Z</time></rtept><rtept lat="47.614674" lon="-84.725152"><ele>371.0</ele><time>2026-09-18T14:15:17Z</time></rtept><rtept lat="47.614466" lon="-84.725406"><ele>371.0</ele><time>2026-09-18T14:15:17Z</time></rtept><rtept lat="47.614258" lon="-84.725661"><ele>371.0</ele><time>2026-09-18T14:15:17Z</time></rtept><rtept lat="47.614049" lon="-84.725915"><ele>371.0</ele><time>2026-09-18T14:15:17Z</time></rtept><rtept lat="47.613841" lon="-84.72617"><ele>371.0</ele><time>2026-09-18T14:15:17Z</time></rtept><rtept lat="47.613633" lon="-84.726424"><ele>371.0</ele><time>2026-09-18T14:15:17Z</time></rtept><rtept lat="47.613425" lon="-84.726678"><ele>371.0</ele><time>2026-09-18T14:15:17Z</time></rtept><rtept lat="47.613216" lon="-84.726933"><ele>371.0</ele><time>2026-09-18T14:15:17Z</time></rtept><rtept lat="47.613008" lon="-84.727187"><ele>371.0</ele><time>2026-09-18T14:15:17Z</time></rtept><rtept lat="47.612847" lon="-84.727383"><ele>371.0</ele><time>2026-09-18T14:15:17Z</time></rtept><rtept lat="47.612847" lon="-84.727383"><ele>371.0</ele><time>2026-09-18T14:15:17Z</time></rtept><rtept lat="47.612579" lon="-84.72743"><ele>371.0</ele><time>2026-09-18T14:15:17Z</time></rtept><rtept lat="47.612311" lon="-84.727477"><ele>371.0</ele><time>2026-09-18T14:15:17Z</time></rtept><rtept lat="47.612043" lon="-84.727523"><ele>371.0</ele><time>2026-09-18T14:15:17Z</time></rtept><rtept lat="47.611775" lon="-84.72757"><ele>370.8000000000011</ele><time>2026-09-18T14:15:17Z</time></rtept><rtept lat="47.611507" lon="-84.727617"><ele>370.8000000000011</ele><time>2026-09-18T14:15:17Z</time></rtept><rtept lat="47.611239" lon="-84.727664"><ele>371.0</ele><time>2026-09-18T14:15:17Z</time></rtept><rtept lat="47.611182" lon="-84.727674"><ele>371.0</ele><time>2026-09-18T14:15:17Z</time></rtept><rtept lat="47.611182" lon="-84.727674"><ele>371.0</ele><time>2026-09-18T14:15:17Z</time></rtept><rtept lat="47.610958" lon="-84.727451"><ele>371.0</ele><time>2026-09-18T14:15:17Z</time></rtept><rtept lat="47.610734" lon="-84.727227"><ele>371.0</ele><time>2026-09-18T14:15:17Z</time></rtept><rtept lat="47.610511" lon="-84.727004"><ele>371.0</ele><time>2026-09-18T14:15:17Z</time></rtept><rtept lat="47.610287" lon="-84.72678"><ele>371.0</ele><time>2026-09-18T14:15:17Z</time></rtept><rtept lat="47.610063" lon="-84.726557"><ele>371.0</ele><time>2026-09-18T14:15:17Z</time></rtept><rtept lat="47.609839" lon="-84.726333"><ele>371.0</ele><time>2026-09-18T14:15:17Z</time></rtept><rtept lat="47.609768" lon="-84.726262"><ele>371.0</ele><time>2026-09-18T14:15:17Z</time></rtept><rtept lat="47.609768" lon="-84.726262"><ele>371.0</ele><time>2026-09-18T14:15:17Z</time></rtept><rtept lat="47.609602" lon="-84.726578"><ele>371.0</ele><time>2026-09-18T14:15:17Z</time></rtept><rtept lat="47.609437" lon="-84.726894"><ele>371.0</ele><time>2026-09-18T14:15:17Z</time></rtept><rtept lat="47.609271" lon="-84.72721"><ele>371.0</ele><time>2026-09-18T14:15:17Z</time></rtept><rtept lat="47.609105" lon="-84.727525"><ele>371.0</ele><time>2026-09-18T14:15:17Z</time></rtept><rtept lat="47.60894" lon="-84.727841"><ele>371.0</ele><time>2026-09-18T14:15:17Z</time></rtept><rtept lat="47.608774" lon="-84.728157"><ele>371.0</ele><time>2026-09-18T14:15:17Z</time></rtept><rtept lat="47.608608" lon="-84.728473"><ele>371.0</ele><time>2026-09-18T14:15:17Z</time></rtept><rtept lat="47.608443" lon="-84.728789"><ele>371.0</ele><time>2026-09-18T14:15:17Z</time></rtept><rtept lat="47.608277" lon="-84.729105"><ele>371.0</ele><time>2026-09-18T14:15:17Z</time></rtept><rtept lat="47.608205" lon="-84.729242"><ele>371.0</ele><time>2026-09-18T14:15:17Z</time></rtept><rtept lat="47.608205" lon="-84.729242"><ele>371.0</ele><time>2026-09-18T14:15:17Z</time></rtept><rtept lat="47.607954" lon="-84.729095"><ele>371.0</ele><time>2026-09-18T14:15:17Z</time></rtept><rtept lat="47.607703" lon="-84.728948"><ele>371.0</ele><time>2026-09-18T14:15:17Z</time></rtept><rtept lat="47.607452" lon="-84.7288"><ele>371.0</ele><time>2026-09-18T14:15:17Z</time></rtept><rtept lat="47.607331" lon="-84.728729"><ele>371.0</ele><time>2026-09-18T14:15:17Z</time></rtept><rtept lat="47.607331" lon="-84.728729"><ele>371.0</ele><time>2026-09-18T14:15:17Z</time></rtept><rtept lat="47.607201" lon="-84.728378"><ele>371.0</ele><time>2026-09-18T14:15:17Z</time></rtept><rtept lat="47.607072" lon="-84.728027"><ele>371.0</ele><time>2026-09-18T14:15:17Z</time></rtept><rtept lat="47.606942" lon="-84.727676"><ele>371.0</ele><time>2026-09-18T14:15:17Z</time></rtept><rtept lat="47.606863" lon="-84.727462"><ele>371.0</ele><time>2026-09-18T14:15:17Z</time></rtept><rtept lat="47.606863" lon="-84.727462"><ele>371.0</ele><time>2026-09-18T14:15:17Z</time></rtept><rtept lat="47.607008" lon="-84.727125"><ele>371.0</ele><time>2026-09-18T14:15:17Z</time></rtept><rtept lat="47.607153" lon="-84.726787"><ele>371.0</ele><time>2026-09-18T14:15:17Z</time></rtept><rtept lat="47.607251" lon="-84.72656"><ele>371.0</ele><time>2026-09-18T14:15:17Z</time></rtept><rtept lat="47.607251" lon="-84.72656"><ele>371.0</ele><time>2026-09-18T14:15:17Z</time></rtept><rtept lat="47.607138" lon="-84.726197"><ele>371.0</ele><time>2026-09-18T14:15:17Z</time></rtept><rtept lat="47.607024" lon="-84.725834"><ele>371.8000000000011</ele><time>2026-09-18T14:15:17Z</time></rtept><rtept lat="47.606911" lon="-84.725471"><ele>372.0</ele><time>2026-09-18T14:15:17Z</time></rtept><rtept lat="47.606797" lon="-84.725108"><ele>372.0</ele><time>2026-09-18T14:15:17Z</time></rtept><rtept lat="47.606711" lon="-84.724832"><ele>372.0</ele><time>2026-09-18T14:15:17Z</time></rtept><rtept lat="47.606711" lon="-84.724832"><ele>372.0</ele><time>2026-09-18T14:15:17Z</time></rtept><rtept lat="47.606461" lon="-84.724983"><ele>372.0</ele><time>2026-09-18T14:15:17Z</time></rtept><rtept lat="47.606211" lon="-84.725134"><ele>372.0</ele><time>2026-09-18T14:15:17Z</time></rtept><rtept lat="47.605962" lon="-84.725286"><ele>372.0</ele><time>2026-09-18T14:15:17Z</time></rtept><rtept lat="47.605712" lon="-84.725437"><ele>372.0</ele><time>2026-09-18T14:15:17Z</time></rtept><rtept lat="47.605462" lon="-84.725588"><ele>372.0</ele><time>2026-09-18T14:15:17Z</time></rtept><rtept lat="47.605212" lon="-84.725739"><ele>372.0</ele><time>2026-09-18T14:15:17Z</time></rtept><rtept lat="47.604963" lon="-84.725891"><ele>372.0</ele><time>2026-09-18T14:15:17Z</time></rtept><rtept lat="47.604764" lon="-84.726011"><ele>372.0</ele><time>2026-09-18T14:15:17Z</time></rtept><rtept lat="47.604764" lon="-84.726011"><ele>372.0</ele><time>2026-09-18T14:15:17Z</time></rtept><rtept lat="47.605032" lon="-84.725959"><ele>372.0</ele><time>2026-09-18T14:15:17Z</time></rtept><rtept lat="47.605299" lon="-84.725907"><ele>372.0</ele><time>2026-09-18T14:15:17Z</time></rtept><rtept lat="47.605567" lon="-84.725855"><ele>372.0</ele><time>2026-09-18T14:15:17Z</time></rtept><rtept lat="47.605834" lon="-84.725803"><ele>372.0</ele><time>2026-09-18T14:15:17Z</time></rtept><rtept lat="47.606102" lon="-84.725752"><ele>372.0</ele><time>2026-09-18T14:15:17Z</time></rtept><rtept lat="47.606369" lon="-84.7257"><ele>372.0</ele><time>2026-09-18T14:15:17Z</time></rtept><rtept lat="47.60662" lon="-84.725651"><ele>372.0</ele><time>2026-09-18T14:15:17Z</time></rtept><rtept lat="47.60662" lon="-84.725651"><ele>372.0</ele><time>2026-09-18T14:15:17Z</time></rtept><rtept lat="47.606806" lon="-84.725941"><ele>371.8000000000011</ele><time>2026-09-18T14:15:17Z</time></rtept><rtept lat="47.606992" lon="-84.726231"><ele>371.0</ele><time>2026-09-18T14:15:17Z</time></rtept><rtept lat="47.607177" lon="-84.726522"><ele>371.0</ele><time>2026-09-18T14:15:17Z</time></rtept><rtept lat="47.607363" lon="-84.726812"><ele>370.8000000000011</ele><time>2026-09-18T14:15:17Z</time></rtept><rtept lat="47.607415" lon="-84.726892"><ele>370.8000000000011</ele><time>2026-09-18T14:15:17Z</time></rtept><rtept lat="47.607415" lon="-84.726892"><ele>370.8000000000011</ele><time>2026-09-18T14:15:17Z</time></rtept><rtept lat="47.607281" lon="-84.727239"><ele>371.0</ele><time>2026-09-18T14:15:17Z</time></rtept><rtept lat="47.607147" lon="-84.727587"><ele>371.0</ele><time>2026-09-18T14:15:17Z</time></rtept><rtept lat="47.607013" lon="-84.727934"><ele>371.0</ele><time>2026-09-18T14:15:17Z</time></rtept><rtept lat="47.606887" lon="-84.72826"><ele>371.0</ele><time>2026-09-18T14:15:17Z</time></rtept><rtept lat="47.606887" lon="-84.72826"><ele>371.0</ele><time>2026-09-18T14:15:17Z</time></rtept><rtept lat="47.60711" lon="-84.728485"><ele>371.0</ele><time>2026-09-18T14:15:17Z</time></rtept><rtept lat="47.607333" lon="-84.72871"><ele>371.0</ele><time>2026-09-18T14:15:17Z</time></rtept><rtept lat="47.607556" lon="-84.728935"><ele>371.0</ele><time>2026-09-18T14:15:17Z</time></rtept><rtept lat="47.607779" lon="-84.72916"><ele>371.0</ele><time>2026-09-18T14:15:17Z</time></rtept><rtept lat="47.608002" lon="-84.729385"><ele>371.0</ele><time>2026-09-18T14:15:17Z</time></rtept><rtept lat="47.608215" lon="-84.7296"><ele>371.0</ele><time>2026-09-18T14:15:17Z</time></rtept><rtept lat="47.608215" lon="-84.7296"><ele>371.0</ele><time>2026-09-18T14:15:17Z</time></rtept><rtept lat="47.608401" lon="-84.72931"><ele>371.0</ele><time>2026-09-18T14:15:17Z</time></rtept><rtept lat="47.608587" lon="-84.72902"><ele>371.0</ele><time>2026-09-18T14:15:17Z</time></rtept><rtept lat="47.608773" lon="-84.72873"><ele>371.0</ele><time>2026-09-18T14:15:17Z</time></rtept><rtept lat="47.608958" lon="-84.72844"><ele>371.0</ele><time>2026-09-18T14:15:17Z</time></rtept><rtept lat="47.609144" lon="-84.728149"><ele>371.0</ele><time>2026-09-18T14:15:17Z</time></rtept><rtept lat="47.60933" lon="-84.727859"><ele>371.0</ele><time>2026-09-18T14:15:17Z</time></rtept><rtept lat="47.609516" lon="-84.727569"><ele>371.0</ele><time>2026-09-18T14:15:17Z</time></rtept><rtept lat="47.609666" lon="-84.727335"><ele>371.0</ele><time>2026-09-18T14:15:17Z</time></rtept><rtept lat="47.609666" lon="-84.727335"><ele>371.0</ele><time>2026-09-18T14:15:17Z</time></rtept><rtept lat="47.609881" lon="-84.727576"><ele>371.0</ele><time>2026-09-18T14:15:17Z</time></rtept><rtept lat="47.610096" lon="-84.727818"><ele>371.0</ele><time>2026-09-18T14:15:17Z</time></rtept><rtept lat="47.610312" lon="-84.728059"><ele>371.0</ele><time>2026-09-18T14:15:17Z</time></rtept><rtept lat="47.610527" lon="-84.728301"><ele>371.0</ele><time>2026-09-18T14:15:17Z</time></rtept><rtept lat="47.610742" lon="-84.728542"><ele>371.0</ele><time>2026-09-18T14:15:17Z</time></rtept><rtept lat="47.610957" lon="-84.728783"><ele>371.0</ele><time>2026-09-18T14:15:17Z</time></rtept><rtept lat="47.611172" lon="-84.729025"><ele>371.0</ele><time>2026-09-18T14:15:17Z</time></rtept><rtept lat="47.611387" lon="-84.729266"><ele>371.0</ele><time>2026-09-18T14:15:17Z</time></rtept><rtept lat="47.611603" lon="-84.729508"><ele>371.0</ele><time>2026-09-18T14:15:17Z</time></rtept><rtept lat="47.611818" lon="-84.729749"><ele>371.0</ele><time>2026-09-18T14:15:17Z</time></rtept><rtept lat="47.612033" lon="-84.72999"><ele>371.0</ele><time>2026-09-18T14:15:17Z</time></rtept><rtept lat="47.612248" lon="-84.730232"><ele>371.0</ele><time>2026-09-18T14:15:17Z</time></rtept><rtept lat="47.612463" lon="-84.730473"><ele>371.0</ele><time>2026-09-18T14:15:17Z</time></rtept><rtept lat="47.612679" lon="-84.730715"><ele>371.0</ele><time>2026-09-18T14:15:17Z</time></rtept><rtept lat="47.612894" lon="-84.730956"><ele>371.0</ele><time>2026-09-18T14:15:17Z</time></rtept><rtept lat="47.613109" lon="-84.731198"><ele>371.0</ele><time>2026-09-18T14:15:17Z</time></rtept><rtept lat="47.613324" lon="-84.731439"><ele>371.0</ele><time>2026-09-18T14:15:17Z</time></rtept><rtept lat="47.613539" lon="-84.73168"><ele>371.0</ele><time>2026-09-18T14:15:17Z</time></rtept><rtept lat="47.613586" lon="-84.731733"><ele>371.0</ele><time>2026-09-18T14:15:17Z</time></rtept><rtept lat="47.613586" lon="-84.731733"><ele>371.0</ele><time>2026-09-18T14:15:17Z</time></rtept><rtept lat="47.613657" lon="-84.732119"><ele>371.0</ele><time>2026-09-18T14:15:17Z</time></rtept><rtept lat="47.613727" lon="-84.732506"><ele>371.0</ele><time>2026-09-18T14:15:17Z</time></rtept><rtept lat="47.613798" lon="-84.732892"><ele>371.0</ele><time>2026-09-18T14:15:17Z</time></rtept><rtept lat="47.613868" lon="-84.733278"><ele>371.0</ele><time>2026-09-18T14:15:17Z</time></rtept><rtept lat="47.613939" lon="-84.733664"><ele>371.0</ele><time>2026-09-18T14:15:17Z</time></rtept><rtept lat="47.614009" lon="-84.734051"><ele>371.0</ele><time>2026-09-18T14:15:17Z</time></rtept><rtept lat="47.614052" lon="-84.734286"><ele>371.0</ele><time>2026-09-18T14:15:17Z</time></rtept><rtept lat="47.614052" lon="-84.734286"><ele>371.0</ele><time>2026-09-18T14:15:17Z</time></rtept><rtept lat="47.613889" lon="-84.734605"><ele>371.0</ele><time>2026-09-18T14:15:17Z</time></rtept><rtept lat="47.613726" lon="-84.734924"><ele>371.2000000000007</ele><time>2026-09-18T14:15:17Z</time></rtept><rtept lat="47.613563" lon="-84.735243"><ele>372.0</ele><time>2026-09-18T14:15:17Z</time></rtept><rtept lat="47.6134" lon="-84.735562"><ele>372.2000000000007</ele><time>2026-09-18T14:15:17Z</time></rtept><rtept lat="47.613237" lon="-84.735881"><ele>372.0</ele><time>2026-09-18T14:15:17Z</time></rtept><rtept lat="47.613074" lon="-84.7362"><ele>371.40000000000146</ele><time>2026-09-18T14:15:17Z</time></rtept><rtept lat="47.612911" lon="-84.736519"><ele>370.8000000000011</ele><time>2026-09-18T14:15:17Z</time></rtept><rtept lat="47.612748" lon="-84.736837"><ele>370.8000000000011</ele><time>2026-09-18T14:15:17Z</time></rtept><rtept lat="47.612585" lon="-84.737156"><ele>370.60000000000036</ele><time>2026-09-18T14:15:17Z</time></rtept><rtept lat="47.612422" lon="-84.737475"><ele>370.8000000000011</ele><time>2026-09-18T14:15:17Z</time></rtept><rtept lat="47.612259" lon="-84.737794"><ele>371.0</ele><time>2026-09-18T14:15:17Z</time></rtept><rtept lat="47.612096" lon="-84.738113"><ele>371.0</ele><time>2026-09-18T14:15:17Z</time></rtept><rtept lat="47.611933" lon="-84.738432"><ele>370.8000000000011</ele><time>2026-09-18T14:15:17Z</time></rtept><rtept lat="47.61177" lon="-84.738751"><ele>371.0</ele><time>2026-09-18T14:15:17Z</time></rtept><rtept lat="47.611609" lon="-84.739066"><ele>371.2000000000007</ele><time>2026-09-18T14:15:17Z</time></rtept><rtept lat="47.611609" lon="-84.739066"><ele>371.2000000000007</ele><time>2026-09-18T14:15:17Z</time></rtept><rtept lat="47.611409" lon="-84.739334"><ele>371.0</ele><time>2026-09-18T14:15:17Z</time></rtept><rtept lat="47.611208" lon="-84.739602"><ele>371.0</ele><time>2026-09-18T14:15:17Z</time></rtept><rtept lat="47.611008" lon="-84.739869"><ele>370.8000000000011</ele><time>2026-09-18T14:15:17Z</time></rtept><rtept lat="47.610807" lon="-84.740137"><ele>371.0</ele><time>2026-09-18T14:15:17Z</time></rtept><rtept lat="47.610607" lon="-84.740405"><ele>371.0</ele><time>2026-09-18T14:15:17Z</time></rtept><rtept lat="47.610406" lon="-84.740673"><ele>370.8000000000011</ele><time>2026-09-18T14:15:17Z</time></rtept><rtept lat="47.610206" lon="-84.740941"><ele>370.8000000000011</ele><time>2026-09-18T14:15:17Z</time></rtept><rtept lat="47.610005" lon="-84.741209"><ele>371.0</ele><time>2026-09-18T14:15:17Z</time></rtept><rtept lat="47.609805" lon="-84.741476"><ele>370.8000000000011</ele><time>2026-09-18T14:15:17Z</time></rtept><rtept lat="47.609604" lon="-84.741744"><ele>371.2000000000007</ele><time>2026-09-18T14:15:17Z</time></rtept><rtept lat="47.609404" lon="-84.742012"><ele>370.8000000000011</ele><time>2026-09-18T14:15:17Z</time></rtept><rtept lat="47.609203" lon="-84.74228"><ele>370.8000000000011</ele><time>2026-09-18T14:15:17Z</time></rtept><rtept lat="47.609003" lon="-84.742548"><ele>371.2000000000007</ele><time>2026-09-18T14:15:17Z</time></rtept><rtept lat="47.608802" lon="-84.742815"><ele>371.2000000000007</ele><time>2026-09-18T14:15:17Z</time></rtept><rtept lat="47.608602" lon="-84.743083"><ele>371.0</ele><time>2026-09-18T14:15:17Z</time></rtept><rtept lat="47.608401" lon="-84.743351"><ele>371.0</ele><time>2026-09-18T14:15:17Z</time></rtept><rtept lat="47.608201" lon="-84.743619"><ele>370.8000000000011</ele><time>2026-09-18T14:15:17Z</time></rtept><rtept lat="47.608034" lon="-84.743843"><ele>371.0</ele><time>2026-09-18T14:15:17Z</time></rtept><rtept lat="47.608034" lon="-84.743843"><ele>371.0</ele><time>2026-09-18T14:15:17Z</time></rtept><rtept lat="47.608237" lon="-84.743579"><ele>370.8000000000011</ele><time>2026-09-18T14:15:17Z</time></rtept><rtept lat="47.608439" lon="-84.743315"><ele>371.0</ele><time>2026-09-18T14:15:17Z</time></rtept><rtept lat="47.608642" lon="-84.74305"><ele>371.0</ele><time>2026-09-18T14:15:17Z</time></rtept><rtept lat="47.608845" lon="-84.742786"><ele>371.40000000000146</ele><time>2026-09-18T14:15:17Z</time></rtept><rtept lat="47.609047" lon="-84.742522"><ele>371.0</ele><time>2026-09-18T14:15:17Z</time></rtept><rtept lat="47.60925" lon="-84.742258"><ele>370.8000000000011</ele><time>2026-09-18T14:15:17Z</time></rtept><rtept lat="47.609453" lon="-84.741994"><ele>370.8000000000011</ele><time>2026-09-18T14:15:17Z</time></rtept><rtept lat="47.609655" lon="-84.74173"><ele>371.40000000000146</ele><time>2026-09-18T14:15:17Z</time></rtept><rtept lat="47.609858" lon="-84.741465"><ele>371.0</ele><time>2026-09-18T14:15:17Z</time></rtept><rtept lat="47.61006" lon="-84.741201"><ele>371.2000000000007</ele><time>2026-09-18T14:15:17Z</time></rtept><rtept lat="47.610263" lon="-84.740937"><ele>370.8000000000011</ele><time>2026-09-18T14:15:17Z</time></rtept><rtept lat="47.610466" lon="-84.740673"><ele>370.8000000000011</ele><time>2026-09-18T14:15:17Z</time></rtept><rtept lat="47.610668" lon="-84.740409"><ele>371.0</ele><time>2026-09-18T14:15:17Z</time></rtept><rtept lat="47.610871" lon="-84.740144"><ele>371.0</ele><time>2026-09-18T14:15:17Z</time></rtept><rtept lat="47.611074" lon="-84.73988"><ele>370.8000000000011</ele><time>2026-09-18T14:15:17Z</time></rtept><rtept lat="47.611276" lon="-84.739616"><ele>371.2000000000007</ele><time>2026-09-18T14:15:17Z</time></rtept><rtept lat="47.611479" lon="-84.739352"><ele>371.8000000000011</ele><time>2026-09-18T14:15:17Z</time></rtept><rtept lat="47.611682" lon="-84.739088"><ele>371.60000000000036</ele><time>2026-09-18T14:15:17Z</time></rtept><rtept lat="47.611884" lon="-84.738823"><ele>371.2000000000007</ele><time>2026-09-18T14:15:17Z</time></rtept><rtept lat="47.612087" lon="-84.738559"><ele>371.0</ele><time>2026-09-18T14:15:17Z</time></rtept><rtept lat="47.61229" lon="-84.738295"><ele>370.8000000000011</ele><time>2026-09-18T14:15:17Z</time></rtept><rtept lat="47.612492" lon="-84.738031"><ele>371.0</ele><time>2026-09-18T14:15:17Z</time></rtept><rtept lat="47.612695" lon="-84.737766"><ele>371.0</ele><time>2026-09-18T14:15:17Z</time></rtept><rtept lat="47.612897" lon="-84.737502"><ele>371.0</ele><time>2026-09-18T14:15:17Z</time></rtept><rtept lat="47.6131" lon="-84.737238"><ele>371.0</ele><time>2026-09-18T14:15:17Z</time></rtept><rtept lat="47.613303" lon="-84.736974"><ele>371.0</ele><time>2026-09-18T14:15:17Z</time></rtept><rtept lat="47.613505" lon="-84.73671"><ele>371.0</ele><time>2026-09-18T14:15:17Z</time></rtept><rtept lat="47.613708" lon="-84.736445"><ele>371.0</ele><time>2026-09-18T14:15:17Z</time></rtept><rtept lat="47.613911" lon="-84.736181"><ele>371.0</ele><time>2026-09-18T14:15:17Z</time></rtept><rtept lat="47.614113" lon="-84.735917"><ele>371.0</ele><time>2026-09-18T14:15:17Z</time></rtept><rtept lat="47.614316" lon="-84.735653"><ele>371.0</ele><time>2026-09-18T14:15:17Z</time></rtept><rtept lat="47.614519" lon="-84.735388"><ele>371.0</ele><time>2026-09-18T14:15:17Z</time></rtept><rtept lat="47.614721" lon="-84.735124"><ele>371.0</ele><time>2026-09-18T14:15:17Z</time></rtept><rtept lat="47.614924" lon="-84.73486"><ele>371.0</ele><time>2026-09-18T14:15:17Z</time></rtept><rtept lat="47.615126" lon="-84.734596"><ele>371.0</ele><time>2026-09-18T14:15:17Z</time></rtept><rtept lat="47.615185" lon="-84.734519"><ele>371.0</ele><time>2026-09-18T14:15:17Z</time></rtept><rtept lat="47.615185" lon="-84.734519"><ele>371.0</ele><time>2026-09-18T14:15:17Z</time></rtept><rtept lat="47.615421" lon="-84.734326"><ele>371.0</ele><time>2026-09-18T14:15:17Z</time></rtept><rtept lat="47.615658" lon="-84.734133"><ele>371.0</ele><time>2026-09-18T14:15:17Z</time></rtept><rtept lat="47.615894" lon="-84.73394"><ele>371.0</ele><time>2026-09-18T14:15:17Z</time></rtept><rtept lat="47.616131" lon="-84.733748"><ele>371.0</ele><time>2026-09-18T14:15:17Z</time></rtept><rtept lat="47.616367" lon="-84.733555"><ele>371.0</ele><time>2026-09-18T14:15:17Z</time></rtept><rtept lat="47.616603" lon="-84.733362"><ele>371.0</ele><time>2026-09-18T14:15:17Z</time></rtept><rtept lat="47.61684" lon="-84.733169"><ele>371.0</ele><time>2026-09-18T14:15:17Z</time></rtept><rtept lat="47.617076" lon="-84.732976"><ele>371.0</ele><time>2026-09-18T14:15:17Z</time></rtept><rtept lat="47.617313" lon="-84.732783"><ele>371.0</ele><time>2026-09-18T14:15:17Z</time></rtept><rtept lat="47.617406" lon="-84.732707"><ele>371.0</ele><time>2026-09-18T14:15:17Z</time></rtept><rtept lat="47.617406" lon="-84.732707"><ele>371.0</ele><time>2026-09-18T14:15:17Z</time></rtept><rtept lat="47.617665" lon="-84.732595"><ele>371.0</ele><time>2026-09-18T14:15:17Z</time></rtept><rtept lat="47.617924" lon="-84.732483"><ele>371.0</ele><time>2026-09-18T14:15:17Z</time></rtept><rtept lat="47.618183" lon="-84.732372"><ele>371.0</ele><time>2026-09-18T14:15:17Z</time></rtept><rtept lat="47.618442" lon="-84.73226"><ele>371.0</ele><time>2026-09-18T14:15:17Z</time></rtept><rtept lat="47.618701" lon="-84.732148"><ele>371.0</ele><time>2026-09-18T14:15:17Z</time></rtept><rtept lat="47.61896" lon="-84.732036"><ele>371.0</ele><time>2026-09-18T14:15:17Z</time></rtept><rtept lat="47.619219" lon="-84.731924"><ele>371.0</ele><time>2026-09-18T14:15:17Z</time></rtept><rtept lat="47.619466" lon="-84.731818"><ele>371.0</ele><time>2026-09-18T14:15:17Z</time></rtept><rtept lat="47.619466" lon="-84.731818"><ele>371.0</ele><time>2026-09-18T14:15:17Z</time></rtept><rtept lat="47.619681" lon="-84.731576"><ele>371.0</ele><time>2026-09-18T14:15:17Z</time></rtept><rtept lat="47.619896" lon="-84.731334"><ele>371.0</ele><time>2026-09-18T14:15:17Z</time></rtept><rtept lat="47.62011" lon="-84.731091"><ele>371.0</ele><time>2026-09-18T14:15:17Z</time></rtept><rtept lat="47.620325" lon="-84.730849"><ele>371.0</ele><time>2026-09-18T14:15:17Z</time></rtept><rtept lat="47.62054" lon="-84.730607"><ele>371.0</ele><time>2026-09-18T14:15:17Z</time></rtept><rtept lat="47.620755" lon="-84.730365"><ele>371.0</ele><time>2026-09-18T14:15:17Z</time></rtept><rtept lat="47.62097" lon="-84.730123"><ele>371.0</ele><time>2026-09-18T14:15:17Z</time></rtept><rtept lat="47.621184" lon="-84.72988"><ele>371.0</ele><time>2026-09-18T14:15:17Z</time></rtept><rtept lat="47.621399" lon="-84.729638"><ele>371.0</ele><time>2026-09-18T14:15:17Z</time></rtept><rtept lat="47.621614" lon="-84.729396"><ele>370.8000000000011</ele><time>2026-09-18T14:15:17Z</time></rtept><rtept lat="47.621829" lon="-84.729154"><ele>371.0</ele><time>2026-09-18T14:15:17Z</time></rtept><rtept lat="47.622044" lon="-84.728911"><ele>371.0</ele><time>2026-09-18T14:15:17Z</time></rtept><rtept lat="47.622258" lon="-84.728669"><ele>370.8000000000011</ele><time>2026-09-18T14:15:17Z</time></rtept><rtept lat="47.622473" lon="-84.728427"><ele>371.0</ele><time>2026-09-18T14:15:17Z</time></rtept><rtept lat="47.622688" lon="-84.728185"><ele>371.0</ele><time>2026-09-18T14:15:17Z</time></rtept><rtept lat="47.622903" lon="-84.727943"><ele>370.8000000000011</ele><time>2026-09-18T14:15:17Z</time></rtept><rtept lat="47.623117" lon="-84.7277"><ele>370.8000000000011</ele><time>2026-09-18T14:15:17Z</time></rtept><rtept lat="47.623308" lon="-84.727485"><ele>371.0</ele><time>2026-09-18T14:15:17Z</time></rtept><rtept lat="47.623308" lon="-84.727485"><ele>371.0</ele><time>2026-09-18T14:15:17Z</time></rtept><rtept lat="47.623518" lon="-84.727233"><ele>371.0</ele><time>2026-09-18T14:15:17Z</time></rtept><rtept lat="47.623727" lon="-84.726981"><ele>370.8000000000011</ele><time>2026-09-18T14:15:17Z</time></rtept><rtept lat="47.623937" lon="-84.72673"><ele>371.0</ele><time>2026-09-18T14:15:17Z</time></rtept><rtept lat="47.624147" lon="-84.726478"><ele>371.0</ele><time>2026-09-18T14:15:17Z</time></rtept><rtept lat="47.624357" lon="-84.726226"><ele>371.0</ele><time>2026-09-18T14:15:17Z</time></rtept><rtept lat="47.624566" lon="-84.725974"><ele>371.0</ele><time>2026-09-18T14:15:17Z</time></rtept><rtept lat="47.624776" lon="-84.725722"><ele>371.0</ele><time>2026-09-18T14:15:17Z</time></rtept><rtept lat="47.62494" lon="-84.725525"><ele>371.0</ele><time>2026-09-18T14:15:17Z</time></rtept><rtept lat="47.62494" lon="-84.725525"><ele>371.0</ele><time>2026-09-18T14:15:17Z</time></rtept><rtept lat="47.625144" lon="-84.725264"><ele>371.0</ele><time>2026-09-18T14:15:17Z</time></rtept><rtept lat="47.625349" lon="-84.725002"><ele>371.0</ele><time>2026-09-18T14:15:17Z</time></rtept><rtept lat="47.625553" lon="-84.724741"><ele>371.0</ele><time>2026-09-18T14:15:17Z</time></rtept><rtept lat="47.625757" lon="-84.724479"><ele>370.8000000000011</ele><time>2026-09-18T14:15:17Z</time></rtept><rtept lat="47.625962" lon="-84.724218"><ele>370.60000000000036</ele><time>2026-09-18T14:15:17Z</time></rtept><rtept lat="47.626166" lon="-84.723957"><ele>371.0</ele><time>2026-09-18T14:15:17Z</time></rtept><rtept lat="47.62637" lon="-84.723695"><ele>371.0</ele><time>2026-09-18T14:15:17Z</time></rtept><rtept lat="47.626575" lon="-84.723434"><ele>371.0</ele><time>2026-09-18T14:15:17Z</time></rtept><rtept lat="47.626779" lon="-84.723173"><ele>371.0</ele><time>2026-09-18T14:15:17Z</time></rtept><rtept lat="47.626983" lon="-84.722911"><ele>371.0</ele><time>2026-09-18T14:15:17Z</time></rtept><rtept lat="47.627188" lon="-84.72265"><ele>371.0</ele><time>2026-09-18T14:15:17Z</time></rtept><rtept lat="47.627392" lon="-84.722388"><ele>371.0</ele><time>2026-09-18T14:15:17Z</time></rtept><rtept lat="47.627596" lon="-84.722127"><ele>371.0</ele><time>2026-09-18T14:15:17Z</time></rtept><rtept lat="47.627801" lon="-84.721866"><ele>371.0</ele><time>2026-09-18T14:15:17Z</time></rtept><rtept lat="47.628005" lon="-84.721604"><ele>371.0</ele><time>2026-09-18T14:15:17Z</time></rtept><rtept lat="47.628082" lon="-84.721506"><ele>371.0</ele><time>2026-09-18T14:15:17Z</time></rtept><rtept lat="47.628082" lon="-84.721506"><ele>371.0</ele><time>2026-09-18T14:15:17Z</time></rtept><rtept lat="47.628265" lon="-84.721212"><ele>371.0</ele><time>2026-09-18T14:15:17Z</time></rtept><rtept lat="47.628448" lon="-84.720917"><ele>371.0</ele><time>2026-09-18T14:15:17Z</time></rtept><rtept lat="47.62863" lon="-84.720623"><ele>370.8000000000011</ele><time>2026-09-18T14:15:17Z</time></rtept><rtept lat="47.628813" lon="-84.720328"><ele>371.0</ele><time>2026-09-18T14:15:17Z</time></rtept><rtept lat="47.628996" lon="-84.720034"><ele>371.0</ele><time>2026-09-18T14:15:17Z</time></rtept><rtept lat="47.629179" lon="-84.719739"><ele>370.8000000000011</ele><time>2026-09-18T14:15:17Z</time></rtept><rtept lat="47.629361" lon="-84.719445"><ele>371.0</ele><time>2026-09-18T14:15:17Z</time></rtept><rtept lat="47.629544" lon="-84.71915"><ele>371.0</ele><time>2026-09-18T14:15:17Z</time></rtept><rtept lat="47.629727" lon="-84.718856"><ele>371.0</ele><time>2026-09-18T14:15:17Z</time></rtept><rtept lat="47.62991" lon="-84.718561"><ele>371.0</ele><time>2026-09-18T14:15:17Z</time></rtept><rtept lat="47.630025" lon="-84.718376"><ele>371.0</ele><time>2026-09-18T14:15:17Z</time></rtept><rtept lat="47.630025" lon="-84.718376"><ele>371.0</ele><time>2026-09-18T14:15:17Z</time></rtept><rtept lat="47.630295" lon="-84.718385"><ele>371.0</ele><time>2026-09-18T14:15:17Z</time></rtept><rtept lat="47.630564" lon="-84.718394"><ele>371.0</ele><time>2026-09-18T14:15:17Z</time></rtept><rtept lat="47.630834" lon="-84.718403"><ele>371.0</ele><time>2026-09-18T14:15:17Z</time></rtept><rtept lat="47.631104" lon="-84.718412"><ele>371.0</ele><time>2026-09-18T14:15:17Z</time></rtept><rtept lat="47.631374" lon="-84.718421"><ele>371.0</ele><time>2026-09-18T14:15:17Z</time></rtept><rtept lat="47.631643" lon="-84.71843"><ele>371.0</ele><time>2026-09-18T14:15:17Z</time></rtept><rtept lat="47.631913" lon="-84.718439"><ele>371.0</ele><time>2026-09-18T14:15:17Z</time></rtept><rtept lat="47.632183" lon="-84.718448"><ele>371.0</ele><time>2026-09-18T14:15:17Z</time></rtept><rtept lat="47.632453" lon="-84.718458"><ele>371.0</ele><time>2026-09-18T14:15:17Z</time></rtept><rtept lat="47.632494" lon="-84.718459"><ele>370.8000000000011</ele><time>2026-09-18T14:15:17Z</time></rtept><rtept lat="47.632494" lon="-84.718459"><ele>370.8000000000011</ele><time>2026-09-18T14:15:17Z</time></rtept><rtept lat="47.632556" lon="-84.718069"><ele>371.0</ele><time>2026-09-18T14:15:17Z</time></rtept><rtept lat="47.632618" lon="-84.71768"><ele>371.0</ele><time>2026-09-18T14:15:17Z</time></rtept><rtept lat="47.632679" lon="-84.71729"><ele>371.0</ele><time>2026-09-18T14:15:17Z</time></rtept><rtept lat="47.632741" lon="-84.7169"><ele>371.0</ele><time>2026-09-18T14:15:17Z</time></rtept><rtept lat="47.632803" lon="-84.71651"><ele>371.0</ele><time>2026-09-18T14:15:17Z</time></rtept><rtept lat="47.632865" lon="-84.716121"><ele>371.0</ele><time>2026-09-18T14:15:17Z</time></rtept><rtept lat="47.632927" lon="-84.715731"><ele>371.2000000000007</ele><time>2026-09-18T14:15:17Z</time></rtept><rtept lat="47.632989" lon="-84.715341"><ele>372.0</ele><time>2026-09-18T14:15:17Z</time></rtept><rtept lat="47.633038" lon="-84.715033"><ele>372.2000000000007</ele><time>2026-09-18T14:15:17Z</time></rtept><rtept lat="47.633038" lon="-84.715033"><ele>372.2000000000007</ele><time>2026-09-18T14:15:17Z</time></rtept><rtept lat="47.633128" lon="-84.714655"><ele>371.40000000000146</ele><time>2026-09-18T14:15:17Z</time></rtept><rtept lat="47.633217" lon="-84.714278"><ele>370.8000000000011</ele><time>2026-09-18T14:15:17Z</time></rtept><rtept lat="47.633307" lon="-84.7139"><ele>371.0</ele><time>2026-09-18T14:15:17Z</time></rtept><rtept lat="47.633397" lon="-84.713523"><ele>371.0</ele><time>2026-09-18T14:15:17Z</time></rtept><rtept lat="47.633486" lon="-84.713145"><ele>371.0</ele><time>2026-09-18T14:15:17Z</time></rtept><rtept lat="47.633576" lon="-84.712767"><ele>371.0</ele><time>2026-09-18T14:15:17Z</time></rtept><rtept lat="47.633666" lon="-84.71239"><ele>371.0</ele><time>2026-09-18T14:15:17Z</time></rtept><rtept lat="47.633755" lon="-84.712012"><ele>371.0</ele><time>2026-09-18T14:15:17Z</time></rtept><rtept lat="47.633845" lon="-84.711635"><ele>371.0</ele><time>2026-09-18T14:15:17Z</time></rtept><rtept lat="47.633914" lon="-84.711343"><ele>371.0</ele><time>2026-09-18T14:15:17Z</time></rtept><rtept lat="47.633914" lon="-84.711343"><ele>371.0</ele><time>2026-09-18T14:15:17Z</time></rtept><rtept lat="47.633692" lon="-84.71157"><ele>371.0</ele><time>2026-09-18T14:15:17Z</time></rtept><rtept lat="47.633469" lon="-84.711796"><ele>371.0</ele><time>2026-09-18T14:15:17Z</time></rtept><rtept lat="47.633247" lon="-84.712023"><ele>371.0</ele><time>2026-09-18T14:15:17Z</time></rtept><rtept lat="47.633024" lon="-84.71225"><ele>371.0</ele><time>2026-09-18T14:15:17Z</time></rtept><rtept lat="47.632802" lon="-84.712476"><ele>371.0</ele><time>2026-09-18T14:15:17Z</time></rtept><rtept lat="47.63258" lon="-84.712703"><ele>371.0</ele><time>2026-09-18T14:15:17Z</time></rtept><rtept lat="47.632427" lon="-84.712858"><ele>371.0</ele><time>2026-09-18T14:15:17Z</time></rtept><rtept lat="47.632427" lon="-84.712858"><ele>371.0</ele><time>2026-09-18T14:15:17Z</time></rtept><rtept lat="47.632164" lon="-84.71295"><ele>371.0</ele><time>2026-09-18T14:15:17Z</time></rtept><rtept lat="47.631902" lon="-84.713042"><ele>371.0</ele><time>2026-09-18T14:15:17Z</time></rtept><rtept lat="47.631639" lon="-84.713135"><ele>371.0</ele><time>2026-09-18T14:15:17Z</time></rtept><rtept lat="47.631377" lon="-84.713227"><ele>371.0</ele><time>2026-09-18T14:15:17Z</time></rtept><rtept lat="47.631114" lon="-84.713319"><ele>371.0</ele><time>2026-09-18T14:15:17Z</time></rtept><rtept lat="47.630852" lon="-84.713411"><ele>371.0</ele><time>2026-09-18T14:15:17Z</time></rtept><rtept lat="47.630784" lon="-84.713435"><ele>371.0</ele><time>2026-09-18T14:15:17Z</time></rtept><rtept lat="47.630784" lon="-84.713435"><ele>371.0</ele><time>2026-09-18T14:15:17Z</time></rtept><rtept lat="47.630786" lon="-84.713035"><ele>371.0</ele><time>2026-09-18T14:15:17Z</time></rtept><rtept lat="47.630788" lon="-84.712634"><ele>371.0</ele><time>2026-09-18T14:15:17Z</time></rtept><rtept lat="47.630791" lon="-84.712234"><ele>370.8000000000011</ele><time>2026-09-18T14:15:17Z</time></rtept><rtept lat="47.630793" lon="-84.711834"><ele>370.8000000000011</ele><time>2026-09-18T14:15:17Z</time></rtept><rtept lat="47.630795" lon="-84.711433"><ele>371.0</ele><time>2026-09-18T14:15:17Z</time></rtept><rtept lat="47.630795" lon="-84.711425"><ele>371.0</ele><time>2026-09-18T14:15:17Z</time></rtept><rtept lat="47.630795" lon="-84.711425"><ele>371.0</ele><time>2026-09-18T14:15:17Z</time></rtept><rtept lat="47.630992" lon="-84.711152"><ele>371.0</ele><time>2026-09-18T14:15:17Z</time></rtept><rtept lat="47.631189" lon="-84.710878"><ele>370.8000000000011</ele><time>2026-09-18T14:15:17Z</time></rtept><rtept lat="47.631386" lon="-84.710605"><ele>371.0</ele><time>2026-09-18T14:15:17Z</time></rtept><rtept lat="47.631583" lon="-84.710331"><ele>371.2000000000007</ele><time>2026-09-18T14:15:17Z</time></rtept><rtept lat="47.63178" lon="-84.710058"><ele>371.0</ele><time>2026-09-18T14:15:17Z</time></rtept><rtept lat="47.631977" lon="-84.709784"><ele>371.0</ele><time>2026-09-18T14:15:17Z</time></rtept><rtept lat="47.632174" lon="-84.709511"><ele>371.0</ele><time>2026-09-18T14:15:17Z</time></rtept><rtept lat="47.632222" lon="-84.709445"><ele>371.0</ele><time>2026-09-18T14:15:17Z</time></rtept><rtept lat="47.632222" lon="-84.709445"><ele>371.0</ele><time>2026-09-18T14:15:17Z</time></rtept><rtept lat="47.632474" lon="-84.709301"><ele>371.2000000000007</ele><time>2026-09-18T14:15:17Z</time></rtept><rtept lat="47.632726" lon="-84.709157"><ele>371.40000000000146</ele><time>2026-09-18T14:15:17Z</time></rtept><rtept lat="47.632977" lon="-84.709014"><ele>371.40000000000146</ele><time>2026-09-18T14:15:17Z</time></rtept><rtept lat="47.633229" lon="-84.70887"><ele>371.0</ele><time>2026-09-18T14:15:17Z</time></rtept><rtept lat="47.633481" lon="-84.708726"><ele>370.8000000000011</ele><time>2026-09-18T14:15:17Z</time></rtept><rtept lat="47.633595" lon="-84.708661"><ele>370.8000000000011</ele><time>2026-09-18T14:15:17Z</time></rtept><rtept lat="47.633595" lon="-84.708661"><ele>370.8000000000011</ele><time>2026-09-18T14:15:17Z</time></rtept><rtept lat="47.633403" lon="-84.708379"><ele>371.0</ele><time>2026-09-18T14:15:17Z</time></rtept><rtept lat="47.633211" lon="-84.708098"><ele>371.0</ele><time>2026-09-18T14:15:17Z</time></rtept><rtept lat="47.63302" lon="-84.707816"><ele>371.0</ele><time>2026-09-18T14:15:17Z</time></rtept><rtept lat="47.632828" lon="-84.707535"><ele>371.0</ele><time>2026-09-18T14:15:17Z</time></rtept><rtept lat="47.632636" lon="-84.707253"><ele>371.0</ele><time>2026-09-18T14:15:17Z</time></rtept><rtept lat="47.632444" lon="-84.706972"><ele>371.2000000000007</ele><time>2026-09-18T14:15:17Z</time></rtept><rtept lat="47.632252" lon="-84.70669"><ele>371.0</ele><time>2026-09-18T14:15:17Z</time></rtept><rtept lat="47.63206" lon="-84.706409"><ele>370.8000000000011</ele><time>2026-09-18T14:15:17Z</time></rtept><rtept lat="47.632046" lon="-84.706387"><ele>370.8000000000011</ele><time>2026-09-18T14:15:17Z</time></rtept><rtept lat="47.632046" lon="-84.706387"><ele>370.8000000000011</ele><time>2026-09-18T14:15:17Z</time></rtept><rtept lat="47.632152" lon="-84.706019"><ele>370.8000000000011</ele><time>2026-09-18T14:15:17Z</time></rtept><rtept lat="47.632258" lon="-84.705651"><ele>371.60000000000036</ele><time>2026-09-18T14:15:17Z</time></rtept><rtept lat="47.632364" lon="-84.705282"><ele>371.40000000000146</ele><time>2026-09-18T14:15:17Z</time></rtept><rtept lat="47.63247" lon="-84.704914"><ele>371.0</ele><time>2026-09-18T14:15:17Z</time></rtept><rtept lat="47.632575" lon="-84.704546"><ele>371.0</ele><time>2026-09-18T14:15:17Z</time></rtept><rtept lat="47.632681" lon="-84.704178"><ele>371.0</ele><time>2026-09-18T14:15:17Z</time></rtept><rtept lat="47.632787" lon="-84.703809"><ele>371.0</ele><time>2026-09-18T14:15:17Z</time></rtept><rtept lat="47.632893" lon="-84.703441"><ele>371.0</ele><time>2026-09-18T14:15:17Z</time></rtept><rtept lat="47.632997" lon="-84.703081"><ele>371.0</ele><time>2026-09-18T14:15:17Z</time></rtept><rtept lat="47.632997" lon="-84.703081"><ele>371.0</ele><time>2026-09-18T14:15:17Z</time></rtept><rtept lat="47.633267" lon="-84.703089"><ele>371.0</ele><time>2026-09-18T14:15:17Z</time></rtept><rtept lat="47.633536" lon="-84.703098"><ele>371.0</ele><time>2026-09-18T14:15:17Z</time></rtept><rtept lat="47.633806" lon="-84.703106"><ele>371.0</ele><time>2026-09-18T14:15:17Z</time></rtept><rtept lat="47.634076" lon="-84.703114"><ele>371.0</ele><time>2026-09-18T14:15:17Z</time></rtept><rtept lat="47.634346" lon="-84.703123"><ele>371.0</ele><time>2026-09-18T14:15:17Z</time></rtept><rtept lat="47.634615" lon="-84.703131"><ele>370.8000000000011</ele><time>2026-09-18T14:15:17Z</time></rtept><rtept lat="47.634885" lon="-84.70314"><ele>370.8000000000011</ele><time>2026-09-18T14:15:17Z</time></rtept><rtept lat="47.635155" lon="-84.703148"><ele>371.0</ele><time>2026-09-18T14:15:17Z</time></rtept><rtept lat="47.635425" lon="-84.703156"><ele>371.0</ele><time>2026-09-18T14:15:17Z</time></rtept><rtept lat="47.635694" lon="-84.703165"><ele>371.0</ele><time>2026-09-18T14:15:17Z</time></rtept><rtept lat="47.635938" lon="-84.703172"><ele>371.0</ele><time>2026-09-18T14:15:17Z</time></rtept><rtept lat="47.635938" lon="-84.703172"><ele>371.0</ele><time>2026-09-18T14:15:17Z</time></rtept><rtept lat="47.636182" lon="-84.703342"><ele>371.0</ele><time>2026-09-18T14:15:17Z</time></rtept><rtept lat="47.636426" lon="-84.703512"><ele>371.0</ele><time>2026-09-18T14:15:17Z</time></rtept><rtept lat="47.636671" lon="-84.703683"><ele>371.0</ele><time>2026-09-18T14:15:17Z</time></rtept><rtept lat="47.636801" lon="-84.703773"><ele>371.60000000000036</ele><time>2026-09-18T14:15:17Z</time></rtept><rtept lat="47.636801" lon="-84.703773"><ele>371.60000000000036</ele><time>2026-09-18T14:15:17Z</time></rtept><rtept lat="47.636858" lon="-84.703382"><ele>371.0</ele><time>2026-09-18T14:15:17Z</time></rtept><rtept lat="47.636914" lon="-84.70299"><ele>370.8000000000011</ele><time>2026-09-18T14:15:17Z</time></rtept><rtept lat="47.636971" lon="-84.702599"><ele>370.8000000000011</ele><time>2026-09-18T14:15:17Z</time></rtept><rtept lat="47.637028" lon="-84.702207"><ele>371.0</ele><time>2026-09-18T14:15:17Z</time></rtept><rtept lat="47.637084" lon="-84.701816"><ele>371.0</ele><time>2026-09-18T14:15:17Z</time></rtept><rtept lat="47.637141" lon="-84.701424"><ele>371.2000000000007</ele><time>2026-09-18T14:15:17Z</time></rtept><rtept lat="47.637153" lon="-84.701343"><ele>371.2000000000007</ele><time>2026-09-18T14:15:17Z</time></rtept><rtept lat="47.637153" lon="-84.701343"><ele>371.2000000000007</ele><time>2026-09-18T14:15:17Z</time></rtept><rtept lat="47.636984" lon="-84.70103"><ele>371.0</ele><time>2026-09-18T14:15:17Z</time></rtept><rtept lat="47.636816" lon="-84.700718"><ele>371.0</ele><time>2026-09-18T14:15:17Z</time></rtept><rtept lat="47.636647" lon="-84.700405"><ele>371.0</ele><time>2026-09-18T14:15:17Z</time></rtept><rtept lat="47.636479" lon="-84.700092"><ele>371.0</ele><time>2026-09-18T14:15:17Z</time></rtept><rtept lat="47.63631" lon="-84.69978"><ele>371.0</ele><time>2026-09-18T14:15:17Z</time></rtept><rtept lat="47.636142" lon="-84.699467"><ele>371.0</ele><time>2026-09-18T14:15:17Z</time></rtept><rtept lat="47.635973" lon="-84.699154"><ele>371.0</ele><time>2026-09-18T14:15:17Z</time></rtept><rtept lat="47.635805" lon="-84.698842"><ele>371.0</ele><time>2026-09-18T14:15:17Z</time></rtept><rtept lat="47.635638" lon="-84.698533"><ele>371.0</ele><time>2026-09-18T14:15:17Z</time></rtept><rtept lat="47.635638" lon="-84.698533"><ele>371.0</ele><time>2026-09-18T14:15:17Z</time></rtept><rtept lat="47.635399" lon="-84.698348"><ele>371.0</ele><time>2026-09-18T14:15:17Z</time></rtept><rtept lat="47.63516" lon="-84.698163"><ele>371.0</ele><time>2026-09-18T14:15:17Z</time></rtept><rtept lat="47.63492" lon="-84.697977"><ele>371.0</ele><time>2026-09-18T14:15:17Z</time></rtept><rtept lat="47.634681" lon="-84.697792"><ele>371.0</ele><time>2026-09-18T14:15:17Z</time></rtept><rtept lat="47.634442" lon="-84.697607"><ele>371.0</ele><time>2026-09-18T14:15:17Z</time></rtept><rtept lat="47.634203" lon="-84.697422"><ele>371.0</ele><time>2026-09-18T14:15:17Z</time></rtept><rtept lat="47.634001" lon="-84.697265"><ele>370.8000000000011</ele><time>2026-09-18T14:15:17Z</time></rtept><rtept lat="47.634001" lon="-84.697265"><ele>370.8000000000011</ele><time>2026-09-18T14:15:17Z</time></rtept><rtept lat="47.63378" lon="-84.697495"><ele>371.0</ele><time>2026-09-18T14:15:17Z</time></rtept><rtept lat="47.633559" lon="-84.697724"><ele>371.0</ele><time>2026-09-18T14:15:17Z</time></rtept><rtept lat="47.633338" lon="-84.697954"><ele>371.0</ele><time>2026-09-18T14:15:17Z</time></rtept><rtept lat="47.633117" lon="-84.698183"><ele>371.0</ele><time>2026-09-18T14:15:17Z</time></rtept><rtept lat="47.632944" lon="-84.698363"><ele>371.0</ele><time>2026-09-18T14:15:17Z</time></rtept><rtept lat="47.632944" lon="-84.698363"><ele>371.0</ele><time>2026-09-18T14:15:17Z</time></rtept><rtept lat="47.632684" lon="-84.698256"><ele>371.0</ele><time>2026-09-18T14:15:17Z</time></rtept><rtept lat="47.632424" lon="-84.69815"><ele>370.8000000000011</ele><time>2026-09-18T14:15:17Z</time></rtept><rtept lat="47.632164" lon="-84.698043"><ele>370.8000000000011</ele><time>2026-09-18T14:15:17Z</time></rtept><rtept lat="47.631904" lon="-84.697936"><ele>371.0</ele><time>2026-09-18T14:15:17Z</time></rtept><rtept lat="47.631644" lon="-84.697829"><ele>370.8000000000011</ele><time>2026-09-18T14:15:17Z</time></rtept><rtept lat="47.631544" lon="-84.697788"><ele>370.8000000000011</ele><time>2026-09-18T14:15:17Z</time></rtept><rtept lat="47.631544" lon="-84.697788"><ele>370.8000000000011</ele><time>2026-09-18T14:15:17Z</time></rtept><rtept lat="47.631614" lon="-84.697401"><ele>369.2000000000007</ele><time>2026-09-18T14:15:17Z</time></rtept><rtept lat="47.63164" lon="-84.697252"><ele>368.0</ele><time>2026-09-18T14:15:17Z</time></rtept><rtept lat="47.63164" lon="-84.697252"><ele>368.0</ele><time>2026-09-18T14:15:17Z</time></rtept><rtept lat="47.631547" lon="-84.696876"><ele>367.60000000000036</ele><time>2026-09-18T14:15:17Z</time></rtept><rtept lat="47.631453" lon="-84.696501"><ele>367.8000000000011</ele><time>2026-09-18T14:15:17Z</time></rtept><rtept lat="47.63136" lon="-84.696125"><ele>367.60000000000036</ele><time>2026-09-18T14:15:17Z</time></rtept><rtept lat="47.631267" lon="-84.695749"><ele>367.60000000000036</ele><time>2026-09-18T14:15:17Z</time></rtept><rtept lat="47.631173" lon="-84.695374"><ele>368.0</ele><time>2026-09-18T14:15:17Z</time></rtept><rtept lat="47.63108" lon="-84.694998"><ele>368.0</ele><time>2026-09-18T14:15:17Z</time></rtept><rtept lat="47.630987" lon="-84.694623"><ele>368.60000000000036</ele><time>2026-09-18T14:15:17Z</time></rtept><rtept lat="47.630893" lon="-84.694247"><ele>368.8000000000011</ele><time>2026-09-18T14:15:17Z</time></rtept><rtept lat="47.6308" lon="-84.693871"><ele>369.40000000000146</ele><time>2026-09-18T14:15:17Z</time></rtept><rtept lat="47.630786" lon="-84.693816"><ele>369.60000000000036</ele><time>2026-09-18T14:15:17Z</time></rtept><rtept lat="47.630786" lon="-84.693816"><ele>369.60000000000036</ele><time>2026-09-18T14:15:17Z</time></rtept><rtept lat="47.630772" lon="-84.693416"><ele>371.0</ele><time>2026-09-18T14:15:17Z</time></rtept><rtept lat="47.630758" lon="-84.693016"><ele>371.0</ele><time>2026-09-18T14:15:17Z</time></rtept><rtept lat="47.630744" lon="-84.692617"><ele>371.0</ele><time>2026-09-18T14:15:17Z</time></rtept><rtept lat="47.63073" lon="-84.692217"><ele>371.0</ele><time>2026-09-18T14:15:17Z</time></rtept><rtept lat="47.630725" lon="-84.692051"><ele>371.0</ele><time>2026-09-18T14:15:17Z</time></rtept><rtept lat="47.630725" lon="-84.692051"><ele>371.0</ele><time>2026-09-18T14:15:17Z</time></rtept><rtept lat="47.630991" lon="-84.692121"><ele>371.0</ele><time>2026-09-18T14:15:17Z</time></rtept><rtept lat="47.631256" lon="-84.692191"><ele>371.0</ele><time>2026-09-18T14:15:17Z</time></rtept><rtept lat="47.631323" lon="-84.692208"><ele>371.0</ele><time>2026-09-18T14:15:17Z</time></rtept><rtept lat="47.631323" lon="-84.692208"><ele>371.0</ele><time>2026-09-18T14:15:17Z</time></rtept><rtept lat="47.631592" lon="-84.692173"><ele>371.0</ele><time>2026-09-18T14:15:17Z</time></rtept><rtept lat="47.63172" lon="-84.692156"><ele>371.0</ele><time>2026-09-18T14:15:17Z</time></rtept><rtept lat="47.63172" lon="-84.692156"><ele>371.0</ele><time>2026-09-18T14:15:17Z</time></rtept><rtept lat="47.63199" lon="-84.692156"><ele>371.0</ele><time>2026-09-18T14:15:17Z</time></rtept><rtept lat="47.632116" lon="-84.692156"><ele>371.0</ele><time>2026-09-18T14:15:17Z</time></rtept><rtept lat="47.632116" lon="-84.692156"><ele>371.0</ele><time>2026-09-18T14:15:17Z</time></rtept><rtept lat="47.632279" lon="-84.691837"><ele>371.0</ele><time>2026-09-18T14:15:17Z</time></rtept><rtept lat="47.632442" lon="-84.691517"><ele>371.0</ele><time>2026-09-18T14:15:17Z</time></rtept><rtept lat="47.632604" lon="-84.691198"><ele>371.0</ele><time>2026-09-18T14:15:17Z</time></rtept><rtept lat="47.632767" lon="-84.690879"><ele>371.2000000000007</ele><time>2026-09-18T14:15:17Z</time></rtept><rtept lat="47.63293" lon="-84.690559"><ele>371.2000000000007</ele><time>2026-09-18T14:15:17Z</time></rtept><rtept lat="47.633093" lon="-84.69024"><ele>371.60000000000036</ele><time>2026-09-18T14:15:17Z</time></rtept><rtept lat="47.633255" lon="-84.689921"><ele>371.60000000000036</ele><time>2026-09-18T14:15:17Z</time></rtept><rtept lat="47.633418" lon="-84.689602"><ele>371.40000000000146</ele><time>2026-09-18T14:15:17Z</time></rtept><rtept lat="47.633581" lon="-84.689282"><ele>371.2000000000007</ele><time>2026-09-18T14:15:17Z</time></rtept><rtept lat="47.633744" lon="-84.688963"><ele>371.60000000000036</ele><time>2026-09-18T14:15:17Z</time></rtept><rtept lat="47.633906" lon="-84.688644"><ele>371.60000000000036</ele><time>2026-09-18T14:15:17Z</time></rtept><rtept lat="47.634069" lon="-84.688324"><ele>371.40000000000146</ele><time>2026-09-18T14:15:17Z</time></rtept><rtept lat="47.634194" lon="-84.688079"><ele>372.2000000000007</ele><time>2026-09-18T14:15:17Z</time></rtept><rtept lat="47.634194" lon="-84.688079"><ele>372.2000000000007</ele><time>2026-09-18T14:15:17Z</time></rtept><rtept lat="47.634463" lon="-84.688041"><ele>371.0</ele><time>2026-09-18T14:15:17Z</time></rtept><rtept lat="47.634731" lon="-84.688004"><ele>370.8000000000011</ele><time>2026-09-18T14:15:17Z</time></rtept><rtept lat="47.635" lon="-84.687966"><ele>370.8000000000011</ele><time>2026-09-18T14:15:17Z</time></rtept><rtept lat="47.635268" lon="-84.687928"><ele>371.40000000000146</ele><time>2026-09-18T14:15:17Z</time></rtept><rtept lat="47.635537" lon="-84.68789"><ele>371.40000000000146</ele><time>2026-09-18T14:15:17Z</time></rtept><rtept lat="47.635806" lon="-84.687853"><ele>371.2000000000007</ele><time>2026-09-18T14:15:17Z</time></rtept><rtept lat="47.636074" lon="-84.687815"><ele>371.0</ele><time>2026-09-18T14:15:17Z</time></rtept><rtept lat="47.636343" lon="-84.687777"><ele>371.0</ele><time>2026-09-18T14:15:17Z</time></rtept><rtept lat="47.636611" lon="-84.687739"><ele>371.0</ele><time>2026-09-18T14:15:17Z</time></rtept><rtept lat="47.636801" lon="-84.687713"><ele>370.8000000000011</ele><time>2026-09-18T14:15:17Z</time></rtept><rtept lat="47.636801" lon="-84.687713"><ele>370.8000000000011</ele><time>2026-09-18T14:15:17Z</time></rtept><rtept lat="47.63707" lon="-84.687749"><ele>370.8000000000011</ele><time>2026-09-18T14:15:17Z</time></rtept><rtept lat="47.637338" lon="-84.687786"><ele>370.8000000000011</ele><time>2026-09-18T14:15:17Z</time></rtept><rtept lat="47.637607" lon="-84.687822"><ele>370.8000000000011</ele><time>2026-09-18T14:15:17Z</time></rtept><rtept lat="47.637876" lon="-84.687859"><ele>371.0</ele><time>2026-09-18T14:15:17Z</time></rtept><rtept lat="47.638144" lon="-84.687895"><ele>371.40000000000146</ele><time>2026-09-18T14:15:17Z</time></rtept><rtept lat="47.638148" lon="-84.687896"><ele>371.40000000000146</ele><time>2026-09-18T14:15:17Z</time></rtept><rtept lat="47.638148" lon="-84.687896"><ele>371.40000000000146</ele><time>2026-09-18T14:15:17Z</time></rtept><rtept lat="47.638173" lon="-84.688295"><ele>371.0</ele><time>2026-09-18T14:15:17Z</time></rtept><rtept lat="47.638198" lon="-84.688693"><ele>371.0</ele><time>2026-09-18T14:15:17Z</time></rtept><rtept lat="47.638223" lon="-84.689092"><ele>371.0</ele><time>2026-09-18T14:15:17Z</time></rtept><rtept lat="47.638248" lon="-84.689491"><ele>371.0</ele><time>2026-09-18T14:15:17Z</time></rtept><rtept lat="47.638273" lon="-84.689889"><ele>370.8000000000011</ele><time>2026-09-18T14:15:17Z</time></rtept><rtept lat="47.638297" lon="-84.690288"><ele>370.8000000000011</ele><time>2026-09-18T14:15:17Z</time></rtept><rtept lat="47.638315" lon="-84.690575"><ele>371.0</ele><time>2026-09-18T14:15:17Z</time></rtept><rtept lat="47.638315" lon="-84.690575"><ele>371.0</ele><time>2026-09-18T14:15:17Z</time></rtept><rtept lat="47.638398" lon="-84.690956"><ele>371.0</ele><time>2026-09-18T14:15:17Z</time></rtept><rtept lat="47.638482" lon="-84.691337"><ele>371.0</ele><time>2026-09-18T14:15:17Z</time></rtept><rtept lat="47.638565" lon="-84.691717"><ele>370.8000000000011</ele><time>2026-09-18T14:15:17Z</time></rtept><rtept lat="47.638648" lon="-84.692098"><ele>371.0</ele><time>2026-09-18T14:15:17Z</time></rtept><rtept lat="47.638732" lon="-84.692479"><ele>371.0</ele><time>2026-09-18T14:15:17Z</time></rtept><rtept lat="47.638815" lon="-84.69286"><ele>370.8000000000011</ele><time>2026-09-18T14:15:17Z</time></rtept><rtept lat="47.638852" lon="-84.693031"><ele>371.0</ele><time>2026-09-18T14:15:17Z</time></rtept><rtept lat="47.638852" lon="-84.693031"><ele>371.0</ele><time>2026-09-18T14:15:17Z</time></rtept><rtept lat="47.638838" lon="-84.693431"><ele>370.8000000000011</ele><time>2026-09-18T14:15:17Z</time></rtept><rtept lat="47.638824" lon="-84.693831"><ele>370.8000000000011</ele><time>2026-09-18T14:15:17Z</time></rtept><rtept lat="47.638811" lon="-84.694231"><ele>371.0</ele><time>2026-09-18T14:15:17Z</time></rtept><rtept lat="47.638807" lon="-84.694336"><ele>371.0</ele><time>2026-09-18T14:15:17Z</time></rtept><rtept lat="47.638807" lon="-84.694336"><ele>371.0</ele><time>2026-09-18T14:15:17Z</time></rtept><rtept lat="47.638538" lon="-84.69431"><ele>371.0</ele><time>2026-09-18T14:15:17Z</time></rtept><rtept lat="47.638269" lon="-84.694283"><ele>371.0</ele><time>2026-09-18T14:15:17Z</time></rtept><rtept lat="47.637999" lon="-84.694257"><ele>371.0</ele><time>2026-09-18T14:15:17Z</time></rtept><rtept lat="47.63773" lon="-84.69423"><ele>371.0</ele><time>2026-09-18T14:15:17Z</time></rtept><rtept lat="47.637461" lon="-84.694204"><ele>371.0</ele><time>2026-09-18T14:15:17Z</time></rtept><rtept lat="47.637259" lon="-84.694184"><ele>371.0</ele><time>2026-09-18T14:15:17Z</time></rtept><rtept lat="47.637259" lon="-84.694184"><ele>371.0</ele><time>2026-09-18T14:15:17Z</time></rtept><rtept lat="47.637037" lon="-84.694412"><ele>371.0</ele><time>2026-09-18T14:15:17Z</time></rtept><rtept lat="47.636816" lon="-84.694641"><ele>370.8000000000011</ele><time>2026-09-18T14:15:17Z</time></rtept><rtept lat="47.636594" lon="-84.694869"><ele>371.0</ele><time>2026-09-18T14:15:17Z</time></rtept><rtept lat="47.636373" lon="-84.695098"><ele>371.40000000000146</ele><time>2026-09-18T14:15:17Z</time></rtept><rtept lat="47.636151" lon="-84.695326"><ele>370.8000000000011</ele><time>2026-09-18T14:15:17Z</time></rtept><rtept lat="47.636035" lon="-84.695446"><ele>370.60000000000036</ele><time>2026-09-18T14:15:17Z</time></rtept><rtept lat="47.636035" lon="-84.695446"><ele>370.60000000000036</ele><time>2026-09-18T14:15:17Z</time></rtept><rtept lat="47.635789" lon="-84.695283"><ele>371.0</ele><time>2026-09-18T14:15:17Z</time></rtept><rtept lat="47.635542" lon="-84.695119"><ele>370.8000000000011</ele><time>2026-09-18T14:15:17Z</time></rtept><rtept lat="47.635388" lon="-84.695017"><ele>371.60000000000036</ele><time>2026-09-18T14:15:17Z</time></rtept><rtept lat="47.635388" lon="-84.695017"><ele>371.60000000000036</ele><time>2026-09-18T14:15:17Z</time></rtept><rtept lat="47.635525" lon="-84.694672"><ele>372.0</ele><time>2026-09-18T14:15:17Z</time></rtept><rtept lat="47.635662" lon="-84.694327"><ele>371.40000000000146</ele><time>2026-09-18T14:15:17Z</time></rtept><rtept lat="47.635788" lon="-84.694008"><ele>371.0</ele><time>2026-09-18T14:15:17Z</time></rtept><rtept lat="47.635788" lon="-84.694008"><ele>371.0</ele><time>2026-09-18T14:15:17Z</time></rtept><rtept lat="47.635656" lon="-84.693659"><ele>371.0</ele><time>2026-09-18T14:15:17Z</time></rtept><rtept lat="47.635523" lon="-84.69331"><ele>370.8000000000011</ele><time>2026-09-18T14:15:17Z</time></rtept><rtept lat="47.635391" lon="-84.692962"><ele>371.0</ele><time>2026-09-18T14:15:17Z</time></rtept><rtept lat="47.635258" lon="-84.692613"><ele>371.0</ele><time>2026-09-18T14:15:17Z</time></rtept><rtept lat="47.635126" lon="-84.692264"><ele>371.0</ele><time>2026-09-18T14:15:17Z</time></rtept><rtept lat="47.634993" lon="-84.691915"><ele>371.0</ele><time>2026-09-18T14:15:17Z</time></rtept><rtept lat="47.634946" lon="-84.691791"><ele>371.0</ele><time>2026-09-18T14:15:17Z</time></rtept><rtept lat="47.634946" lon="-84.691791"><ele>371.0</ele><time>2026-09-18T14:15:17Z</time></rtept><rtept lat="47.634677" lon="-84.691821"><ele>371.0</ele><time>2026-09-18T14:15:17Z</time></rtept><rtept lat="47.634408" lon="-84.691852"><ele>371.0</ele><time>2026-09-18T14:15:17Z</time></rtept><rtept lat="47.634139" lon="-84.691882"><ele>371.0</ele><time>2026-09-18T14:15:17Z</time></rtept><rtept lat="47.63387" lon="-84.691912"><ele>370.8000000000011</ele><time>2026-09-18T14:15:17Z</time></rtept><rtept lat="47.633601" lon="-84.691943"><ele>371.0</ele><time>2026-09-18T14:15:17Z</time></rtept><rtept lat="47.633392" lon="-84.691966"><ele>371.0</ele><time>2026-09-18T14:15:17Z</time></rtept><rtept lat="47.633392" lon="-84.691966"><ele>371.0</ele><time>2026-09-18T14:15:17Z</time></rtept><rtept lat="47.633143" lon="-84.692122"><ele>371.0</ele><time>2026-09-18T14:15:17Z</time></rtept><rtept lat="47.632895" lon="-84.692277"><ele>371.0</ele><time>2026-09-18T14:15:17Z</time></rtept><rtept lat="47.632646" lon="-84.692433"><ele>371.0</ele><time>2026-09-18T14:15:17Z</time></rtept><rtept lat="47.632398" lon="-84.692589"><ele>371.0</ele><time>2026-09-18T14:15:17Z</time></rtept><rtept lat="47.632223" lon="-84.692698"><ele>371.0</ele><time>2026-09-18T14:15:17Z</time></rtept><rtept lat="47.632223" lon="-84.692698"><ele>371.0</ele><time>2026-09-18T14:15:17Z</time></rtept><rtept lat="47.631993" lon="-84.692489"><ele>371.0</ele><time>2026-09-18T14:15:17Z</time></rtept><rtept lat="47.631841" lon="-84.69235"><ele>371.0</ele><time>2026-09-18T14:15:17Z</time></rtept><rtept lat="47.631841" lon="-84.69235"><ele>371.0</ele><time>2026-09-18T14:15:17Z</time></rtept><rtept lat="47.631632" lon="-84.692228"><ele>371.0</ele><time>2026-09-18T14:15:17Z</time></rtept><rtept lat="47.631632" lon="-84.692228"><ele>371.0</ele><time>2026-09-18T14:15:17Z</time></rtept><rtept lat="47.631365" lon="-84.692283"><ele>371.0</ele><time>2026-09-18T14:15:17Z</time></rtept><rtept lat="47.631342" lon="-84.692288"><ele>371.0</ele><time>2026-09-18T14:15:17Z</time></rtept><rtept lat="47.631342" lon="-84.692288"><ele>371.0</ele><time>2026-09-18T14:15:17Z</time></rtept><rtept lat="47.631108" lon="-84.692088"><ele>371.0</ele><time>2026-09-18T14:15:17Z</time></rtept><rtept lat="47.630927" lon="-84.691933"><ele>371.0</ele><time>2026-09-18T14:15:17Z</time></rtept><rtept lat="47.630927" lon="-84.691933"><ele>371.0</ele><time>2026-09-18T14:15:17Z</time></rtept><rtept lat="47.630868" lon="-84.692324"><ele>371.0</ele><time>2026-09-18T14:15:17Z</time></rtept><rtept lat="47.63085" lon="-84.692443"><ele>371.0</ele><time>2026-09-18T14:15:17Z</time></rtept><rtept lat="47.63085" lon="-84.692443"><ele>371.0</ele><time>2026-09-18T14:15:17Z</time></rtept><rtept lat="47.630854" lon="-84.692843"><ele>371.0</ele><time>2026-09-18T14:15:17Z</time></rtept><rtept lat="47.630857" lon="-84.693244"><ele>371.0</ele><time>2026-09-18T14:15:17Z</time></rtept><rtept lat="47.630861" lon="-84.693644"><ele>370.2000000000007</ele><time>2026-09-18T14:15:17Z</time></rtept><rtept lat="47.630861" lon="-84.693681"><ele>370.2000000000007</ele><time>2026-09-18T14:15:17Z</time></rtept><rtept lat="47.630861" lon="-84.693681"><ele>370.2000000000007</ele><time>2026-09-18T14:15:17Z</time></rtept><rtept lat="47.630953" lon="-84.694058"><ele>369.0</ele><time>2026-09-18T14:15:17Z</time></rtept><rtept lat="47.631044" lon="-84.694434"><ele>369.0</ele><time>2026-09-18T14:15:17Z</time></rtept><rtept lat="47.631136" lon="-84.694811"><ele>368.40000000000146</ele><time>2026-09-18T14:15:17Z</time></rtept><rtept lat="47.631227" lon="-84.695187"><ele>368.0</ele><time>2026-09-18T14:15:17Z</time></rtept><rtept lat="47.631319" lon="-84.695564"><ele>368.2000000000007</ele><time>2026-09-18T14:15:17Z</time></rtept><rtept lat="47.63141" lon="-84.695941"><ele>368.40000000000146</ele><time>2026-09-18T14:15:17Z</time></rtept><rtept lat="47.631502" lon="-84.696317"><ele>368.2000000000007</ele><time>2026-09-18T14:15:17Z</time></rtept><rtept lat="47.631593" lon="-84.696694"><ele>368.60000000000036</ele><time>2026-09-18T14:15:17Z</time></rtept><rtept lat="47.631685" lon="-84.69707"><ele>369.0</ele><time>2026-09-18T14:15:17Z</time></rtept><rtept lat="47.631715" lon="-84.697193"><ele>368.60000000000036</ele><time>2026-09-18T14:15:17Z</time></rtept><rtept lat="47.631715" lon="-84.697193"><ele>368.60000000000036</ele><time>2026-09-18T14:15:17Z</time></rtept><rtept lat="47.631644" lon="-84.697553"><ele>370.2000000000007</ele><time>2026-09-18T14:15:17Z</time></rtept><rtept lat="47.631644" lon="-84.697553"><ele>370.2000000000007</ele><time>2026-09-18T14:15:17Z</time></rtept><rtept lat="47.63139" lon="-84.69769"><ele>370.8000000000011</ele><time>2026-09-18T14:15:17Z</time></rtept><rtept lat="47.631137" lon="-84.697827"><ele>371.0</ele><time>2026-09-18T14:15:17Z</time></rtept><rtept lat="47.631015" lon="-84.697893"><ele>371.0</ele><time>2026-09-18T14:15:17Z</time></rtept><rtept lat="47.631015" lon="-84.697893"><ele>371.0</ele><time>2026-09-18T14:15:17Z</time></rtept><rtept lat="47.630847" lon="-84.698207"><ele>371.0</ele><time>2026-09-18T14:15:17Z</time></rtept><rtept lat="47.63068" lon="-84.698521"><ele>371.0</ele><time>2026-09-18T14:15:17Z</time></rtept><rtept lat="47.630512" lon="-84.698834"><ele>371.0</ele><time>2026-09-18T14:15:17Z</time></rtept><rtept lat="47.630345" lon="-84.699148"><ele>371.0</ele><time>2026-09-18T14:15:17Z</time></rtept><rtept lat="47.630177" lon="-84.699462"><ele>371.0</ele><time>2026-09-18T14:15:17Z</time></rtept><rtept lat="47.630077" lon="-84.69965"><ele>371.0</ele><time>2026-09-18T14:15:17Z</time></rtept><rtept lat="47.630077" lon="-84.69965"><ele>371.0</ele><time>2026-09-18T14:15:17Z</time></rtept><rtept lat="47.630014" lon="-84.700039"><ele>371.0</ele><time>2026-09-18T14:15:17Z</time></rtept><rtept lat="47.629951" lon="-84.700428"><ele>371.0</ele><time>2026-09-18T14:15:17Z</time></rtept><rtept lat="47.629888" lon="-84.700818"><ele>371.0</ele><time>2026-09-18T14:15:17Z</time></rtept><rtept lat="47.629824" lon="-84.701207"><ele>370.8000000000011</ele><time>2026-09-18T14:15:17Z</time></rtept><rtept lat="47.629761" lon="-84.701596"><ele>370.8000000000011</ele><time>2026-09-18T14:15:17Z</time></rtept><rtept lat="47.629698" lon="-84.701985"><ele>370.8000000000011</ele><time>2026-09-18T14:15:17Z</time></rtept><rtept lat="47.629635" lon="-84.702374"><ele>371.0</ele><time>2026-09-18T14:15:17Z</time></rtept><rtept lat="47.629572" lon="-84.702764"><ele>370.8000000000011</ele><time>2026-09-18T14:15:17Z</time></rtept><rtept lat="47.629508" lon="-84.703153"><ele>370.8000000000011</ele><time>2026-09-18T14:15:17Z</time></rtept><rtept lat="47.629445" lon="-84.703542"><ele>371.0</ele><time>2026-09-18T14:15:17Z</time></rtept><rtept lat="47.629382" lon="-84.703931"><ele>371.0</ele><time>2026-09-18T14:15:17Z</time></rtept><rtept lat="47.629319" lon="-84.704321"><ele>371.0</ele><time>2026-09-18T14:15:17Z</time></rtept><rtept lat="47.629314" lon="-84.704348"><ele>371.0</ele><time>2026-09-18T14:15:17Z</time></rtept><rtept lat="47.629314" lon="-84.704348"><ele>371.0</ele><time>2026-09-18T14:15:17Z</time></rtept><rtept lat="47.629242" lon="-84.704734"><ele>371.0</ele><time>2026-09-18T14:15:17Z</time></rtept><rtept lat="47.629169" lon="-84.705119"><ele>371.0</ele><time>2026-09-18T14:15:17Z</time></rtept><rtept lat="47.629097" lon="-84.705505"><ele>371.0</ele><time>2026-09-18T14:15:17Z</time></rtept><rtept lat="47.629024" lon="-84.705891"><ele>371.0</ele><time>2026-09-18T14:15:17Z</time></rtept><rtept lat="47.628952" lon="-84.706276"><ele>371.0</ele><time>2026-09-18T14:15:17Z</time></rtept><rtept lat="47.62888" lon="-84.706662"><ele>371.0</ele><time>2026-09-18T14:15:17Z</time></rtept><rtept lat="47.628807" lon="-84.707048"><ele>371.0</ele><time>2026-09-18T14:15:17Z</time></rtept><rtept lat="47.628735" lon="-84.707433"><ele>371.0</ele><time>2026-09-18T14:15:17Z</time></rtept><rtept lat="47.628662" lon="-84.707819"><ele>371.0</ele><time>2026-09-18T14:15:17Z</time></rtept><rtept lat="47.62859" lon="-84.708204"><ele>371.0</ele><time>2026-09-18T14:15:17Z</time></rtept><rtept lat="47.628517" lon="-84.70859"><ele>371.0</ele><time>2026-09-18T14:15:17Z</time></rtept><rtept lat="47.628445" lon="-84.708976"><ele>371.0</ele><time>2026-09-18T14:15:17Z</time></rtept><rtept lat="47.628373" lon="-84.709361"><ele>370.8000000000011</ele><time>2026-09-18T14:15:17Z</time></rtept><rtept lat="47.6283" lon="-84.709747"><ele>370.8000000000011</ele><time>2026-09-18T14:15:17Z</time></rtept><rtept lat="47.628236" lon="-84.710091"><ele>371.0</ele><time>2026-09-18T14:15:17Z</time></rtept><rtept lat="47.628236" lon="-84.710091"><ele>371.0</ele><time>2026-09-18T14:15:17Z</time></rtept><rtept lat="47.628121" lon="-84.710453"><ele>371.0</ele><time>2026-09-18T14:15:17Z</time></rtept><rtept lat="47.628006" lon="-84.710815"><ele>371.0</ele><time>2026-09-18T14:15:17Z</time></rtept><rtept lat="47.627891" lon="-84.711178"><ele>371.0</ele><time>2026-09-18T14:15:17Z</time></rtept><rtept lat="47.627776" lon="-84.71154"><ele>371.0</ele><time>2026-09-18T14:15:17Z</time></rtept><rtept lat="47.627661" lon="-84.711902"><ele>370.8000000000011</ele><time>2026-09-18T14:15:17Z</time></rtept><rtept lat="47.627547" lon="-84.712264"><ele>371.0</ele><time>2026-09-18T14:15:17Z</time></rtept><rtept lat="47.627432" lon="-84.712626"><ele>371.0</ele><time>2026-09-18T14:15:17Z</time></rtept><rtept lat="47.627317" lon="-84.712989"><ele>371.0</ele><time>2026-09-18T14:15:17Z</time></rtept><rtept lat="47.627202" lon="-84.713351"><ele>371.0</ele><time>2026-09-18T14:15:17Z</time></rtept><rtept lat="47.627087" lon="-84.713713"><ele>371.0</ele><time>2026-09-18T14:15:17Z</time></rtept><rtept lat="47.626972" lon="-84.714075"><ele>370.8000000000011</ele><time>2026-09-18T14:15:17Z</time></rtept><rtept lat="47.626857" lon="-84.714437"><ele>371.0</ele><time>2026-09-18T14:15:17Z</time></rtept><rtept lat="47.626742" lon="-84.7148"><ele>371.0</ele><time>2026-09-18T14:15:17Z</time></rtept><rtept lat="47.626641" lon="-84.715119"><ele>371.0</ele><time>2026-09-18T14:15:17Z</time></rtept><rtept lat="47.626641" lon="-84.715119"><ele>371.0</ele><time>2026-09-18T14:15:17Z</time></rtept><rtept lat="47.626435" lon="-84.715378"><ele>371.0</ele><time>2026-09-18T14:15:17Z</time></rtept><rtept lat="47.62623" lon="-84.715638"><ele>371.0</ele><time>2026-09-18T14:15:17Z</time></rtept><rtept lat="47.626024" lon="-84.715897"><ele>371.0</ele><time>2026-09-18T14:15:17Z</time></rtept><rtept lat="47.625819" lon="-84.716156"><ele>371.0</ele><time>2026-09-18T14:15:17Z</time></rtept><rtept lat="47.625613" lon="-84.716416"><ele>371.0</ele><time>2026-09-18T14:15:17Z</time></rtept><rtept lat="47.625408" lon="-84.716675"><ele>371.0</ele><time>2026-09-18T14:15:17Z</time></rtept><rtept lat="47.625202" lon="-84.716934"><ele>371.0</ele><time>2026-09-18T14:15:17Z</time></rtept><rtept lat="47.624997" lon="-84.717193"><ele>371.0</ele><time>2026-09-18T14:15:17Z</time></rtept><rtept lat="47.624791" lon="-84.717453"><ele>371.0</ele><time>2026-09-18T14:15:17Z</time></rtept><rtept lat="47.624682" lon="-84.71759"><ele>371.0</ele><time>2026-09-18T14:15:17Z</time></rtept><rtept lat="47.624682" lon="-84.71759"><ele>371.0</ele><time>2026-09-18T14:15:17Z</time></rtept><rtept lat="47.624491" lon="-84.717873"><ele>371.0</ele><time>2026-09-18T14:15:17Z</time></rtept><rtept lat="47.6243" lon="-84.718156"><ele>371.0</ele><time>2026-09-18T14:15:17Z</time></rtept><rtept lat="47.62411" lon="-84.718439"><ele>371.0</ele><time>2026-09-18T14:15:17Z</time></rtept><rtept lat="47.623919" lon="-84.718722"><ele>371.0</ele><time>2026-09-18T14:15:17Z</time></rtept><rtept lat="47.623728" lon="-84.719005"><ele>371.0</ele><time>2026-09-18T14:15:17Z</time></rtept><rtept lat="47.623694" lon="-84.719056"><ele>371.0</ele><time>2026-09-18T14:15:17Z</time></rtept><rtept lat="47.623694" lon="-84.719056"><ele>371.0</ele><time>2026-09-18T14:15:17Z</time></rtept><rtept lat="47.623624" lon="-84.718669"><ele>371.0</ele><time>2026-09-18T14:15:17Z</time></rtept><rtept lat="47.623554" lon="-84.718283"><ele>371.0</ele><time>2026-09-18T14:15:17Z</time></rtept><rtept lat="47.623518" lon="-84.718081"><ele>371.0</ele><time>2026-09-18T14:15:17Z</time></rtept><rtept lat="47.623518" lon="-84.718081"><ele>371.0</ele><time>2026-09-18T14:15:17Z</time></rtept><rtept lat="47.623296" lon="-84.718307"><ele>371.0</ele><time>2026-09-18T14:15:17Z</time></rtept><rtept lat="47.623073" lon="-84.718534"><ele>371.0</ele><time>2026-09-18T14:15:17Z</time></rtept><rtept lat="47.622851" lon="-84.71876"><ele>371.0</ele><time>2026-09-18T14:15:17Z</time></rtept><rtept lat="47.622628" lon="-84.718987"><ele>371.0</ele><time>2026-09-18T14:15:17Z</time></rtept><rtept lat="47.622406" lon="-84.719213"><ele>371.0</ele><time>2026-09-18T14:15:17Z</time></rtept><rtept lat="47.622183" lon="-84.71944"><ele>371.0</ele><time>2026-09-18T14:15:17Z</time></rtept><rtept lat="47.621961" lon="-84.719666"><ele>371.0</ele><time>2026-09-18T14:15:17Z</time></rtept><rtept lat="47.621738" lon="-84.719893"><ele>371.0</ele><time>2026-09-18T14:15:17Z</time></rtept><rtept lat="47.621516" lon="-84.720119"><ele>371.0</ele><time>2026-09-18T14:15:17Z</time></rtept><rtept lat="47.621293" lon="-84.720345"><ele>371.0</ele><time>2026-09-18T14:15:17Z</time></rtept><rtept lat="47.62109" lon="-84.720552"><ele>371.0</ele><time>2026-09-18T14:15:17Z</time></rtept><rtept lat="47.62109" lon="-84.720552"><ele>371.0</ele><time>2026-09-18T14:15:17Z</time></rtept><rtept lat="47.620971" lon="-84.720911"><ele>371.0</ele><time>2026-09-18T14:15:17Z</time></rtept><rtept lat="47.620853" lon="-84.721271"><ele>371.0</ele><time>2026-09-18T14:15:17Z</time></rtept><rtept lat="47.620734" lon="-84.72163"><ele>371.0</ele><time>2026-09-18T14:15:17Z</time></rtept><rtept lat="47.620615" lon="-84.72199"><ele>371.0</ele><time>2026-09-18T14:15:17Z</time></rtept><rtept lat="47.620497" lon="-84.722349"><ele>371.0</ele><time>2026-09-18T14:15:17Z</time></rtept><rtept lat="47.620378" lon="-84.722709"><ele>371.0</ele><time>2026-09-18T14:15:17Z</time></rtept><rtept lat="47.620259" lon="-84.723068"><ele>371.0</ele><time>2026-09-18T14:15:17Z</time></rtept><rtept lat="47.620141" lon="-84.723428"><ele>371.2000000000007</ele><time>2026-09-18T14:15:17Z</time></rtept><rtept lat="47.620022" lon="-84.723787"><ele>371.0</ele><time>2026-09-18T14:15:17Z</time></rtept><rtept lat="47.619964" lon="-84.723963"><ele>370.8000000000011</ele><time>2026-09-18T14:15:17Z</time></rtept><rtept lat="47.619964" lon="-84.723963"><ele>370.8000000000011</ele><time>2026-09-18T14:15:17Z</time></rtept><rtept lat="47.619919" lon="-84.724358"><ele>371.0</ele><time>2026-09-18T14:15:17Z</time></rtept><rtept lat="47.619874" lon="-84.724752"><ele>371.0</ele><time>2026-09-18T14:15:17Z</time></rtept><rtept lat="47.619829" lon="-84.725147"><ele>371.0</ele><time>2026-09-18T14:15:17Z</time></rtept><rtept lat="47.619785" lon="-84.725542"><ele>370.8000000000011</ele><time>2026-09-18T14:15:17Z</time></rtept><rtept lat="47.61974" lon="-84.725936"><ele>370.8000000000011</ele><time>2026-09-18T14:15:17Z</time></rtept><rtept lat="47.619695" lon="-84.726331"><ele>371.0</ele><time>2026-09-18T14:15:17Z</time></rtept><rtept lat="47.61965" lon="-84.726726"><ele>371.0</ele><time>2026-09-18T14:15:17Z</time></rtept><rtept lat="47.619605" lon="-84.727121"><ele>371.0</ele><time>2026-09-18T14:15:17Z</time></rtept><rtept lat="47.61956" lon="-84.727515"><ele>371.0</ele><time>2026-09-18T14:15:17Z</time></rtept><rtept lat="47.619515" lon="-84.72791"><ele>371.0</ele><time>2026-09-18T14:15:17Z</time></rtept><rtept lat="47.619472" lon="-84.728295"><ele>371.0</ele><time>2026-09-18T14:15:17Z</time></rtept><rtept lat="47.619472" lon="-84.728295"><ele>371.0</ele><time>2026-09-18T14:15:17Z</time></rtept><rtept lat="47.619248" lon="-84.728519"><ele>371.0</ele><time>2026-09-18T14:15:17Z</time></rtept><rtept lat="47.619025" lon="-84.728743"><ele>371.0</ele><time>2026-09-18T14:15:17Z</time></rtept><rtept lat="47.618801" lon="-84.728967"><ele>371.0</ele><time>2026-09-18T14:15:17Z</time></rtept><rtept lat="47.618578" lon="-84.729191"><ele>371.0</ele><time>2026-09-18T14:15:17Z</time></rtept><rtept lat="47.618354" lon="-84.729415"><ele>370.8000000000011</ele><time>2026-09-18T14:15:17Z</time></rtept><rtept lat="47.618131" lon="-84.729639"><ele>371.0</ele><time>2026-09-18T14:15:17Z</time></rtept><rtept lat="47.617907" lon="-84.729863"><ele>371.8000000000011</ele><time>2026-09-18T14:15:17Z</time></rtept><rtept lat="47.617683" lon="-84.730087"><ele>372.40000000000146</ele><time>2026-09-18T14:15:17Z</time></rtept><rtept lat="47.61746" lon="-84.730311"><ele>374.2000000000007</ele><time>2026-09-18T14:15:17Z</time></rtept><rtept lat="47.617236" lon="-84.730535"><ele>373.8000000000011</ele><time>2026-09-18T14:15:17Z</time></rtept><rtept lat="47.617231" lon="-84.73054"><ele>373.8000000000011</ele><time>2026-09-18T14:15:17Z</time></rtept><rtept lat="47.617231" lon="-84.73054"><ele>373.8000000000011</ele><time>2026-09-18T14:15:17Z</time></rtept><rtept lat="47.617461" lon="-84.730748"><ele>371.0</ele><time>2026-09-18T14:15:17Z</time></rtept><rtept lat="47.617692" lon="-84.730956"><ele>371.0</ele><time>2026-09-18T14:15:17Z</time></rtept><rtept lat="47.617922" lon="-84.731164"><ele>371.0</ele><time>2026-09-18T14:15:17Z</time></rtept><rtept lat="47.618153" lon="-84.731372"><ele>371.0</ele><time>2026-09-18T14:15:17Z</time></rtept><rtept lat="47.618234" lon="-84.731445"><ele>371.0</ele><time>2026-09-18T14:15:17Z</time></rtept><rtept lat="47.618234" lon="-84.731445"><ele>371.0</ele><time>2026-09-18T14:15:17Z</time></rtept><rtept lat="47.618463" lon="-84.731234"><ele>371.0</ele><time>2026-09-18T14:15:17Z</time></rtept><rtept lat="47.618693" lon="-84.731024"><ele>371.0</ele><time>2026-09-18T14:15:17Z</time></rtept><rtept lat="47.618922" lon="-84.730813"><ele>371.0</ele><time>2026-09-18T14:15:17Z</time></rtept><rtept lat="47.619152" lon="-84.730603"><ele>371.0</ele><time>2026-09-18T14:15:17Z</time></rtept><rtept lat="47.619381" lon="-84.730392"><ele>371.0</ele><time>2026-09-18T14:15:17Z</time></rtept><rtept lat="47.619611" lon="-84.730182"><ele>371.0</ele><time>2026-09-18T14:15:17Z</time></rtept><rtept lat="47.61984" lon="-84.729971"><ele>371.0</ele><time>2026-09-18T14:15:17Z</time></rtept><rtept lat="47.62007" lon="-84.729761"><ele>371.0</ele><time>2026-09-18T14:15:17Z</time></rtept><rtept lat="47.620299" lon="-84.72955"><ele>371.0</ele><time>2026-09-18T14:15:17Z</time></rtept><rtept lat="47.620529" lon="-84.729339"><ele>371.0</ele><time>2026-09-18T14:15:17Z</time></rtept><rtept lat="47.620758" lon="-84.729129"><ele>371.0</ele><time>2026-09-18T14:15:17Z</time></rtept><rtept lat="47.620987" lon="-84.728918"><ele>371.0</ele><time>2026-09-18T14:15:17Z</time></rtept><rtept lat="47.621217" lon="-84.728708"><ele>371.0</ele><time>2026-09-18T14:15:17Z</time></rtept><rtept lat="47.621446" lon="-84.728497"><ele>371.0</ele><time>2026-09-18T14:15:17Z</time></rtept><rtept lat="47.621676" lon="-84.728287"><ele>371.0</ele><time>2026-09-18T14:15:17Z</time></rtept><rtept lat="47.621905" lon="-84.728076"><ele>371.0</ele><time>2026-09-18T14:15:17Z</time></rtept><rtept lat="47.622135" lon="-84.727866"><ele>371.0</ele><time>2026-09-18T14:15:17Z</time></rtept><rtept lat="47.622364" lon="-84.727655"><ele>371.0</ele><time>2026-09-18T14:15:17Z</time></rtept><rtept lat="47.62244" lon="-84.727586"><ele>371.0</ele><time>2026-09-18T14:15:17Z</time></rtept><rtept lat="47.62244" lon="-84.727586"><ele>371.0</ele><time>2026-09-18T14:15:17Z</time></rtept><rtept lat="47.622651" lon="-84.727337"><ele>371.0</ele><time>2026-09-18T14:15:17Z</time></rtept><rtept lat="47.622863" lon="-84.727089"><ele>371.0</ele><time>2026-09-18T14:15:17Z</time></rtept><rtept lat="47.623074" lon="-84.72684"><ele>371.0</ele><time>2026-09-18T14:15:17Z</time></rtept><rtept lat="47.623286" lon="-84.726592"><ele>371.0</ele><time>2026-09-18T14:15:17Z</time></rtept><rtept lat="47.623497" lon="-84.726343"><ele>371.0</ele><time>2026-09-18T14:15:17Z</time></rtept><rtept lat="47.623709" lon="-84.726095"><ele>371.0</ele><time>2026-09-18T14:15:17Z</time></rtept><rtept lat="47.62392" lon="-84.725846"><ele>371.0</ele><time>2026-09-18T14:15:17Z</time></rtept><rtept lat="47.624132" lon="-84.725598"><ele>371.0</ele><time>2026-09-18T14:15:17Z</time></rtept><rtept lat="47.624343" lon="-84.725349"><ele>371.0</ele><time>2026-09-18T14:15:17Z</time></rtept><rtept lat="47.624555" lon="-84.725101"><ele>371.0</ele><time>2026-09-18T14:15:17Z</time></rtept><rtept lat="47.624766" lon="-84.724852"><ele>371.0</ele><time>2026-09-18T14:15:17Z</time></rtept><rtept lat="47.624978" lon="-84.724603"><ele>371.0</ele><time>2026-09-18T14:15:17Z</time></rtept><rtept lat="47.625134" lon="-84.72442"><ele>371.0</ele><time>2026-09-18T14:15:17Z</time></rtept><rtept lat="47.625134" lon="-84.72442"><ele>371.0</ele><time>2026-09-18T14:15:17Z</time></rtept><rtept lat="47.625218" lon="-84.72404"><ele>371.0</ele><time>2026-09-18T14:15:17Z</time></rtept><rtept lat="47.625276" lon="-84.723775"><ele>371.2000000000007</ele><time>2026-09-18T14:15:17Z</time></rtept></rte></gpx>