<?xml version="1.0" ?><gpx xmlns="http://www.topografix.com/GPX/1/1" creator="GaiaGPS" version="1.1" xmlns:xsi="http://www.w3.org/2001/XMLSchema-instance" xsi:schemaLocation="http://www.topografix.com/GPX/1/1 http://www.topografix.com/GPX/1/1/gpx.xsd"><wpt lat="42.14441011361774" lon="-73.43150975913758"><time>2026-09-18T16:39:59Z</time><name>Start / End Parking</name><desc>car parked here</desc><sym>car-24</sym></wpt><wpt lat="42.11008636033807" lon="-73.43608461253007"><time>2026-09-18T16:51:12Z</time><name>Campsite</name><desc>Camped here, swam, tent with Chris.</desc><sym>emoji-⛺</sym></wpt><rte><name>Loop Route</name><desc></desc><extensions><line xmlns="http://www.topografix.com/GPX/gpx_style/0/2"><color>F42410</color></line></extensions><rtept lat="42.144625" lon="-73.431611"><ele>265.0</ele><time>2026-09-18T16:46:51Z</time></rtept><rtept lat="42.14461" lon="-73.431618"><ele>265.0</ele><time>2026-09-18T16:46:51Z</time></rtept><rtept lat="42.14456" lon="-73.43167"><ele>265.6</ele><time>2026-09-18T16:46:51Z</time></rtept><rtept lat="42.144542" lon="-73.431689"><ele>266.0</ele><time>2026-09-18T16:46:51Z</time></rtept><rtept lat="42.144406" lon="-73.43167"><ele>266.8</ele><time>2026-09-18T16:46:51Z</time></rtept><rtept lat="42.144233" lon="-73.431659"><ele>270.8</ele><time>2026-09-18T16:46:51Z</time></rtept><rtept lat="42.144179" lon="-73.431681"><ele>273.8</ele><time>2026-09-18T16:46:51Z</time></rtept><rtept lat="42.144131" lon="-73.431746"><ele>273.8</ele><time>2026-09-18T16:46:51Z</time></rtept><rtept lat="42.144075" lon="-73.431826"><ele>276.4</ele><time>2026-09-18T16:46:51Z</time></rtept><rtept lat="42.144027" lon="-73.431925"><ele>279.0</ele><time>2026-09-18T16:46:51Z</time></rtept><rtept lat="42.143945" lon="-73.432085"><ele>282.8</ele><time>2026-09-18T16:46:51Z</time></rtept><rtept lat="42.143918" lon="-73.432117"><ele>284.6</ele><time>2026-09-18T16:46:51Z</time></rtept><rtept lat="42.143868" lon="-73.432303"><ele>288.4</ele><time>2026-09-18T16:46:51Z</time></rtept><rtept lat="42.143801" lon="-73.432506"><ele>292.2</ele><time>2026-09-18T16:46:51Z</time></rtept><rtept lat="42.143753" lon="-73.432656"><ele>295.0</ele><time>2026-09-18T16:46:51Z</time></rtept><rtept lat="42.143729" lon="-73.432736"><ele>296.4</ele><time>2026-09-18T16:46:51Z</time></rtept><rtept lat="42.14374" lon="-73.432901"><ele>298.4</ele><time>2026-09-18T16:46:51Z</time></rtept><rtept lat="42.143721" lon="-73.432976"><ele>299.4</ele><time>2026-09-18T16:46:51Z</time></rtept><rtept lat="42.143646" lon="-73.433037"><ele>300.0</ele><time>2026-09-18T16:46:51Z</time></rtept><rtept lat="42.143526" lon="-73.433184"><ele>305.4</ele><time>2026-09-18T16:46:51Z</time></rtept><rtept lat="42.14346" lon="-73.433245"><ele>308.4</ele><time>2026-09-18T16:46:51Z</time></rtept><rtept lat="42.143356" lon="-73.433251"><ele>309.4</ele><time>2026-09-18T16:46:51Z</time></rtept><rtept lat="42.143241" lon="-73.433219"><ele>309.8</ele><time>2026-09-18T16:46:51Z</time></rtept><rtept lat="42.143199" lon="-73.433247"><ele>310.2</ele><time>2026-09-18T16:46:51Z</time></rtept><rtept lat="42.143012" lon="-73.433276"><ele>311.0</ele><time>2026-09-18T16:46:51Z</time></rtept><rtept lat="42.142964" lon="-73.433294"><ele>311.2</ele><time>2026-09-18T16:46:51Z</time></rtept><rtept lat="42.142873" lon="-73.433313"><ele>312.6</ele><time>2026-09-18T16:46:51Z</time></rtept><rtept lat="42.142721" lon="-73.433316"><ele>313.0</ele><time>2026-09-18T16:46:51Z</time></rtept><rtept lat="42.142671" lon="-73.43335"><ele>313.0</ele><time>2026-09-18T16:46:51Z</time></rtept><rtept lat="42.14262" lon="-73.433388"><ele>313.2</ele><time>2026-09-18T16:46:51Z</time></rtept><rtept lat="42.142562" lon="-73.433438"><ele>314.4</ele><time>2026-09-18T16:46:51Z</time></rtept><rtept lat="42.14246" lon="-73.433502"><ele>316.2</ele><time>2026-09-18T16:46:51Z</time></rtept><rtept lat="42.142466" lon="-73.433542"><ele>316.2</ele><time>2026-09-18T16:46:51Z</time></rtept><rtept lat="42.142519" lon="-73.433585"><ele>318.0</ele><time>2026-09-18T16:46:51Z</time></rtept><rtept lat="42.142599" lon="-73.433633"><ele>317.6</ele><time>2026-09-18T16:46:51Z</time></rtept><rtept lat="42.142706" lon="-73.43366"><ele>320.2</ele><time>2026-09-18T16:46:51Z</time></rtept><rtept lat="42.142737" lon="-73.433742"><ele>323.8</ele><time>2026-09-18T16:46:51Z</time></rtept><rtept lat="42.142746" lon="-73.433822"><ele>326.0</ele><time>2026-09-18T16:46:51Z</time></rtept><rtept lat="42.142711" lon="-73.433865"><ele>325.8</ele><time>2026-09-18T16:46:51Z</time></rtept><rtept lat="42.142658" lon="-73.433973"><ele>327.6</ele><time>2026-09-18T16:46:51Z</time></rtept><rtept lat="42.142594" lon="-73.434055"><ele>329.6</ele><time>2026-09-18T16:46:51Z</time></rtept><rtept lat="42.142556" lon="-73.434151"><ele>331.0</ele><time>2026-09-18T16:46:51Z</time></rtept><rtept lat="42.142532" lon="-73.434261"><ele>334.4</ele><time>2026-09-18T16:46:51Z</time></rtept><rtept lat="42.142524" lon="-73.434351"><ele>335.8</ele><time>2026-09-18T16:46:51Z</time></rtept><rtept lat="42.142492" lon="-73.434375"><ele>335.8</ele><time>2026-09-18T16:46:51Z</time></rtept><rtept lat="42.142442" lon="-73.434402"><ele>336.4</ele><time>2026-09-18T16:46:51Z</time></rtept><rtept lat="42.142388" lon="-73.434436"><ele>337.6</ele><time>2026-09-18T16:46:51Z</time></rtept><rtept lat="42.142306" lon="-73.434463"><ele>338.0</ele><time>2026-09-18T16:46:51Z</time></rtept><rtept lat="42.142242" lon="-73.43454"><ele>339.0</ele><time>2026-09-18T16:46:51Z</time></rtept><rtept lat="42.142175" lon="-73.434586"><ele>339.2</ele><time>2026-09-18T16:46:51Z</time></rtept><rtept lat="42.142095" lon="-73.434595"><ele>340.0</ele><time>2026-09-18T16:46:51Z</time></rtept><rtept lat="42.142053" lon="-73.434638"><ele>340.2</ele><time>2026-09-18T16:46:51Z</time></rtept><rtept lat="42.142007" lon="-73.434699"><ele>340.8</ele><time>2026-09-18T16:46:51Z</time></rtept><rtept lat="42.14193" lon="-73.4348"><ele>341.6</ele><time>2026-09-18T16:46:51Z</time></rtept><rtept lat="42.141885" lon="-73.43486"><ele>342.2</ele><time>2026-09-18T16:46:51Z</time></rtept><rtept lat="42.141831" lon="-73.434888"><ele>342.6</ele><time>2026-09-18T16:46:51Z</time></rtept><rtept lat="42.141749" lon="-73.434896"><ele>342.8</ele><time>2026-09-18T16:46:51Z</time></rtept><rtept lat="42.141661" lon="-73.434883"><ele>343.0</ele><time>2026-09-18T16:46:51Z</time></rtept><rtept lat="42.141565" lon="-73.434892"><ele>343.4</ele><time>2026-09-18T16:46:51Z</time></rtept><rtept lat="42.141517" lon="-73.434932"><ele>343.4</ele><time>2026-09-18T16:46:51Z</time></rtept><rtept lat="42.141443" lon="-73.43497"><ele>345.2</ele><time>2026-09-18T16:46:51Z</time></rtept><rtept lat="42.141395" lon="-73.434983"><ele>345.2</ele><time>2026-09-18T16:46:51Z</time></rtept><rtept lat="42.141395" lon="-73.434983"><ele>345.2</ele><time>2026-09-18T16:46:51Z</time></rtept><rtept lat="42.141344" lon="-73.434996"><ele>347.2</ele><time>2026-09-18T16:46:51Z</time></rtept><rtept lat="42.141267" lon="-73.434972"><ele>349.4</ele><time>2026-09-18T16:46:51Z</time></rtept><rtept lat="42.141131" lon="-73.434954"><ele>358.0</ele><time>2026-09-18T16:46:51Z</time></rtept><rtept lat="42.140979" lon="-73.43498"><ele>365.2</ele><time>2026-09-18T16:46:51Z</time></rtept><rtept lat="42.140891" lon="-73.434956"><ele>368.0</ele><time>2026-09-18T16:46:51Z</time></rtept><rtept lat="42.140809" lon="-73.43493"><ele>369.2</ele><time>2026-09-18T16:46:51Z</time></rtept><rtept lat="42.140782" lon="-73.434946"><ele>374.6</ele><time>2026-09-18T16:46:51Z</time></rtept><rtept lat="42.140778" lon="-73.434983"><ele>374.6</ele><time>2026-09-18T16:46:51Z</time></rtept><rtept lat="42.140805" lon="-73.435012"><ele>374.6</ele><time>2026-09-18T16:46:51Z</time></rtept><rtept lat="42.140856" lon="-73.435033"><ele>377.0</ele><time>2026-09-18T16:46:51Z</time></rtept><rtept lat="42.140901" lon="-73.435066"><ele>373.8</ele><time>2026-09-18T16:46:51Z</time></rtept><rtept lat="42.140901" lon="-73.435093"><ele>373.8</ele><time>2026-09-18T16:46:51Z</time></rtept><rtept lat="42.140872" lon="-73.435105"><ele>377.0</ele><time>2026-09-18T16:46:51Z</time></rtept><rtept lat="42.140858" lon="-73.435132"><ele>383.4</ele><time>2026-09-18T16:46:51Z</time></rtept><rtept lat="42.140836" lon="-73.435146"><ele>383.4</ele><time>2026-09-18T16:46:51Z</time></rtept><rtept lat="42.140792" lon="-73.43514"><ele>387.2</ele><time>2026-09-18T16:46:51Z</time></rtept><rtept lat="42.140773" lon="-73.435148"><ele>387.2</ele><time>2026-09-18T16:46:51Z</time></rtept><rtept lat="42.140771" lon="-73.435183"><ele>387.2</ele><time>2026-09-18T16:46:51Z</time></rtept><rtept lat="42.140784" lon="-73.435215"><ele>392.2</ele><time>2026-09-18T16:46:51Z</time></rtept><rtept lat="42.140819" lon="-73.435227"><ele>389.4</ele><time>2026-09-18T16:46:51Z</time></rtept><rtept lat="42.140844" lon="-73.435254"><ele>389.4</ele><time>2026-09-18T16:46:51Z</time></rtept><rtept lat="42.140859" lon="-73.435303"><ele>395.2</ele><time>2026-09-18T16:46:51Z</time></rtept><rtept lat="42.14088" lon="-73.435337"><ele>392.4</ele><time>2026-09-18T16:46:51Z</time></rtept><rtept lat="42.140887" lon="-73.435362"><ele>392.4</ele><time>2026-09-18T16:46:51Z</time></rtept><rtept lat="42.140883" lon="-73.435374"><ele>397.8</ele><time>2026-09-18T16:46:51Z</time></rtept><rtept lat="42.140874" lon="-73.435386"><ele>400.6</ele><time>2026-09-18T16:46:51Z</time></rtept><rtept lat="42.140873" lon="-73.435401"><ele>400.6</ele><time>2026-09-18T16:46:51Z</time></rtept><rtept lat="42.140893" lon="-73.435433"><ele>397.8</ele><time>2026-09-18T16:46:51Z</time></rtept><rtept lat="42.140946" lon="-73.435503"><ele>401.0</ele><time>2026-09-18T16:46:51Z</time></rtept><rtept lat="42.14104" lon="-73.435568"><ele>403.6</ele><time>2026-09-18T16:46:51Z</time></rtept><rtept lat="42.14112" lon="-73.435641"><ele>406.4</ele><time>2026-09-18T16:46:51Z</time></rtept><rtept lat="42.141131" lon="-73.435655"><ele>406.4</ele><time>2026-09-18T16:46:51Z</time></rtept><rtept lat="42.141129" lon="-73.435673"><ele>406.4</ele><time>2026-09-18T16:46:51Z</time></rtept><rtept lat="42.14109" lon="-73.435703"><ele>406.4</ele><time>2026-09-18T16:46:51Z</time></rtept><rtept lat="42.141089" lon="-73.43573"><ele>411.8</ele><time>2026-09-18T16:46:51Z</time></rtept><rtept lat="42.141099" lon="-73.435753"><ele>411.8</ele><time>2026-09-18T16:46:51Z</time></rtept><rtept lat="42.141123" lon="-73.435758"><ele>411.8</ele><time>2026-09-18T16:46:51Z</time></rtept><rtept lat="42.141179" lon="-73.435798"><ele>414.8</ele><time>2026-09-18T16:46:51Z</time></rtept><rtept lat="42.141258" lon="-73.43585"><ele>412.4</ele><time>2026-09-18T16:46:51Z</time></rtept><rtept lat="42.141325" lon="-73.435877"><ele>407.2</ele><time>2026-09-18T16:46:51Z</time></rtept><rtept lat="42.141392" lon="-73.435914"><ele>410.2</ele><time>2026-09-18T16:46:51Z</time></rtept><rtept lat="42.141397" lon="-73.435925"><ele>410.2</ele><time>2026-09-18T16:46:51Z</time></rtept><rtept lat="42.14138" lon="-73.435948"><ele>412.8</ele><time>2026-09-18T16:46:51Z</time></rtept><rtept lat="42.141382" lon="-73.435974"><ele>418.2</ele><time>2026-09-18T16:46:51Z</time></rtept><rtept lat="42.141409" lon="-73.436003"><ele>416.0</ele><time>2026-09-18T16:46:51Z</time></rtept><rtept lat="42.141411" lon="-73.436026"><ele>416.0</ele><time>2026-09-18T16:46:51Z</time></rtept><rtept lat="42.141389" lon="-73.436034"><ele>416.0</ele><time>2026-09-18T16:46:51Z</time></rtept><rtept lat="42.141319" lon="-73.43602"><ele>420.4</ele><time>2026-09-18T16:46:51Z</time></rtept><rtept lat="42.14129" lon="-73.436026"><ele>420.4</ele><time>2026-09-18T16:46:51Z</time></rtept><rtept lat="42.14128" lon="-73.436074"><ele>425.4</ele><time>2026-09-18T16:46:51Z</time></rtept><rtept lat="42.141296" lon="-73.436103"><ele>425.4</ele><time>2026-09-18T16:46:51Z</time></rtept><rtept lat="42.141334" lon="-73.436158"><ele>428.4</ele><time>2026-09-18T16:46:51Z</time></rtept><rtept lat="42.141452" lon="-73.436276"><ele>428.6</ele><time>2026-09-18T16:46:51Z</time></rtept><rtept lat="42.141578" lon="-73.436381"><ele>428.6</ele><time>2026-09-18T16:46:51Z</time></rtept><rtept lat="42.141632" lon="-73.43639"><ele>428.6</ele><time>2026-09-18T16:46:51Z</time></rtept><rtept lat="42.141658" lon="-73.436413"><ele>431.2</ele><time>2026-09-18T16:46:51Z</time></rtept><rtept lat="42.141723" lon="-73.436517"><ele>433.4</ele><time>2026-09-18T16:46:51Z</time></rtept><rtept lat="42.141762" lon="-73.436556"><ele>433.4</ele><time>2026-09-18T16:46:51Z</time></rtept><rtept lat="42.141794" lon="-73.436574"><ele>436.0</ele><time>2026-09-18T16:46:51Z</time></rtept><rtept lat="42.141863" lon="-73.436611"><ele>433.2</ele><time>2026-09-18T16:46:51Z</time></rtept><rtept lat="42.141961" lon="-73.436666"><ele>433.2</ele><time>2026-09-18T16:46:51Z</time></rtept><rtept lat="42.14205" lon="-73.436708"><ele>430.2</ele><time>2026-09-18T16:46:51Z</time></rtept><rtept lat="42.142059" lon="-73.436746"><ele>435.2</ele><time>2026-09-18T16:46:51Z</time></rtept><rtept lat="42.142079" lon="-73.436769"><ele>435.2</ele><time>2026-09-18T16:46:51Z</time></rtept><rtept lat="42.142163" lon="-73.436812"><ele>430.0</ele><time>2026-09-18T16:46:51Z</time></rtept><rtept lat="42.142239" lon="-73.43684"><ele>432.6</ele><time>2026-09-18T16:46:51Z</time></rtept><rtept lat="42.142303" lon="-73.436879"><ele>429.6</ele><time>2026-09-18T16:46:51Z</time></rtept><rtept lat="42.142348" lon="-73.436904"><ele>426.4</ele><time>2026-09-18T16:46:51Z</time></rtept><rtept lat="42.142389" lon="-73.436939"><ele>432.2</ele><time>2026-09-18T16:46:51Z</time></rtept><rtept lat="42.142427" lon="-73.436956"><ele>429.2</ele><time>2026-09-18T16:46:51Z</time></rtept><rtept lat="42.142429" lon="-73.436976"><ele>429.2</ele><time>2026-09-18T16:46:51Z</time></rtept><rtept lat="42.142413" lon="-73.437021"><ele>435.0</ele><time>2026-09-18T16:46:51Z</time></rtept><rtept lat="42.142415" lon="-73.437045"><ele>435.0</ele><time>2026-09-18T16:46:51Z</time></rtept><rtept lat="42.142467" lon="-73.437123"><ele>439.2</ele><time>2026-09-18T16:46:51Z</time></rtept><rtept lat="42.142547" lon="-73.437178"><ele>439.0</ele><time>2026-09-18T16:46:51Z</time></rtept><rtept lat="42.142584" lon="-73.437197"><ele>439.0</ele><time>2026-09-18T16:46:51Z</time></rtept><rtept lat="42.142601" lon="-73.437216"><ele>437.4</ele><time>2026-09-18T16:46:51Z</time></rtept><rtept lat="42.142611" lon="-73.437241"><ele>437.4</ele><time>2026-09-18T16:46:51Z</time></rtept><rtept lat="42.142612" lon="-73.437273"><ele>441.0</ele><time>2026-09-18T16:46:51Z</time></rtept><rtept lat="42.142621" lon="-73.437338"><ele>443.4</ele><time>2026-09-18T16:46:51Z</time></rtept><rtept lat="42.142659" lon="-73.437376"><ele>443.4</ele><time>2026-09-18T16:46:51Z</time></rtept><rtept lat="42.142655" lon="-73.437411"><ele>443.4</ele><time>2026-09-18T16:46:51Z</time></rtept><rtept lat="42.142671" lon="-73.43742"><ele>442.2</ele><time>2026-09-18T16:46:51Z</time></rtept><rtept lat="42.142702" lon="-73.437434"><ele>444.6</ele><time>2026-09-18T16:46:51Z</time></rtept><rtept lat="42.142729" lon="-73.437504"><ele>443.4</ele><time>2026-09-18T16:46:51Z</time></rtept><rtept lat="42.142769" lon="-73.437518"><ele>446.0</ele><time>2026-09-18T16:46:51Z</time></rtept><rtept lat="42.142814" lon="-73.437555"><ele>444.6</ele><time>2026-09-18T16:46:51Z</time></rtept><rtept lat="42.142858" lon="-73.437619"><ele>446.0</ele><time>2026-09-18T16:46:51Z</time></rtept><rtept lat="42.142927" lon="-73.437653"><ele>444.6</ele><time>2026-09-18T16:46:51Z</time></rtept><rtept lat="42.143038" lon="-73.437686"><ele>446.0</ele><time>2026-09-18T16:46:51Z</time></rtept><rtept lat="42.143135" lon="-73.437734"><ele>442.6</ele><time>2026-09-18T16:46:51Z</time></rtept><rtept lat="42.143179" lon="-73.437774"><ele>444.4</ele><time>2026-09-18T16:46:51Z</time></rtept><rtept lat="42.143249" lon="-73.437828"><ele>442.2</ele><time>2026-09-18T16:46:51Z</time></rtept><rtept lat="42.143286" lon="-73.437842"><ele>442.2</ele><time>2026-09-18T16:46:51Z</time></rtept><rtept lat="42.143321" lon="-73.437842"><ele>439.2</ele><time>2026-09-18T16:46:51Z</time></rtept><rtept lat="42.143383" lon="-73.437861"><ele>441.0</ele><time>2026-09-18T16:46:51Z</time></rtept><rtept lat="42.143419" lon="-73.437889"><ele>441.0</ele><time>2026-09-18T16:46:51Z</time></rtept><rtept lat="42.143441" lon="-73.437949"><ele>442.8</ele><time>2026-09-18T16:46:51Z</time></rtept><rtept lat="42.14346" lon="-73.437989"><ele>442.8</ele><time>2026-09-18T16:46:51Z</time></rtept><rtept lat="42.143494" lon="-73.438029"><ele>444.2</ele><time>2026-09-18T16:46:51Z</time></rtept><rtept lat="42.143544" lon="-73.438078"><ele>444.2</ele><time>2026-09-18T16:46:51Z</time></rtept><rtept lat="42.143569" lon="-73.43811"><ele>440.6</ele><time>2026-09-18T16:46:51Z</time></rtept><rtept lat="42.143574" lon="-73.438137"><ele>445.4</ele><time>2026-09-18T16:46:51Z</time></rtept><rtept lat="42.14359" lon="-73.43816"><ele>445.4</ele><time>2026-09-18T16:46:51Z</time></rtept><rtept lat="42.143592" lon="-73.438181"><ele>445.4</ele><time>2026-09-18T16:46:51Z</time></rtept><rtept lat="42.143575" lon="-73.438187"><ele>445.4</ele><time>2026-09-18T16:46:51Z</time></rtept><rtept lat="42.143557" lon="-73.438179"><ele>445.4</ele><time>2026-09-18T16:46:51Z</time></rtept><rtept lat="42.143546" lon="-73.43817"><ele>448.2</ele><time>2026-09-18T16:46:51Z</time></rtept><rtept lat="42.143502" lon="-73.438157"><ele>448.2</ele><time>2026-09-18T16:46:51Z</time></rtept><rtept lat="42.143447" lon="-73.438158"><ele>450.6</ele><time>2026-09-18T16:46:51Z</time></rtept><rtept lat="42.1434" lon="-73.438171"><ele>452.4</ele><time>2026-09-18T16:46:51Z</time></rtept><rtept lat="42.143396" lon="-73.438191"><ele>452.4</ele><time>2026-09-18T16:46:51Z</time></rtept><rtept lat="42.143399" lon="-73.438209"><ele>455.4</ele><time>2026-09-18T16:46:51Z</time></rtept><rtept lat="42.143435" lon="-73.438247"><ele>453.2</ele><time>2026-09-18T16:46:51Z</time></rtept><rtept lat="42.14343" lon="-73.438259"><ele>453.2</ele><time>2026-09-18T16:46:51Z</time></rtept><rtept lat="42.143393" lon="-73.438245"><ele>455.4</ele><time>2026-09-18T16:46:51Z</time></rtept><rtept lat="42.143371" lon="-73.438248"><ele>455.4</ele><time>2026-09-18T16:46:51Z</time></rtept><rtept lat="42.143338" lon="-73.438281"><ele>457.4</ele><time>2026-09-18T16:46:51Z</time></rtept><rtept lat="42.143316" lon="-73.438281"><ele>457.4</ele><time>2026-09-18T16:46:51Z</time></rtept><rtept lat="42.143262" lon="-73.438225"><ele>458.8</ele><time>2026-09-18T16:46:51Z</time></rtept><rtept lat="42.143223" lon="-73.43821"><ele>459.8</ele><time>2026-09-18T16:46:51Z</time></rtept><rtept lat="42.143199" lon="-73.438217"><ele>459.8</ele><time>2026-09-18T16:46:51Z</time></rtept><rtept lat="42.143171" lon="-73.438245"><ele>459.8</ele><time>2026-09-18T16:46:51Z</time></rtept><rtept lat="42.143133" lon="-73.438254"><ele>460.4</ele><time>2026-09-18T16:46:51Z</time></rtept><rtept lat="42.143087" lon="-73.438238"><ele>460.6</ele><time>2026-09-18T16:46:51Z</time></rtept><rtept lat="42.142972" lon="-73.438198"><ele>460.2</ele><time>2026-09-18T16:46:51Z</time></rtept><rtept lat="42.142879" lon="-73.438183"><ele>460.4</ele><time>2026-09-18T16:46:51Z</time></rtept><rtept lat="42.142839" lon="-73.438168"><ele>460.6</ele><time>2026-09-18T16:46:51Z</time></rtept><rtept lat="42.142813" lon="-73.438147"><ele>460.6</ele><time>2026-09-18T16:46:51Z</time></rtept><rtept lat="42.14273" lon="-73.438112"><ele>461.0</ele><time>2026-09-18T16:46:51Z</time></rtept><rtept lat="42.142671" lon="-73.438053"><ele>460.8</ele><time>2026-09-18T16:46:51Z</time></rtept><rtept lat="42.142642" lon="-73.438035"><ele>461.4</ele><time>2026-09-18T16:46:51Z</time></rtept><rtept lat="42.142607" lon="-73.438036"><ele>461.4</ele><time>2026-09-18T16:46:51Z</time></rtept><rtept lat="42.142521" lon="-73.438056"><ele>461.6</ele><time>2026-09-18T16:46:51Z</time></rtept><rtept lat="42.142449" lon="-73.43807"><ele>462.2</ele><time>2026-09-18T16:46:51Z</time></rtept><rtept lat="42.142378" lon="-73.438048"><ele>463.4</ele><time>2026-09-18T16:46:51Z</time></rtept><rtept lat="42.142325" lon="-73.437982"><ele>465.6</ele><time>2026-09-18T16:46:51Z</time></rtept><rtept lat="42.142266" lon="-73.43791"><ele>468.4</ele><time>2026-09-18T16:46:51Z</time></rtept><rtept lat="42.142218" lon="-73.437854"><ele>468.4</ele><time>2026-09-18T16:46:51Z</time></rtept><rtept lat="42.142162" lon="-73.437832"><ele>470.6</ele><time>2026-09-18T16:46:51Z</time></rtept><rtept lat="42.142125" lon="-73.437849"><ele>472.4</ele><time>2026-09-18T16:46:51Z</time></rtept><rtept lat="42.142101" lon="-73.437892"><ele>472.6</ele><time>2026-09-18T16:46:51Z</time></rtept><rtept lat="42.142077" lon="-73.437903"><ele>474.4</ele><time>2026-09-18T16:46:51Z</time></rtept><rtept lat="42.142053" lon="-73.437894"><ele>474.4</ele><time>2026-09-18T16:46:51Z</time></rtept><rtept lat="42.142017" lon="-73.437868"><ele>476.2</ele><time>2026-09-18T16:46:51Z</time></rtept><rtept lat="42.141986" lon="-73.437859"><ele>476.2</ele><time>2026-09-18T16:46:51Z</time></rtept><rtept lat="42.14196" lon="-73.437853"><ele>476.2</ele><time>2026-09-18T16:46:51Z</time></rtept><rtept lat="42.141909" lon="-73.437801"><ele>477.2</ele><time>2026-09-18T16:46:51Z</time></rtept><rtept lat="42.141862" lon="-73.437759"><ele>477.2</ele><time>2026-09-18T16:46:51Z</time></rtept><rtept lat="42.141835" lon="-73.437757"><ele>477.2</ele><time>2026-09-18T16:46:51Z</time></rtept><rtept lat="42.141786" lon="-73.437779"><ele>479.2</ele><time>2026-09-18T16:46:51Z</time></rtept><rtept lat="42.141713" lon="-73.43781"><ele>480.4</ele><time>2026-09-18T16:46:51Z</time></rtept><rtept lat="42.141653" lon="-73.437808"><ele>481.8</ele><time>2026-09-18T16:46:51Z</time></rtept><rtept lat="42.141618" lon="-73.437804"><ele>483.2</ele><time>2026-09-18T16:46:51Z</time></rtept><rtept lat="42.141582" lon="-73.437754"><ele>483.2</ele><time>2026-09-18T16:46:51Z</time></rtept><rtept lat="42.141551" lon="-73.437743"><ele>484.8</ele><time>2026-09-18T16:46:51Z</time></rtept><rtept lat="42.141523" lon="-73.437756"><ele>484.8</ele><time>2026-09-18T16:46:51Z</time></rtept><rtept lat="42.141499" lon="-73.437756"><ele>486.8</ele><time>2026-09-18T16:46:51Z</time></rtept><rtept lat="42.141463" lon="-73.437725"><ele>486.8</ele><time>2026-09-18T16:46:51Z</time></rtept><rtept lat="42.14141" lon="-73.437705"><ele>489.0</ele><time>2026-09-18T16:46:51Z</time></rtept><rtept lat="42.141354" lon="-73.437642"><ele>490.6</ele><time>2026-09-18T16:46:51Z</time></rtept><rtept lat="42.14124" lon="-73.437545"><ele>493.4</ele><time>2026-09-18T16:46:51Z</time></rtept><rtept lat="42.141185" lon="-73.437498"><ele>494.0</ele><time>2026-09-18T16:46:51Z</time></rtept><rtept lat="42.141064" lon="-73.437423"><ele>496.2</ele><time>2026-09-18T16:46:51Z</time></rtept><rtept lat="42.14097" lon="-73.437373"><ele>497.8</ele><time>2026-09-18T16:46:51Z</time></rtept><rtept lat="42.140887" lon="-73.437292"><ele>497.2</ele><time>2026-09-18T16:46:51Z</time></rtept><rtept lat="42.140792" lon="-73.437228"><ele>497.4</ele><time>2026-09-18T16:46:51Z</time></rtept><rtept lat="42.140714" lon="-73.437178"><ele>498.0</ele><time>2026-09-18T16:46:51Z</time></rtept><rtept lat="42.140678" lon="-73.437132"><ele>496.4</ele><time>2026-09-18T16:46:51Z</time></rtept><rtept lat="42.140656" lon="-73.437112"><ele>496.4</ele><time>2026-09-18T16:46:51Z</time></rtept><rtept lat="42.140582" lon="-73.43708"><ele>494.0</ele><time>2026-09-18T16:46:51Z</time></rtept><rtept lat="42.140472" lon="-73.436992"><ele>493.0</ele><time>2026-09-18T16:46:51Z</time></rtept><rtept lat="42.140376" lon="-73.436924"><ele>493.8</ele><time>2026-09-18T16:46:51Z</time></rtept><rtept lat="42.140336" lon="-73.436913"><ele>494.0</ele><time>2026-09-18T16:46:51Z</time></rtept><rtept lat="42.140336" lon="-73.436913"><ele>494.0</ele><time>2026-09-18T16:46:51Z</time></rtept><rtept lat="42.140281" lon="-73.436899"><ele>492.4</ele><time>2026-09-18T16:46:51Z</time></rtept><rtept lat="42.140254" lon="-73.436885"><ele>492.4</ele><time>2026-09-18T16:46:51Z</time></rtept><rtept lat="42.140217" lon="-73.436845"><ele>492.0</ele><time>2026-09-18T16:46:51Z</time></rtept><rtept lat="42.140192" lon="-73.436838"><ele>492.0</ele><time>2026-09-18T16:46:51Z</time></rtept><rtept lat="42.140153" lon="-73.436858"><ele>491.6</ele><time>2026-09-18T16:46:51Z</time></rtept><rtept lat="42.140065" lon="-73.436863"><ele>490.8</ele><time>2026-09-18T16:46:51Z</time></rtept><rtept lat="42.139936" lon="-73.436923"><ele>487.8</ele><time>2026-09-18T16:46:51Z</time></rtept><rtept lat="42.139851" lon="-73.436967"><ele>485.2</ele><time>2026-09-18T16:46:51Z</time></rtept><rtept lat="42.139737" lon="-73.43702"><ele>482.2</ele><time>2026-09-18T16:46:51Z</time></rtept><rtept lat="42.139649" lon="-73.437024"><ele>481.6</ele><time>2026-09-18T16:46:51Z</time></rtept><rtept lat="42.139571" lon="-73.436998"><ele>482.0</ele><time>2026-09-18T16:46:51Z</time></rtept><rtept lat="42.139492" lon="-73.43695"><ele>486.0</ele><time>2026-09-18T16:46:51Z</time></rtept><rtept lat="42.139435" lon="-73.436923"><ele>487.0</ele><time>2026-09-18T16:46:51Z</time></rtept><rtept lat="42.139342" lon="-73.436891"><ele>491.6</ele><time>2026-09-18T16:46:51Z</time></rtept><rtept lat="42.139254" lon="-73.43687"><ele>492.2</ele><time>2026-09-18T16:46:51Z</time></rtept><rtept lat="42.139196" lon="-73.436864"><ele>492.8</ele><time>2026-09-18T16:46:51Z</time></rtept><rtept lat="42.139159" lon="-73.436883"><ele>493.6</ele><time>2026-09-18T16:46:51Z</time></rtept><rtept lat="42.13914" lon="-73.436872"><ele>493.6</ele><time>2026-09-18T16:46:51Z</time></rtept><rtept lat="42.139116" lon="-73.436824"><ele>493.6</ele><time>2026-09-18T16:46:51Z</time></rtept><rtept lat="42.139097" lon="-73.436784"><ele>494.2</ele><time>2026-09-18T16:46:51Z</time></rtept><rtept lat="42.139097" lon="-73.436752"><ele>494.2</ele><time>2026-09-18T16:46:51Z</time></rtept><rtept lat="42.139109" lon="-73.43673"><ele>495.0</ele><time>2026-09-18T16:46:51Z</time></rtept><rtept lat="42.139105" lon="-73.436697"><ele>495.0</ele><time>2026-09-18T16:46:51Z</time></rtept><rtept lat="42.139092" lon="-73.436674"><ele>497.6</ele><time>2026-09-18T16:46:51Z</time></rtept><rtept lat="42.139039" lon="-73.436605"><ele>499.6</ele><time>2026-09-18T16:46:51Z</time></rtept><rtept lat="42.13899" lon="-73.436568"><ele>501.8</ele><time>2026-09-18T16:46:51Z</time></rtept><rtept lat="42.138921" lon="-73.436546"><ele>504.2</ele><time>2026-09-18T16:46:51Z</time></rtept><rtept lat="42.138863" lon="-73.436485"><ele>505.4</ele><time>2026-09-18T16:46:51Z</time></rtept><rtept lat="42.138825" lon="-73.436453"><ele>507.8</ele><time>2026-09-18T16:46:51Z</time></rtept><rtept lat="42.138791" lon="-73.436362"><ele>509.0</ele><time>2026-09-18T16:46:51Z</time></rtept><rtept lat="42.138735" lon="-73.436309"><ele>510.8</ele><time>2026-09-18T16:46:51Z</time></rtept><rtept lat="42.138711" lon="-73.436274"><ele>514.8</ele><time>2026-09-18T16:46:51Z</time></rtept><rtept lat="42.138675" lon="-73.436266"><ele>514.8</ele><time>2026-09-18T16:46:51Z</time></rtept><rtept lat="42.138631" lon="-73.43629"><ele>517.2</ele><time>2026-09-18T16:46:51Z</time></rtept><rtept lat="42.138532" lon="-73.436278"><ele>519.2</ele><time>2026-09-18T16:46:51Z</time></rtept><rtept lat="42.13846" lon="-73.436262"><ele>521.0</ele><time>2026-09-18T16:46:51Z</time></rtept><rtept lat="42.138439" lon="-73.436294"><ele>522.4</ele><time>2026-09-18T16:46:51Z</time></rtept><rtept lat="42.138383" lon="-73.436305"><ele>523.6</ele><time>2026-09-18T16:46:51Z</time></rtept><rtept lat="42.138372" lon="-73.436307"><ele>523.6</ele><time>2026-09-18T16:46:51Z</time></rtept><rtept lat="42.138322" lon="-73.436259"><ele>524.8</ele><time>2026-09-18T16:46:51Z</time></rtept><rtept lat="42.138263" lon="-73.436217"><ele>526.2</ele><time>2026-09-18T16:46:51Z</time></rtept><rtept lat="42.138206" lon="-73.436221"><ele>526.2</ele><time>2026-09-18T16:46:51Z</time></rtept><rtept lat="42.138186" lon="-73.436222"><ele>527.4</ele><time>2026-09-18T16:46:51Z</time></rtept><rtept lat="42.138087" lon="-73.436198"><ele>528.0</ele><time>2026-09-18T16:46:51Z</time></rtept><rtept lat="42.137967" lon="-73.436173"><ele>527.6</ele><time>2026-09-18T16:46:51Z</time></rtept><rtept lat="42.137877" lon="-73.436186"><ele>528.0</ele><time>2026-09-18T16:46:51Z</time></rtept><rtept lat="42.137815" lon="-73.436173"><ele>528.6</ele><time>2026-09-18T16:46:51Z</time></rtept><rtept lat="42.137765" lon="-73.43617"><ele>528.6</ele><time>2026-09-18T16:46:51Z</time></rtept><rtept lat="42.137741" lon="-73.436178"><ele>529.6</ele><time>2026-09-18T16:46:51Z</time></rtept><rtept lat="42.13769" lon="-73.436194"><ele>530.6</ele><time>2026-09-18T16:46:51Z</time></rtept><rtept lat="42.137645" lon="-73.436194"><ele>530.6</ele><time>2026-09-18T16:46:51Z</time></rtept><rtept lat="42.137615" lon="-73.436162"><ele>531.2</ele><time>2026-09-18T16:46:51Z</time></rtept><rtept lat="42.13757" lon="-73.436141"><ele>531.2</ele><time>2026-09-18T16:46:51Z</time></rtept><rtept lat="42.137519" lon="-73.436096"><ele>531.8</ele><time>2026-09-18T16:46:51Z</time></rtept><rtept lat="42.137498" lon="-73.43605"><ele>531.0</ele><time>2026-09-18T16:46:51Z</time></rtept><rtept lat="42.137469" lon="-73.436024"><ele>531.0</ele><time>2026-09-18T16:46:51Z</time></rtept><rtept lat="42.137424" lon="-73.436017"><ele>531.4</ele><time>2026-09-18T16:46:51Z</time></rtept><rtept lat="42.137346" lon="-73.435985"><ele>531.8</ele><time>2026-09-18T16:46:51Z</time></rtept><rtept lat="42.137194" lon="-73.435921"><ele>531.4</ele><time>2026-09-18T16:46:51Z</time></rtept><rtept lat="42.137162" lon="-73.435889"><ele>531.8</ele><time>2026-09-18T16:46:51Z</time></rtept><rtept lat="42.137085" lon="-73.43586"><ele>531.4</ele><time>2026-09-18T16:46:51Z</time></rtept><rtept lat="42.136946" lon="-73.435833"><ele>532.6</ele><time>2026-09-18T16:46:51Z</time></rtept><rtept lat="42.136859" lon="-73.43576"><ele>533.2</ele><time>2026-09-18T16:46:51Z</time></rtept><rtept lat="42.136808" lon="-73.435736"><ele>533.2</ele><time>2026-09-18T16:46:51Z</time></rtept><rtept lat="42.13676" lon="-73.435704"><ele>533.4</ele><time>2026-09-18T16:46:51Z</time></rtept><rtept lat="42.136739" lon="-73.435645"><ele>534.0</ele><time>2026-09-18T16:46:51Z</time></rtept><rtept lat="42.136717" lon="-73.435618"><ele>533.6</ele><time>2026-09-18T16:46:51Z</time></rtept><rtept lat="42.136648" lon="-73.435589"><ele>534.0</ele><time>2026-09-18T16:46:51Z</time></rtept><rtept lat="42.136621" lon="-73.435525"><ele>532.8</ele><time>2026-09-18T16:46:51Z</time></rtept><rtept lat="42.136584" lon="-73.435499"><ele>533.4</ele><time>2026-09-18T16:46:51Z</time></rtept><rtept lat="42.136531" lon="-73.435467"><ele>533.6</ele><time>2026-09-18T16:46:51Z</time></rtept><rtept lat="42.13647" lon="-73.435371"><ele>532.8</ele><time>2026-09-18T16:46:51Z</time></rtept><rtept lat="42.136405" lon="-73.435293"><ele>532.8</ele><time>2026-09-18T16:46:51Z</time></rtept><rtept lat="42.136302" lon="-73.435225"><ele>533.6</ele><time>2026-09-18T16:46:51Z</time></rtept><rtept lat="42.136272" lon="-73.43522"><ele>534.4</ele><time>2026-09-18T16:46:51Z</time></rtept><rtept lat="42.136214" lon="-73.435169"><ele>535.4</ele><time>2026-09-18T16:46:51Z</time></rtept><rtept lat="42.136163" lon="-73.435135"><ele>536.2</ele><time>2026-09-18T16:46:51Z</time></rtept><rtept lat="42.136118" lon="-73.4351"><ele>536.6</ele><time>2026-09-18T16:46:51Z</time></rtept><rtept lat="42.13611" lon="-73.43506"><ele>536.6</ele><time>2026-09-18T16:46:51Z</time></rtept><rtept lat="42.136126" lon="-73.435044"><ele>536.6</ele><time>2026-09-18T16:46:51Z</time></rtept><rtept lat="42.13612" lon="-73.435012"><ele>537.0</ele><time>2026-09-18T16:46:51Z</time></rtept><rtept lat="42.136072" lon="-73.435002"><ele>537.2</ele><time>2026-09-18T16:46:51Z</time></rtept><rtept lat="42.136056" lon="-73.43498"><ele>537.2</ele><time>2026-09-18T16:46:51Z</time></rtept><rtept lat="42.136011" lon="-73.434908"><ele>537.6</ele><time>2026-09-18T16:46:51Z</time></rtept><rtept lat="42.135969" lon="-73.434845"><ele>537.8</ele><time>2026-09-18T16:46:51Z</time></rtept><rtept lat="42.135915" lon="-73.434812"><ele>537.8</ele><time>2026-09-18T16:46:51Z</time></rtept><rtept lat="42.135857" lon="-73.434722"><ele>537.8</ele><time>2026-09-18T16:46:51Z</time></rtept><rtept lat="42.135763" lon="-73.434576"><ele>535.8</ele><time>2026-09-18T16:46:51Z</time></rtept><rtept lat="42.135702" lon="-73.434494"><ele>534.6</ele><time>2026-09-18T16:46:51Z</time></rtept><rtept lat="42.135598" lon="-73.434353"><ele>533.0</ele><time>2026-09-18T16:46:51Z</time></rtept><rtept lat="42.13551" lon="-73.434246"><ele>529.4</ele><time>2026-09-18T16:46:51Z</time></rtept><rtept lat="42.135441" lon="-73.434179"><ele>530.0</ele><time>2026-09-18T16:46:51Z</time></rtept><rtept lat="42.135356" lon="-73.43411"><ele>528.8</ele><time>2026-09-18T16:46:51Z</time></rtept><rtept lat="42.135309" lon="-73.434069"><ele>527.6</ele><time>2026-09-18T16:46:51Z</time></rtept><rtept lat="42.135286" lon="-73.434017"><ele>527.6</ele><time>2026-09-18T16:46:51Z</time></rtept><rtept lat="42.135238" lon="-73.433926"><ele>526.6</ele><time>2026-09-18T16:46:51Z</time></rtept><rtept lat="42.135206" lon="-73.433901"><ele>525.4</ele><time>2026-09-18T16:46:51Z</time></rtept><rtept lat="42.135166" lon="-73.433842"><ele>525.4</ele><time>2026-09-18T16:46:51Z</time></rtept><rtept lat="42.135121" lon="-73.433794"><ele>524.0</ele><time>2026-09-18T16:46:51Z</time></rtept><rtept lat="42.135084" lon="-73.433762"><ele>524.6</ele><time>2026-09-18T16:46:51Z</time></rtept><rtept lat="42.135065" lon="-73.433706"><ele>522.2</ele><time>2026-09-18T16:46:51Z</time></rtept><rtept lat="42.134985" lon="-73.433656"><ele>522.8</ele><time>2026-09-18T16:46:51Z</time></rtept><rtept lat="42.134857" lon="-73.433626"><ele>520.6</ele><time>2026-09-18T16:46:51Z</time></rtept><rtept lat="42.134801" lon="-73.433578"><ele>520.2</ele><time>2026-09-18T16:46:51Z</time></rtept><rtept lat="42.134697" lon="-73.433564"><ele>519.0</ele><time>2026-09-18T16:46:51Z</time></rtept><rtept lat="42.134532" lon="-73.433577"><ele>518.4</ele><time>2026-09-18T16:46:51Z</time></rtept><rtept lat="42.134425" lon="-73.433558"><ele>517.8</ele><time>2026-09-18T16:46:51Z</time></rtept><rtept lat="42.134354" lon="-73.433534"><ele>518.2</ele><time>2026-09-18T16:46:51Z</time></rtept><rtept lat="42.134258" lon="-73.433566"><ele>521.0</ele><time>2026-09-18T16:46:51Z</time></rtept><rtept lat="42.134146" lon="-73.433573"><ele>523.2</ele><time>2026-09-18T16:46:51Z</time></rtept><rtept lat="42.134095" lon="-73.433589"><ele>525.4</ele><time>2026-09-18T16:46:51Z</time></rtept><rtept lat="42.134042" lon="-73.43357"><ele>526.8</ele><time>2026-09-18T16:46:51Z</time></rtept><rtept lat="42.134007" lon="-73.433525"><ele>527.4</ele><time>2026-09-18T16:46:51Z</time></rtept><rtept lat="42.133978" lon="-73.433469"><ele>529.0</ele><time>2026-09-18T16:46:51Z</time></rtept><rtept lat="42.13393" lon="-73.433434"><ele>531.0</ele><time>2026-09-18T16:46:51Z</time></rtept><rtept lat="42.133839" lon="-73.433397"><ele>533.0</ele><time>2026-09-18T16:46:51Z</time></rtept><rtept lat="42.133733" lon="-73.433379"><ele>536.2</ele><time>2026-09-18T16:46:51Z</time></rtept><rtept lat="42.133674" lon="-73.433328"><ele>537.4</ele><time>2026-09-18T16:46:51Z</time></rtept><rtept lat="42.133586" lon="-73.433337"><ele>537.4</ele><time>2026-09-18T16:46:51Z</time></rtept><rtept lat="42.133477" lon="-73.433313"><ele>537.0</ele><time>2026-09-18T16:46:51Z</time></rtept><rtept lat="42.133397" lon="-73.433287"><ele>537.0</ele><time>2026-09-18T16:46:51Z</time></rtept><rtept lat="42.133346" lon="-73.433284"><ele>536.0</ele><time>2026-09-18T16:46:51Z</time></rtept><rtept lat="42.133293" lon="-73.433236"><ele>534.8</ele><time>2026-09-18T16:46:51Z</time></rtept><rtept lat="42.133283" lon="-73.43319"><ele>535.2</ele><time>2026-09-18T16:46:51Z</time></rtept><rtept lat="42.133264" lon="-73.433137"><ele>535.2</ele><time>2026-09-18T16:46:51Z</time></rtept><rtept lat="42.1332" lon="-73.433089"><ele>534.6</ele><time>2026-09-18T16:46:51Z</time></rtept><rtept lat="42.133176" lon="-73.433004"><ele>533.8</ele><time>2026-09-18T16:46:51Z</time></rtept><rtept lat="42.133128" lon="-73.432961"><ele>533.8</ele><time>2026-09-18T16:46:51Z</time></rtept><rtept lat="42.133056" lon="-73.432955"><ele>532.8</ele><time>2026-09-18T16:46:51Z</time></rtept><rtept lat="42.133" lon="-73.432965"><ele>533.0</ele><time>2026-09-18T16:46:51Z</time></rtept><rtept lat="42.132944" lon="-73.432945"><ele>533.2</ele><time>2026-09-18T16:46:51Z</time></rtept><rtept lat="42.132901" lon="-73.432891"><ele>534.0</ele><time>2026-09-18T16:46:51Z</time></rtept><rtept lat="42.132853" lon="-73.432872"><ele>535.2</ele><time>2026-09-18T16:46:51Z</time></rtept><rtept lat="42.132725" lon="-73.432758"><ele>537.8</ele><time>2026-09-18T16:46:51Z</time></rtept><rtept lat="42.132704" lon="-73.432763"><ele>537.8</ele><time>2026-09-18T16:46:51Z</time></rtept><rtept lat="42.132552" lon="-73.432618"><ele>540.6</ele><time>2026-09-18T16:46:51Z</time></rtept><rtept lat="42.132525" lon="-73.43258"><ele>542.2</ele><time>2026-09-18T16:46:51Z</time></rtept><rtept lat="42.132451" lon="-73.432548"><ele>544.6</ele><time>2026-09-18T16:46:51Z</time></rtept><rtept lat="42.132395" lon="-73.432535"><ele>546.8</ele><time>2026-09-18T16:46:51Z</time></rtept><rtept lat="42.132328" lon="-73.4325"><ele>549.2</ele><time>2026-09-18T16:46:51Z</time></rtept><rtept lat="42.132309" lon="-73.432466"><ele>549.2</ele><time>2026-09-18T16:46:51Z</time></rtept><rtept lat="42.132262" lon="-73.432428"><ele>550.8</ele><time>2026-09-18T16:46:51Z</time></rtept><rtept lat="42.132216" lon="-73.432415"><ele>552.2</ele><time>2026-09-18T16:46:51Z</time></rtept><rtept lat="42.132152" lon="-73.432415"><ele>553.0</ele><time>2026-09-18T16:46:51Z</time></rtept><rtept lat="42.132102" lon="-73.432378"><ele>553.0</ele><time>2026-09-18T16:46:51Z</time></rtept><rtept lat="42.132059" lon="-73.432306"><ele>553.2</ele><time>2026-09-18T16:46:51Z</time></rtept><rtept lat="42.132059" lon="-73.432263"><ele>552.6</ele><time>2026-09-18T16:46:51Z</time></rtept><rtept lat="42.132067" lon="-73.432122"><ele>551.6</ele><time>2026-09-18T16:46:51Z</time></rtept><rtept lat="42.132038" lon="-73.432026"><ele>550.0</ele><time>2026-09-18T16:46:51Z</time></rtept><rtept lat="42.132019" lon="-73.432013"><ele>549.8</ele><time>2026-09-18T16:46:51Z</time></rtept><rtept lat="42.131982" lon="-73.432019"><ele>551.8</ele><time>2026-09-18T16:46:51Z</time></rtept><rtept lat="42.131915" lon="-73.431963"><ele>552.2</ele><time>2026-09-18T16:46:51Z</time></rtept><rtept lat="42.13183" lon="-73.431881"><ele>556.0</ele><time>2026-09-18T16:46:51Z</time></rtept><rtept lat="42.131731" lon="-73.431835"><ele>556.2</ele><time>2026-09-18T16:46:51Z</time></rtept><rtept lat="42.131606" lon="-73.431809"><ele>560.2</ele><time>2026-09-18T16:46:51Z</time></rtept><rtept lat="42.131539" lon="-73.431825"><ele>559.8</ele><time>2026-09-18T16:46:51Z</time></rtept><rtept lat="42.131473" lon="-73.431814"><ele>560.0</ele><time>2026-09-18T16:46:51Z</time></rtept><rtept lat="42.131438" lon="-73.431781"><ele>560.4</ele><time>2026-09-18T16:46:51Z</time></rtept><rtept lat="42.131366" lon="-73.431712"><ele>561.2</ele><time>2026-09-18T16:46:51Z</time></rtept><rtept lat="42.131305" lon="-73.431674"><ele>561.6</ele><time>2026-09-18T16:46:51Z</time></rtept><rtept lat="42.131249" lon="-73.431605"><ele>561.4</ele><time>2026-09-18T16:46:51Z</time></rtept><rtept lat="42.131153" lon="-73.431565"><ele>560.8</ele><time>2026-09-18T16:46:51Z</time></rtept><rtept lat="42.131009" lon="-73.431477"><ele>562.2</ele><time>2026-09-18T16:46:51Z</time></rtept><rtept lat="42.130924" lon="-73.431437"><ele>563.0</ele><time>2026-09-18T16:46:51Z</time></rtept><rtept lat="42.130884" lon="-73.431457"><ele>563.8</ele><time>2026-09-18T16:46:51Z</time></rtept><rtept lat="42.130769" lon="-73.43143"><ele>564.4</ele><time>2026-09-18T16:46:51Z</time></rtept><rtept lat="42.130631" lon="-73.431383"><ele>563.8</ele><time>2026-09-18T16:46:51Z</time></rtept><rtept lat="42.130567" lon="-73.431321"><ele>562.4</ele><time>2026-09-18T16:46:51Z</time></rtept><rtept lat="42.130503" lon="-73.431292"><ele>562.0</ele><time>2026-09-18T16:46:51Z</time></rtept><rtept lat="42.130444" lon="-73.431316"><ele>562.0</ele><time>2026-09-18T16:46:51Z</time></rtept><rtept lat="42.13042" lon="-73.431342"><ele>562.0</ele><time>2026-09-18T16:46:51Z</time></rtept><rtept lat="42.130399" lon="-73.431338"><ele>562.0</ele><time>2026-09-18T16:46:51Z</time></rtept><rtept lat="42.130321" lon="-73.431346"><ele>561.6</ele><time>2026-09-18T16:46:51Z</time></rtept><rtept lat="42.130284" lon="-73.431322"><ele>561.2</ele><time>2026-09-18T16:46:51Z</time></rtept><rtept lat="42.130103" lon="-73.431192"><ele>559.4</ele><time>2026-09-18T16:46:51Z</time></rtept><rtept lat="42.130002" lon="-73.4312"><ele>558.8</ele><time>2026-09-18T16:46:51Z</time></rtept><rtept lat="42.12997" lon="-73.431184"><ele>558.2</ele><time>2026-09-18T16:46:51Z</time></rtept><rtept lat="42.12985" lon="-73.431196"><ele>557.2</ele><time>2026-09-18T16:46:51Z</time></rtept><rtept lat="42.12977" lon="-73.431225"><ele>556.8</ele><time>2026-09-18T16:46:51Z</time></rtept><rtept lat="42.129687" lon="-73.431292"><ele>556.2</ele><time>2026-09-18T16:46:51Z</time></rtept><rtept lat="42.12962" lon="-73.431353"><ele>555.6</ele><time>2026-09-18T16:46:51Z</time></rtept><rtept lat="42.129541" lon="-73.431386"><ele>555.2</ele><time>2026-09-18T16:46:51Z</time></rtept><rtept lat="42.129461" lon="-73.431374"><ele>554.2</ele><time>2026-09-18T16:46:51Z</time></rtept><rtept lat="42.129383" lon="-73.43134"><ele>552.6</ele><time>2026-09-18T16:46:51Z</time></rtept><rtept lat="42.129293" lon="-73.431301"><ele>551.4</ele><time>2026-09-18T16:46:51Z</time></rtept><rtept lat="42.129215" lon="-73.431258"><ele>551.8</ele><time>2026-09-18T16:46:51Z</time></rtept><rtept lat="42.129071" lon="-73.431168"><ele>553.4</ele><time>2026-09-18T16:46:51Z</time></rtept><rtept lat="42.128978" lon="-73.431064"><ele>554.8</ele><time>2026-09-18T16:46:51Z</time></rtept><rtept lat="42.128928" lon="-73.430973"><ele>555.2</ele><time>2026-09-18T16:46:51Z</time></rtept><rtept lat="42.128869" lon="-73.430893"><ele>555.4</ele><time>2026-09-18T16:46:51Z</time></rtept><rtept lat="42.128819" lon="-73.430843"><ele>556.6</ele><time>2026-09-18T16:46:51Z</time></rtept><rtept lat="42.128749" lon="-73.430769"><ele>556.4</ele><time>2026-09-18T16:46:51Z</time></rtept><rtept lat="42.128533" lon="-73.430681"><ele>559.6</ele><time>2026-09-18T16:46:51Z</time></rtept><rtept lat="42.128405" lon="-73.430634"><ele>560.0</ele><time>2026-09-18T16:46:51Z</time></rtept><rtept lat="42.128352" lon="-73.43062"><ele>562.8</ele><time>2026-09-18T16:46:51Z</time></rtept><rtept lat="42.12834" lon="-73.430671"><ele>564.0</ele><time>2026-09-18T16:46:51Z</time></rtept><rtept lat="42.12831" lon="-73.430672"><ele>564.4</ele><time>2026-09-18T16:46:51Z</time></rtept><rtept lat="42.128284" lon="-73.430636"><ele>564.0</ele><time>2026-09-18T16:46:51Z</time></rtept><rtept lat="42.128267" lon="-73.430599"><ele>564.4</ele><time>2026-09-18T16:46:51Z</time></rtept><rtept lat="42.128232" lon="-73.430508"><ele>560.4</ele><time>2026-09-18T16:46:51Z</time></rtept><rtept lat="42.128177" lon="-73.430475"><ele>562.4</ele><time>2026-09-18T16:46:51Z</time></rtept><rtept lat="42.128088" lon="-73.43048"><ele>564.6</ele><time>2026-09-18T16:46:51Z</time></rtept><rtept lat="42.127984" lon="-73.430432"><ele>562.0</ele><time>2026-09-18T16:46:51Z</time></rtept><rtept lat="42.127888" lon="-73.430355"><ele>561.4</ele><time>2026-09-18T16:46:51Z</time></rtept><rtept lat="42.127728" lon="-73.430296"><ele>559.6</ele><time>2026-09-18T16:46:51Z</time></rtept><rtept lat="42.127672" lon="-73.430328"><ele>563.6</ele><time>2026-09-18T16:46:51Z</time></rtept><rtept lat="42.127656" lon="-73.430378"><ele>563.6</ele><time>2026-09-18T16:46:51Z</time></rtept><rtept lat="42.127574" lon="-73.430383"><ele>566.4</ele><time>2026-09-18T16:46:51Z</time></rtept><rtept lat="42.127489" lon="-73.43034"><ele>567.0</ele><time>2026-09-18T16:46:51Z</time></rtept><rtept lat="42.127401" lon="-73.430348"><ele>567.0</ele><time>2026-09-18T16:46:51Z</time></rtept><rtept lat="42.12735" lon="-73.430394"><ele>566.4</ele><time>2026-09-18T16:46:51Z</time></rtept><rtept lat="42.127331" lon="-73.430464"><ele>566.4</ele><time>2026-09-18T16:46:51Z</time></rtept><rtept lat="42.127283" lon="-73.430492"><ele>566.6</ele><time>2026-09-18T16:46:51Z</time></rtept><rtept lat="42.127225" lon="-73.430471"><ele>568.0</ele><time>2026-09-18T16:46:51Z</time></rtept><rtept lat="42.127161" lon="-73.430407"><ele>569.0</ele><time>2026-09-18T16:46:51Z</time></rtept><rtept lat="42.127142" lon="-73.430376"><ele>569.6</ele><time>2026-09-18T16:46:51Z</time></rtept><rtept lat="42.12711" lon="-73.430344"><ele>570.6</ele><time>2026-09-18T16:46:51Z</time></rtept><rtept lat="42.127054" lon="-73.430312"><ele>571.2</ele><time>2026-09-18T16:46:51Z</time></rtept><rtept lat="42.127028" lon="-73.430248"><ele>572.0</ele><time>2026-09-18T16:46:51Z</time></rtept><rtept lat="42.126993" lon="-73.430216"><ele>572.6</ele><time>2026-09-18T16:46:51Z</time></rtept><rtept lat="42.126948" lon="-73.430235"><ele>572.6</ele><time>2026-09-18T16:46:51Z</time></rtept><rtept lat="42.126913" lon="-73.430246"><ele>573.0</ele><time>2026-09-18T16:46:51Z</time></rtept><rtept lat="42.126897" lon="-73.430219"><ele>573.0</ele><time>2026-09-18T16:46:51Z</time></rtept><rtept lat="42.126886" lon="-73.430123"><ele>573.8</ele><time>2026-09-18T16:46:51Z</time></rtept><rtept lat="42.126857" lon="-73.430062"><ele>575.0</ele><time>2026-09-18T16:46:51Z</time></rtept><rtept lat="42.126822" lon="-73.430006"><ele>574.6</ele><time>2026-09-18T16:46:51Z</time></rtept><rtept lat="42.126761" lon="-73.429985"><ele>576.0</ele><time>2026-09-18T16:46:51Z</time></rtept><rtept lat="42.126754" lon="-73.429987"><ele>576.0</ele><time>2026-09-18T16:46:51Z</time></rtept><rtept lat="42.126754" lon="-73.429987"><ele>576.0</ele><time>2026-09-18T16:46:51Z</time></rtept><rtept lat="42.126724" lon="-73.429995"><ele>576.8</ele><time>2026-09-18T16:46:51Z</time></rtept><rtept lat="42.126681" lon="-73.430001"><ele>576.8</ele><time>2026-09-18T16:46:51Z</time></rtept><rtept lat="42.126652" lon="-73.429955"><ele>577.2</ele><time>2026-09-18T16:46:51Z</time></rtept><rtept lat="42.126644" lon="-73.429918"><ele>577.2</ele><time>2026-09-18T16:46:51Z</time></rtept><rtept lat="42.126612" lon="-73.429854"><ele>577.6</ele><time>2026-09-18T16:46:51Z</time></rtept><rtept lat="42.126572" lon="-73.429771"><ele>578.0</ele><time>2026-09-18T16:46:51Z</time></rtept><rtept lat="42.126564" lon="-73.429715"><ele>578.0</ele><time>2026-09-18T16:46:51Z</time></rtept><rtept lat="42.126548" lon="-73.429641"><ele>579.4</ele><time>2026-09-18T16:46:51Z</time></rtept><rtept lat="42.12655" lon="-73.429587"><ele>579.2</ele><time>2026-09-18T16:46:51Z</time></rtept><rtept lat="42.126543" lon="-73.429524"><ele>576.8</ele><time>2026-09-18T16:46:51Z</time></rtept><rtept lat="42.126492" lon="-73.429469"><ele>579.6</ele><time>2026-09-18T16:46:51Z</time></rtept><rtept lat="42.126414" lon="-73.429429"><ele>579.6</ele><time>2026-09-18T16:46:51Z</time></rtept><rtept lat="42.126353" lon="-73.429384"><ele>581.2</ele><time>2026-09-18T16:46:51Z</time></rtept><rtept lat="42.126268" lon="-73.429282"><ele>579.8</ele><time>2026-09-18T16:46:51Z</time></rtept><rtept lat="42.126201" lon="-73.429202"><ele>577.8</ele><time>2026-09-18T16:46:51Z</time></rtept><rtept lat="42.126063" lon="-73.429112"><ele>577.0</ele><time>2026-09-18T16:46:51Z</time></rtept><rtept lat="42.126002" lon="-73.429102"><ele>578.0</ele><time>2026-09-18T16:46:51Z</time></rtept><rtept lat="42.125901" lon="-73.429155"><ele>578.4</ele><time>2026-09-18T16:46:51Z</time></rtept><rtept lat="42.125847" lon="-73.429134"><ele>578.2</ele><time>2026-09-18T16:46:51Z</time></rtept><rtept lat="42.125754" lon="-73.429153"><ele>577.8</ele><time>2026-09-18T16:46:51Z</time></rtept><rtept lat="42.125693" lon="-73.429193"><ele>577.6</ele><time>2026-09-18T16:46:51Z</time></rtept><rtept lat="42.125663" lon="-73.429209"><ele>577.4</ele><time>2026-09-18T16:46:51Z</time></rtept><rtept lat="42.125628" lon="-73.429185"><ele>577.4</ele><time>2026-09-18T16:46:51Z</time></rtept><rtept lat="42.125607" lon="-73.42911"><ele>577.2</ele><time>2026-09-18T16:46:51Z</time></rtept><rtept lat="42.125554" lon="-73.429086"><ele>575.4</ele><time>2026-09-18T16:46:51Z</time></rtept><rtept lat="42.1255" lon="-73.429028"><ele>575.2</ele><time>2026-09-18T16:46:51Z</time></rtept><rtept lat="42.125455" lon="-73.429026"><ele>575.0</ele><time>2026-09-18T16:46:51Z</time></rtept><rtept lat="42.125373" lon="-73.428995"><ele>573.0</ele><time>2026-09-18T16:46:51Z</time></rtept><rtept lat="42.125285" lon="-73.428981"><ele>573.2</ele><time>2026-09-18T16:46:51Z</time></rtept><rtept lat="42.125159" lon="-73.428925"><ele>571.4</ele><time>2026-09-18T16:46:51Z</time></rtept><rtept lat="42.125074" lon="-73.428909"><ele>571.4</ele><time>2026-09-18T16:46:51Z</time></rtept><rtept lat="42.124967" lon="-73.428879"><ele>571.6</ele><time>2026-09-18T16:46:51Z</time></rtept><rtept lat="42.124888" lon="-73.428868"><ele>571.4</ele><time>2026-09-18T16:46:51Z</time></rtept><rtept lat="42.124829" lon="-73.428823"><ele>569.4</ele><time>2026-09-18T16:46:51Z</time></rtept><rtept lat="42.12476" lon="-73.428775"><ele>569.4</ele><time>2026-09-18T16:46:51Z</time></rtept><rtept lat="42.124706" lon="-73.428753"><ele>567.0</ele><time>2026-09-18T16:46:51Z</time></rtept><rtept lat="42.124589" lon="-73.428668"><ele>564.2</ele><time>2026-09-18T16:46:51Z</time></rtept><rtept lat="42.12449" lon="-73.428671"><ele>565.4</ele><time>2026-09-18T16:46:51Z</time></rtept><rtept lat="42.124424" lon="-73.428661"><ele>562.6</ele><time>2026-09-18T16:46:51Z</time></rtept><rtept lat="42.124296" lon="-73.428661"><ele>561.0</ele><time>2026-09-18T16:46:51Z</time></rtept><rtept lat="42.12424" lon="-73.428693"><ele>562.0</ele><time>2026-09-18T16:46:51Z</time></rtept><rtept lat="42.124144" lon="-73.428747"><ele>561.0</ele><time>2026-09-18T16:46:51Z</time></rtept><rtept lat="42.124066" lon="-73.428744"><ele>559.2</ele><time>2026-09-18T16:46:51Z</time></rtept><rtept lat="42.124" lon="-73.428784"><ele>559.2</ele><time>2026-09-18T16:46:51Z</time></rtept><rtept lat="42.123888" lon="-73.428876"><ele>559.2</ele><time>2026-09-18T16:46:51Z</time></rtept><rtept lat="42.123707" lon="-73.428916"><ele>556.0</ele><time>2026-09-18T16:46:51Z</time></rtept><rtept lat="42.123536" lon="-73.428967"><ele>554.0</ele><time>2026-09-18T16:46:51Z</time></rtept><rtept lat="42.12347" lon="-73.428924"><ele>552.4</ele><time>2026-09-18T16:46:51Z</time></rtept><rtept lat="42.123427" lon="-73.428959"><ele>552.2</ele><time>2026-09-18T16:46:51Z</time></rtept><rtept lat="42.123403" lon="-73.429076"><ele>552.8</ele><time>2026-09-18T16:46:51Z</time></rtept><rtept lat="42.123371" lon="-73.429139"><ele>552.6</ele><time>2026-09-18T16:46:51Z</time></rtept><rtept lat="42.123333" lon="-73.42917"><ele>552.6</ele><time>2026-09-18T16:46:51Z</time></rtept><rtept lat="42.123291" lon="-73.42917"><ele>551.4</ele><time>2026-09-18T16:46:51Z</time></rtept><rtept lat="42.123246" lon="-73.429216"><ele>551.0</ele><time>2026-09-18T16:46:51Z</time></rtept><rtept lat="42.123198" lon="-73.42929"><ele>551.6</ele><time>2026-09-18T16:46:51Z</time></rtept><rtept lat="42.123145" lon="-73.429312"><ele>551.0</ele><time>2026-09-18T16:46:51Z</time></rtept><rtept lat="42.123083" lon="-73.42937"><ele>551.2</ele><time>2026-09-18T16:46:51Z</time></rtept><rtept lat="42.123017" lon="-73.429448"><ele>552.2</ele><time>2026-09-18T16:46:51Z</time></rtept><rtept lat="42.122995" lon="-73.429514"><ele>552.2</ele><time>2026-09-18T16:46:51Z</time></rtept><rtept lat="42.122934" lon="-73.429568"><ele>553.2</ele><time>2026-09-18T16:46:51Z</time></rtept><rtept lat="42.122878" lon="-73.429597"><ele>553.2</ele><time>2026-09-18T16:46:51Z</time></rtept><rtept lat="42.122801" lon="-73.429582"><ele>553.4</ele><time>2026-09-18T16:46:51Z</time></rtept><rtept lat="42.122707" lon="-73.429597"><ele>553.6</ele><time>2026-09-18T16:46:51Z</time></rtept><rtept lat="42.122655" lon="-73.429627"><ele>554.2</ele><time>2026-09-18T16:46:51Z</time></rtept><rtept lat="42.122614" lon="-73.429683"><ele>554.2</ele><time>2026-09-18T16:46:51Z</time></rtept><rtept lat="42.122508" lon="-73.429747"><ele>554.8</ele><time>2026-09-18T16:46:51Z</time></rtept><rtept lat="42.12243" lon="-73.429777"><ele>555.0</ele><time>2026-09-18T16:46:51Z</time></rtept><rtept lat="42.122366" lon="-73.429835"><ele>555.2</ele><time>2026-09-18T16:46:51Z</time></rtept><rtept lat="42.122257" lon="-73.429925"><ele>555.0</ele><time>2026-09-18T16:46:51Z</time></rtept><rtept lat="42.12218" lon="-73.430042"><ele>555.0</ele><time>2026-09-18T16:46:51Z</time></rtept><rtept lat="42.12206" lon="-73.430178"><ele>554.6</ele><time>2026-09-18T16:46:51Z</time></rtept><rtept lat="42.12194" lon="-73.430284"><ele>554.4</ele><time>2026-09-18T16:46:51Z</time></rtept><rtept lat="42.121903" lon="-73.430375"><ele>554.4</ele><time>2026-09-18T16:46:51Z</time></rtept><rtept lat="42.121807" lon="-73.43053"><ele>554.4</ele><time>2026-09-18T16:46:51Z</time></rtept><rtept lat="42.121719" lon="-73.430672"><ele>554.6</ele><time>2026-09-18T16:46:51Z</time></rtept><rtept lat="42.12166" lon="-73.430771"><ele>554.8</ele><time>2026-09-18T16:46:51Z</time></rtept><rtept lat="42.121593" lon="-73.430838"><ele>554.8</ele><time>2026-09-18T16:46:51Z</time></rtept><rtept lat="42.121516" lon="-73.43088"><ele>554.8</ele><time>2026-09-18T16:46:51Z</time></rtept><rtept lat="42.12146" lon="-73.430891"><ele>554.8</ele><time>2026-09-18T16:46:51Z</time></rtept><rtept lat="42.121335" lon="-73.430939"><ele>554.4</ele><time>2026-09-18T16:46:51Z</time></rtept><rtept lat="42.121226" lon="-73.430971"><ele>554.2</ele><time>2026-09-18T16:46:51Z</time></rtept><rtept lat="42.121167" lon="-73.430975"><ele>554.0</ele><time>2026-09-18T16:46:51Z</time></rtept><rtept lat="42.121082" lon="-73.430983"><ele>553.8</ele><time>2026-09-18T16:46:51Z</time></rtept><rtept lat="42.120922" lon="-73.430999"><ele>551.6</ele><time>2026-09-18T16:46:51Z</time></rtept><rtept lat="42.120807" lon="-73.43098"><ele>551.6</ele><time>2026-09-18T16:46:51Z</time></rtept><rtept lat="42.120717" lon="-73.431012"><ele>549.0</ele><time>2026-09-18T16:46:51Z</time></rtept><rtept lat="42.120661" lon="-73.431095"><ele>546.6</ele><time>2026-09-18T16:46:51Z</time></rtept><rtept lat="42.120632" lon="-73.431128"><ele>546.2</ele><time>2026-09-18T16:46:51Z</time></rtept><rtept lat="42.12056" lon="-73.431197"><ele>545.6</ele><time>2026-09-18T16:46:51Z</time></rtept><rtept lat="42.120527" lon="-73.43128"><ele>545.4</ele><time>2026-09-18T16:46:51Z</time></rtept><rtept lat="42.12048" lon="-73.431315"><ele>545.4</ele><time>2026-09-18T16:46:51Z</time></rtept><rtept lat="42.12036" lon="-73.431346"><ele>545.6</ele><time>2026-09-18T16:46:51Z</time></rtept><rtept lat="42.120242" lon="-73.431378"><ele>546.0</ele><time>2026-09-18T16:46:51Z</time></rtept><rtept lat="42.120159" lon="-73.431433"><ele>545.4</ele><time>2026-09-18T16:46:51Z</time></rtept><rtept lat="42.120091" lon="-73.431457"><ele>544.8</ele><time>2026-09-18T16:46:51Z</time></rtept><rtept lat="42.119971" lon="-73.431468"><ele>543.6</ele><time>2026-09-18T16:46:51Z</time></rtept><rtept lat="42.119845" lon="-73.431446"><ele>542.4</ele><time>2026-09-18T16:46:51Z</time></rtept><rtept lat="42.119691" lon="-73.431369"><ele>541.4</ele><time>2026-09-18T16:46:51Z</time></rtept><rtept lat="42.11955" lon="-73.431325"><ele>537.6</ele><time>2026-09-18T16:46:51Z</time></rtept><rtept lat="42.119427" lon="-73.431221"><ele>536.2</ele><time>2026-09-18T16:46:51Z</time></rtept><rtept lat="42.119358" lon="-73.431157"><ele>533.8</ele><time>2026-09-18T16:46:51Z</time></rtept><rtept lat="42.119232" lon="-73.431101"><ele>532.6</ele><time>2026-09-18T16:46:51Z</time></rtept><rtept lat="42.119123" lon="-73.431067"><ele>532.0</ele><time>2026-09-18T16:46:51Z</time></rtept><rtept lat="42.119079" lon="-73.431078"><ele>533.2</ele><time>2026-09-18T16:46:51Z</time></rtept><rtept lat="42.119053" lon="-73.431084"><ele>533.2</ele><time>2026-09-18T16:46:51Z</time></rtept><rtept lat="42.118974" lon="-73.431209"><ele>535.4</ele><time>2026-09-18T16:46:51Z</time></rtept><rtept lat="42.11891" lon="-73.431393"><ele>537.4</ele><time>2026-09-18T16:46:51Z</time></rtept><rtept lat="42.118779" lon="-73.431489"><ele>538.6</ele><time>2026-09-18T16:46:51Z</time></rtept><rtept lat="42.118673" lon="-73.431564"><ele>539.6</ele><time>2026-09-18T16:46:51Z</time></rtept><rtept lat="42.118572" lon="-73.431652"><ele>541.4</ele><time>2026-09-18T16:46:51Z</time></rtept><rtept lat="42.118529" lon="-73.431706"><ele>542.6</ele><time>2026-09-18T16:46:51Z</time></rtept><rtept lat="42.118446" lon="-73.431792"><ele>543.8</ele><time>2026-09-18T16:46:51Z</time></rtept><rtept lat="42.118433" lon="-73.431861"><ele>544.6</ele><time>2026-09-18T16:46:51Z</time></rtept><rtept lat="42.118373" lon="-73.431941"><ele>546.2</ele><time>2026-09-18T16:46:51Z</time></rtept><rtept lat="42.118353" lon="-73.432038"><ele>547.6</ele><time>2026-09-18T16:46:51Z</time></rtept><rtept lat="42.118353" lon="-73.432135"><ele>548.8</ele><time>2026-09-18T16:46:51Z</time></rtept><rtept lat="42.118332" lon="-73.43225"><ele>550.4</ele><time>2026-09-18T16:46:51Z</time></rtept><rtept lat="42.118236" lon="-73.432365"><ele>552.4</ele><time>2026-09-18T16:46:51Z</time></rtept><rtept lat="42.118164" lon="-73.432463"><ele>553.6</ele><time>2026-09-18T16:46:51Z</time></rtept><rtept lat="42.118097" lon="-73.432554"><ele>554.8</ele><time>2026-09-18T16:46:51Z</time></rtept><rtept lat="42.117991" lon="-73.432611"><ele>555.6</ele><time>2026-09-18T16:46:51Z</time></rtept><rtept lat="42.117935" lon="-73.432614"><ele>556.6</ele><time>2026-09-18T16:46:51Z</time></rtept><rtept lat="42.117868" lon="-73.432579"><ele>558.2</ele><time>2026-09-18T16:46:51Z</time></rtept><rtept lat="42.117687" lon="-73.432329"><ele>561.6</ele><time>2026-09-18T16:46:51Z</time></rtept><rtept lat="42.117455" lon="-73.432135"><ele>565.8</ele><time>2026-09-18T16:46:51Z</time></rtept><rtept lat="42.117284" lon="-73.432058"><ele>570.2</ele><time>2026-09-18T16:46:51Z</time></rtept><rtept lat="42.117082" lon="-73.43192"><ele>573.6</ele><time>2026-09-18T16:46:51Z</time></rtept><rtept lat="42.116954" lon="-73.431886"><ele>577.8</ele><time>2026-09-18T16:46:51Z</time></rtept><rtept lat="42.116869" lon="-73.431846"><ele>581.8</ele><time>2026-09-18T16:46:51Z</time></rtept><rtept lat="42.116815" lon="-73.431849"><ele>583.8</ele><time>2026-09-18T16:46:51Z</time></rtept><rtept lat="42.116738" lon="-73.431814"><ele>584.8</ele><time>2026-09-18T16:46:51Z</time></rtept><rtept lat="42.116474" lon="-73.43183"><ele>591.0</ele><time>2026-09-18T16:46:51Z</time></rtept><rtept lat="42.116402" lon="-73.431794"><ele>592.2</ele><time>2026-09-18T16:46:51Z</time></rtept><rtept lat="42.116125" lon="-73.431762"><ele>595.8</ele><time>2026-09-18T16:46:51Z</time></rtept><rtept lat="42.115944" lon="-73.431705"><ele>597.2</ele><time>2026-09-18T16:46:51Z</time></rtept><rtept lat="42.115797" lon="-73.431649"><ele>599.0</ele><time>2026-09-18T16:46:51Z</time></rtept><rtept lat="42.115427" lon="-73.431634"><ele>603.2</ele><time>2026-09-18T16:46:51Z</time></rtept><rtept lat="42.115158" lon="-73.431493"><ele>605.0</ele><time>2026-09-18T16:46:51Z</time></rtept><rtept lat="42.11496" lon="-73.431327"><ele>606.2</ele><time>2026-09-18T16:46:51Z</time></rtept><rtept lat="42.114699" lon="-73.431121"><ele>606.2</ele><time>2026-09-18T16:46:51Z</time></rtept><rtept lat="42.114417" lon="-73.430984"><ele>605.0</ele><time>2026-09-18T16:46:51Z</time></rtept><rtept lat="42.114206" lon="-73.430828"><ele>604.6</ele><time>2026-09-18T16:46:51Z</time></rtept><rtept lat="42.114156" lon="-73.430747"><ele>603.6</ele><time>2026-09-18T16:46:51Z</time></rtept><rtept lat="42.113921" lon="-73.430475"><ele>601.4</ele><time>2026-09-18T16:46:51Z</time></rtept><rtept lat="42.11384" lon="-73.430424"><ele>601.4</ele><time>2026-09-18T16:46:51Z</time></rtept><rtept lat="42.113695" lon="-73.430356"><ele>600.6</ele><time>2026-09-18T16:46:51Z</time></rtept><rtept lat="42.113516" lon="-73.430282"><ele>600.2</ele><time>2026-09-18T16:46:51Z</time></rtept><rtept lat="42.113343" lon="-73.430286"><ele>598.4</ele><time>2026-09-18T16:46:51Z</time></rtept><rtept lat="42.113126" lon="-73.430262"><ele>597.2</ele><time>2026-09-18T16:46:51Z</time></rtept><rtept lat="42.11301" lon="-73.430199"><ele>597.0</ele><time>2026-09-18T16:46:51Z</time></rtept><rtept lat="42.11289" lon="-73.430117"><ele>597.2</ele><time>2026-09-18T16:46:51Z</time></rtept><rtept lat="42.112538" lon="-73.429966"><ele>596.6</ele><time>2026-09-18T16:46:51Z</time></rtept><rtept lat="42.112429" lon="-73.429939"><ele>595.8</ele><time>2026-09-18T16:46:51Z</time></rtept><rtept lat="42.112359" lon="-73.429884"><ele>594.4</ele><time>2026-09-18T16:46:51Z</time></rtept><rtept lat="42.112298" lon="-73.429851"><ele>594.4</ele><time>2026-09-18T16:46:51Z</time></rtept><rtept lat="42.112227" lon="-73.429838"><ele>593.4</ele><time>2026-09-18T16:46:51Z</time></rtept><rtept lat="42.112167" lon="-73.42983"><ele>592.8</ele><time>2026-09-18T16:46:51Z</time></rtept><rtept lat="42.112085" lon="-73.42979"><ele>592.0</ele><time>2026-09-18T16:46:51Z</time></rtept><rtept lat="42.112034" lon="-73.429799"><ele>591.2</ele><time>2026-09-18T16:46:51Z</time></rtept><rtept lat="42.111958" lon="-73.429827"><ele>590.4</ele><time>2026-09-18T16:46:51Z</time></rtept><rtept lat="42.111906" lon="-73.429823"><ele>589.6</ele><time>2026-09-18T16:46:51Z</time></rtept><rtept lat="42.111842" lon="-73.429794"><ele>589.0</ele><time>2026-09-18T16:46:51Z</time></rtept><rtept lat="42.111778" lon="-73.429799"><ele>588.2</ele><time>2026-09-18T16:46:51Z</time></rtept><rtept lat="42.111543" lon="-73.429794"><ele>586.6</ele><time>2026-09-18T16:46:51Z</time></rtept><rtept lat="42.111543" lon="-73.429794"><ele>586.6</ele><time>2026-09-18T16:46:51Z</time></rtept><rtept lat="42.111541" lon="-73.429794"><ele>586.6</ele><time>2026-09-18T16:46:51Z</time></rtept><rtept lat="42.111483" lon="-73.429833"><ele>586.0</ele><time>2026-09-18T16:46:51Z</time></rtept><rtept lat="42.111264" lon="-73.429901"><ele>584.8</ele><time>2026-09-18T16:46:51Z</time></rtept><rtept lat="42.110883" lon="-73.429982"><ele>584.4</ele><time>2026-09-18T16:46:51Z</time></rtept><rtept lat="42.11075" lon="-73.42999"><ele>583.0</ele><time>2026-09-18T16:46:51Z</time></rtept><rtept lat="42.110678" lon="-73.430009"><ele>582.0</ele><time>2026-09-18T16:46:51Z</time></rtept><rtept lat="42.110577" lon="-73.430027"><ele>581.0</ele><time>2026-09-18T16:46:51Z</time></rtept><rtept lat="42.110505" lon="-73.430051"><ele>580.8</ele><time>2026-09-18T16:46:51Z</time></rtept><rtept lat="42.110446" lon="-73.430011"><ele>580.6</ele><time>2026-09-18T16:46:51Z</time></rtept><rtept lat="42.110398" lon="-73.429995"><ele>580.6</ele><time>2026-09-18T16:46:51Z</time></rtept><rtept lat="42.110361" lon="-73.430026"><ele>581.0</ele><time>2026-09-18T16:46:51Z</time></rtept><rtept lat="42.110313" lon="-73.430023"><ele>582.0</ele><time>2026-09-18T16:46:51Z</time></rtept><rtept lat="42.110263" lon="-73.429981"><ele>582.0</ele><time>2026-09-18T16:46:51Z</time></rtept><rtept lat="42.110169" lon="-73.430002"><ele>584.2</ele><time>2026-09-18T16:46:51Z</time></rtept><rtept lat="42.110102" lon="-73.430071"><ele>584.6</ele><time>2026-09-18T16:46:51Z</time></rtept><rtept lat="42.110068" lon="-73.430149"><ele>584.4</ele><time>2026-09-18T16:46:51Z</time></rtept><rtept lat="42.110006" lon="-73.430253"><ele>585.8</ele><time>2026-09-18T16:46:51Z</time></rtept><rtept lat="42.109982" lon="-73.43033"><ele>587.8</ele><time>2026-09-18T16:46:51Z</time></rtept><rtept lat="42.109932" lon="-73.430378"><ele>589.8</ele><time>2026-09-18T16:46:51Z</time></rtept><rtept lat="42.109881" lon="-73.430515"><ele>591.8</ele><time>2026-09-18T16:46:51Z</time></rtept><rtept lat="42.109822" lon="-73.430622"><ele>595.8</ele><time>2026-09-18T16:46:51Z</time></rtept><rtept lat="42.109764" lon="-73.43071"><ele>600.0</ele><time>2026-09-18T16:46:51Z</time></rtept><rtept lat="42.109684" lon="-73.430822"><ele>606.8</ele><time>2026-09-18T16:46:51Z</time></rtept><rtept lat="42.10963" lon="-73.430956"><ele>607.0</ele><time>2026-09-18T16:46:51Z</time></rtept><rtept lat="42.109563" lon="-73.431086"><ele>610.2</ele><time>2026-09-18T16:46:51Z</time></rtept><rtept lat="42.109547" lon="-73.431216"><ele>613.2</ele><time>2026-09-18T16:46:51Z</time></rtept><rtept lat="42.109592" lon="-73.431481"><ele>611.8</ele><time>2026-09-18T16:46:51Z</time></rtept><rtept lat="42.109561" lon="-73.431649"><ele>612.2</ele><time>2026-09-18T16:46:51Z</time></rtept><rtept lat="42.109518" lon="-73.431733"><ele>613.6</ele><time>2026-09-18T16:46:51Z</time></rtept><rtept lat="42.109556" lon="-73.43187"><ele>613.2</ele><time>2026-09-18T16:46:51Z</time></rtept><rtept lat="42.109543" lon="-73.431993"><ele>612.8</ele><time>2026-09-18T16:46:51Z</time></rtept><rtept lat="42.109484" lon="-73.432123"><ele>614.0</ele><time>2026-09-18T16:46:51Z</time></rtept><rtept lat="42.109452" lon="-73.432283"><ele>614.0</ele><time>2026-09-18T16:46:51Z</time></rtept><rtept lat="42.109399" lon="-73.432418"><ele>615.6</ele><time>2026-09-18T16:46:51Z</time></rtept><rtept lat="42.109348" lon="-73.432509"><ele>616.4</ele><time>2026-09-18T16:46:51Z</time></rtept><rtept lat="42.109273" lon="-73.432599"><ele>617.0</ele><time>2026-09-18T16:46:51Z</time></rtept><rtept lat="42.109183" lon="-73.432807"><ele>617.8</ele><time>2026-09-18T16:46:51Z</time></rtept><rtept lat="42.109129" lon="-73.432975"><ele>619.0</ele><time>2026-09-18T16:46:51Z</time></rtept><rtept lat="42.109089" lon="-73.43313"><ele>620.2</ele><time>2026-09-18T16:46:51Z</time></rtept><rtept lat="42.109082" lon="-73.433244"><ele>620.0</ele><time>2026-09-18T16:46:51Z</time></rtept><rtept lat="42.10901" lon="-73.433347"><ele>621.0</ele><time>2026-09-18T16:46:51Z</time></rtept><rtept lat="42.108981" lon="-73.433421"><ele>622.2</ele><time>2026-09-18T16:46:51Z</time></rtept><rtept lat="42.108927" lon="-73.433477"><ele>622.6</ele><time>2026-09-18T16:46:51Z</time></rtept><rtept lat="42.108829" lon="-73.433548"><ele>624.0</ele><time>2026-09-18T16:46:51Z</time></rtept><rtept lat="42.108781" lon="-73.433602"><ele>625.0</ele><time>2026-09-18T16:46:51Z</time></rtept><rtept lat="42.108748" lon="-73.433672"><ele>625.2</ele><time>2026-09-18T16:46:51Z</time></rtept><rtept lat="42.108687" lon="-73.4338"><ele>626.0</ele><time>2026-09-18T16:46:51Z</time></rtept><rtept lat="42.108636" lon="-73.433957"><ele>627.0</ele><time>2026-09-18T16:46:51Z</time></rtept><rtept lat="42.108639" lon="-73.434042"><ele>627.2</ele><time>2026-09-18T16:46:51Z</time></rtept><rtept lat="42.108567" lon="-73.434224"><ele>628.2</ele><time>2026-09-18T16:46:51Z</time></rtept><rtept lat="42.108565" lon="-73.434225"><ele>628.2</ele><time>2026-09-18T16:46:51Z</time></rtept><rtept lat="42.108498" lon="-73.434262"><ele>628.8</ele><time>2026-09-18T16:46:51Z</time></rtept><rtept lat="42.108461" lon="-73.434291"><ele>629.2</ele><time>2026-09-18T16:46:51Z</time></rtept><rtept lat="42.108389" lon="-73.434438"><ele>629.4</ele><time>2026-09-18T16:46:51Z</time></rtept><rtept lat="42.108354" lon="-73.434652"><ele>629.0</ele><time>2026-09-18T16:46:51Z</time></rtept><rtept lat="42.108313" lon="-73.434731"><ele>629.0</ele><time>2026-09-18T16:46:51Z</time></rtept><rtept lat="42.108259" lon="-73.434796"><ele>629.2</ele><time>2026-09-18T16:46:51Z</time></rtept><rtept lat="42.108178" lon="-73.434887"><ele>629.2</ele><time>2026-09-18T16:46:51Z</time></rtept><rtept lat="42.10839" lon="-73.434986"><ele>627.8</ele><time>2026-09-18T16:46:51Z</time></rtept><rtept lat="42.108512" lon="-73.434989"><ele>627.4</ele><time>2026-09-18T16:46:51Z</time></rtept><rtept lat="42.108612" lon="-73.435013"><ele>626.8</ele><time>2026-09-18T16:46:51Z</time></rtept><rtept lat="42.108744" lon="-73.435117"><ele>625.8</ele><time>2026-09-18T16:46:51Z</time></rtept><rtept lat="42.108868" lon="-73.43521"><ele>625.0</ele><time>2026-09-18T16:46:51Z</time></rtept><rtept lat="42.108979" lon="-73.435347"><ele>624.6</ele><time>2026-09-18T16:46:51Z</time></rtept><rtept lat="42.109103" lon="-73.435433"><ele>624.4</ele><time>2026-09-18T16:46:51Z</time></rtept><rtept lat="42.109299" lon="-73.435541"><ele>624.2</ele><time>2026-09-18T16:46:51Z</time></rtept><rtept lat="42.109443" lon="-73.435598"><ele>624.8</ele><time>2026-09-18T16:46:51Z</time></rtept><rtept lat="42.109567" lon="-73.435687"><ele>625.2</ele><time>2026-09-18T16:46:51Z</time></rtept><rtept lat="42.109647" lon="-73.435748"><ele>625.2</ele><time>2026-09-18T16:46:51Z</time></rtept><rtept lat="42.109719" lon="-73.435761"><ele>625.6</ele><time>2026-09-18T16:46:51Z</time></rtept><rtept lat="42.109719" lon="-73.435761"><ele>625.6</ele><time>2026-09-18T16:46:51Z</time></rtept><rtept lat="42.109719" lon="-73.435762"><ele>625.6</ele><time>2026-09-18T16:46:51Z</time></rtept><rtept lat="42.109647" lon="-73.435748"><ele>625.2</ele><time>2026-09-18T16:46:51Z</time></rtept><rtept lat="42.109567" lon="-73.435687"><ele>625.2</ele><time>2026-09-18T16:46:51Z</time></rtept><rtept lat="42.109443" lon="-73.435598"><ele>624.8</ele><time>2026-09-18T16:46:51Z</time></rtept><rtept lat="42.109299" lon="-73.435541"><ele>624.2</ele><time>2026-09-18T16:46:51Z</time></rtept><rtept lat="42.109103" lon="-73.435433"><ele>624.4</ele><time>2026-09-18T16:46:51Z</time></rtept><rtept lat="42.108979" lon="-73.435347"><ele>624.6</ele><time>2026-09-18T16:46:51Z</time></rtept><rtept lat="42.108868" lon="-73.43521"><ele>625.0</ele><time>2026-09-18T16:46:51Z</time></rtept><rtept lat="42.108744" lon="-73.435117"><ele>625.8</ele><time>2026-09-18T16:46:51Z</time></rtept><rtept lat="42.108612" lon="-73.435013"><ele>626.8</ele><time>2026-09-18T16:46:51Z</time></rtept><rtept lat="42.108512" lon="-73.434989"><ele>627.4</ele><time>2026-09-18T16:46:51Z</time></rtept><rtept lat="42.10839" lon="-73.434986"><ele>627.8</ele><time>2026-09-18T16:46:51Z</time></rtept><rtept lat="42.108178" lon="-73.434887"><ele>629.2</ele><time>2026-09-18T16:46:51Z</time></rtept><rtept lat="42.108119" lon="-73.434898"><ele>629.6</ele><time>2026-09-18T16:46:51Z</time></rtept><rtept lat="42.108042" lon="-73.434892"><ele>630.0</ele><time>2026-09-18T16:46:51Z</time></rtept><rtept lat="42.107941" lon="-73.434844"><ele>631.2</ele><time>2026-09-18T16:46:51Z</time></rtept><rtept lat="42.107765" lon="-73.434852"><ele>631.8</ele><time>2026-09-18T16:46:51Z</time></rtept><rtept lat="42.107621" lon="-73.4349"><ele>632.8</ele><time>2026-09-18T16:46:51Z</time></rtept><rtept lat="42.107421" lon="-73.434896"><ele>633.8</ele><time>2026-09-18T16:46:51Z</time></rtept><rtept lat="42.107381" lon="-73.434906"><ele>634.0</ele><time>2026-09-18T16:46:51Z</time></rtept><rtept lat="42.107328" lon="-73.434918"><ele>634.0</ele><time>2026-09-18T16:46:51Z</time></rtept><rtept lat="42.107284" lon="-73.434951"><ele>633.4</ele><time>2026-09-18T16:46:51Z</time></rtept><rtept lat="42.107246" lon="-73.435032"><ele>633.6</ele><time>2026-09-18T16:46:51Z</time></rtept><rtept lat="42.107239" lon="-73.435112"><ele>633.4</ele><time>2026-09-18T16:46:51Z</time></rtept><rtept lat="42.107235" lon="-73.435203"><ele>633.6</ele><time>2026-09-18T16:46:51Z</time></rtept><rtept lat="42.107243" lon="-73.435374"><ele>633.6</ele><time>2026-09-18T16:46:51Z</time></rtept><rtept lat="42.107192" lon="-73.435509"><ele>634.4</ele><time>2026-09-18T16:46:51Z</time></rtept><rtept lat="42.10714" lon="-73.435602"><ele>634.4</ele><time>2026-09-18T16:46:51Z</time></rtept><rtept lat="42.107081" lon="-73.435635"><ele>635.4</ele><time>2026-09-18T16:46:51Z</time></rtept><rtept lat="42.107011" lon="-73.43564"><ele>636.2</ele><time>2026-09-18T16:46:51Z</time></rtept><rtept lat="42.106886" lon="-73.435596"><ele>638.2</ele><time>2026-09-18T16:46:51Z</time></rtept><rtept lat="42.10672" lon="-73.435463"><ele>641.2</ele><time>2026-09-18T16:46:51Z</time></rtept><rtept lat="42.106632" lon="-73.435287"><ele>644.2</ele><time>2026-09-18T16:46:51Z</time></rtept><rtept lat="42.106566" lon="-73.435212"><ele>646.8</ele><time>2026-09-18T16:46:51Z</time></rtept><rtept lat="42.106517" lon="-73.435127"><ele>649.6</ele><time>2026-09-18T16:46:51Z</time></rtept><rtept lat="42.106514" lon="-73.43509"><ele>650.4</ele><time>2026-09-18T16:46:51Z</time></rtept><rtept lat="42.106531" lon="-73.435063"><ele>650.4</ele><time>2026-09-18T16:46:51Z</time></rtept><rtept lat="42.10652" lon="-73.434978"><ele>650.8</ele><time>2026-09-18T16:46:51Z</time></rtept><rtept lat="42.106496" lon="-73.434959"><ele>652.8</ele><time>2026-09-18T16:46:51Z</time></rtept><rtept lat="42.106398" lon="-73.434803"><ele>654.0</ele><time>2026-09-18T16:46:51Z</time></rtept><rtept lat="42.106307" lon="-73.434691"><ele>657.8</ele><time>2026-09-18T16:46:51Z</time></rtept><rtept lat="42.106246" lon="-73.434611"><ele>660.4</ele><time>2026-09-18T16:46:51Z</time></rtept><rtept lat="42.106123" lon="-73.434449"><ele>663.6</ele><time>2026-09-18T16:46:51Z</time></rtept><rtept lat="42.105994" lon="-73.434151"><ele>668.8</ele><time>2026-09-18T16:46:51Z</time></rtept><rtept lat="42.105873" lon="-73.434018"><ele>673.6</ele><time>2026-09-18T16:46:51Z</time></rtept><rtept lat="42.105788" lon="-73.433912"><ele>676.8</ele><time>2026-09-18T16:46:51Z</time></rtept><rtept lat="42.105716" lon="-73.433813"><ele>679.2</ele><time>2026-09-18T16:46:51Z</time></rtept><rtept lat="42.105636" lon="-73.433677"><ele>681.4</ele><time>2026-09-18T16:46:51Z</time></rtept><rtept lat="42.105609" lon="-73.433563"><ele>683.8</ele><time>2026-09-18T16:46:51Z</time></rtept><rtept lat="42.10555" lon="-73.433469"><ele>685.4</ele><time>2026-09-18T16:46:51Z</time></rtept><rtept lat="42.105462" lon="-73.433392"><ele>688.6</ele><time>2026-09-18T16:46:51Z</time></rtept><rtept lat="42.105385" lon="-73.433265"><ele>690.8</ele><time>2026-09-18T16:46:51Z</time></rtept><rtept lat="42.10535" lon="-73.43319"><ele>692.0</ele><time>2026-09-18T16:46:51Z</time></rtept><rtept lat="42.10532" lon="-73.433151"><ele>692.0</ele><time>2026-09-18T16:46:51Z</time></rtept><rtept lat="42.105276" lon="-73.433124"><ele>693.0</ele><time>2026-09-18T16:46:51Z</time></rtept><rtept lat="42.105175" lon="-73.43309"><ele>694.6</ele><time>2026-09-18T16:46:51Z</time></rtept><rtept lat="42.105105" lon="-73.433044"><ele>695.8</ele><time>2026-09-18T16:46:51Z</time></rtept><rtept lat="42.105015" lon="-73.432986"><ele>701.2</ele><time>2026-09-18T16:46:51Z</time></rtept><rtept lat="42.104924" lon="-73.432892"><ele>702.6</ele><time>2026-09-18T16:46:51Z</time></rtept><rtept lat="42.104839" lon="-73.432728"><ele>707.2</ele><time>2026-09-18T16:46:51Z</time></rtept><rtept lat="42.104783" lon="-73.432611"><ele>706.6</ele><time>2026-09-18T16:46:51Z</time></rtept><rtept lat="42.104716" lon="-73.432526"><ele>709.4</ele><time>2026-09-18T16:46:51Z</time></rtept><rtept lat="42.104625" lon="-73.432448"><ele>711.8</ele><time>2026-09-18T16:46:51Z</time></rtept><rtept lat="42.104586" lon="-73.432366"><ele>713.0</ele><time>2026-09-18T16:46:51Z</time></rtept><rtept lat="42.104498" lon="-73.432182"><ele>713.6</ele><time>2026-09-18T16:46:51Z</time></rtept><rtept lat="42.104471" lon="-73.432068"><ele>713.6</ele><time>2026-09-18T16:46:51Z</time></rtept><rtept lat="42.104431" lon="-73.431948"><ele>716.6</ele><time>2026-09-18T16:46:51Z</time></rtept><rtept lat="42.104356" lon="-73.43185"><ele>718.2</ele><time>2026-09-18T16:46:51Z</time></rtept><rtept lat="42.104335" lon="-73.431752"><ele>717.6</ele><time>2026-09-18T16:46:51Z</time></rtept><rtept lat="42.104279" lon="-73.431672"><ele>717.6</ele><time>2026-09-18T16:46:51Z</time></rtept><rtept lat="42.104183" lon="-73.431597"><ele>721.0</ele><time>2026-09-18T16:46:51Z</time></rtept><rtept lat="42.104125" lon="-73.431501"><ele>722.8</ele><time>2026-09-18T16:46:51Z</time></rtept><rtept lat="42.103999" lon="-73.431456"><ele>726.8</ele><time>2026-09-18T16:46:51Z</time></rtept><rtept lat="42.103877" lon="-73.431424"><ele>731.8</ele><time>2026-09-18T16:46:51Z</time></rtept><rtept lat="42.103829" lon="-73.431473"><ele>731.8</ele><time>2026-09-18T16:46:51Z</time></rtept><rtept lat="42.103789" lon="-73.431526"><ele>734.8</ele><time>2026-09-18T16:46:51Z</time></rtept><rtept lat="42.103749" lon="-73.431574"><ele>737.0</ele><time>2026-09-18T16:46:51Z</time></rtept><rtept lat="42.103713" lon="-73.43166"><ele>737.6</ele><time>2026-09-18T16:46:51Z</time></rtept><rtept lat="42.103698" lon="-73.431734"><ele>739.4</ele><time>2026-09-18T16:46:51Z</time></rtept><rtept lat="42.10369" lon="-73.431844"><ele>740.0</ele><time>2026-09-18T16:46:51Z</time></rtept><rtept lat="42.10365" lon="-73.431861"><ele>740.6</ele><time>2026-09-18T16:46:51Z</time></rtept><rtept lat="42.103581" lon="-73.431812"><ele>740.8</ele><time>2026-09-18T16:46:51Z</time></rtept><rtept lat="42.103512" lon="-73.431774"><ele>742.2</ele><time>2026-09-18T16:46:51Z</time></rtept><rtept lat="42.103483" lon="-73.431729"><ele>742.8</ele><time>2026-09-18T16:46:51Z</time></rtept><rtept lat="42.103392" lon="-73.431636"><ele>745.6</ele><time>2026-09-18T16:46:51Z</time></rtept><rtept lat="42.103283" lon="-73.431541"><ele>750.8</ele><time>2026-09-18T16:46:51Z</time></rtept><rtept lat="42.103216" lon="-73.431469"><ele>751.0</ele><time>2026-09-18T16:46:51Z</time></rtept><rtept lat="42.103141" lon="-73.431352"><ele>751.0</ele><time>2026-09-18T16:46:51Z</time></rtept><rtept lat="42.103003" lon="-73.431171"><ele>752.8</ele><time>2026-09-18T16:46:51Z</time></rtept><rtept lat="42.102926" lon="-73.431101"><ele>756.0</ele><time>2026-09-18T16:46:51Z</time></rtept><rtept lat="42.102822" lon="-73.431051"><ele>756.6</ele><time>2026-09-18T16:46:51Z</time></rtept><rtept lat="42.102752" lon="-73.43098"><ele>757.2</ele><time>2026-09-18T16:46:51Z</time></rtept><rtept lat="42.102696" lon="-73.430932"><ele>760.8</ele><time>2026-09-18T16:46:51Z</time></rtept><rtept lat="42.102611" lon="-73.430866"><ele>764.2</ele><time>2026-09-18T16:46:51Z</time></rtept><rtept lat="42.102534" lon="-73.430828"><ele>766.8</ele><time>2026-09-18T16:46:51Z</time></rtept><rtept lat="42.10243" lon="-73.430748"><ele>765.8</ele><time>2026-09-18T16:46:51Z</time></rtept><rtept lat="42.102318" lon="-73.43073"><ele>768.2</ele><time>2026-09-18T16:46:51Z</time></rtept><rtept lat="42.102211" lon="-73.430734"><ele>769.6</ele><time>2026-09-18T16:46:51Z</time></rtept><rtept lat="42.102115" lon="-73.43076"><ele>770.0</ele><time>2026-09-18T16:46:51Z</time></rtept><rtept lat="42.101995" lon="-73.430827"><ele>772.2</ele><time>2026-09-18T16:46:51Z</time></rtept><rtept lat="42.101835" lon="-73.430899"><ele>772.4</ele><time>2026-09-18T16:46:51Z</time></rtept><rtept lat="42.101769" lon="-73.430968"><ele>774.0</ele><time>2026-09-18T16:46:51Z</time></rtept><rtept lat="42.101747" lon="-73.430969"><ele>774.0</ele><time>2026-09-18T16:46:51Z</time></rtept><rtept lat="42.101747" lon="-73.430969"><ele>774.0</ele><time>2026-09-18T16:46:51Z</time></rtept><rtept lat="42.101612" lon="-73.430974"><ele>773.2</ele><time>2026-09-18T16:46:51Z</time></rtept><rtept lat="42.101484" lon="-73.43103"><ele>774.6</ele><time>2026-09-18T16:46:51Z</time></rtept><rtept lat="42.101393" lon="-73.431107"><ele>776.6</ele><time>2026-09-18T16:46:51Z</time></rtept><rtept lat="42.101321" lon="-73.431229"><ele>778.2</ele><time>2026-09-18T16:46:51Z</time></rtept><rtept lat="42.101262" lon="-73.431296"><ele>779.2</ele><time>2026-09-18T16:46:51Z</time></rtept><rtept lat="42.101265" lon="-73.431379"><ele>780.4</ele><time>2026-09-18T16:46:51Z</time></rtept><rtept lat="42.101261" lon="-73.431561"><ele>782.4</ele><time>2026-09-18T16:46:51Z</time></rtept><rtept lat="42.101268" lon="-73.431649"><ele>783.2</ele><time>2026-09-18T16:46:51Z</time></rtept><rtept lat="42.101305" lon="-73.431728"><ele>784.6</ele><time>2026-09-18T16:46:51Z</time></rtept><rtept lat="42.101414" lon="-73.431813"><ele>787.0</ele><time>2026-09-18T16:46:51Z</time></rtept><rtept lat="42.101529" lon="-73.431872"><ele>788.4</ele><time>2026-09-18T16:46:51Z</time></rtept><rtept lat="42.1017" lon="-73.432016"><ele>790.6</ele><time>2026-09-18T16:46:51Z</time></rtept><rtept lat="42.101809" lon="-73.43211"><ele>791.4</ele><time>2026-09-18T16:46:51Z</time></rtept><rtept lat="42.101857" lon="-73.43217"><ele>791.4</ele><time>2026-09-18T16:46:51Z</time></rtept><rtept lat="42.101876" lon="-73.432239"><ele>792.0</ele><time>2026-09-18T16:46:51Z</time></rtept><rtept lat="42.1019" lon="-73.432299"><ele>792.8</ele><time>2026-09-18T16:46:51Z</time></rtept><rtept lat="42.101949" lon="-73.43237"><ele>793.4</ele><time>2026-09-18T16:46:51Z</time></rtept><rtept lat="42.101979" lon="-73.432415"><ele>793.4</ele><time>2026-09-18T16:46:51Z</time></rtept><rtept lat="42.101986" lon="-73.432497"><ele>794.0</ele><time>2026-09-18T16:46:51Z</time></rtept><rtept lat="42.101987" lon="-73.432518"><ele>794.0</ele><time>2026-09-18T16:46:51Z</time></rtept><rtept lat="42.101983" lon="-73.432564"><ele>794.6</ele><time>2026-09-18T16:46:51Z</time></rtept><rtept lat="42.101974" lon="-73.432583"><ele>794.8</ele><time>2026-09-18T16:46:51Z</time></rtept><rtept lat="42.101931" lon="-73.432584"><ele>794.8</ele><time>2026-09-18T16:46:51Z</time></rtept><rtept lat="42.101901" lon="-73.432581"><ele>794.8</ele><time>2026-09-18T16:46:51Z</time></rtept><rtept lat="42.101857" lon="-73.432583"><ele>794.8</ele><time>2026-09-18T16:46:51Z</time></rtept><rtept lat="42.101812" lon="-73.432579"><ele>794.8</ele><time>2026-09-18T16:46:51Z</time></rtept><rtept lat="42.10173" lon="-73.432589"><ele>794.6</ele><time>2026-09-18T16:46:51Z</time></rtept><rtept lat="42.101655" lon="-73.432567"><ele>793.8</ele><time>2026-09-18T16:46:51Z</time></rtept><rtept lat="42.101633" lon="-73.432548"><ele>793.8</ele><time>2026-09-18T16:46:51Z</time></rtept><rtept lat="42.101605" lon="-73.432538"><ele>793.8</ele><time>2026-09-18T16:46:51Z</time></rtept><rtept lat="42.10157" lon="-73.432555"><ele>793.2</ele><time>2026-09-18T16:46:51Z</time></rtept><rtept lat="42.101534" lon="-73.432564"><ele>792.6</ele><time>2026-09-18T16:46:51Z</time></rtept><rtept lat="42.101479" lon="-73.432528"><ele>792.4</ele><time>2026-09-18T16:46:51Z</time></rtept><rtept lat="42.101432" lon="-73.432491"><ele>791.8</ele><time>2026-09-18T16:46:51Z</time></rtept><rtept lat="42.101378" lon="-73.432484"><ele>791.0</ele><time>2026-09-18T16:46:51Z</time></rtept><rtept lat="42.101323" lon="-73.432475"><ele>790.4</ele><time>2026-09-18T16:46:51Z</time></rtept><rtept lat="42.101284" lon="-73.432484"><ele>790.4</ele><time>2026-09-18T16:46:51Z</time></rtept><rtept lat="42.101252" lon="-73.432503"><ele>789.6</ele><time>2026-09-18T16:46:51Z</time></rtept><rtept lat="42.101224" lon="-73.43253"><ele>789.6</ele><time>2026-09-18T16:46:51Z</time></rtept><rtept lat="42.101195" lon="-73.43254"><ele>789.2</ele><time>2026-09-18T16:46:51Z</time></rtept><rtept lat="42.101167" lon="-73.432522"><ele>789.0</ele><time>2026-09-18T16:46:51Z</time></rtept><rtept lat="42.101121" lon="-73.432537"><ele>788.8</ele><time>2026-09-18T16:46:51Z</time></rtept><rtept lat="42.101076" lon="-73.432538"><ele>788.2</ele><time>2026-09-18T16:46:51Z</time></rtept><rtept lat="42.101039" lon="-73.432522"><ele>788.0</ele><time>2026-09-18T16:46:51Z</time></rtept><rtept lat="42.101004" lon="-73.432524"><ele>787.2</ele><time>2026-09-18T16:46:51Z</time></rtept><rtept lat="42.100964" lon="-73.432499"><ele>787.2</ele><time>2026-09-18T16:46:51Z</time></rtept><rtept lat="42.100913" lon="-73.432495"><ele>786.6</ele><time>2026-09-18T16:46:51Z</time></rtept><rtept lat="42.100872" lon="-73.432494"><ele>785.8</ele><time>2026-09-18T16:46:51Z</time></rtept><rtept lat="42.100842" lon="-73.432527"><ele>785.8</ele><time>2026-09-18T16:46:51Z</time></rtept><rtept lat="42.100796" lon="-73.432526"><ele>784.8</ele><time>2026-09-18T16:46:51Z</time></rtept><rtept lat="42.100759" lon="-73.432495"><ele>784.2</ele><time>2026-09-18T16:46:51Z</time></rtept><rtept lat="42.100741" lon="-73.432472"><ele>784.2</ele><time>2026-09-18T16:46:51Z</time></rtept><rtept lat="42.100705" lon="-73.432449"><ele>783.6</ele><time>2026-09-18T16:46:51Z</time></rtept><rtept lat="42.100657" lon="-73.432434"><ele>783.6</ele><time>2026-09-18T16:46:51Z</time></rtept><rtept lat="42.100627" lon="-73.432419"><ele>782.8</ele><time>2026-09-18T16:46:51Z</time></rtept><rtept lat="42.100591" lon="-73.432411"><ele>782.8</ele><time>2026-09-18T16:46:51Z</time></rtept><rtept lat="42.10054" lon="-73.432389"><ele>782.2</ele><time>2026-09-18T16:46:51Z</time></rtept><rtept lat="42.100493" lon="-73.432376"><ele>781.6</ele><time>2026-09-18T16:46:51Z</time></rtept><rtept lat="42.100461" lon="-73.432359"><ele>781.2</ele><time>2026-09-18T16:46:51Z</time></rtept><rtept lat="42.100415" lon="-73.432329"><ele>780.6</ele><time>2026-09-18T16:46:51Z</time></rtept><rtept lat="42.100298" lon="-73.432309"><ele>779.0</ele><time>2026-09-18T16:46:51Z</time></rtept><rtept lat="42.100202" lon="-73.432304"><ele>778.0</ele><time>2026-09-18T16:46:51Z</time></rtept><rtept lat="42.100163" lon="-73.4323"><ele>777.0</ele><time>2026-09-18T16:46:51Z</time></rtept><rtept lat="42.100114" lon="-73.432285"><ele>776.2</ele><time>2026-09-18T16:46:51Z</time></rtept><rtept lat="42.100085" lon="-73.432271"><ele>776.0</ele><time>2026-09-18T16:46:51Z</time></rtept><rtept lat="42.100038" lon="-73.432263"><ele>775.2</ele><time>2026-09-18T16:46:51Z</time></rtept><rtept lat="42.1" lon="-73.432239"><ele>774.4</ele><time>2026-09-18T16:46:51Z</time></rtept><rtept lat="42.099975" lon="-73.432215"><ele>774.4</ele><time>2026-09-18T16:46:51Z</time></rtept><rtept lat="42.099934" lon="-73.432216"><ele>773.2</ele><time>2026-09-18T16:46:51Z</time></rtept><rtept lat="42.099832" lon="-73.432246"><ele>772.0</ele><time>2026-09-18T16:46:51Z</time></rtept><rtept lat="42.099752" lon="-73.432201"><ele>770.6</ele><time>2026-09-18T16:46:51Z</time></rtept><rtept lat="42.099718" lon="-73.432195"><ele>769.2</ele><time>2026-09-18T16:46:51Z</time></rtept><rtept lat="42.099578" lon="-73.432311"><ele>767.4</ele><time>2026-09-18T16:46:51Z</time></rtept><rtept lat="42.099516" lon="-73.43231"><ele>766.6</ele><time>2026-09-18T16:46:51Z</time></rtept><rtept lat="42.099449" lon="-73.432294"><ele>766.0</ele><time>2026-09-18T16:46:51Z</time></rtept><rtept lat="42.099421" lon="-73.432284"><ele>765.4</ele><time>2026-09-18T16:46:51Z</time></rtept><rtept lat="42.099394" lon="-73.432288"><ele>765.4</ele><time>2026-09-18T16:46:51Z</time></rtept><rtept lat="42.099325" lon="-73.432271"><ele>763.6</ele><time>2026-09-18T16:46:51Z</time></rtept><rtept lat="42.099307" lon="-73.432265"><ele>763.6</ele><time>2026-09-18T16:46:51Z</time></rtept><rtept lat="42.099226" lon="-73.432301"><ele>761.2</ele><time>2026-09-18T16:46:51Z</time></rtept><rtept lat="42.099175" lon="-73.432344"><ele>759.8</ele><time>2026-09-18T16:46:51Z</time></rtept><rtept lat="42.099146" lon="-73.43236"><ele>759.8</ele><time>2026-09-18T16:46:51Z</time></rtept><rtept lat="42.099104" lon="-73.432359"><ele>758.4</ele><time>2026-09-18T16:46:51Z</time></rtept><rtept lat="42.099056" lon="-73.432346"><ele>758.4</ele><time>2026-09-18T16:46:51Z</time></rtept><rtept lat="42.099024" lon="-73.432352"><ele>757.0</ele><time>2026-09-18T16:46:51Z</time></rtept><rtept lat="42.099" lon="-73.432355"><ele>757.0</ele><time>2026-09-18T16:46:51Z</time></rtept><rtept lat="42.098968" lon="-73.43235"><ele>755.6</ele><time>2026-09-18T16:46:51Z</time></rtept><rtept lat="42.098929" lon="-73.432344"><ele>755.6</ele><time>2026-09-18T16:46:51Z</time></rtept><rtept lat="42.098894" lon="-73.432348"><ele>754.2</ele><time>2026-09-18T16:46:51Z</time></rtept><rtept lat="42.098827" lon="-73.432343"><ele>753.2</ele><time>2026-09-18T16:46:51Z</time></rtept><rtept lat="42.098785" lon="-73.43232"><ele>752.6</ele><time>2026-09-18T16:46:51Z</time></rtept><rtept lat="42.098755" lon="-73.432289"><ele>752.6</ele><time>2026-09-18T16:46:51Z</time></rtept><rtept lat="42.098728" lon="-73.432232"><ele>752.0</ele><time>2026-09-18T16:46:51Z</time></rtept><rtept lat="42.098699" lon="-73.432228"><ele>752.0</ele><time>2026-09-18T16:46:51Z</time></rtept><rtept lat="42.09868" lon="-73.432226"><ele>752.0</ele><time>2026-09-18T16:46:51Z</time></rtept><rtept lat="42.09866" lon="-73.432226"><ele>751.2</ele><time>2026-09-18T16:46:51Z</time></rtept><rtept lat="42.098638" lon="-73.432233"><ele>751.2</ele><time>2026-09-18T16:46:51Z</time></rtept><rtept lat="42.098609" lon="-73.432233"><ele>751.2</ele><time>2026-09-18T16:46:51Z</time></rtept><rtept lat="42.098574" lon="-73.432222"><ele>750.0</ele><time>2026-09-18T16:46:51Z</time></rtept><rtept lat="42.098508" lon="-73.432218"><ele>747.8</ele><time>2026-09-18T16:46:51Z</time></rtept><rtept lat="42.098478" lon="-73.432215"><ele>747.8</ele><time>2026-09-18T16:46:51Z</time></rtept><rtept lat="42.098446" lon="-73.43222"><ele>745.4</ele><time>2026-09-18T16:46:51Z</time></rtept><rtept lat="42.098419" lon="-73.432209"><ele>745.4</ele><time>2026-09-18T16:46:51Z</time></rtept><rtept lat="42.098388" lon="-73.432183"><ele>743.4</ele><time>2026-09-18T16:46:51Z</time></rtept><rtept lat="42.09836" lon="-73.432185"><ele>743.4</ele><time>2026-09-18T16:46:51Z</time></rtept><rtept lat="42.098328" lon="-73.432212"><ele>741.0</ele><time>2026-09-18T16:46:51Z</time></rtept><rtept lat="42.098286" lon="-73.432214"><ele>739.4</ele><time>2026-09-18T16:46:51Z</time></rtept><rtept lat="42.098249" lon="-73.432212"><ele>739.4</ele><time>2026-09-18T16:46:51Z</time></rtept><rtept lat="42.098209" lon="-73.432207"><ele>738.0</ele><time>2026-09-18T16:46:51Z</time></rtept><rtept lat="42.098187" lon="-73.432211"><ele>738.0</ele><time>2026-09-18T16:46:51Z</time></rtept><rtept lat="42.098168" lon="-73.432227"><ele>738.0</ele><time>2026-09-18T16:46:51Z</time></rtept><rtept lat="42.098168" lon="-73.432255"><ele>738.0</ele><time>2026-09-18T16:46:51Z</time></rtept><rtept lat="42.098153" lon="-73.432284"><ele>735.4</ele><time>2026-09-18T16:46:51Z</time></rtept><rtept lat="42.098129" lon="-73.432305"><ele>735.4</ele><time>2026-09-18T16:46:51Z</time></rtept><rtept lat="42.098108" lon="-73.432333"><ele>735.4</ele><time>2026-09-18T16:46:51Z</time></rtept><rtept lat="42.098098" lon="-73.432355"><ele>735.4</ele><time>2026-09-18T16:46:51Z</time></rtept><rtept lat="42.098081" lon="-73.432396"><ele>730.4</ele><time>2026-09-18T16:46:51Z</time></rtept><rtept lat="42.098074" lon="-73.432448"><ele>727.8</ele><time>2026-09-18T16:46:51Z</time></rtept><rtept lat="42.09803" lon="-73.432528"><ele>724.2</ele><time>2026-09-18T16:46:51Z</time></rtept><rtept lat="42.098002" lon="-73.432623"><ele>719.8</ele><time>2026-09-18T16:46:51Z</time></rtept><rtept lat="42.098003" lon="-73.432676"><ele>719.8</ele><time>2026-09-18T16:46:51Z</time></rtept><rtept lat="42.098024" lon="-73.43273"><ele>718.2</ele><time>2026-09-18T16:46:51Z</time></rtept><rtept lat="42.098028" lon="-73.432773"><ele>718.2</ele><time>2026-09-18T16:46:51Z</time></rtept><rtept lat="42.098007" lon="-73.432819"><ele>716.0</ele><time>2026-09-18T16:46:51Z</time></rtept><rtept lat="42.098037" lon="-73.432872"><ele>719.6</ele><time>2026-09-18T16:46:51Z</time></rtept><rtept lat="42.098035" lon="-73.43292"><ele>717.2</ele><time>2026-09-18T16:46:51Z</time></rtept><rtept lat="42.097985" lon="-73.43298"><ele>711.4</ele><time>2026-09-18T16:46:51Z</time></rtept><rtept lat="42.097944" lon="-73.432994"><ele>709.2</ele><time>2026-09-18T16:46:51Z</time></rtept><rtept lat="42.09792" lon="-73.433031"><ele>709.2</ele><time>2026-09-18T16:46:51Z</time></rtept><rtept lat="42.097879" lon="-73.433068"><ele>706.0</ele><time>2026-09-18T16:46:51Z</time></rtept><rtept lat="42.097868" lon="-73.43314"><ele>704.4</ele><time>2026-09-18T16:46:51Z</time></rtept><rtept lat="42.097807" lon="-73.433187"><ele>702.6</ele><time>2026-09-18T16:46:51Z</time></rtept><rtept lat="42.097791" lon="-73.433217"><ele>702.6</ele><time>2026-09-18T16:46:51Z</time></rtept><rtept lat="42.097707" lon="-73.433297"><ele>697.0</ele><time>2026-09-18T16:46:51Z</time></rtept><rtept lat="42.097652" lon="-73.433413"><ele>695.0</ele><time>2026-09-18T16:46:51Z</time></rtept><rtept lat="42.097606" lon="-73.433437"><ele>693.2</ele><time>2026-09-18T16:46:51Z</time></rtept><rtept lat="42.09759" lon="-73.433473"><ele>693.2</ele><time>2026-09-18T16:46:51Z</time></rtept><rtept lat="42.097569" lon="-73.433501"><ele>690.8</ele><time>2026-09-18T16:46:51Z</time></rtept><rtept lat="42.097515" lon="-73.433498"><ele>688.8</ele><time>2026-09-18T16:46:51Z</time></rtept><rtept lat="42.097449" lon="-73.433506"><ele>687.2</ele><time>2026-09-18T16:46:51Z</time></rtept><rtept lat="42.097418" lon="-73.433539"><ele>687.2</ele><time>2026-09-18T16:46:51Z</time></rtept><rtept lat="42.097374" lon="-73.433544"><ele>685.6</ele><time>2026-09-18T16:46:51Z</time></rtept><rtept lat="42.097279" lon="-73.433574"><ele>682.4</ele><time>2026-09-18T16:46:51Z</time></rtept><rtept lat="42.097261" lon="-73.433569"><ele>680.4</ele><time>2026-09-18T16:46:51Z</time></rtept><rtept lat="42.097242" lon="-73.433571"><ele>680.4</ele><time>2026-09-18T16:46:51Z</time></rtept><rtept lat="42.097216" lon="-73.433594"><ele>680.4</ele><time>2026-09-18T16:46:51Z</time></rtept><rtept lat="42.097194" lon="-73.433603"><ele>678.4</ele><time>2026-09-18T16:46:51Z</time></rtept><rtept lat="42.097166" lon="-73.433602"><ele>678.4</ele><time>2026-09-18T16:46:51Z</time></rtept><rtept lat="42.097148" lon="-73.4336"><ele>678.4</ele><time>2026-09-18T16:46:51Z</time></rtept><rtept lat="42.097125" lon="-73.433608"><ele>676.4</ele><time>2026-09-18T16:46:51Z</time></rtept><rtept lat="42.097102" lon="-73.43359"><ele>676.4</ele><time>2026-09-18T16:46:51Z</time></rtept><rtept lat="42.097082" lon="-73.43358"><ele>676.4</ele><time>2026-09-18T16:46:51Z</time></rtept><rtept lat="42.097046" lon="-73.433561"><ele>675.0</ele><time>2026-09-18T16:46:51Z</time></rtept><rtept lat="42.09702" lon="-73.433567"><ele>674.2</ele><time>2026-09-18T16:46:51Z</time></rtept><rtept lat="42.096975" lon="-73.433573"><ele>671.8</ele><time>2026-09-18T16:46:51Z</time></rtept><rtept lat="42.096918" lon="-73.433579"><ele>669.2</ele><time>2026-09-18T16:46:51Z</time></rtept><rtept lat="42.096811" lon="-73.433548"><ele>666.0</ele><time>2026-09-18T16:46:51Z</time></rtept><rtept lat="42.096721" lon="-73.433498"><ele>663.6</ele><time>2026-09-18T16:46:51Z</time></rtept><rtept lat="42.096654" lon="-73.433526"><ele>661.2</ele><time>2026-09-18T16:46:51Z</time></rtept><rtept lat="42.096604" lon="-73.433598"><ele>656.4</ele><time>2026-09-18T16:46:51Z</time></rtept><rtept lat="42.096558" lon="-73.433626"><ele>653.8</ele><time>2026-09-18T16:46:51Z</time></rtept><rtept lat="42.09651" lon="-73.43362"><ele>653.8</ele><time>2026-09-18T16:46:51Z</time></rtept><rtept lat="42.096445" lon="-73.433644"><ele>651.0</ele><time>2026-09-18T16:46:51Z</time></rtept><rtept lat="42.096361" lon="-73.433701"><ele>643.2</ele><time>2026-09-18T16:46:51Z</time></rtept><rtept lat="42.096304" lon="-73.433722"><ele>641.0</ele><time>2026-09-18T16:46:51Z</time></rtept><rtept lat="42.096241" lon="-73.433704"><ele>639.0</ele><time>2026-09-18T16:46:51Z</time></rtept><rtept lat="42.096188" lon="-73.433712"><ele>639.0</ele><time>2026-09-18T16:46:51Z</time></rtept><rtept lat="42.096115" lon="-73.433714"><ele>635.0</ele><time>2026-09-18T16:46:51Z</time></rtept><rtept lat="42.096068" lon="-73.433713"><ele>635.0</ele><time>2026-09-18T16:46:51Z</time></rtept><rtept lat="42.095995" lon="-73.433749"><ele>631.4</ele><time>2026-09-18T16:46:51Z</time></rtept><rtept lat="42.095943" lon="-73.433809"><ele>630.2</ele><time>2026-09-18T16:46:51Z</time></rtept><rtept lat="42.095901" lon="-73.433907"><ele>626.0</ele><time>2026-09-18T16:46:51Z</time></rtept><rtept lat="42.095833" lon="-73.433954"><ele>624.6</ele><time>2026-09-18T16:46:51Z</time></rtept><rtept lat="42.095757" lon="-73.43397"><ele>623.4</ele><time>2026-09-18T16:46:51Z</time></rtept><rtept lat="42.09569" lon="-73.434031"><ele>622.6</ele><time>2026-09-18T16:46:51Z</time></rtept><rtept lat="42.095609" lon="-73.434077"><ele>618.8</ele><time>2026-09-18T16:46:51Z</time></rtept><rtept lat="42.095563" lon="-73.434102"><ele>618.8</ele><time>2026-09-18T16:46:51Z</time></rtept><rtept lat="42.095469" lon="-73.434132"><ele>614.6</ele><time>2026-09-18T16:46:51Z</time></rtept><rtept lat="42.095359" lon="-73.43416"><ele>612.8</ele><time>2026-09-18T16:46:51Z</time></rtept><rtept lat="42.095287" lon="-73.434246"><ele>608.6</ele><time>2026-09-18T16:46:51Z</time></rtept><rtept lat="42.09521" lon="-73.434261"><ele>607.6</ele><time>2026-09-18T16:46:51Z</time></rtept><rtept lat="42.095172" lon="-73.434288"><ele>607.6</ele><time>2026-09-18T16:46:51Z</time></rtept><rtept lat="42.095139" lon="-73.434328"><ele>605.8</ele><time>2026-09-18T16:46:51Z</time></rtept><rtept lat="42.095113" lon="-73.434359"><ele>607.0</ele><time>2026-09-18T16:46:51Z</time></rtept><rtept lat="42.09502" lon="-73.434401"><ele>603.4</ele><time>2026-09-18T16:46:51Z</time></rtept><rtept lat="42.094966" lon="-73.434416"><ele>601.4</ele><time>2026-09-18T16:46:51Z</time></rtept><rtept lat="42.094904" lon="-73.434431"><ele>601.0</ele><time>2026-09-18T16:46:51Z</time></rtept><rtept lat="42.094855" lon="-73.434461"><ele>601.0</ele><time>2026-09-18T16:46:51Z</time></rtept><rtept lat="42.094828" lon="-73.434459"><ele>598.4</ele><time>2026-09-18T16:46:51Z</time></rtept><rtept lat="42.094795" lon="-73.43445"><ele>598.4</ele><time>2026-09-18T16:46:51Z</time></rtept><rtept lat="42.094751" lon="-73.434427"><ele>595.2</ele><time>2026-09-18T16:46:51Z</time></rtept><rtept lat="42.094716" lon="-73.434399"><ele>591.6</ele><time>2026-09-18T16:46:51Z</time></rtept><rtept lat="42.094685" lon="-73.434391"><ele>591.6</ele><time>2026-09-18T16:46:51Z</time></rtept><rtept lat="42.094667" lon="-73.434405"><ele>591.6</ele><time>2026-09-18T16:46:51Z</time></rtept><rtept lat="42.094583" lon="-73.434407"><ele>587.4</ele><time>2026-09-18T16:46:51Z</time></rtept><rtept lat="42.094574" lon="-73.434409"><ele>587.4</ele><time>2026-09-18T16:46:51Z</time></rtept><rtept lat="42.09447" lon="-73.434426"><ele>585.8</ele><time>2026-09-18T16:46:51Z</time></rtept><rtept lat="42.094453" lon="-73.43442"><ele>584.4</ele><time>2026-09-18T16:46:51Z</time></rtept><rtept lat="42.094355" lon="-73.434405"><ele>583.2</ele><time>2026-09-18T16:46:51Z</time></rtept><rtept lat="42.094272" lon="-73.434357"><ele>581.6</ele><time>2026-09-18T16:46:51Z</time></rtept><rtept lat="42.094192" lon="-73.434378"><ele>581.0</ele><time>2026-09-18T16:46:51Z</time></rtept><rtept lat="42.094102" lon="-73.434413"><ele>580.4</ele><time>2026-09-18T16:46:51Z</time></rtept><rtept lat="42.09404" lon="-73.434493"><ele>579.8</ele><time>2026-09-18T16:46:51Z</time></rtept><rtept lat="42.093995" lon="-73.434599"><ele>579.0</ele><time>2026-09-18T16:46:51Z</time></rtept><rtept lat="42.093915" lon="-73.434701"><ele>577.8</ele><time>2026-09-18T16:46:51Z</time></rtept><rtept lat="42.093899" lon="-73.434839"><ele>577.4</ele><time>2026-09-18T16:46:51Z</time></rtept><rtept lat="42.093934" lon="-73.434965"><ele>575.4</ele><time>2026-09-18T16:46:51Z</time></rtept><rtept lat="42.093946" lon="-73.435111"><ele>573.2</ele><time>2026-09-18T16:46:51Z</time></rtept><rtept lat="42.093928" lon="-73.435199"><ele>572.6</ele><time>2026-09-18T16:46:51Z</time></rtept><rtept lat="42.093876" lon="-73.435352"><ele>570.6</ele><time>2026-09-18T16:46:51Z</time></rtept><rtept lat="42.09382" lon="-73.435443"><ele>569.8</ele><time>2026-09-18T16:46:51Z</time></rtept><rtept lat="42.093763" lon="-73.435522"><ele>569.6</ele><time>2026-09-18T16:46:51Z</time></rtept><rtept lat="42.093707" lon="-73.435612"><ele>570.6</ele><time>2026-09-18T16:46:51Z</time></rtept><rtept lat="42.093666" lon="-73.435669"><ele>570.4</ele><time>2026-09-18T16:46:51Z</time></rtept><rtept lat="42.093603" lon="-73.435692"><ele>569.4</ele><time>2026-09-18T16:46:51Z</time></rtept><rtept lat="42.093489" lon="-73.435716"><ele>567.8</ele><time>2026-09-18T16:46:51Z</time></rtept><rtept lat="42.093422" lon="-73.435769"><ele>566.6</ele><time>2026-09-18T16:46:51Z</time></rtept><rtept lat="42.093393" lon="-73.435889"><ele>567.0</ele><time>2026-09-18T16:46:51Z</time></rtept><rtept lat="42.093449" lon="-73.436071"><ele>568.2</ele><time>2026-09-18T16:46:51Z</time></rtept><rtept lat="42.093459" lon="-73.436222"><ele>568.4</ele><time>2026-09-18T16:46:51Z</time></rtept><rtept lat="42.093497" lon="-73.436382"><ele>569.8</ele><time>2026-09-18T16:46:51Z</time></rtept><rtept lat="42.093494" lon="-73.436526"><ele>572.6</ele><time>2026-09-18T16:46:51Z</time></rtept><rtept lat="42.093537" lon="-73.436704"><ele>575.4</ele><time>2026-09-18T16:46:51Z</time></rtept><rtept lat="42.093526" lon="-73.436747"><ele>577.2</ele><time>2026-09-18T16:46:51Z</time></rtept><rtept lat="42.093478" lon="-73.436762"><ele>578.2</ele><time>2026-09-18T16:46:51Z</time></rtept><rtept lat="42.093458" lon="-73.436819"><ele>578.2</ele><time>2026-09-18T16:46:51Z</time></rtept><rtept lat="42.093425" lon="-73.436854"><ele>580.8</ele><time>2026-09-18T16:46:51Z</time></rtept><rtept lat="42.093414" lon="-73.436878"><ele>580.8</ele><time>2026-09-18T16:46:51Z</time></rtept><rtept lat="42.093373" lon="-73.436909"><ele>583.0</ele><time>2026-09-18T16:46:51Z</time></rtept><rtept lat="42.093336" lon="-73.436911"><ele>583.0</ele><time>2026-09-18T16:46:51Z</time></rtept><rtept lat="42.093322" lon="-73.43695"><ele>583.0</ele><time>2026-09-18T16:46:51Z</time></rtept><rtept lat="42.093271" lon="-73.436977"><ele>583.8</ele><time>2026-09-18T16:46:51Z</time></rtept><rtept lat="42.093139" lon="-73.436942"><ele>585.4</ele><time>2026-09-18T16:46:51Z</time></rtept><rtept lat="42.093084" lon="-73.436942"><ele>586.0</ele><time>2026-09-18T16:46:51Z</time></rtept><rtept lat="42.09305" lon="-73.436965"><ele>586.4</ele><time>2026-09-18T16:46:51Z</time></rtept><rtept lat="42.092997" lon="-73.436942"><ele>587.0</ele><time>2026-09-18T16:46:51Z</time></rtept><rtept lat="42.092954" lon="-73.436941"><ele>587.0</ele><time>2026-09-18T16:46:51Z</time></rtept><rtept lat="42.092908" lon="-73.436897"><ele>586.2</ele><time>2026-09-18T16:46:51Z</time></rtept><rtept lat="42.092875" lon="-73.436847"><ele>586.2</ele><time>2026-09-18T16:46:51Z</time></rtept><rtept lat="42.092822" lon="-73.43684"><ele>586.8</ele><time>2026-09-18T16:46:51Z</time></rtept><rtept lat="42.092725" lon="-73.436847"><ele>588.0</ele><time>2026-09-18T16:46:51Z</time></rtept><rtept lat="42.092677" lon="-73.43686"><ele>588.2</ele><time>2026-09-18T16:46:51Z</time></rtept><rtept lat="42.092645" lon="-73.43693"><ele>589.6</ele><time>2026-09-18T16:46:51Z</time></rtept><rtept lat="42.092605" lon="-73.43702"><ele>590.4</ele><time>2026-09-18T16:46:51Z</time></rtept><rtept lat="42.092562" lon="-73.437058"><ele>590.4</ele><time>2026-09-18T16:46:51Z</time></rtept><rtept lat="42.092519" lon="-73.43706"><ele>590.2</ele><time>2026-09-18T16:46:51Z</time></rtept><rtept lat="42.092464" lon="-73.437005"><ele>590.4</ele><time>2026-09-18T16:46:51Z</time></rtept><rtept lat="42.092354" lon="-73.436981"><ele>590.0</ele><time>2026-09-18T16:46:51Z</time></rtept><rtept lat="42.092278" lon="-73.437008"><ele>591.4</ele><time>2026-09-18T16:46:51Z</time></rtept><rtept lat="42.09218" lon="-73.436976"><ele>590.8</ele><time>2026-09-18T16:46:51Z</time></rtept><rtept lat="42.092073" lon="-73.436938"><ele>591.4</ele><time>2026-09-18T16:46:51Z</time></rtept><rtept lat="42.091986" lon="-73.436816"><ele>590.2</ele><time>2026-09-18T16:46:51Z</time></rtept><rtept lat="42.091917" lon="-73.436701"><ele>590.0</ele><time>2026-09-18T16:46:51Z</time></rtept><rtept lat="42.091833" lon="-73.43667"><ele>590.6</ele><time>2026-09-18T16:46:51Z</time></rtept><rtept lat="42.091537" lon="-73.436607"><ele>590.6</ele><time>2026-09-18T16:46:51Z</time></rtept><rtept lat="42.091414" lon="-73.436548"><ele>589.6</ele><time>2026-09-18T16:46:51Z</time></rtept><rtept lat="42.091275" lon="-73.43647"><ele>587.6</ele><time>2026-09-18T16:46:51Z</time></rtept><rtept lat="42.091128" lon="-73.436246"><ele>585.8</ele><time>2026-09-18T16:46:51Z</time></rtept><rtept lat="42.090943" lon="-73.435957"><ele>583.2</ele><time>2026-09-18T16:46:51Z</time></rtept><rtept lat="42.090869" lon="-73.435849"><ele>583.0</ele><time>2026-09-18T16:46:51Z</time></rtept><rtept lat="42.090827" lon="-73.435785"><ele>583.2</ele><time>2026-09-18T16:46:51Z</time></rtept><rtept lat="42.090825" lon="-73.435731"><ele>583.2</ele><time>2026-09-18T16:46:51Z</time></rtept><rtept lat="42.090893" lon="-73.435674"><ele>580.4</ele><time>2026-09-18T16:46:51Z</time></rtept><rtept lat="42.090925" lon="-73.435617"><ele>578.0</ele><time>2026-09-18T16:46:51Z</time></rtept><rtept lat="42.090914" lon="-73.435518"><ele>577.0</ele><time>2026-09-18T16:46:51Z</time></rtept><rtept lat="42.09097" lon="-73.43544"><ele>575.0</ele><time>2026-09-18T16:46:51Z</time></rtept><rtept lat="42.091034" lon="-73.435356"><ele>574.0</ele><time>2026-09-18T16:46:51Z</time></rtept><rtept lat="42.09109" lon="-73.435246"><ele>572.4</ele><time>2026-09-18T16:46:51Z</time></rtept><rtept lat="42.091101" lon="-73.435133"><ele>570.4</ele><time>2026-09-18T16:46:51Z</time></rtept><rtept lat="42.091031" lon="-73.434996"><ele>567.2</ele><time>2026-09-18T16:46:51Z</time></rtept><rtept lat="42.090916" lon="-73.434876"><ele>567.8</ele><time>2026-09-18T16:46:51Z</time></rtept><rtept lat="42.090757" lon="-73.434715"><ele>569.4</ele><time>2026-09-18T16:46:51Z</time></rtept><rtept lat="42.090609" lon="-73.434521"><ele>569.0</ele><time>2026-09-18T16:46:51Z</time></rtept><rtept lat="42.09051" lon="-73.434192"><ele>565.2</ele><time>2026-09-18T16:46:51Z</time></rtept><rtept lat="42.090409" lon="-73.433867"><ele>560.8</ele><time>2026-09-18T16:46:51Z</time></rtept><rtept lat="42.090333" lon="-73.433583"><ele>558.4</ele><time>2026-09-18T16:46:51Z</time></rtept><rtept lat="42.090383" lon="-73.433392"><ele>555.4</ele><time>2026-09-18T16:46:51Z</time></rtept><rtept lat="42.090438" lon="-73.433281"><ele>551.2</ele><time>2026-09-18T16:46:51Z</time></rtept><rtept lat="42.090496" lon="-73.433217"><ele>548.6</ele><time>2026-09-18T16:46:51Z</time></rtept><rtept lat="42.09054" lon="-73.433187"><ele>547.6</ele><time>2026-09-18T16:46:51Z</time></rtept><rtept lat="42.090575" lon="-73.433176"><ele>547.6</ele><time>2026-09-18T16:46:51Z</time></rtept><rtept lat="42.090602" lon="-73.433211"><ele>547.0</ele><time>2026-09-18T16:46:51Z</time></rtept><rtept lat="42.090683" lon="-73.433276"><ele>547.6</ele><time>2026-09-18T16:46:51Z</time></rtept><rtept lat="42.09073" lon="-73.433246"><ele>547.2</ele><time>2026-09-18T16:46:51Z</time></rtept><rtept lat="42.090707" lon="-73.433131"><ele>545.8</ele><time>2026-09-18T16:46:51Z</time></rtept><rtept lat="42.09065" lon="-73.433018"><ele>545.2</ele><time>2026-09-18T16:46:51Z</time></rtept><rtept lat="42.090584" lon="-73.432833"><ele>545.0</ele><time>2026-09-18T16:46:51Z</time></rtept><rtept lat="42.090534" lon="-73.432657"><ele>545.0</ele><time>2026-09-18T16:46:51Z</time></rtept><rtept lat="42.090427" lon="-73.432529"><ele>543.6</ele><time>2026-09-18T16:46:51Z</time></rtept><rtept lat="42.090275" lon="-73.432286"><ele>542.8</ele><time>2026-09-18T16:46:51Z</time></rtept><rtept lat="42.090211" lon="-73.432156"><ele>542.8</ele><time>2026-09-18T16:46:51Z</time></rtept><rtept lat="42.090156" lon="-73.431944"><ele>543.2</ele><time>2026-09-18T16:46:51Z</time></rtept><rtept lat="42.090073" lon="-73.431681"><ele>543.6</ele><time>2026-09-18T16:46:51Z</time></rtept><rtept lat="42.090024" lon="-73.431508"><ele>543.6</ele><time>2026-09-18T16:46:51Z</time></rtept><rtept lat="42.090075" lon="-73.431323"><ele>541.6</ele><time>2026-09-18T16:46:51Z</time></rtept><rtept lat="42.090044" lon="-73.43109"><ele>541.2</ele><time>2026-09-18T16:46:51Z</time></rtept><rtept lat="42.090038" lon="-73.430796"><ele>538.4</ele><time>2026-09-18T16:46:51Z</time></rtept><rtept lat="42.090033" lon="-73.430549"><ele>534.4</ele><time>2026-09-18T16:46:51Z</time></rtept><rtept lat="42.089991" lon="-73.430121"><ele>531.2</ele><time>2026-09-18T16:46:51Z</time></rtept><rtept lat="42.089879" lon="-73.429887"><ele>530.0</ele><time>2026-09-18T16:46:51Z</time></rtept><rtept lat="42.089793" lon="-73.429655"><ele>529.2</ele><time>2026-09-18T16:46:51Z</time></rtept><rtept lat="42.089795" lon="-73.429382"><ele>525.6</ele><time>2026-09-18T16:46:51Z</time></rtept><rtept lat="42.089814" lon="-73.429105"><ele>523.4</ele><time>2026-09-18T16:46:51Z</time></rtept><rtept lat="42.089694" lon="-73.428778"><ele>522.2</ele><time>2026-09-18T16:46:51Z</time></rtept><rtept lat="42.089617" lon="-73.428614"><ele>521.6</ele><time>2026-09-18T16:46:51Z</time></rtept><rtept lat="42.089625" lon="-73.428349"><ele>518.8</ele><time>2026-09-18T16:46:51Z</time></rtept><rtept lat="42.089563" lon="-73.428007"><ele>515.8</ele><time>2026-09-18T16:46:51Z</time></rtept><rtept lat="42.08947" lon="-73.427622"><ele>514.4</ele><time>2026-09-18T16:46:51Z</time></rtept><rtept lat="42.089326" lon="-73.427318"><ele>513.2</ele><time>2026-09-18T16:46:51Z</time></rtept><rtept lat="42.089286" lon="-73.427083"><ele>510.0</ele><time>2026-09-18T16:46:51Z</time></rtept><rtept lat="42.089295" lon="-73.426868"><ele>507.8</ele><time>2026-09-18T16:46:51Z</time></rtept><rtept lat="42.089266" lon="-73.426647"><ele>505.6</ele><time>2026-09-18T16:46:51Z</time></rtept><rtept lat="42.089212" lon="-73.426537"><ele>504.8</ele><time>2026-09-18T16:46:51Z</time></rtept><rtept lat="42.089201" lon="-73.426421"><ele>503.4</ele><time>2026-09-18T16:46:51Z</time></rtept><rtept lat="42.089225" lon="-73.426209"><ele>502.0</ele><time>2026-09-18T16:46:51Z</time></rtept><rtept lat="42.089274" lon="-73.42597"><ele>500.0</ele><time>2026-09-18T16:46:51Z</time></rtept><rtept lat="42.089261" lon="-73.425789"><ele>498.4</ele><time>2026-09-18T16:46:51Z</time></rtept><rtept lat="42.089303" lon="-73.425484"><ele>496.6</ele><time>2026-09-18T16:46:51Z</time></rtept><rtept lat="42.089479" lon="-73.425446"><ele>501.0</ele><time>2026-09-18T16:46:51Z</time></rtept><rtept lat="42.089549" lon="-73.425394"><ele>502.4</ele><time>2026-09-18T16:46:51Z</time></rtept><rtept lat="42.089613" lon="-73.425311"><ele>503.4</ele><time>2026-09-18T16:46:51Z</time></rtept><rtept lat="42.089808" lon="-73.425086"><ele>504.8</ele><time>2026-09-18T16:46:51Z</time></rtept><rtept lat="42.089907" lon="-73.424988"><ele>504.6</ele><time>2026-09-18T16:46:51Z</time></rtept><rtept lat="42.090004" lon="-73.424958"><ele>500.8</ele><time>2026-09-18T16:46:51Z</time></rtept><rtept lat="42.090122" lon="-73.42493"><ele>502.0</ele><time>2026-09-18T16:46:51Z</time></rtept><rtept lat="42.090215" lon="-73.424938"><ele>502.4</ele><time>2026-09-18T16:46:51Z</time></rtept><rtept lat="42.090291" lon="-73.424969"><ele>502.6</ele><time>2026-09-18T16:46:51Z</time></rtept><rtept lat="42.090481" lon="-73.42504"><ele>508.0</ele><time>2026-09-18T16:46:51Z</time></rtept><rtept lat="42.090747" lon="-73.425048"><ele>509.6</ele><time>2026-09-18T16:46:51Z</time></rtept><rtept lat="42.090949" lon="-73.425137"><ele>514.8</ele><time>2026-09-18T16:46:51Z</time></rtept><rtept lat="42.091081" lon="-73.425056"><ele>513.2</ele><time>2026-09-18T16:46:51Z</time></rtept><rtept lat="42.091137" lon="-73.424977"><ele>511.2</ele><time>2026-09-18T16:46:51Z</time></rtept><rtept lat="42.091178" lon="-73.424914"><ele>511.4</ele><time>2026-09-18T16:46:51Z</time></rtept><rtept lat="42.091182" lon="-73.42476"><ele>506.2</ele><time>2026-09-18T16:46:51Z</time></rtept><rtept lat="42.09119" lon="-73.424614"><ele>498.8</ele><time>2026-09-18T16:46:51Z</time></rtept><rtept lat="42.091235" lon="-73.424506"><ele>494.6</ele><time>2026-09-18T16:46:51Z</time></rtept><rtept lat="42.091309" lon="-73.424442"><ele>490.4</ele><time>2026-09-18T16:46:51Z</time></rtept><rtept lat="42.091313" lon="-73.424353"><ele>486.6</ele><time>2026-09-18T16:46:51Z</time></rtept><rtept lat="42.09128" lon="-73.424247"><ele>482.8</ele><time>2026-09-18T16:46:51Z</time></rtept><rtept lat="42.091226" lon="-73.424194"><ele>479.4</ele><time>2026-09-18T16:46:51Z</time></rtept><rtept lat="42.091116" lon="-73.424187"><ele>478.0</ele><time>2026-09-18T16:46:51Z</time></rtept><rtept lat="42.090976" lon="-73.424163"><ele>476.0</ele><time>2026-09-18T16:46:51Z</time></rtept><rtept lat="42.090865" lon="-73.424073"><ele>470.2</ele><time>2026-09-18T16:46:51Z</time></rtept><rtept lat="42.090709" lon="-73.424053"><ele>467.8</ele><time>2026-09-18T16:46:51Z</time></rtept><rtept lat="42.090633" lon="-73.424013"><ele>462.4</ele><time>2026-09-18T16:46:51Z</time></rtept><rtept lat="42.090595" lon="-73.423935"><ele>460.0</ele><time>2026-09-18T16:46:51Z</time></rtept><rtept lat="42.090553" lon="-73.423881"><ele>459.0</ele><time>2026-09-18T16:46:51Z</time></rtept><rtept lat="42.090401" lon="-73.423844"><ele>454.4</ele><time>2026-09-18T16:46:51Z</time></rtept><rtept lat="42.090116" lon="-73.423833"><ele>443.6</ele><time>2026-09-18T16:46:51Z</time></rtept><rtept lat="42.089985" lon="-73.42382"><ele>437.8</ele><time>2026-09-18T16:46:51Z</time></rtept><rtept lat="42.089841" lon="-73.423814"><ele>432.6</ele><time>2026-09-18T16:46:51Z</time></rtept><rtept lat="42.089758" lon="-73.42384"><ele>431.0</ele><time>2026-09-18T16:46:51Z</time></rtept><rtept lat="42.089713" lon="-73.423858"><ele>426.6</ele><time>2026-09-18T16:46:51Z</time></rtept><rtept lat="42.089653" lon="-73.423867"><ele>425.8</ele><time>2026-09-18T16:46:51Z</time></rtept><rtept lat="42.089608" lon="-73.423808"><ele>421.8</ele><time>2026-09-18T16:46:51Z</time></rtept><rtept lat="42.089547" lon="-73.423718"><ele>422.4</ele><time>2026-09-18T16:46:51Z</time></rtept><rtept lat="42.089457" lon="-73.423561"><ele>420.2</ele><time>2026-09-18T16:46:51Z</time></rtept><rtept lat="42.089275" lon="-73.423356"><ele>420.6</ele><time>2026-09-18T16:46:51Z</time></rtept><rtept lat="42.089221" lon="-73.423245"><ele>415.0</ele><time>2026-09-18T16:46:51Z</time></rtept><rtept lat="42.089136" lon="-73.42307"><ele>409.8</ele><time>2026-09-18T16:46:51Z</time></rtept><rtept lat="42.088947" lon="-73.422965"><ele>409.2</ele><time>2026-09-18T16:46:51Z</time></rtept><rtept lat="42.088786" lon="-73.422866"><ele>407.6</ele><time>2026-09-18T16:46:51Z</time></rtept><rtept lat="42.088703" lon="-73.422843"><ele>408.2</ele><time>2026-09-18T16:46:51Z</time></rtept><rtept lat="42.088572" lon="-73.422882"><ele>408.6</ele><time>2026-09-18T16:46:51Z</time></rtept><rtept lat="42.088412" lon="-73.422905"><ele>406.2</ele><time>2026-09-18T16:46:51Z</time></rtept><rtept lat="42.088285" lon="-73.422913"><ele>406.2</ele><time>2026-09-18T16:46:51Z</time></rtept><rtept lat="42.088206" lon="-73.42285"><ele>406.4</ele><time>2026-09-18T16:46:51Z</time></rtept><rtept lat="42.08815" lon="-73.422764"><ele>402.0</ele><time>2026-09-18T16:46:51Z</time></rtept><rtept lat="42.088029" lon="-73.422728"><ele>397.6</ele><time>2026-09-18T16:46:51Z</time></rtept><rtept lat="42.087838" lon="-73.422709"><ele>397.0</ele><time>2026-09-18T16:46:51Z</time></rtept><rtept lat="42.08765" lon="-73.422735"><ele>396.6</ele><time>2026-09-18T16:46:51Z</time></rtept><rtept lat="42.087541" lon="-73.422741"><ele>395.4</ele><time>2026-09-18T16:46:51Z</time></rtept><rtept lat="42.087469" lon="-73.422709"><ele>395.0</ele><time>2026-09-18T16:46:51Z</time></rtept><rtept lat="42.087466" lon="-73.422621"><ele>391.8</ele><time>2026-09-18T16:46:51Z</time></rtept><rtept lat="42.087557" lon="-73.422468"><ele>386.2</ele><time>2026-09-18T16:46:51Z</time></rtept><rtept lat="42.087697" lon="-73.422285"><ele>380.6</ele><time>2026-09-18T16:46:51Z</time></rtept><rtept lat="42.087748" lon="-73.422187"><ele>378.0</ele><time>2026-09-18T16:46:51Z</time></rtept><rtept lat="42.087758" lon="-73.422106"><ele>375.8</ele><time>2026-09-18T16:46:51Z</time></rtept><rtept lat="42.08775" lon="-73.422008"><ele>373.4</ele><time>2026-09-18T16:46:51Z</time></rtept><rtept lat="42.087816" lon="-73.4219"><ele>370.8</ele><time>2026-09-18T16:46:51Z</time></rtept><rtept lat="42.087868" lon="-73.421792"><ele>365.6</ele><time>2026-09-18T16:46:51Z</time></rtept><rtept lat="42.087838" lon="-73.421651"><ele>363.4</ele><time>2026-09-18T16:46:51Z</time></rtept><rtept lat="42.087774" lon="-73.421474"><ele>359.0</ele><time>2026-09-18T16:46:51Z</time></rtept><rtept lat="42.087774" lon="-73.421321"><ele>355.0</ele><time>2026-09-18T16:46:51Z</time></rtept><rtept lat="42.087815" lon="-73.421206"><ele>353.0</ele><time>2026-09-18T16:46:51Z</time></rtept><rtept lat="42.087892" lon="-73.421077"><ele>348.6</ele><time>2026-09-18T16:46:51Z</time></rtept><rtept lat="42.087998" lon="-73.420822"><ele>342.8</ele><time>2026-09-18T16:46:51Z</time></rtept><rtept lat="42.088101" lon="-73.420557"><ele>337.2</ele><time>2026-09-18T16:46:51Z</time></rtept><rtept lat="42.088194" lon="-73.420347"><ele>333.0</ele><time>2026-09-18T16:46:51Z</time></rtept><rtept lat="42.088219" lon="-73.420058"><ele>325.8</ele><time>2026-09-18T16:46:51Z</time></rtept><rtept lat="42.088299" lon="-73.419906"><ele>320.0</ele><time>2026-09-18T16:46:51Z</time></rtept><rtept lat="42.088402" lon="-73.419796"><ele>316.8</ele><time>2026-09-18T16:46:51Z</time></rtept><rtept lat="42.088522" lon="-73.419653"><ele>312.0</ele><time>2026-09-18T16:46:51Z</time></rtept><rtept lat="42.088589" lon="-73.419537"><ele>309.4</ele><time>2026-09-18T16:46:51Z</time></rtept><rtept lat="42.088606" lon="-73.419381"><ele>302.4</ele><time>2026-09-18T16:46:51Z</time></rtept><rtept lat="42.088591" lon="-73.419228"><ele>303.0</ele><time>2026-09-18T16:46:51Z</time></rtept><rtept lat="42.088533" lon="-73.419081"><ele>299.6</ele><time>2026-09-18T16:46:51Z</time></rtept><rtept lat="42.08843" lon="-73.418719"><ele>291.2</ele><time>2026-09-18T16:46:51Z</time></rtept><rtept lat="42.088391" lon="-73.41842"><ele>283.2</ele><time>2026-09-18T16:46:51Z</time></rtept><rtept lat="42.08838" lon="-73.418114"><ele>273.4</ele><time>2026-09-18T16:46:51Z</time></rtept><rtept lat="42.088285" lon="-73.417923"><ele>270.8</ele><time>2026-09-18T16:46:51Z</time></rtept><rtept lat="42.088156" lon="-73.417775"><ele>271.6</ele><time>2026-09-18T16:46:51Z</time></rtept><rtept lat="42.088066" lon="-73.417651"><ele>269.0</ele><time>2026-09-18T16:46:51Z</time></rtept><rtept lat="42.08801" lon="-73.417541"><ele>268.8</ele><time>2026-09-18T16:46:51Z</time></rtept><rtept lat="42.088015" lon="-73.417385"><ele>266.2</ele><time>2026-09-18T16:46:51Z</time></rtept><rtept lat="42.088059" lon="-73.417268"><ele>263.8</ele><time>2026-09-18T16:46:51Z</time></rtept><rtept lat="42.088126" lon="-73.417115"><ele>260.8</ele><time>2026-09-18T16:46:51Z</time></rtept><rtept lat="42.088156" lon="-73.417031"><ele>259.8</ele><time>2026-09-18T16:46:51Z</time></rtept><rtept lat="42.088179" lon="-73.417008"><ele>259.0</ele><time>2026-09-18T16:46:51Z</time></rtept><rtept lat="42.088222" lon="-73.417027"><ele>259.0</ele><time>2026-09-18T16:46:51Z</time></rtept><rtept lat="42.088267" lon="-73.417052"><ele>259.6</ele><time>2026-09-18T16:46:51Z</time></rtept><rtept lat="42.088327" lon="-73.417074"><ele>260.8</ele><time>2026-09-18T16:46:51Z</time></rtept><rtept lat="42.088336" lon="-73.416804"><ele>259.4</ele><time>2026-09-18T16:46:51Z</time></rtept><rtept lat="42.088302" lon="-73.416643"><ele>259.8</ele><time>2026-09-18T16:46:51Z</time></rtept><rtept lat="42.088239" lon="-73.416454"><ele>259.2</ele><time>2026-09-18T16:46:51Z</time></rtept><rtept lat="42.088233" lon="-73.416271"><ele>259.8</ele><time>2026-09-18T16:46:51Z</time></rtept><rtept lat="42.088243" lon="-73.416144"><ele>260.0</ele><time>2026-09-18T16:46:51Z</time></rtept><rtept lat="42.08828" lon="-73.416045"><ele>260.0</ele><time>2026-09-18T16:46:51Z</time></rtept><rtept lat="42.088318" lon="-73.415986"><ele>260.6</ele><time>2026-09-18T16:46:51Z</time></rtept><rtept lat="42.088358" lon="-73.415947"><ele>261.0</ele><time>2026-09-18T16:46:51Z</time></rtept><rtept lat="42.088391" lon="-73.415807"><ele>260.8</ele><time>2026-09-18T16:46:51Z</time></rtept><rtept lat="42.088455" lon="-73.415706"><ele>260.4</ele><time>2026-09-18T16:46:51Z</time></rtept><rtept lat="42.088554" lon="-73.415613"><ele>259.2</ele><time>2026-09-18T16:46:51Z</time></rtept><rtept lat="42.088697" lon="-73.415431"><ele>257.4</ele><time>2026-09-18T16:46:51Z</time></rtept><rtept lat="42.088766" lon="-73.415238"><ele>257.2</ele><time>2026-09-18T16:46:51Z</time></rtept><rtept lat="42.08877" lon="-73.414946"><ele>257.4</ele><time>2026-09-18T16:46:51Z</time></rtept><rtept lat="42.08879" lon="-73.414398"><ele>254.2</ele><time>2026-09-18T16:46:51Z</time></rtept><rtept lat="42.088795" lon="-73.413641"><ele>247.0</ele><time>2026-09-18T16:46:51Z</time></rtept><rtept lat="42.08882" lon="-73.413312"><ele>244.0</ele><time>2026-09-18T16:46:51Z</time></rtept><rtept lat="42.088805" lon="-73.412747"><ele>238.0</ele><time>2026-09-18T16:46:51Z</time></rtept><rtept lat="42.08878" lon="-73.41245"><ele>236.4</ele><time>2026-09-18T16:46:51Z</time></rtept><rtept lat="42.088734" lon="-73.412297"><ele>235.8</ele><time>2026-09-18T16:46:51Z</time></rtept><rtept lat="42.088726" lon="-73.412238"><ele>235.2</ele><time>2026-09-18T16:46:51Z</time></rtept><rtept lat="42.088749" lon="-73.412185"><ele>234.8</ele><time>2026-09-18T16:46:51Z</time></rtept><rtept lat="42.088801" lon="-73.412129"><ele>235.2</ele><time>2026-09-18T16:46:51Z</time></rtept><rtept lat="42.088839" lon="-73.412089"><ele>234.2</ele><time>2026-09-18T16:46:51Z</time></rtept><rtept lat="42.088849" lon="-73.412026"><ele>234.2</ele><time>2026-09-18T16:46:51Z</time></rtept><rtept lat="42.088844" lon="-73.411903"><ele>231.8</ele><time>2026-09-18T16:46:51Z</time></rtept><rtept lat="42.088838" lon="-73.41183"><ele>230.8</ele><time>2026-09-18T16:46:51Z</time></rtept><rtept lat="42.088844" lon="-73.411763"><ele>230.8</ele><time>2026-09-18T16:46:51Z</time></rtept><rtept lat="42.088886" lon="-73.411667"><ele>230.2</ele><time>2026-09-18T16:46:51Z</time></rtept><rtept lat="42.088924" lon="-73.411603"><ele>230.2</ele><time>2026-09-18T16:46:51Z</time></rtept><rtept lat="42.088971" lon="-73.411549"><ele>230.0</ele><time>2026-09-18T16:46:51Z</time></rtept><rtept lat="42.089009" lon="-73.411539"><ele>230.2</ele><time>2026-09-18T16:46:51Z</time></rtept><rtept lat="42.089037" lon="-73.411538"><ele>230.2</ele><time>2026-09-18T16:46:51Z</time></rtept><rtept lat="42.089037" lon="-73.411538"><ele>230.2</ele><time>2026-09-18T16:46:51Z</time></rtept><rtept lat="42.089199" lon="-73.411534"><ele>230.2</ele><time>2026-09-18T16:46:51Z</time></rtept><rtept lat="42.089274" lon="-73.411502"><ele>230.6</ele><time>2026-09-18T16:46:51Z</time></rtept><rtept lat="42.089334" lon="-73.411465"><ele>230.8</ele><time>2026-09-18T16:46:51Z</time></rtept><rtept lat="42.089451" lon="-73.411347"><ele>232.4</ele><time>2026-09-18T16:46:51Z</time></rtept><rtept lat="42.089476" lon="-73.411279"><ele>233.2</ele><time>2026-09-18T16:46:51Z</time></rtept><rtept lat="42.089502" lon="-73.411178"><ele>234.2</ele><time>2026-09-18T16:46:51Z</time></rtept><rtept lat="42.089732" lon="-73.41116"><ele>235.0</ele><time>2026-09-18T16:46:51Z</time></rtept><rtept lat="42.089905" lon="-73.411054"><ele>236.0</ele><time>2026-09-18T16:46:51Z</time></rtept><rtept lat="42.090344" lon="-73.411027"><ele>239.0</ele><time>2026-09-18T16:46:51Z</time></rtept><rtept lat="42.090865" lon="-73.411026"><ele>239.8</ele><time>2026-09-18T16:46:51Z</time></rtept><rtept lat="42.091509" lon="-73.410977"><ele>240.8</ele><time>2026-09-18T16:46:51Z</time></rtept><rtept lat="42.092007" lon="-73.410913"><ele>243.0</ele><time>2026-09-18T16:46:51Z</time></rtept><rtept lat="42.092508" lon="-73.410776"><ele>244.4</ele><time>2026-09-18T16:46:51Z</time></rtept><rtept lat="42.093025" lon="-73.410664"><ele>245.6</ele><time>2026-09-18T16:46:51Z</time></rtept><rtept lat="42.093599" lon="-73.410538"><ele>245.6</ele><time>2026-09-18T16:46:51Z</time></rtept><rtept lat="42.094184" lon="-73.410401"><ele>246.6</ele><time>2026-09-18T16:46:51Z</time></rtept><rtept lat="42.094652" lon="-73.410282"><ele>247.8</ele><time>2026-09-18T16:46:51Z</time></rtept><rtept lat="42.094696" lon="-73.410272"><ele>248.0</ele><time>2026-09-18T16:46:51Z</time></rtept><rtept lat="42.095057" lon="-73.410188"><ele>248.8</ele><time>2026-09-18T16:46:51Z</time></rtept><rtept lat="42.09522" lon="-73.410149"><ele>249.0</ele><time>2026-09-18T16:46:51Z</time></rtept><rtept lat="42.095483" lon="-73.41008"><ele>249.4</ele><time>2026-09-18T16:46:51Z</time></rtept><rtept lat="42.095837" lon="-73.409987"><ele>250.2</ele><time>2026-09-18T16:46:51Z</time></rtept><rtept lat="42.096569" lon="-73.409798"><ele>250.6</ele><time>2026-09-18T16:46:51Z</time></rtept><rtept lat="42.096893" lon="-73.409716"><ele>248.8</ele><time>2026-09-18T16:46:51Z</time></rtept><rtept lat="42.097144" lon="-73.409653"><ele>247.8</ele><time>2026-09-18T16:46:51Z</time></rtept><rtept lat="42.097177" lon="-73.409646"><ele>247.8</ele><time>2026-09-18T16:46:51Z</time></rtept><rtept lat="42.097924" lon="-73.409492"><ele>243.0</ele><time>2026-09-18T16:46:51Z</time></rtept><rtept lat="42.098104" lon="-73.409452"><ele>241.4</ele><time>2026-09-18T16:46:51Z</time></rtept><rtept lat="42.098618" lon="-73.409336"><ele>238.6</ele><time>2026-09-18T16:46:51Z</time></rtept><rtept lat="42.099234" lon="-73.409206"><ele>236.2</ele><time>2026-09-18T16:46:51Z</time></rtept><rtept lat="42.099921" lon="-73.409076"><ele>232.2</ele><time>2026-09-18T16:46:51Z</time></rtept><rtept lat="42.100511" lon="-73.408947"><ele>230.0</ele><time>2026-09-18T16:46:51Z</time></rtept><rtept lat="42.100568" lon="-73.408935"><ele>230.0</ele><time>2026-09-18T16:46:51Z</time></rtept><rtept lat="42.101196" lon="-73.408801"><ele>226.0</ele><time>2026-09-18T16:46:51Z</time></rtept><rtept lat="42.101883" lon="-73.408648"><ele>223.8</ele><time>2026-09-18T16:46:51Z</time></rtept><rtept lat="42.102536" lon="-73.408506"><ele>221.2</ele><time>2026-09-18T16:46:51Z</time></rtept><rtept lat="42.102907" lon="-73.408381"><ele>220.8</ele><time>2026-09-18T16:46:51Z</time></rtept><rtept lat="42.10317" lon="-73.408279"><ele>220.8</ele><time>2026-09-18T16:46:51Z</time></rtept><rtept lat="42.103508" lon="-73.408116"><ele>220.4</ele><time>2026-09-18T16:46:51Z</time></rtept><rtept lat="42.103907" lon="-73.407897"><ele>220.4</ele><time>2026-09-18T16:46:51Z</time></rtept><rtept lat="42.104291" lon="-73.407682"><ele>222.2</ele><time>2026-09-18T16:46:51Z</time></rtept><rtept lat="42.104703" lon="-73.407452"><ele>223.8</ele><time>2026-09-18T16:46:51Z</time></rtept><rtept lat="42.105046" lon="-73.407259"><ele>224.8</ele><time>2026-09-18T16:46:51Z</time></rtept><rtept lat="42.10546" lon="-73.407038"><ele>224.2</ele><time>2026-09-18T16:46:51Z</time></rtept><rtept lat="42.105731" lon="-73.406895"><ele>224.8</ele><time>2026-09-18T16:46:51Z</time></rtept><rtept lat="42.105961" lon="-73.406773"><ele>225.0</ele><time>2026-09-18T16:46:51Z</time></rtept><rtept lat="42.106253" lon="-73.406631"><ele>225.0</ele><time>2026-09-18T16:46:51Z</time></rtept><rtept lat="42.106671" lon="-73.406482"><ele>223.2</ele><time>2026-09-18T16:46:51Z</time></rtept><rtept lat="42.107137" lon="-73.406413"><ele>224.0</ele><time>2026-09-18T16:46:51Z</time></rtept><rtept lat="42.107539" lon="-73.406463"><ele>224.8</ele><time>2026-09-18T16:46:51Z</time></rtept><rtept lat="42.107556" lon="-73.406467"><ele>224.8</ele><time>2026-09-18T16:46:51Z</time></rtept><rtept lat="42.108043" lon="-73.406589"><ele>224.8</ele><time>2026-09-18T16:46:51Z</time></rtept><rtept lat="42.108431" lon="-73.406725"><ele>226.0</ele><time>2026-09-18T16:46:51Z</time></rtept><rtept lat="42.108927" lon="-73.406892"><ele>227.0</ele><time>2026-09-18T16:46:51Z</time></rtept><rtept lat="42.109453" lon="-73.407089"><ele>228.2</ele><time>2026-09-18T16:46:51Z</time></rtept><rtept lat="42.109684" lon="-73.407185"><ele>228.0</ele><time>2026-09-18T16:46:51Z</time></rtept><rtept lat="42.109841" lon="-73.407251"><ele>227.4</ele><time>2026-09-18T16:46:51Z</time></rtept><rtept lat="42.110019" lon="-73.407325"><ele>228.0</ele><time>2026-09-18T16:46:51Z</time></rtept><rtept lat="42.11046" lon="-73.4076"><ele>229.2</ele><time>2026-09-18T16:46:51Z</time></rtept><rtept lat="42.110844" lon="-73.407809"><ele>228.0</ele><time>2026-09-18T16:46:51Z</time></rtept><rtept lat="42.111064" lon="-73.407835"><ele>227.6</ele><time>2026-09-18T16:46:51Z</time></rtept><rtept lat="42.111123" lon="-73.407842"><ele>228.2</ele><time>2026-09-18T16:46:51Z</time></rtept><rtept lat="42.111295" lon="-73.407863"><ele>230.8</ele><time>2026-09-18T16:46:51Z</time></rtept><rtept lat="42.11168" lon="-73.407843"><ele>230.8</ele><time>2026-09-18T16:46:51Z</time></rtept><rtept lat="42.11199" lon="-73.407846"><ele>231.8</ele><time>2026-09-18T16:46:51Z</time></rtept><rtept lat="42.112014" lon="-73.407846"><ele>231.8</ele><time>2026-09-18T16:46:51Z</time></rtept><rtept lat="42.112512" lon="-73.407908"><ele>233.4</ele><time>2026-09-18T16:46:51Z</time></rtept><rtept lat="42.112991" lon="-73.407998"><ele>236.0</ele><time>2026-09-18T16:46:51Z</time></rtept><rtept lat="42.113534" lon="-73.408097"><ele>237.4</ele><time>2026-09-18T16:46:51Z</time></rtept><rtept lat="42.11397" lon="-73.408145"><ele>238.0</ele><time>2026-09-18T16:46:51Z</time></rtept><rtept lat="42.114361" lon="-73.408174"><ele>238.6</ele><time>2026-09-18T16:46:51Z</time></rtept><rtept lat="42.114413" lon="-73.408178"><ele>238.6</ele><time>2026-09-18T16:46:51Z</time></rtept><rtept lat="42.114815" lon="-73.408202"><ele>239.2</ele><time>2026-09-18T16:46:51Z</time></rtept><rtept lat="42.115226" lon="-73.408182"><ele>239.6</ele><time>2026-09-18T16:46:51Z</time></rtept><rtept lat="42.115504" lon="-73.408118"><ele>240.8</ele><time>2026-09-18T16:46:51Z</time></rtept><rtept lat="42.115617" lon="-73.408073"><ele>241.0</ele><time>2026-09-18T16:46:51Z</time></rtept><rtept lat="42.115946" lon="-73.40795"><ele>241.8</ele><time>2026-09-18T16:46:51Z</time></rtept><rtept lat="42.116428" lon="-73.407804"><ele>240.0</ele><time>2026-09-18T16:46:51Z</time></rtept><rtept lat="42.116864" lon="-73.407588"><ele>239.4</ele><time>2026-09-18T16:46:51Z</time></rtept><rtept lat="42.117295" lon="-73.407364"><ele>235.8</ele><time>2026-09-18T16:46:51Z</time></rtept><rtept lat="42.117751" lon="-73.407226"><ele>233.0</ele><time>2026-09-18T16:46:51Z</time></rtept><rtept lat="42.118174" lon="-73.407309"><ele>231.4</ele><time>2026-09-18T16:46:51Z</time></rtept><rtept lat="42.118753" lon="-73.407533"><ele>230.8</ele><time>2026-09-18T16:46:51Z</time></rtept><rtept lat="42.119237" lon="-73.407735"><ele>228.8</ele><time>2026-09-18T16:46:51Z</time></rtept><rtept lat="42.119772" lon="-73.407953"><ele>226.8</ele><time>2026-09-18T16:46:51Z</time></rtept><rtept lat="42.120181" lon="-73.408135"><ele>225.2</ele><time>2026-09-18T16:46:51Z</time></rtept><rtept lat="42.120526" lon="-73.408476"><ele>225.0</ele><time>2026-09-18T16:46:51Z</time></rtept><rtept lat="42.120915" lon="-73.40886"><ele>222.4</ele><time>2026-09-18T16:46:51Z</time></rtept><rtept lat="42.121278" lon="-73.409073"><ele>221.6</ele><time>2026-09-18T16:46:51Z</time></rtept><rtept lat="42.121756" lon="-73.409101"><ele>221.2</ele><time>2026-09-18T16:46:51Z</time></rtept><rtept lat="42.122187" lon="-73.408984"><ele>221.4</ele><time>2026-09-18T16:46:51Z</time></rtept><rtept lat="42.122549" lon="-73.408806"><ele>222.0</ele><time>2026-09-18T16:46:51Z</time></rtept><rtept lat="42.122867" lon="-73.40867"><ele>222.4</ele><time>2026-09-18T16:46:51Z</time></rtept><rtept lat="42.123242" lon="-73.408628"><ele>222.6</ele><time>2026-09-18T16:46:51Z</time></rtept><rtept lat="42.123573" lon="-73.408688"><ele>222.8</ele><time>2026-09-18T16:46:51Z</time></rtept><rtept lat="42.123918" lon="-73.408906"><ele>223.0</ele><time>2026-09-18T16:46:51Z</time></rtept><rtept lat="42.124012" lon="-73.40897"><ele>223.0</ele><time>2026-09-18T16:46:51Z</time></rtept><rtept lat="42.124289" lon="-73.409158"><ele>222.8</ele><time>2026-09-18T16:46:51Z</time></rtept><rtept lat="42.124741" lon="-73.409395"><ele>223.4</ele><time>2026-09-18T16:46:51Z</time></rtept><rtept lat="42.125236" lon="-73.409649"><ele>223.0</ele><time>2026-09-18T16:46:51Z</time></rtept><rtept lat="42.125743" lon="-73.409903"><ele>221.4</ele><time>2026-09-18T16:46:51Z</time></rtept><rtept lat="42.126214" lon="-73.41012"><ele>222.6</ele><time>2026-09-18T16:46:51Z</time></rtept><rtept lat="42.126739" lon="-73.410344"><ele>225.4</ele><time>2026-09-18T16:46:51Z</time></rtept><rtept lat="42.12715" lon="-73.410483"><ele>225.8</ele><time>2026-09-18T16:46:51Z</time></rtept><rtept lat="42.127571" lon="-73.410585"><ele>225.8</ele><time>2026-09-18T16:46:51Z</time></rtept><rtept lat="42.127626" lon="-73.410594"><ele>225.8</ele><time>2026-09-18T16:46:51Z</time></rtept><rtept lat="42.128017" lon="-73.410658"><ele>225.2</ele><time>2026-09-18T16:46:51Z</time></rtept><rtept lat="42.128346" lon="-73.410704"><ele>223.2</ele><time>2026-09-18T16:46:51Z</time></rtept><rtept lat="42.128742" lon="-73.410748"><ele>223.0</ele><time>2026-09-18T16:46:51Z</time></rtept><rtept lat="42.129072" lon="-73.411023"><ele>222.2</ele><time>2026-09-18T16:46:51Z</time></rtept><rtept lat="42.12916" lon="-73.411109"><ele>222.2</ele><time>2026-09-18T16:46:51Z</time></rtept><rtept lat="42.129404" lon="-73.411393"><ele>224.0</ele><time>2026-09-18T16:46:51Z</time></rtept><rtept lat="42.129705" lon="-73.411873"><ele>227.6</ele><time>2026-09-18T16:46:51Z</time></rtept><rtept lat="42.129918" lon="-73.412522"><ele>230.4</ele><time>2026-09-18T16:46:51Z</time></rtept><rtept lat="42.130123" lon="-73.413091"><ele>233.2</ele><time>2026-09-18T16:46:51Z</time></rtept><rtept lat="42.130406" lon="-73.413777"><ele>234.6</ele><time>2026-09-18T16:46:51Z</time></rtept><rtept lat="42.130704" lon="-73.414406"><ele>235.6</ele><time>2026-09-18T16:46:51Z</time></rtept><rtept lat="42.130937" lon="-73.414966"><ele>235.8</ele><time>2026-09-18T16:46:51Z</time></rtept><rtept lat="42.131258" lon="-73.415643"><ele>236.6</ele><time>2026-09-18T16:46:51Z</time></rtept><rtept lat="42.131346" lon="-73.415858"><ele>237.2</ele><time>2026-09-18T16:46:51Z</time></rtept><rtept lat="42.131367" lon="-73.415908"><ele>237.2</ele><time>2026-09-18T16:46:51Z</time></rtept><rtept lat="42.131567" lon="-73.416392"><ele>238.2</ele><time>2026-09-18T16:46:51Z</time></rtept><rtept lat="42.131843" lon="-73.417037"><ele>239.4</ele><time>2026-09-18T16:46:51Z</time></rtept><rtept lat="42.132099" lon="-73.417475"><ele>240.8</ele><time>2026-09-18T16:46:51Z</time></rtept><rtept lat="42.132159" lon="-73.417562"><ele>241.4</ele><time>2026-09-18T16:46:51Z</time></rtept><rtept lat="42.132412" lon="-73.417955"><ele>242.4</ele><time>2026-09-18T16:46:51Z</time></rtept><rtept lat="42.132744" lon="-73.418511"><ele>242.8</ele><time>2026-09-18T16:46:51Z</time></rtept><rtept lat="42.13277" lon="-73.418555"><ele>243.2</ele><time>2026-09-18T16:46:51Z</time></rtept><rtept lat="42.133107" lon="-73.419132"><ele>245.4</ele><time>2026-09-18T16:46:51Z</time></rtept><rtept lat="42.133361" lon="-73.419563"><ele>249.4</ele><time>2026-09-18T16:46:51Z</time></rtept><rtept lat="42.133723" lon="-73.419998"><ele>252.0</ele><time>2026-09-18T16:46:51Z</time></rtept><rtept lat="42.134121" lon="-73.420442"><ele>253.6</ele><time>2026-09-18T16:46:51Z</time></rtept><rtept lat="42.134504" lon="-73.420769"><ele>253.2</ele><time>2026-09-18T16:46:51Z</time></rtept><rtept lat="42.134704" lon="-73.420886"><ele>253.0</ele><time>2026-09-18T16:46:51Z</time></rtept><rtept lat="42.134764" lon="-73.420921"><ele>252.6</ele><time>2026-09-18T16:46:51Z</time></rtept><rtept lat="42.134954" lon="-73.421032"><ele>251.4</ele><time>2026-09-18T16:46:51Z</time></rtept><rtept lat="42.134988" lon="-73.421052"><ele>251.2</ele><time>2026-09-18T16:46:51Z</time></rtept><rtept lat="42.135424" lon="-73.4213"><ele>250.8</ele><time>2026-09-18T16:46:51Z</time></rtept><rtept lat="42.135855" lon="-73.421562"><ele>250.2</ele><time>2026-09-18T16:46:51Z</time></rtept><rtept lat="42.136217" lon="-73.421861"><ele>249.6</ele><time>2026-09-18T16:46:51Z</time></rtept><rtept lat="42.136315" lon="-73.421998"><ele>248.6</ele><time>2026-09-18T16:46:51Z</time></rtept><rtept lat="42.136473" lon="-73.422222"><ele>247.4</ele><time>2026-09-18T16:46:51Z</time></rtept><rtept lat="42.13677" lon="-73.422759"><ele>245.0</ele><time>2026-09-18T16:46:51Z</time></rtept><rtept lat="42.137054" lon="-73.423199"><ele>245.0</ele><time>2026-09-18T16:46:51Z</time></rtept><rtept lat="42.137248" lon="-73.423482"><ele>244.6</ele><time>2026-09-18T16:46:51Z</time></rtept><rtept lat="42.13743" lon="-73.423746"><ele>244.6</ele><time>2026-09-18T16:46:51Z</time></rtept><rtept lat="42.137747" lon="-73.424231"><ele>245.4</ele><time>2026-09-18T16:46:51Z</time></rtept><rtept lat="42.138096" lon="-73.424777"><ele>246.6</ele><time>2026-09-18T16:46:51Z</time></rtept><rtept lat="42.138506" lon="-73.425255"><ele>247.8</ele><time>2026-09-18T16:46:51Z</time></rtept><rtept lat="42.138913" lon="-73.425575"><ele>249.2</ele><time>2026-09-18T16:46:51Z</time></rtept><rtept lat="42.139376" lon="-73.425835"><ele>250.8</ele><time>2026-09-18T16:46:51Z</time></rtept><rtept lat="42.139709" lon="-73.426108"><ele>250.2</ele><time>2026-09-18T16:46:51Z</time></rtept><rtept lat="42.13995" lon="-73.426393"><ele>250.6</ele><time>2026-09-18T16:46:51Z</time></rtept><rtept lat="42.140204" lon="-73.426645"><ele>248.8</ele><time>2026-09-18T16:46:51Z</time></rtept><rtept lat="42.140514" lon="-73.426812"><ele>247.2</ele><time>2026-09-18T16:46:51Z</time></rtept><rtept lat="42.140807" lon="-73.426906"><ele>246.6</ele><time>2026-09-18T16:46:51Z</time></rtept><rtept lat="42.141155" lon="-73.427025"><ele>246.6</ele><time>2026-09-18T16:46:51Z</time></rtept><rtept lat="42.14145" lon="-73.427281"><ele>248.0</ele><time>2026-09-18T16:46:51Z</time></rtept><rtept lat="42.141575" lon="-73.427454"><ele>248.8</ele><time>2026-09-18T16:46:51Z</time></rtept><rtept lat="42.141768" lon="-73.4272"><ele>247.2</ele><time>2026-09-18T16:46:51Z</time></rtept><rtept lat="42.141962" lon="-73.426946"><ele>245.6</ele><time>2026-09-18T16:46:51Z</time></rtept><rtept lat="42.142155" lon="-73.426693"><ele>245.2</ele><time>2026-09-18T16:46:51Z</time></rtept><rtept lat="42.142348" lon="-73.426439"><ele>244.8</ele><time>2026-09-18T16:46:51Z</time></rtept><rtept lat="42.142463" lon="-73.426289"><ele>244.4</ele><time>2026-09-18T16:46:51Z</time></rtept><rtept lat="42.142463" lon="-73.426289"><ele>244.4</ele><time>2026-09-18T16:46:51Z</time></rtept><rtept lat="42.14227" lon="-73.426543"><ele>245.0</ele><time>2026-09-18T16:46:51Z</time></rtept><rtept lat="42.142076" lon="-73.426796"><ele>245.4</ele><time>2026-09-18T16:46:51Z</time></rtept><rtept lat="42.141883" lon="-73.42705"><ele>246.2</ele><time>2026-09-18T16:46:51Z</time></rtept><rtept lat="42.141689" lon="-73.427304"><ele>248.2</ele><time>2026-09-18T16:46:51Z</time></rtept><rtept lat="42.141575" lon="-73.427454"><ele>248.8</ele><time>2026-09-18T16:46:51Z</time></rtept><rtept lat="42.141691" lon="-73.427615"><ele>249.4</ele><time>2026-09-18T16:46:51Z</time></rtept><rtept lat="42.14197" lon="-73.428056"><ele>250.6</ele><time>2026-09-18T16:46:51Z</time></rtept><rtept lat="42.142207" lon="-73.428328"><ele>251.4</ele><time>2026-09-18T16:46:51Z</time></rtept><rtept lat="42.142512" lon="-73.428708"><ele>253.8</ele><time>2026-09-18T16:46:51Z</time></rtept><rtept lat="42.142839" lon="-73.429121"><ele>254.2</ele><time>2026-09-18T16:46:51Z</time></rtept><rtept lat="42.143156" lon="-73.429512"><ele>255.2</ele><time>2026-09-18T16:46:51Z</time></rtept><rtept lat="42.143483" lon="-73.429959"><ele>258.4</ele><time>2026-09-18T16:46:51Z</time></rtept><rtept lat="42.143783" lon="-73.430336"><ele>261.8</ele><time>2026-09-18T16:46:51Z</time></rtept><rtept lat="42.144069" lon="-73.4307"><ele>262.0</ele><time>2026-09-18T16:46:51Z</time></rtept><rtept lat="42.144321" lon="-73.431151"><ele>262.6</ele><time>2026-09-18T16:46:51Z</time></rtept><rtept lat="42.144379" lon="-73.431242"><ele>263.2</ele><time>2026-09-18T16:46:51Z</time></rtept><rtept lat="42.144508" lon="-73.431445"><ele>264.6</ele><time>2026-09-18T16:46:51Z</time></rtept><rtept lat="42.14461" lon="-73.431618"><ele>265.0</ele><time>2026-09-18T16:46:51Z</time></rtept><rtept lat="42.14456" lon="-73.43167"><ele>265.6</ele><time>2026-09-18T16:46:51Z</time></rtept><rtept lat="42.144551" lon="-73.431679"><ele>266.0</ele><time>2026-09-18T16:46:51Z</time></rtept></rte></gpx>