<?xml version="1.0" ?><gpx xmlns="http://www.topografix.com/GPX/1/1" creator="GaiaGPS" version="1.1" xmlns:xsi="http://www.w3.org/2001/XMLSchema-instance" xsi:schemaLocation="http://www.topografix.com/GPX/1/1 http://www.topografix.com/GPX/1/1/gpx.xsd"><wpt lat="38.588957000245045" lon="-78.38212016541621"><time>2026-09-18T03:09:42Z</time><name>Night 1</name><desc>Cold ass night, dropped to low 20s. Went to bed with full jacket fleece hat gloves and long johns and pants.</desc><sym>emoji-⛺</sym></wpt><wpt lat="38.57218333353552" lon="-78.32555479274488"><time>2026-09-18T03:18:10Z</time><name>Night 2</name><desc>Camped by the river. Broken back run. Read a book before bed. Warmer than last night.</desc><sym>emoji-⛺</sym></wpt><wpt lat="38.539040382441726" lon="-78.3480145297812"><time>2026-09-18T03:24:55Z</time><name>Start/End</name></wpt><rte><name>Shenandoah Route</name><desc>Loop around shenandoah national park</desc><extensions><line xmlns="http://www.topografix.com/GPX/gpx_style/0/2"><color>F42410</color></line></extensions><rtept lat="38.539601" lon="-78.349344"><ele>341.2</ele><time>2026-09-18T02:59:49Z</time></rtept><rtept lat="38.539574" lon="-78.349319"><ele>341.0</ele><time>2026-09-18T02:59:49Z</time></rtept><rtept lat="38.53965" lon="-78.34938"><ele>341.4</ele><time>2026-09-18T02:59:49Z</time></rtept><rtept lat="38.539817" lon="-78.349523"><ele>342.4</ele><time>2026-09-18T02:59:49Z</time></rtept><rtept lat="38.539986" lon="-78.349789"><ele>343.8</ele><time>2026-09-18T02:59:49Z</time></rtept><rtept lat="38.53996" lon="-78.350101"><ele>343.8</ele><time>2026-09-18T02:59:49Z</time></rtept><rtept lat="38.53997" lon="-78.350156"><ele>344.0</ele><time>2026-09-18T02:59:49Z</time></rtept><rtept lat="38.540011" lon="-78.350199"><ele>344.2</ele><time>2026-09-18T02:59:49Z</time></rtept><rtept lat="38.54025" lon="-78.350316"><ele>345.6</ele><time>2026-09-18T02:59:49Z</time></rtept><rtept lat="38.540347" lon="-78.350447"><ele>346.2</ele><time>2026-09-18T02:59:49Z</time></rtept><rtept lat="38.540386" lon="-78.350594"><ele>347.2</ele><time>2026-09-18T02:59:49Z</time></rtept><rtept lat="38.540575" lon="-78.350833"><ele>349.2</ele><time>2026-09-18T02:59:49Z</time></rtept><rtept lat="38.540584" lon="-78.350847"><ele>349.0</ele><time>2026-09-18T02:59:49Z</time></rtept><rtept lat="38.540584" lon="-78.350847"><ele>349.0</ele><time>2026-09-18T02:59:49Z</time></rtept><rtept lat="38.540715" lon="-78.351051"><ele>349.8</ele><time>2026-09-18T02:59:49Z</time></rtept><rtept lat="38.540617" lon="-78.351398"><ele>352.8</ele><time>2026-09-18T02:59:49Z</time></rtept><rtept lat="38.540491" lon="-78.351643"><ele>354.6</ele><time>2026-09-18T02:59:49Z</time></rtept><rtept lat="38.540287" lon="-78.351866"><ele>355.6</ele><time>2026-09-18T02:59:49Z</time></rtept><rtept lat="38.540114" lon="-78.352132"><ele>356.8</ele><time>2026-09-18T02:59:49Z</time></rtept><rtept lat="38.540001" lon="-78.352513"><ele>361.6</ele><time>2026-09-18T02:59:49Z</time></rtept><rtept lat="38.539917" lon="-78.352679"><ele>363.4</ele><time>2026-09-18T02:59:49Z</time></rtept><rtept lat="38.539689" lon="-78.353066"><ele>365.6</ele><time>2026-09-18T02:59:49Z</time></rtept><rtept lat="38.539619" lon="-78.353425"><ele>366.4</ele><time>2026-09-18T02:59:49Z</time></rtept><rtept lat="38.539564" lon="-78.353902"><ele>370.6</ele><time>2026-09-18T02:59:49Z</time></rtept><rtept lat="38.539451" lon="-78.354184"><ele>374.0</ele><time>2026-09-18T02:59:49Z</time></rtept><rtept lat="38.538915" lon="-78.354773"><ele>378.8</ele><time>2026-09-18T02:59:49Z</time></rtept><rtept lat="38.538524" lon="-78.355361"><ele>386.4</ele><time>2026-09-18T02:59:49Z</time></rtept><rtept lat="38.538195" lon="-78.355625"><ele>387.6</ele><time>2026-09-18T02:59:49Z</time></rtept><rtept lat="38.538195" lon="-78.355625"><ele>387.6</ele><time>2026-09-18T02:59:49Z</time></rtept><rtept lat="38.538167" lon="-78.355648"><ele>387.6</ele><time>2026-09-18T02:59:49Z</time></rtept><rtept lat="38.538041" lon="-78.355885"><ele>389.0</ele><time>2026-09-18T02:59:49Z</time></rtept><rtept lat="38.538052" lon="-78.356037"><ele>390.2</ele><time>2026-09-18T02:59:49Z</time></rtept><rtept lat="38.537837" lon="-78.356441"><ele>397.0</ele><time>2026-09-18T02:59:49Z</time></rtept><rtept lat="38.537644" lon="-78.356864"><ele>405.4</ele><time>2026-09-18T02:59:49Z</time></rtept><rtept lat="38.537221" lon="-78.357721"><ele>409.4</ele><time>2026-09-18T02:59:49Z</time></rtept><rtept lat="38.537177" lon="-78.357848"><ele>413.6</ele><time>2026-09-18T02:59:49Z</time></rtept><rtept lat="38.537142" lon="-78.358097"><ele>414.0</ele><time>2026-09-18T02:59:49Z</time></rtept><rtept lat="38.537082" lon="-78.358254"><ele>413.6</ele><time>2026-09-18T02:59:49Z</time></rtept><rtept lat="38.536951" lon="-78.358422"><ele>409.8</ele><time>2026-09-18T02:59:49Z</time></rtept><rtept lat="38.536919" lon="-78.358567"><ele>410.8</ele><time>2026-09-18T02:59:49Z</time></rtept><rtept lat="38.537014" lon="-78.358824"><ele>412.2</ele><time>2026-09-18T02:59:49Z</time></rtept><rtept lat="38.536996" lon="-78.358956"><ele>411.8</ele><time>2026-09-18T02:59:49Z</time></rtept><rtept lat="38.536994" lon="-78.359234"><ele>416.8</ele><time>2026-09-18T02:59:49Z</time></rtept><rtept lat="38.536963" lon="-78.359346"><ele>418.6</ele><time>2026-09-18T02:59:49Z</time></rtept><rtept lat="38.536851" lon="-78.359344"><ele>413.6</ele><time>2026-09-18T02:59:49Z</time></rtept><rtept lat="38.536749" lon="-78.359335"><ele>416.4</ele><time>2026-09-18T02:59:49Z</time></rtept><rtept lat="38.536702" lon="-78.359363"><ele>416.4</ele><time>2026-09-18T02:59:49Z</time></rtept><rtept lat="38.536652" lon="-78.359449"><ele>420.2</ele><time>2026-09-18T02:59:49Z</time></rtept><rtept lat="38.536605" lon="-78.359555"><ele>424.2</ele><time>2026-09-18T02:59:49Z</time></rtept><rtept lat="38.536567" lon="-78.359704"><ele>424.4</ele><time>2026-09-18T02:59:49Z</time></rtept><rtept lat="38.536503" lon="-78.359676"><ele>427.6</ele><time>2026-09-18T02:59:49Z</time></rtept><rtept lat="38.536412" lon="-78.359606"><ele>437.2</ele><time>2026-09-18T02:59:49Z</time></rtept><rtept lat="38.536396" lon="-78.359766"><ele>438.0</ele><time>2026-09-18T02:59:49Z</time></rtept><rtept lat="38.536354" lon="-78.359997"><ele>440.4</ele><time>2026-09-18T02:59:49Z</time></rtept><rtept lat="38.536363" lon="-78.36027"><ele>444.6</ele><time>2026-09-18T02:59:49Z</time></rtept><rtept lat="38.536338" lon="-78.360441"><ele>453.4</ele><time>2026-09-18T02:59:49Z</time></rtept><rtept lat="38.536365" lon="-78.360729"><ele>456.8</ele><time>2026-09-18T02:59:49Z</time></rtept><rtept lat="38.536517" lon="-78.360912"><ele>458.6</ele><time>2026-09-18T02:59:49Z</time></rtept><rtept lat="38.53676" lon="-78.361111"><ele>457.4</ele><time>2026-09-18T02:59:49Z</time></rtept><rtept lat="38.536864" lon="-78.361247"><ele>457.0</ele><time>2026-09-18T02:59:49Z</time></rtept><rtept lat="38.537075" lon="-78.361404"><ele>453.0</ele><time>2026-09-18T02:59:49Z</time></rtept><rtept lat="38.537157" lon="-78.361537"><ele>451.4</ele><time>2026-09-18T02:59:49Z</time></rtept><rtept lat="38.53716" lon="-78.361654"><ele>455.0</ele><time>2026-09-18T02:59:49Z</time></rtept><rtept lat="38.537173" lon="-78.361884"><ele>463.2</ele><time>2026-09-18T02:59:49Z</time></rtept><rtept lat="38.537229" lon="-78.362117"><ele>464.4</ele><time>2026-09-18T02:59:49Z</time></rtept><rtept lat="38.537326" lon="-78.362405"><ele>483.6</ele><time>2026-09-18T02:59:49Z</time></rtept><rtept lat="38.537521" lon="-78.36248"><ele>481.0</ele><time>2026-09-18T02:59:49Z</time></rtept><rtept lat="38.537737" lon="-78.362548"><ele>473.0</ele><time>2026-09-18T02:59:49Z</time></rtept><rtept lat="38.537896" lon="-78.362686"><ele>474.4</ele><time>2026-09-18T02:59:49Z</time></rtept><rtept lat="38.538047" lon="-78.362853"><ele>478.4</ele><time>2026-09-18T02:59:49Z</time></rtept><rtept lat="38.53818" lon="-78.362995"><ele>482.2</ele><time>2026-09-18T02:59:49Z</time></rtept><rtept lat="38.538268" lon="-78.363066"><ele>481.0</ele><time>2026-09-18T02:59:49Z</time></rtept><rtept lat="38.538414" lon="-78.363167"><ele>486.8</ele><time>2026-09-18T02:59:49Z</time></rtept><rtept lat="38.538482" lon="-78.363333"><ele>491.0</ele><time>2026-09-18T02:59:49Z</time></rtept><rtept lat="38.538535" lon="-78.363544"><ele>495.6</ele><time>2026-09-18T02:59:49Z</time></rtept><rtept lat="38.538684" lon="-78.363666"><ele>495.4</ele><time>2026-09-18T02:59:49Z</time></rtept><rtept lat="38.538836" lon="-78.363718"><ele>495.2</ele><time>2026-09-18T02:59:49Z</time></rtept><rtept lat="38.53896" lon="-78.363757"><ele>494.2</ele><time>2026-09-18T02:59:49Z</time></rtept><rtept lat="38.539124" lon="-78.363901"><ele>498.0</ele><time>2026-09-18T02:59:49Z</time></rtept><rtept lat="38.539204" lon="-78.364074"><ele>500.2</ele><time>2026-09-18T02:59:49Z</time></rtept><rtept lat="38.539204" lon="-78.364074"><ele>500.2</ele><time>2026-09-18T02:59:49Z</time></rtept><rtept lat="38.539229" lon="-78.364127"><ele>502.8</ele><time>2026-09-18T02:59:49Z</time></rtept><rtept lat="38.539393" lon="-78.364557"><ele>514.2</ele><time>2026-09-18T02:59:49Z</time></rtept><rtept lat="38.539546" lon="-78.364757"><ele>517.6</ele><time>2026-09-18T02:59:49Z</time></rtept><rtept lat="38.539821" lon="-78.364917"><ele>517.8</ele><time>2026-09-18T02:59:49Z</time></rtept><rtept lat="38.540404" lon="-78.365441"><ele>528.2</ele><time>2026-09-18T02:59:49Z</time></rtept><rtept lat="38.540756" lon="-78.365843"><ele>542.4</ele><time>2026-09-18T02:59:49Z</time></rtept><rtept lat="38.540823" lon="-78.365951"><ele>544.6</ele><time>2026-09-18T02:59:49Z</time></rtept><rtept lat="38.540906" lon="-78.366167"><ele>553.8</ele><time>2026-09-18T02:59:49Z</time></rtept><rtept lat="38.54115" lon="-78.36616"><ele>545.2</ele><time>2026-09-18T02:59:49Z</time></rtept><rtept lat="38.541268" lon="-78.366267"><ele>547.6</ele><time>2026-09-18T02:59:49Z</time></rtept><rtept lat="38.541331" lon="-78.366444"><ele>553.4</ele><time>2026-09-18T02:59:49Z</time></rtept><rtept lat="38.541423" lon="-78.366589"><ele>555.6</ele><time>2026-09-18T02:59:49Z</time></rtept><rtept lat="38.541532" lon="-78.366675"><ele>556.4</ele><time>2026-09-18T02:59:49Z</time></rtept><rtept lat="38.541666" lon="-78.366825"><ele>559.8</ele><time>2026-09-18T02:59:49Z</time></rtept><rtept lat="38.541859" lon="-78.366922"><ele>558.2</ele><time>2026-09-18T02:59:49Z</time></rtept><rtept lat="38.542011" lon="-78.367083"><ele>561.2</ele><time>2026-09-18T02:59:49Z</time></rtept><rtept lat="38.542212" lon="-78.367351"><ele>571.2</ele><time>2026-09-18T02:59:49Z</time></rtept><rtept lat="38.542426" lon="-78.367603"><ele>578.6</ele><time>2026-09-18T02:59:49Z</time></rtept><rtept lat="38.542561" lon="-78.367787"><ele>583.4</ele><time>2026-09-18T02:59:49Z</time></rtept><rtept lat="38.542583" lon="-78.367835"><ele>584.8</ele><time>2026-09-18T02:59:49Z</time></rtept><rtept lat="38.542518" lon="-78.367898"><ele>589.4</ele><time>2026-09-18T02:59:49Z</time></rtept><rtept lat="38.542346" lon="-78.368021"><ele>598.6</ele><time>2026-09-18T02:59:49Z</time></rtept><rtept lat="38.542229" lon="-78.368076"><ele>605.0</ele><time>2026-09-18T02:59:49Z</time></rtept><rtept lat="38.54214" lon="-78.368132"><ele>606.8</ele><time>2026-09-18T02:59:49Z</time></rtept><rtept lat="38.542092" lon="-78.368207"><ele>612.0</ele><time>2026-09-18T02:59:49Z</time></rtept><rtept lat="38.542097" lon="-78.368308"><ele>615.8</ele><time>2026-09-18T02:59:49Z</time></rtept><rtept lat="38.542136" lon="-78.368402"><ele>620.8</ele><time>2026-09-18T02:59:49Z</time></rtept><rtept lat="38.542233" lon="-78.368579"><ele>625.2</ele><time>2026-09-18T02:59:49Z</time></rtept><rtept lat="38.542342" lon="-78.368805"><ele>623.2</ele><time>2026-09-18T02:59:49Z</time></rtept><rtept lat="38.542472" lon="-78.369"><ele>623.2</ele><time>2026-09-18T02:59:49Z</time></rtept><rtept lat="38.542493" lon="-78.369116"><ele>627.0</ele><time>2026-09-18T02:59:49Z</time></rtept><rtept lat="38.542585" lon="-78.369228"><ele>627.0</ele><time>2026-09-18T02:59:49Z</time></rtept><rtept lat="38.542736" lon="-78.369352"><ele>628.0</ele><time>2026-09-18T02:59:49Z</time></rtept><rtept lat="38.542887" lon="-78.369405"><ele>620.6</ele><time>2026-09-18T02:59:49Z</time></rtept><rtept lat="38.543008" lon="-78.369411"><ele>623.0</ele><time>2026-09-18T02:59:49Z</time></rtept><rtept lat="38.543178" lon="-78.369384"><ele>630.2</ele><time>2026-09-18T02:59:49Z</time></rtept><rtept lat="38.543209" lon="-78.36941"><ele>634.2</ele><time>2026-09-18T02:59:49Z</time></rtept><rtept lat="38.54324" lon="-78.369593"><ele>634.2</ele><time>2026-09-18T02:59:49Z</time></rtept><rtept lat="38.543272" lon="-78.369703"><ele>637.0</ele><time>2026-09-18T02:59:49Z</time></rtept><rtept lat="38.543381" lon="-78.369904"><ele>639.2</ele><time>2026-09-18T02:59:49Z</time></rtept><rtept lat="38.543517" lon="-78.370341"><ele>649.2</ele><time>2026-09-18T02:59:49Z</time></rtept><rtept lat="38.543619" lon="-78.370495"><ele>658.8</ele><time>2026-09-18T02:59:49Z</time></rtept><rtept lat="38.543641" lon="-78.370597"><ele>659.0</ele><time>2026-09-18T02:59:49Z</time></rtept><rtept lat="38.543726" lon="-78.370772"><ele>661.8</ele><time>2026-09-18T02:59:49Z</time></rtept><rtept lat="38.543739" lon="-78.370897"><ele>667.4</ele><time>2026-09-18T02:59:49Z</time></rtept><rtept lat="38.543754" lon="-78.371036"><ele>668.6</ele><time>2026-09-18T02:59:49Z</time></rtept><rtept lat="38.543884" lon="-78.371091"><ele>676.0</ele><time>2026-09-18T02:59:49Z</time></rtept><rtept lat="38.543907" lon="-78.371229"><ele>675.6</ele><time>2026-09-18T02:59:49Z</time></rtept><rtept lat="38.543919" lon="-78.371455"><ele>673.8</ele><time>2026-09-18T02:59:49Z</time></rtept><rtept lat="38.543945" lon="-78.371669"><ele>680.2</ele><time>2026-09-18T02:59:49Z</time></rtept><rtept lat="38.544016" lon="-78.371787"><ele>683.4</ele><time>2026-09-18T02:59:49Z</time></rtept><rtept lat="38.544042" lon="-78.371896"><ele>683.4</ele><time>2026-09-18T02:59:49Z</time></rtept><rtept lat="38.544045" lon="-78.372125"><ele>681.8</ele><time>2026-09-18T02:59:49Z</time></rtept><rtept lat="38.544096" lon="-78.372265"><ele>682.4</ele><time>2026-09-18T02:59:49Z</time></rtept><rtept lat="38.544217" lon="-78.372383"><ele>686.2</ele><time>2026-09-18T02:59:49Z</time></rtept><rtept lat="38.544301" lon="-78.372495"><ele>689.0</ele><time>2026-09-18T02:59:49Z</time></rtept><rtept lat="38.544427" lon="-78.372597"><ele>692.0</ele><time>2026-09-18T02:59:49Z</time></rtept><rtept lat="38.544536" lon="-78.372608"><ele>692.8</ele><time>2026-09-18T02:59:49Z</time></rtept><rtept lat="38.544683" lon="-78.372651"><ele>695.6</ele><time>2026-09-18T02:59:49Z</time></rtept><rtept lat="38.544822" lon="-78.372726"><ele>699.4</ele><time>2026-09-18T02:59:49Z</time></rtept><rtept lat="38.544918" lon="-78.372774"><ele>702.8</ele><time>2026-09-18T02:59:49Z</time></rtept><rtept lat="38.544998" lon="-78.372833"><ele>706.2</ele><time>2026-09-18T02:59:49Z</time></rtept><rtept lat="38.545065" lon="-78.372983"><ele>706.6</ele><time>2026-09-18T02:59:49Z</time></rtept><rtept lat="38.54517" lon="-78.373016"><ele>712.0</ele><time>2026-09-18T02:59:49Z</time></rtept><rtept lat="38.545249" lon="-78.373032"><ele>714.0</ele><time>2026-09-18T02:59:49Z</time></rtept><rtept lat="38.545363" lon="-78.373171"><ele>720.4</ele><time>2026-09-18T02:59:49Z</time></rtept><rtept lat="38.545539" lon="-78.373343"><ele>723.4</ele><time>2026-09-18T02:59:49Z</time></rtept><rtept lat="38.545686" lon="-78.373509"><ele>730.6</ele><time>2026-09-18T02:59:49Z</time></rtept><rtept lat="38.545854" lon="-78.373691"><ele>733.4</ele><time>2026-09-18T02:59:49Z</time></rtept><rtept lat="38.546068" lon="-78.373944"><ele>739.6</ele><time>2026-09-18T02:59:49Z</time></rtept><rtept lat="38.546305" lon="-78.374191"><ele>754.6</ele><time>2026-09-18T02:59:49Z</time></rtept><rtept lat="38.546305" lon="-78.374191"><ele>754.6</ele><time>2026-09-18T02:59:49Z</time></rtept><rtept lat="38.546315" lon="-78.374201"><ele>754.6</ele><time>2026-09-18T02:59:49Z</time></rtept><rtept lat="38.546424" lon="-78.374378"><ele>758.6</ele><time>2026-09-18T02:59:49Z</time></rtept><rtept lat="38.546504" lon="-78.374544"><ele>758.8</ele><time>2026-09-18T02:59:49Z</time></rtept><rtept lat="38.546616" lon="-78.374807"><ele>762.2</ele><time>2026-09-18T02:59:49Z</time></rtept><rtept lat="38.546855" lon="-78.375076"><ele>775.2</ele><time>2026-09-18T02:59:49Z</time></rtept><rtept lat="38.546888" lon="-78.375234"><ele>776.8</ele><time>2026-09-18T02:59:49Z</time></rtept><rtept lat="38.547033" lon="-78.375408"><ele>785.4</ele><time>2026-09-18T02:59:49Z</time></rtept><rtept lat="38.547037" lon="-78.375506"><ele>786.2</ele><time>2026-09-18T02:59:49Z</time></rtept><rtept lat="38.547146" lon="-78.375676"><ele>789.0</ele><time>2026-09-18T02:59:49Z</time></rtept><rtept lat="38.547255" lon="-78.375751"><ele>793.2</ele><time>2026-09-18T02:59:49Z</time></rtept><rtept lat="38.547389" lon="-78.375853"><ele>797.6</ele><time>2026-09-18T02:59:49Z</time></rtept><rtept lat="38.547502" lon="-78.375971"><ele>802.8</ele><time>2026-09-18T02:59:49Z</time></rtept><rtept lat="38.547654" lon="-78.376089"><ele>805.4</ele><time>2026-09-18T02:59:49Z</time></rtept><rtept lat="38.547842" lon="-78.37617"><ele>808.6</ele><time>2026-09-18T02:59:49Z</time></rtept><rtept lat="38.548031" lon="-78.376331"><ele>811.8</ele><time>2026-09-18T02:59:49Z</time></rtept><rtept lat="38.548195" lon="-78.37654"><ele>816.2</ele><time>2026-09-18T02:59:49Z</time></rtept><rtept lat="38.548363" lon="-78.376701"><ele>817.6</ele><time>2026-09-18T02:59:49Z</time></rtept><rtept lat="38.548547" lon="-78.376781"><ele>822.6</ele><time>2026-09-18T02:59:49Z</time></rtept><rtept lat="38.548681" lon="-78.376792"><ele>825.8</ele><time>2026-09-18T02:59:49Z</time></rtept><rtept lat="38.548769" lon="-78.376921"><ele>827.0</ele><time>2026-09-18T02:59:49Z</time></rtept><rtept lat="38.548941" lon="-78.377082"><ele>831.2</ele><time>2026-09-18T02:59:49Z</time></rtept><rtept lat="38.549059" lon="-78.3772"><ele>836.0</ele><time>2026-09-18T02:59:49Z</time></rtept><rtept lat="38.549245" lon="-78.377239"><ele>840.2</ele><time>2026-09-18T02:59:49Z</time></rtept><rtept lat="38.54934" lon="-78.377377"><ele>840.8</ele><time>2026-09-18T02:59:49Z</time></rtept><rtept lat="38.549466" lon="-78.377506"><ele>842.8</ele><time>2026-09-18T02:59:49Z</time></rtept><rtept lat="38.549652" lon="-78.377728"><ele>849.2</ele><time>2026-09-18T02:59:49Z</time></rtept><rtept lat="38.549803" lon="-78.377747"><ele>852.0</ele><time>2026-09-18T02:59:49Z</time></rtept><rtept lat="38.550032" lon="-78.377972"><ele>855.8</ele><time>2026-09-18T02:59:49Z</time></rtept><rtept lat="38.550125" lon="-78.378198"><ele>859.0</ele><time>2026-09-18T02:59:49Z</time></rtept><rtept lat="38.55023" lon="-78.3783"><ele>860.8</ele><time>2026-09-18T02:59:49Z</time></rtept><rtept lat="38.550355" lon="-78.378332"><ele>862.8</ele><time>2026-09-18T02:59:49Z</time></rtept><rtept lat="38.550418" lon="-78.378418"><ele>864.0</ele><time>2026-09-18T02:59:49Z</time></rtept><rtept lat="38.55046" lon="-78.378477"><ele>865.8</ele><time>2026-09-18T02:59:49Z</time></rtept><rtept lat="38.550582" lon="-78.378589"><ele>869.6</ele><time>2026-09-18T02:59:49Z</time></rtept><rtept lat="38.550766" lon="-78.378709"><ele>874.0</ele><time>2026-09-18T02:59:49Z</time></rtept><rtept lat="38.550878" lon="-78.378864"><ele>876.6</ele><time>2026-09-18T02:59:49Z</time></rtept><rtept lat="38.550997" lon="-78.37897"><ele>879.0</ele><time>2026-09-18T02:59:49Z</time></rtept><rtept lat="38.55109" lon="-78.379131"><ele>882.4</ele><time>2026-09-18T02:59:49Z</time></rtept><rtept lat="38.551215" lon="-78.379297"><ele>887.2</ele><time>2026-09-18T02:59:49Z</time></rtept><rtept lat="38.551371" lon="-78.37941"><ele>889.6</ele><time>2026-09-18T02:59:49Z</time></rtept><rtept lat="38.551564" lon="-78.379544"><ele>893.8</ele><time>2026-09-18T02:59:49Z</time></rtept><rtept lat="38.551744" lon="-78.379684"><ele>898.8</ele><time>2026-09-18T02:59:49Z</time></rtept><rtept lat="38.551914" lon="-78.379859"><ele>901.6</ele><time>2026-09-18T02:59:49Z</time></rtept><rtept lat="38.552168" lon="-78.379991"><ele>910.8</ele><time>2026-09-18T02:59:49Z</time></rtept><rtept lat="38.552244" lon="-78.380156"><ele>912.8</ele><time>2026-09-18T02:59:49Z</time></rtept><rtept lat="38.552391" lon="-78.380223"><ele>917.0</ele><time>2026-09-18T02:59:49Z</time></rtept><rtept lat="38.552424" lon="-78.380338"><ele>917.8</ele><time>2026-09-18T02:59:49Z</time></rtept><rtept lat="38.552515" lon="-78.380535"><ele>919.4</ele><time>2026-09-18T02:59:49Z</time></rtept><rtept lat="38.552516" lon="-78.380649"><ele>919.4</ele><time>2026-09-18T02:59:49Z</time></rtept><rtept lat="38.552792" lon="-78.380927"><ele>926.0</ele><time>2026-09-18T02:59:49Z</time></rtept><rtept lat="38.552955" lon="-78.380986"><ele>932.0</ele><time>2026-09-18T02:59:49Z</time></rtept><rtept lat="38.553054" lon="-78.381105"><ele>934.4</ele><time>2026-09-18T02:59:49Z</time></rtept><rtept lat="38.553091" lon="-78.381212"><ele>936.4</ele><time>2026-09-18T02:59:49Z</time></rtept><rtept lat="38.553124" lon="-78.381373"><ele>935.8</ele><time>2026-09-18T02:59:49Z</time></rtept><rtept lat="38.553233" lon="-78.381545"><ele>937.8</ele><time>2026-09-18T02:59:49Z</time></rtept><rtept lat="38.55333" lon="-78.381636"><ele>938.6</ele><time>2026-09-18T02:59:49Z</time></rtept><rtept lat="38.553464" lon="-78.381727"><ele>941.8</ele><time>2026-09-18T02:59:49Z</time></rtept><rtept lat="38.553607" lon="-78.381921"><ele>946.8</ele><time>2026-09-18T02:59:49Z</time></rtept><rtept lat="38.553762" lon="-78.382044"><ele>948.6</ele><time>2026-09-18T02:59:49Z</time></rtept><rtept lat="38.553909" lon="-78.38213"><ele>949.6</ele><time>2026-09-18T02:59:49Z</time></rtept><rtept lat="38.554035" lon="-78.382189"><ele>951.8</ele><time>2026-09-18T02:59:49Z</time></rtept><rtept lat="38.554236" lon="-78.382296"><ele>958.4</ele><time>2026-09-18T02:59:49Z</time></rtept><rtept lat="38.554358" lon="-78.382409"><ele>961.2</ele><time>2026-09-18T02:59:49Z</time></rtept><rtept lat="38.554484" lon="-78.382548"><ele>963.2</ele><time>2026-09-18T02:59:49Z</time></rtept><rtept lat="38.554567" lon="-78.382666"><ele>962.8</ele><time>2026-09-18T02:59:49Z</time></rtept><rtept lat="38.554718" lon="-78.382822"><ele>965.2</ele><time>2026-09-18T02:59:49Z</time></rtept><rtept lat="38.554819" lon="-78.382967"><ele>970.2</ele><time>2026-09-18T02:59:49Z</time></rtept><rtept lat="38.554932" lon="-78.38316"><ele>973.0</ele><time>2026-09-18T02:59:49Z</time></rtept><rtept lat="38.554991" lon="-78.383342"><ele>974.4</ele><time>2026-09-18T02:59:49Z</time></rtept><rtept lat="38.555079" lon="-78.383401"><ele>975.4</ele><time>2026-09-18T02:59:49Z</time></rtept><rtept lat="38.555167" lon="-78.38339"><ele>979.8</ele><time>2026-09-18T02:59:49Z</time></rtept><rtept lat="38.555234" lon="-78.383407"><ele>982.0</ele><time>2026-09-18T02:59:49Z</time></rtept><rtept lat="38.555331" lon="-78.383466"><ele>984.0</ele><time>2026-09-18T02:59:49Z</time></rtept><rtept lat="38.555415" lon="-78.383423"><ele>988.2</ele><time>2026-09-18T02:59:49Z</time></rtept><rtept lat="38.555478" lon="-78.383412"><ele>988.4</ele><time>2026-09-18T02:59:49Z</time></rtept><rtept lat="38.555568" lon="-78.383396"><ele>993.0</ele><time>2026-09-18T02:59:49Z</time></rtept><rtept lat="38.555609" lon="-78.383438"><ele>993.2</ele><time>2026-09-18T02:59:49Z</time></rtept><rtept lat="38.555647" lon="-78.383502"><ele>995.6</ele><time>2026-09-18T02:59:49Z</time></rtept><rtept lat="38.555659" lon="-78.383729"><ele>997.6</ele><time>2026-09-18T02:59:49Z</time></rtept><rtept lat="38.555721" lon="-78.383991"><ele>1001.6</ele><time>2026-09-18T02:59:49Z</time></rtept><rtept lat="38.555771" lon="-78.3842"><ele>1004.4</ele><time>2026-09-18T02:59:49Z</time></rtept><rtept lat="38.555813" lon="-78.384469"><ele>1004.8</ele><time>2026-09-18T02:59:49Z</time></rtept><rtept lat="38.555841" lon="-78.384726"><ele>1006.6</ele><time>2026-09-18T02:59:49Z</time></rtept><rtept lat="38.555819" lon="-78.384931"><ele>1007.0</ele><time>2026-09-18T02:59:49Z</time></rtept><rtept lat="38.555795" lon="-78.38516"><ele>1006.8</ele><time>2026-09-18T02:59:49Z</time></rtept><rtept lat="38.555814" lon="-78.385212"><ele>1006.8</ele><time>2026-09-18T02:59:49Z</time></rtept><rtept lat="38.555814" lon="-78.385212"><ele>1006.8</ele><time>2026-09-18T02:59:49Z</time></rtept><rtept lat="38.555855" lon="-78.385322"><ele>1009.2</ele><time>2026-09-18T02:59:49Z</time></rtept><rtept lat="38.555851" lon="-78.385552"><ele>1010.8</ele><time>2026-09-18T02:59:49Z</time></rtept><rtept lat="38.555776" lon="-78.385855"><ele>1017.2</ele><time>2026-09-18T02:59:49Z</time></rtept><rtept lat="38.555728" lon="-78.386039"><ele>1020.8</ele><time>2026-09-18T02:59:49Z</time></rtept><rtept lat="38.555729" lon="-78.386052"><ele>1020.8</ele><time>2026-09-18T02:59:49Z</time></rtept><rtept lat="38.555768" lon="-78.386162"><ele>1022.2</ele><time>2026-09-18T02:59:49Z</time></rtept><rtept lat="38.555833" lon="-78.386226"><ele>1023.6</ele><time>2026-09-18T02:59:49Z</time></rtept><rtept lat="38.555894" lon="-78.386282"><ele>1024.6</ele><time>2026-09-18T02:59:49Z</time></rtept><rtept lat="38.555935" lon="-78.386352"><ele>1025.4</ele><time>2026-09-18T02:59:49Z</time></rtept><rtept lat="38.555958" lon="-78.386488"><ele>1026.2</ele><time>2026-09-18T02:59:49Z</time></rtept><rtept lat="38.55599" lon="-78.386587"><ele>1027.0</ele><time>2026-09-18T02:59:49Z</time></rtept><rtept lat="38.556046" lon="-78.386755"><ele>1028.4</ele><time>2026-09-18T02:59:49Z</time></rtept><rtept lat="38.556162" lon="-78.386717"><ele>1027.6</ele><time>2026-09-18T02:59:49Z</time></rtept><rtept lat="38.556277" lon="-78.38667"><ele>1027.0</ele><time>2026-09-18T02:59:49Z</time></rtept><rtept lat="38.556277" lon="-78.38667"><ele>1027.0</ele><time>2026-09-18T02:59:49Z</time></rtept><rtept lat="38.556315" lon="-78.386811"><ele>1026.4</ele><time>2026-09-18T02:59:49Z</time></rtept><rtept lat="38.556216" lon="-78.386877"><ele>1028.0</ele><time>2026-09-18T02:59:49Z</time></rtept><rtept lat="38.556204" lon="-78.387043"><ele>1028.8</ele><time>2026-09-18T02:59:49Z</time></rtept><rtept lat="38.55621" lon="-78.387238"><ele>1030.4</ele><time>2026-09-18T02:59:49Z</time></rtept><rtept lat="38.556159" lon="-78.387438"><ele>1032.2</ele><time>2026-09-18T02:59:49Z</time></rtept><rtept lat="38.556074" lon="-78.38758"><ele>1035.4</ele><time>2026-09-18T02:59:49Z</time></rtept><rtept lat="38.556056" lon="-78.387609"><ele>1035.4</ele><time>2026-09-18T02:59:49Z</time></rtept><rtept lat="38.555922" lon="-78.387804"><ele>1039.4</ele><time>2026-09-18T02:59:49Z</time></rtept><rtept lat="38.555771" lon="-78.388024"><ele>1042.6</ele><time>2026-09-18T02:59:49Z</time></rtept><rtept lat="38.555655" lon="-78.388189"><ele>1046.0</ele><time>2026-09-18T02:59:49Z</time></rtept><rtept lat="38.555558" lon="-78.388354"><ele>1049.0</ele><time>2026-09-18T02:59:49Z</time></rtept><rtept lat="38.555458" lon="-78.388499"><ele>1053.2</ele><time>2026-09-18T02:59:49Z</time></rtept><rtept lat="38.555353" lon="-78.38868"><ele>1057.0</ele><time>2026-09-18T02:59:49Z</time></rtept><rtept lat="38.555287" lon="-78.388795"><ele>1059.2</ele><time>2026-09-18T02:59:49Z</time></rtept><rtept lat="38.555216" lon="-78.388807"><ele>1060.2</ele><time>2026-09-18T02:59:49Z</time></rtept><rtept lat="38.555104" lon="-78.388768"><ele>1062.2</ele><time>2026-09-18T02:59:49Z</time></rtept><rtept lat="38.555031" lon="-78.388796"><ele>1063.0</ele><time>2026-09-18T02:59:49Z</time></rtept><rtept lat="38.554987" lon="-78.388782"><ele>1063.6</ele><time>2026-09-18T02:59:49Z</time></rtept><rtept lat="38.554871" lon="-78.388817"><ele>1065.0</ele><time>2026-09-18T02:59:49Z</time></rtept><rtept lat="38.554725" lon="-78.389001"><ele>1071.0</ele><time>2026-09-18T02:59:49Z</time></rtept><rtept lat="38.554624" lon="-78.389081"><ele>1071.6</ele><time>2026-09-18T02:59:49Z</time></rtept><rtept lat="38.554504" lon="-78.389126"><ele>1074.6</ele><time>2026-09-18T02:59:49Z</time></rtept><rtept lat="38.554437" lon="-78.389211"><ele>1077.6</ele><time>2026-09-18T02:59:49Z</time></rtept><rtept lat="38.554392" lon="-78.389282"><ele>1080.8</ele><time>2026-09-18T02:59:49Z</time></rtept><rtept lat="38.554359" lon="-78.389343"><ele>1083.2</ele><time>2026-09-18T02:59:49Z</time></rtept><rtept lat="38.554303" lon="-78.389474"><ele>1086.0</ele><time>2026-09-18T02:59:49Z</time></rtept><rtept lat="38.554176" lon="-78.389515"><ele>1089.2</ele><time>2026-09-18T02:59:49Z</time></rtept><rtept lat="38.554006" lon="-78.389595"><ele>1089.8</ele><time>2026-09-18T02:59:49Z</time></rtept><rtept lat="38.553925" lon="-78.389727"><ele>1095.6</ele><time>2026-09-18T02:59:49Z</time></rtept><rtept lat="38.553852" lon="-78.389875"><ele>1099.2</ele><time>2026-09-18T02:59:49Z</time></rtept><rtept lat="38.55377" lon="-78.389985"><ele>1100.6</ele><time>2026-09-18T02:59:49Z</time></rtept><rtept lat="38.55379" lon="-78.390073"><ele>1102.4</ele><time>2026-09-18T02:59:49Z</time></rtept><rtept lat="38.553862" lon="-78.390167"><ele>1103.8</ele><time>2026-09-18T02:59:49Z</time></rtept><rtept lat="38.55391" lon="-78.39026"><ele>1105.0</ele><time>2026-09-18T02:59:49Z</time></rtept><rtept lat="38.553938" lon="-78.390353"><ele>1106.4</ele><time>2026-09-18T02:59:49Z</time></rtept><rtept lat="38.553938" lon="-78.390463"><ele>1109.4</ele><time>2026-09-18T02:59:49Z</time></rtept><rtept lat="38.553865" lon="-78.390673"><ele>1112.6</ele><time>2026-09-18T02:59:49Z</time></rtept><rtept lat="38.553854" lon="-78.390754"><ele>1114.4</ele><time>2026-09-18T02:59:49Z</time></rtept><rtept lat="38.553879" lon="-78.390845"><ele>1116.2</ele><time>2026-09-18T02:59:49Z</time></rtept><rtept lat="38.554024" lon="-78.39096"><ele>1118.4</ele><time>2026-09-18T02:59:49Z</time></rtept><rtept lat="38.554104" lon="-78.391024"><ele>1120.6</ele><time>2026-09-18T02:59:49Z</time></rtept><rtept lat="38.554111" lon="-78.391105"><ele>1122.6</ele><time>2026-09-18T02:59:49Z</time></rtept><rtept lat="38.554064" lon="-78.39122"><ele>1124.6</ele><time>2026-09-18T02:59:49Z</time></rtept><rtept lat="38.553905" lon="-78.391393"><ele>1127.4</ele><time>2026-09-18T02:59:49Z</time></rtept><rtept lat="38.553833" lon="-78.391545"><ele>1130.8</ele><time>2026-09-18T02:59:49Z</time></rtept><rtept lat="38.553787" lon="-78.391691"><ele>1134.4</ele><time>2026-09-18T02:59:49Z</time></rtept><rtept lat="38.553756" lon="-78.391805"><ele>1136.0</ele><time>2026-09-18T02:59:49Z</time></rtept><rtept lat="38.553743" lon="-78.39193"><ele>1139.2</ele><time>2026-09-18T02:59:49Z</time></rtept><rtept lat="38.553742" lon="-78.392122"><ele>1142.0</ele><time>2026-09-18T02:59:49Z</time></rtept><rtept lat="38.553785" lon="-78.392372"><ele>1146.0</ele><time>2026-09-18T02:59:49Z</time></rtept><rtept lat="38.553821" lon="-78.392552"><ele>1148.6</ele><time>2026-09-18T02:59:49Z</time></rtept><rtept lat="38.553846" lon="-78.392787"><ele>1152.6</ele><time>2026-09-18T02:59:49Z</time></rtept><rtept lat="38.553866" lon="-78.392879"><ele>1153.8</ele><time>2026-09-18T02:59:49Z</time></rtept><rtept lat="38.553947" lon="-78.39304"><ele>1156.8</ele><time>2026-09-18T02:59:49Z</time></rtept><rtept lat="38.553993" lon="-78.393095"><ele>1156.8</ele><time>2026-09-18T02:59:49Z</time></rtept><rtept lat="38.553987" lon="-78.393184"><ele>1158.2</ele><time>2026-09-18T02:59:49Z</time></rtept><rtept lat="38.553937" lon="-78.393292"><ele>1162.4</ele><time>2026-09-18T02:59:49Z</time></rtept><rtept lat="38.553724" lon="-78.393444"><ele>1163.2</ele><time>2026-09-18T02:59:49Z</time></rtept><rtept lat="38.553587" lon="-78.393531"><ele>1164.4</ele><time>2026-09-18T02:59:49Z</time></rtept><rtept lat="38.553498" lon="-78.393579"><ele>1166.2</ele><time>2026-09-18T02:59:49Z</time></rtept><rtept lat="38.553387" lon="-78.393666"><ele>1167.0</ele><time>2026-09-18T02:59:49Z</time></rtept><rtept lat="38.553359" lon="-78.393736"><ele>1169.0</ele><time>2026-09-18T02:59:49Z</time></rtept><rtept lat="38.553332" lon="-78.393897"><ele>1171.6</ele><time>2026-09-18T02:59:49Z</time></rtept><rtept lat="38.553348" lon="-78.39405"><ele>1174.4</ele><time>2026-09-18T02:59:49Z</time></rtept><rtept lat="38.553456" lon="-78.394335"><ele>1182.6</ele><time>2026-09-18T02:59:49Z</time></rtept><rtept lat="38.553483" lon="-78.394422"><ele>1185.4</ele><time>2026-09-18T02:59:49Z</time></rtept><rtept lat="38.553424" lon="-78.394607"><ele>1187.2</ele><time>2026-09-18T02:59:49Z</time></rtept><rtept lat="38.553398" lon="-78.394743"><ele>1187.4</ele><time>2026-09-18T02:59:49Z</time></rtept><rtept lat="38.553443" lon="-78.394887"><ele>1190.4</ele><time>2026-09-18T02:59:49Z</time></rtept><rtept lat="38.55351" lon="-78.395002"><ele>1192.2</ele><time>2026-09-18T02:59:49Z</time></rtept><rtept lat="38.553613" lon="-78.395061"><ele>1195.4</ele><time>2026-09-18T02:59:49Z</time></rtept><rtept lat="38.553816" lon="-78.395188"><ele>1200.0</ele><time>2026-09-18T02:59:49Z</time></rtept><rtept lat="38.553919" lon="-78.395213"><ele>1201.2</ele><time>2026-09-18T02:59:49Z</time></rtept><rtept lat="38.554023" lon="-78.395267"><ele>1204.2</ele><time>2026-09-18T02:59:49Z</time></rtept><rtept lat="38.554147" lon="-78.395367"><ele>1208.0</ele><time>2026-09-18T02:59:49Z</time></rtept><rtept lat="38.554158" lon="-78.395388"><ele>1208.0</ele><time>2026-09-18T02:59:49Z</time></rtept><rtept lat="38.554159" lon="-78.395403"><ele>1208.0</ele><time>2026-09-18T02:59:49Z</time></rtept><rtept lat="38.554133" lon="-78.395506"><ele>1206.8</ele><time>2026-09-18T02:59:49Z</time></rtept><rtept lat="38.554141" lon="-78.395692"><ele>1213.0</ele><time>2026-09-18T02:59:49Z</time></rtept><rtept lat="38.554144" lon="-78.395704"><ele>1213.0</ele><time>2026-09-18T02:59:49Z</time></rtept><rtept lat="38.554152" lon="-78.395718"><ele>1213.0</ele><time>2026-09-18T02:59:49Z</time></rtept><rtept lat="38.554217" lon="-78.395795"><ele>1216.8</ele><time>2026-09-18T02:59:49Z</time></rtept><rtept lat="38.554285" lon="-78.395871"><ele>1219.4</ele><time>2026-09-18T02:59:49Z</time></rtept><rtept lat="38.55432" lon="-78.395922"><ele>1219.4</ele><time>2026-09-18T02:59:49Z</time></rtept><rtept lat="38.554336" lon="-78.39597"><ele>1220.8</ele><time>2026-09-18T02:59:49Z</time></rtept><rtept lat="38.554363" lon="-78.396001"><ele>1221.8</ele><time>2026-09-18T02:59:49Z</time></rtept><rtept lat="38.554409" lon="-78.396005"><ele>1222.8</ele><time>2026-09-18T02:59:49Z</time></rtept><rtept lat="38.554482" lon="-78.395937"><ele>1223.0</ele><time>2026-09-18T02:59:49Z</time></rtept><rtept lat="38.554572" lon="-78.395851"><ele>1223.2</ele><time>2026-09-18T02:59:49Z</time></rtept><rtept lat="38.554644" lon="-78.395881"><ele>1226.2</ele><time>2026-09-18T02:59:49Z</time></rtept><rtept lat="38.554779" lon="-78.395909"><ele>1229.8</ele><time>2026-09-18T02:59:49Z</time></rtept><rtept lat="38.554979" lon="-78.39584"><ele>1232.4</ele><time>2026-09-18T02:59:49Z</time></rtept><rtept lat="38.555096" lon="-78.395834"><ele>1233.8</ele><time>2026-09-18T02:59:49Z</time></rtept><rtept lat="38.555148" lon="-78.395698"><ele>1233.6</ele><time>2026-09-18T02:59:49Z</time></rtept><rtept lat="38.555194" lon="-78.395535"><ele>1232.8</ele><time>2026-09-18T02:59:49Z</time></rtept><rtept lat="38.555202" lon="-78.39544"><ele>1232.2</ele><time>2026-09-18T02:59:49Z</time></rtept><rtept lat="38.555256" lon="-78.395252"><ele>1232.2</ele><time>2026-09-18T02:59:49Z</time></rtept><rtept lat="38.555331" lon="-78.395089"><ele>1230.4</ele><time>2026-09-18T02:59:49Z</time></rtept><rtept lat="38.555331" lon="-78.395089"><ele>1230.4</ele><time>2026-09-18T02:59:49Z</time></rtept><rtept lat="38.555256" lon="-78.395252"><ele>1232.2</ele><time>2026-09-18T02:59:49Z</time></rtept><rtept lat="38.555202" lon="-78.39544"><ele>1232.2</ele><time>2026-09-18T02:59:49Z</time></rtept><rtept lat="38.555194" lon="-78.395535"><ele>1232.8</ele><time>2026-09-18T02:59:49Z</time></rtept><rtept lat="38.555148" lon="-78.395698"><ele>1233.6</ele><time>2026-09-18T02:59:49Z</time></rtept><rtept lat="38.555096" lon="-78.395834"><ele>1233.8</ele><time>2026-09-18T02:59:49Z</time></rtept><rtept lat="38.554979" lon="-78.39584"><ele>1232.4</ele><time>2026-09-18T02:59:49Z</time></rtept><rtept lat="38.554779" lon="-78.395909"><ele>1229.8</ele><time>2026-09-18T02:59:49Z</time></rtept><rtept lat="38.554644" lon="-78.395881"><ele>1226.2</ele><time>2026-09-18T02:59:49Z</time></rtept><rtept lat="38.554572" lon="-78.395851"><ele>1223.2</ele><time>2026-09-18T02:59:49Z</time></rtept><rtept lat="38.554482" lon="-78.395937"><ele>1223.0</ele><time>2026-09-18T02:59:49Z</time></rtept><rtept lat="38.554409" lon="-78.396005"><ele>1222.8</ele><time>2026-09-18T02:59:49Z</time></rtept><rtept lat="38.554363" lon="-78.396001"><ele>1221.8</ele><time>2026-09-18T02:59:49Z</time></rtept><rtept lat="38.554336" lon="-78.39597"><ele>1220.8</ele><time>2026-09-18T02:59:49Z</time></rtept><rtept lat="38.55432" lon="-78.395922"><ele>1219.4</ele><time>2026-09-18T02:59:49Z</time></rtept><rtept lat="38.554285" lon="-78.395871"><ele>1219.4</ele><time>2026-09-18T02:59:49Z</time></rtept><rtept lat="38.554217" lon="-78.395795"><ele>1216.8</ele><time>2026-09-18T02:59:49Z</time></rtept><rtept lat="38.554152" lon="-78.395718"><ele>1213.0</ele><time>2026-09-18T02:59:49Z</time></rtept><rtept lat="38.554144" lon="-78.395704"><ele>1213.0</ele><time>2026-09-18T02:59:49Z</time></rtept><rtept lat="38.554141" lon="-78.395692"><ele>1213.0</ele><time>2026-09-18T02:59:49Z</time></rtept><rtept lat="38.554133" lon="-78.395506"><ele>1206.8</ele><time>2026-09-18T02:59:49Z</time></rtept><rtept lat="38.554159" lon="-78.395403"><ele>1208.0</ele><time>2026-09-18T02:59:49Z</time></rtept><rtept lat="38.554158" lon="-78.395388"><ele>1208.0</ele><time>2026-09-18T02:59:49Z</time></rtept><rtept lat="38.554147" lon="-78.395367"><ele>1208.0</ele><time>2026-09-18T02:59:49Z</time></rtept><rtept lat="38.554023" lon="-78.395267"><ele>1204.2</ele><time>2026-09-18T02:59:49Z</time></rtept><rtept lat="38.553919" lon="-78.395213"><ele>1201.2</ele><time>2026-09-18T02:59:49Z</time></rtept><rtept lat="38.553816" lon="-78.395188"><ele>1200.0</ele><time>2026-09-18T02:59:49Z</time></rtept><rtept lat="38.553613" lon="-78.395061"><ele>1195.4</ele><time>2026-09-18T02:59:49Z</time></rtept><rtept lat="38.55351" lon="-78.395002"><ele>1192.2</ele><time>2026-09-18T02:59:49Z</time></rtept><rtept lat="38.553443" lon="-78.394887"><ele>1190.4</ele><time>2026-09-18T02:59:49Z</time></rtept><rtept lat="38.553398" lon="-78.394743"><ele>1187.4</ele><time>2026-09-18T02:59:49Z</time></rtept><rtept lat="38.553424" lon="-78.394607"><ele>1187.2</ele><time>2026-09-18T02:59:49Z</time></rtept><rtept lat="38.553483" lon="-78.394422"><ele>1185.4</ele><time>2026-09-18T02:59:49Z</time></rtept><rtept lat="38.553456" lon="-78.394335"><ele>1182.6</ele><time>2026-09-18T02:59:49Z</time></rtept><rtept lat="38.553348" lon="-78.39405"><ele>1174.4</ele><time>2026-09-18T02:59:49Z</time></rtept><rtept lat="38.553332" lon="-78.393897"><ele>1171.6</ele><time>2026-09-18T02:59:49Z</time></rtept><rtept lat="38.553359" lon="-78.393736"><ele>1169.0</ele><time>2026-09-18T02:59:49Z</time></rtept><rtept lat="38.553387" lon="-78.393666"><ele>1167.0</ele><time>2026-09-18T02:59:49Z</time></rtept><rtept lat="38.553498" lon="-78.393579"><ele>1166.2</ele><time>2026-09-18T02:59:49Z</time></rtept><rtept lat="38.553587" lon="-78.393531"><ele>1164.4</ele><time>2026-09-18T02:59:49Z</time></rtept><rtept lat="38.553724" lon="-78.393444"><ele>1163.2</ele><time>2026-09-18T02:59:49Z</time></rtept><rtept lat="38.553937" lon="-78.393292"><ele>1162.4</ele><time>2026-09-18T02:59:49Z</time></rtept><rtept lat="38.553987" lon="-78.393184"><ele>1158.2</ele><time>2026-09-18T02:59:49Z</time></rtept><rtept lat="38.553993" lon="-78.393095"><ele>1156.8</ele><time>2026-09-18T02:59:49Z</time></rtept><rtept lat="38.553947" lon="-78.39304"><ele>1156.8</ele><time>2026-09-18T02:59:49Z</time></rtept><rtept lat="38.553866" lon="-78.392879"><ele>1153.8</ele><time>2026-09-18T02:59:49Z</time></rtept><rtept lat="38.553846" lon="-78.392787"><ele>1152.6</ele><time>2026-09-18T02:59:49Z</time></rtept><rtept lat="38.553821" lon="-78.392552"><ele>1148.6</ele><time>2026-09-18T02:59:49Z</time></rtept><rtept lat="38.553785" lon="-78.392372"><ele>1146.0</ele><time>2026-09-18T02:59:49Z</time></rtept><rtept lat="38.553742" lon="-78.392122"><ele>1142.0</ele><time>2026-09-18T02:59:49Z</time></rtept><rtept lat="38.553743" lon="-78.39193"><ele>1139.2</ele><time>2026-09-18T02:59:49Z</time></rtept><rtept lat="38.553756" lon="-78.391805"><ele>1136.0</ele><time>2026-09-18T02:59:49Z</time></rtept><rtept lat="38.553787" lon="-78.391691"><ele>1134.4</ele><time>2026-09-18T02:59:49Z</time></rtept><rtept lat="38.553833" lon="-78.391545"><ele>1130.8</ele><time>2026-09-18T02:59:49Z</time></rtept><rtept lat="38.553905" lon="-78.391393"><ele>1127.4</ele><time>2026-09-18T02:59:49Z</time></rtept><rtept lat="38.554064" lon="-78.39122"><ele>1124.6</ele><time>2026-09-18T02:59:49Z</time></rtept><rtept lat="38.554111" lon="-78.391105"><ele>1122.6</ele><time>2026-09-18T02:59:49Z</time></rtept><rtept lat="38.554104" lon="-78.391024"><ele>1120.6</ele><time>2026-09-18T02:59:49Z</time></rtept><rtept lat="38.554024" lon="-78.39096"><ele>1118.4</ele><time>2026-09-18T02:59:49Z</time></rtept><rtept lat="38.553879" lon="-78.390845"><ele>1116.2</ele><time>2026-09-18T02:59:49Z</time></rtept><rtept lat="38.553854" lon="-78.390754"><ele>1114.4</ele><time>2026-09-18T02:59:49Z</time></rtept><rtept lat="38.553865" lon="-78.390673"><ele>1112.6</ele><time>2026-09-18T02:59:49Z</time></rtept><rtept lat="38.553938" lon="-78.390463"><ele>1109.4</ele><time>2026-09-18T02:59:49Z</time></rtept><rtept lat="38.553938" lon="-78.390353"><ele>1106.4</ele><time>2026-09-18T02:59:49Z</time></rtept><rtept lat="38.55391" lon="-78.39026"><ele>1105.0</ele><time>2026-09-18T02:59:49Z</time></rtept><rtept lat="38.553862" lon="-78.390167"><ele>1103.8</ele><time>2026-09-18T02:59:49Z</time></rtept><rtept lat="38.55379" lon="-78.390073"><ele>1102.4</ele><time>2026-09-18T02:59:49Z</time></rtept><rtept lat="38.55377" lon="-78.389985"><ele>1100.6</ele><time>2026-09-18T02:59:49Z</time></rtept><rtept lat="38.553852" lon="-78.389875"><ele>1099.2</ele><time>2026-09-18T02:59:49Z</time></rtept><rtept lat="38.553925" lon="-78.389727"><ele>1095.6</ele><time>2026-09-18T02:59:49Z</time></rtept><rtept lat="38.554006" lon="-78.389595"><ele>1089.8</ele><time>2026-09-18T02:59:49Z</time></rtept><rtept lat="38.554176" lon="-78.389515"><ele>1089.2</ele><time>2026-09-18T02:59:49Z</time></rtept><rtept lat="38.554303" lon="-78.389474"><ele>1086.0</ele><time>2026-09-18T02:59:49Z</time></rtept><rtept lat="38.554359" lon="-78.389343"><ele>1083.2</ele><time>2026-09-18T02:59:49Z</time></rtept><rtept lat="38.554392" lon="-78.389282"><ele>1080.8</ele><time>2026-09-18T02:59:49Z</time></rtept><rtept lat="38.554437" lon="-78.389211"><ele>1077.6</ele><time>2026-09-18T02:59:49Z</time></rtept><rtept lat="38.554504" lon="-78.389126"><ele>1074.6</ele><time>2026-09-18T02:59:49Z</time></rtept><rtept lat="38.554624" lon="-78.389081"><ele>1071.6</ele><time>2026-09-18T02:59:49Z</time></rtept><rtept lat="38.554725" lon="-78.389001"><ele>1071.0</ele><time>2026-09-18T02:59:49Z</time></rtept><rtept lat="38.554871" lon="-78.388817"><ele>1065.0</ele><time>2026-09-18T02:59:49Z</time></rtept><rtept lat="38.554987" lon="-78.388782"><ele>1063.6</ele><time>2026-09-18T02:59:49Z</time></rtept><rtept lat="38.555031" lon="-78.388796"><ele>1063.0</ele><time>2026-09-18T02:59:49Z</time></rtept><rtept lat="38.555104" lon="-78.388768"><ele>1062.2</ele><time>2026-09-18T02:59:49Z</time></rtept><rtept lat="38.555216" lon="-78.388807"><ele>1060.2</ele><time>2026-09-18T02:59:49Z</time></rtept><rtept lat="38.555287" lon="-78.388795"><ele>1059.2</ele><time>2026-09-18T02:59:49Z</time></rtept><rtept lat="38.555353" lon="-78.38868"><ele>1057.0</ele><time>2026-09-18T02:59:49Z</time></rtept><rtept lat="38.555458" lon="-78.388499"><ele>1053.2</ele><time>2026-09-18T02:59:49Z</time></rtept><rtept lat="38.555558" lon="-78.388354"><ele>1049.0</ele><time>2026-09-18T02:59:49Z</time></rtept><rtept lat="38.555655" lon="-78.388189"><ele>1046.0</ele><time>2026-09-18T02:59:49Z</time></rtept><rtept lat="38.555771" lon="-78.388024"><ele>1042.6</ele><time>2026-09-18T02:59:49Z</time></rtept><rtept lat="38.555922" lon="-78.387804"><ele>1039.4</ele><time>2026-09-18T02:59:49Z</time></rtept><rtept lat="38.556056" lon="-78.387609"><ele>1035.4</ele><time>2026-09-18T02:59:49Z</time></rtept><rtept lat="38.556074" lon="-78.38758"><ele>1035.4</ele><time>2026-09-18T02:59:49Z</time></rtept><rtept lat="38.556159" lon="-78.387438"><ele>1032.2</ele><time>2026-09-18T02:59:49Z</time></rtept><rtept lat="38.55621" lon="-78.387238"><ele>1030.4</ele><time>2026-09-18T02:59:49Z</time></rtept><rtept lat="38.556204" lon="-78.387043"><ele>1028.8</ele><time>2026-09-18T02:59:49Z</time></rtept><rtept lat="38.556216" lon="-78.386877"><ele>1028.0</ele><time>2026-09-18T02:59:49Z</time></rtept><rtept lat="38.556315" lon="-78.386811"><ele>1026.4</ele><time>2026-09-18T02:59:49Z</time></rtept><rtept lat="38.556445" lon="-78.3868"><ele>1025.0</ele><time>2026-09-18T02:59:49Z</time></rtept><rtept lat="38.556589" lon="-78.38683"><ele>1023.6</ele><time>2026-09-18T02:59:49Z</time></rtept><rtept lat="38.556684" lon="-78.38687"><ele>1022.0</ele><time>2026-09-18T02:59:49Z</time></rtept><rtept lat="38.556972" lon="-78.387037"><ele>1012.8</ele><time>2026-09-18T02:59:49Z</time></rtept><rtept lat="38.557043" lon="-78.386905"><ele>1012.8</ele><time>2026-09-18T02:59:49Z</time></rtept><rtept lat="38.557095" lon="-78.386805"><ele>1014.2</ele><time>2026-09-18T02:59:49Z</time></rtept><rtept lat="38.557223" lon="-78.386775"><ele>1013.4</ele><time>2026-09-18T02:59:49Z</time></rtept><rtept lat="38.557285" lon="-78.386722"><ele>1015.2</ele><time>2026-09-18T02:59:49Z</time></rtept><rtept lat="38.557349" lon="-78.386668"><ele>1017.0</ele><time>2026-09-18T02:59:49Z</time></rtept><rtept lat="38.55741" lon="-78.38662"><ele>1015.8</ele><time>2026-09-18T02:59:49Z</time></rtept><rtept lat="38.557495" lon="-78.386553"><ele>1017.8</ele><time>2026-09-18T02:59:49Z</time></rtept><rtept lat="38.557565" lon="-78.386507"><ele>1018.8</ele><time>2026-09-18T02:59:49Z</time></rtept><rtept lat="38.557611" lon="-78.386455"><ele>1018.8</ele><time>2026-09-18T02:59:49Z</time></rtept><rtept lat="38.557675" lon="-78.386428"><ele>1017.6</ele><time>2026-09-18T02:59:49Z</time></rtept><rtept lat="38.557778" lon="-78.386365"><ele>1018.8</ele><time>2026-09-18T02:59:49Z</time></rtept><rtept lat="38.557867" lon="-78.386276"><ele>1021.0</ele><time>2026-09-18T02:59:49Z</time></rtept><rtept lat="38.557941" lon="-78.386242"><ele>1023.0</ele><time>2026-09-18T02:59:49Z</time></rtept><rtept lat="38.558033" lon="-78.38625"><ele>1017.4</ele><time>2026-09-18T02:59:49Z</time></rtept><rtept lat="38.558175" lon="-78.386211"><ele>1018.2</ele><time>2026-09-18T02:59:49Z</time></rtept><rtept lat="38.55832" lon="-78.386175"><ele>1015.8</ele><time>2026-09-18T02:59:49Z</time></rtept><rtept lat="38.558453" lon="-78.38615"><ele>1016.4</ele><time>2026-09-18T02:59:49Z</time></rtept><rtept lat="38.558524" lon="-78.386134"><ele>1014.6</ele><time>2026-09-18T02:59:49Z</time></rtept><rtept lat="38.558664" lon="-78.386065"><ele>1014.4</ele><time>2026-09-18T02:59:49Z</time></rtept><rtept lat="38.558747" lon="-78.385978"><ele>1016.4</ele><time>2026-09-18T02:59:49Z</time></rtept><rtept lat="38.558862" lon="-78.385871"><ele>1016.4</ele><time>2026-09-18T02:59:49Z</time></rtept><rtept lat="38.558937" lon="-78.385814"><ele>1018.2</ele><time>2026-09-18T02:59:49Z</time></rtept><rtept lat="38.559102" lon="-78.385754"><ele>1015.0</ele><time>2026-09-18T02:59:49Z</time></rtept><rtept lat="38.559287" lon="-78.385666"><ele>1014.8</ele><time>2026-09-18T02:59:49Z</time></rtept><rtept lat="38.559474" lon="-78.385589"><ele>1015.6</ele><time>2026-09-18T02:59:49Z</time></rtept><rtept lat="38.559545" lon="-78.385567"><ele>1014.8</ele><time>2026-09-18T02:59:49Z</time></rtept><rtept lat="38.559675" lon="-78.385512"><ele>1016.4</ele><time>2026-09-18T02:59:49Z</time></rtept><rtept lat="38.559782" lon="-78.385479"><ele>1014.8</ele><time>2026-09-18T02:59:49Z</time></rtept><rtept lat="38.559875" lon="-78.385452"><ele>1017.6</ele><time>2026-09-18T02:59:49Z</time></rtept><rtept lat="38.559966" lon="-78.385426"><ele>1016.8</ele><time>2026-09-18T02:59:49Z</time></rtept><rtept lat="38.560055" lon="-78.385373"><ele>1018.6</ele><time>2026-09-18T02:59:49Z</time></rtept><rtept lat="38.560131" lon="-78.38532"><ele>1017.4</ele><time>2026-09-18T02:59:49Z</time></rtept><rtept lat="38.560214" lon="-78.38528"><ele>1020.0</ele><time>2026-09-18T02:59:49Z</time></rtept><rtept lat="38.560307" lon="-78.385186"><ele>1022.4</ele><time>2026-09-18T02:59:49Z</time></rtept><rtept lat="38.560365" lon="-78.385081"><ele>1024.4</ele><time>2026-09-18T02:59:49Z</time></rtept><rtept lat="38.560417" lon="-78.385006"><ele>1026.0</ele><time>2026-09-18T02:59:49Z</time></rtept><rtept lat="38.560476" lon="-78.38493"><ele>1027.6</ele><time>2026-09-18T02:59:49Z</time></rtept><rtept lat="38.560527" lon="-78.384841"><ele>1028.6</ele><time>2026-09-18T02:59:49Z</time></rtept><rtept lat="38.560593" lon="-78.384803"><ele>1024.6</ele><time>2026-09-18T02:59:49Z</time></rtept><rtept lat="38.560629" lon="-78.38477"><ele>1029.0</ele><time>2026-09-18T02:59:49Z</time></rtept><rtept lat="38.560668" lon="-78.384726"><ele>1024.6</ele><time>2026-09-18T02:59:49Z</time></rtept><rtept lat="38.560699" lon="-78.384694"><ele>1028.8</ele><time>2026-09-18T02:59:49Z</time></rtept><rtept lat="38.561076" lon="-78.384379"><ele>1023.0</ele><time>2026-09-18T02:59:49Z</time></rtept><rtept lat="38.561153" lon="-78.384321"><ele>1025.4</ele><time>2026-09-18T02:59:49Z</time></rtept><rtept lat="38.561242" lon="-78.384269"><ele>1028.4</ele><time>2026-09-18T02:59:49Z</time></rtept><rtept lat="38.561333" lon="-78.384207"><ele>1027.2</ele><time>2026-09-18T02:59:49Z</time></rtept><rtept lat="38.561516" lon="-78.384084"><ele>1044.2</ele><time>2026-09-18T02:59:49Z</time></rtept><rtept lat="38.561656" lon="-78.384008"><ele>1046.6</ele><time>2026-09-18T02:59:49Z</time></rtept><rtept lat="38.561796" lon="-78.383964"><ele>1029.6</ele><time>2026-09-18T02:59:49Z</time></rtept><rtept lat="38.561851" lon="-78.38391"><ele>1031.8</ele><time>2026-09-18T02:59:49Z</time></rtept><rtept lat="38.562138" lon="-78.383871"><ele>1036.0</ele><time>2026-09-18T02:59:49Z</time></rtept><rtept lat="38.562344" lon="-78.383817"><ele>1046.6</ele><time>2026-09-18T02:59:49Z</time></rtept><rtept lat="38.5625" lon="-78.383844"><ele>1047.8</ele><time>2026-09-18T02:59:49Z</time></rtept><rtept lat="38.56259" lon="-78.383858"><ele>1042.8</ele><time>2026-09-18T02:59:49Z</time></rtept><rtept lat="38.562767" lon="-78.383816"><ele>1046.6</ele><time>2026-09-18T02:59:49Z</time></rtept><rtept lat="38.562872" lon="-78.383844"><ele>1046.8</ele><time>2026-09-18T02:59:49Z</time></rtept><rtept lat="38.562941" lon="-78.383827"><ele>1046.8</ele><time>2026-09-18T02:59:49Z</time></rtept><rtept lat="38.563045" lon="-78.383821"><ele>1047.0</ele><time>2026-09-18T02:59:49Z</time></rtept><rtept lat="38.56315" lon="-78.383816"><ele>1047.2</ele><time>2026-09-18T02:59:49Z</time></rtept><rtept lat="38.563293" lon="-78.383795"><ele>1047.0</ele><time>2026-09-18T02:59:49Z</time></rtept><rtept lat="38.563382" lon="-78.383799"><ele>1047.0</ele><time>2026-09-18T02:59:49Z</time></rtept><rtept lat="38.563523" lon="-78.383909"><ele>1043.0</ele><time>2026-09-18T02:59:49Z</time></rtept><rtept lat="38.563692" lon="-78.38403"><ele>1035.6</ele><time>2026-09-18T02:59:49Z</time></rtept><rtept lat="38.563824" lon="-78.384072"><ele>1035.6</ele><time>2026-09-18T02:59:49Z</time></rtept><rtept lat="38.563942" lon="-78.384065"><ele>1036.2</ele><time>2026-09-18T02:59:49Z</time></rtept><rtept lat="38.564078" lon="-78.384078"><ele>1036.6</ele><time>2026-09-18T02:59:49Z</time></rtept><rtept lat="38.564386" lon="-78.384186"><ele>1035.2</ele><time>2026-09-18T02:59:49Z</time></rtept><rtept lat="38.564486" lon="-78.3842"><ele>1034.6</ele><time>2026-09-18T02:59:49Z</time></rtept><rtept lat="38.564575" lon="-78.384175"><ele>1040.0</ele><time>2026-09-18T02:59:49Z</time></rtept><rtept lat="38.564651" lon="-78.384219"><ele>1038.2</ele><time>2026-09-18T02:59:49Z</time></rtept><rtept lat="38.564779" lon="-78.384359"><ele>1039.0</ele><time>2026-09-18T02:59:49Z</time></rtept><rtept lat="38.564862" lon="-78.384361"><ele>1041.0</ele><time>2026-09-18T02:59:49Z</time></rtept><rtept lat="38.565007" lon="-78.384393"><ele>1041.4</ele><time>2026-09-18T02:59:49Z</time></rtept><rtept lat="38.565117" lon="-78.384367"><ele>1044.0</ele><time>2026-09-18T02:59:49Z</time></rtept><rtept lat="38.565164" lon="-78.384416"><ele>1044.8</ele><time>2026-09-18T02:59:49Z</time></rtept><rtept lat="38.565218" lon="-78.384436"><ele>1045.2</ele><time>2026-09-18T02:59:49Z</time></rtept><rtept lat="38.565466" lon="-78.384458"><ele>1042.2</ele><time>2026-09-18T02:59:49Z</time></rtept><rtept lat="38.565538" lon="-78.384457"><ele>1042.0</ele><time>2026-09-18T02:59:49Z</time></rtept><rtept lat="38.566028" lon="-78.384474"><ele>1041.0</ele><time>2026-09-18T02:59:49Z</time></rtept><rtept lat="38.566128" lon="-78.384467"><ele>1041.8</ele><time>2026-09-18T02:59:49Z</time></rtept><rtept lat="38.566227" lon="-78.38447"><ele>1043.6</ele><time>2026-09-18T02:59:49Z</time></rtept><rtept lat="38.566445" lon="-78.384475"><ele>1046.4</ele><time>2026-09-18T02:59:49Z</time></rtept><rtept lat="38.566567" lon="-78.384502"><ele>1048.2</ele><time>2026-09-18T02:59:49Z</time></rtept><rtept lat="38.566687" lon="-78.384516"><ele>1049.4</ele><time>2026-09-18T02:59:49Z</time></rtept><rtept lat="38.56684" lon="-78.384547"><ele>1049.0</ele><time>2026-09-18T02:59:49Z</time></rtept><rtept lat="38.566966" lon="-78.384593"><ele>1051.2</ele><time>2026-09-18T02:59:49Z</time></rtept><rtept lat="38.567078" lon="-78.384605"><ele>1051.8</ele><time>2026-09-18T02:59:49Z</time></rtept><rtept lat="38.567158" lon="-78.384601"><ele>1052.6</ele><time>2026-09-18T02:59:49Z</time></rtept><rtept lat="38.567336" lon="-78.384629"><ele>1051.2</ele><time>2026-09-18T02:59:49Z</time></rtept><rtept lat="38.567587" lon="-78.384697"><ele>1054.2</ele><time>2026-09-18T02:59:49Z</time></rtept><rtept lat="38.567761" lon="-78.384733"><ele>1052.6</ele><time>2026-09-18T02:59:49Z</time></rtept><rtept lat="38.567826" lon="-78.384766"><ele>1053.6</ele><time>2026-09-18T02:59:49Z</time></rtept><rtept lat="38.567918" lon="-78.3848"><ele>1052.4</ele><time>2026-09-18T02:59:49Z</time></rtept><rtept lat="38.56798" lon="-78.384836"><ele>1053.6</ele><time>2026-09-18T02:59:49Z</time></rtept><rtept lat="38.568045" lon="-78.384872"><ele>1054.6</ele><time>2026-09-18T02:59:49Z</time></rtept><rtept lat="38.568103" lon="-78.384924"><ele>1053.0</ele><time>2026-09-18T02:59:49Z</time></rtept><rtept lat="38.56818" lon="-78.384954"><ele>1054.2</ele><time>2026-09-18T02:59:49Z</time></rtept><rtept lat="38.56835" lon="-78.385063"><ele>1052.4</ele><time>2026-09-18T02:59:49Z</time></rtept><rtept lat="38.568475" lon="-78.385079"><ele>1054.4</ele><time>2026-09-18T02:59:49Z</time></rtept><rtept lat="38.568568" lon="-78.385115"><ele>1055.2</ele><time>2026-09-18T02:59:49Z</time></rtept><rtept lat="38.568649" lon="-78.385178"><ele>1055.2</ele><time>2026-09-18T02:59:49Z</time></rtept><rtept lat="38.568756" lon="-78.385288"><ele>1054.8</ele><time>2026-09-18T02:59:49Z</time></rtept><rtept lat="38.568905" lon="-78.385365"><ele>1056.0</ele><time>2026-09-18T02:59:49Z</time></rtept><rtept lat="38.569007" lon="-78.385389"><ele>1057.0</ele><time>2026-09-18T02:59:49Z</time></rtept><rtept lat="38.569319" lon="-78.385367"><ele>1062.0</ele><time>2026-09-18T02:59:49Z</time></rtept><rtept lat="38.569453" lon="-78.385373"><ele>1063.6</ele><time>2026-09-18T02:59:49Z</time></rtept><rtept lat="38.56972" lon="-78.385508"><ele>1063.0</ele><time>2026-09-18T02:59:49Z</time></rtept><rtept lat="38.569804" lon="-78.385544"><ele>1062.8</ele><time>2026-09-18T02:59:49Z</time></rtept><rtept lat="38.569881" lon="-78.385562"><ele>1062.4</ele><time>2026-09-18T02:59:49Z</time></rtept><rtept lat="38.570023" lon="-78.385595"><ele>1061.6</ele><time>2026-09-18T02:59:49Z</time></rtept><rtept lat="38.570123" lon="-78.385587"><ele>1060.8</ele><time>2026-09-18T02:59:49Z</time></rtept><rtept lat="38.570224" lon="-78.385535"><ele>1060.4</ele><time>2026-09-18T02:59:49Z</time></rtept><rtept lat="38.570381" lon="-78.385485"><ele>1054.2</ele><time>2026-09-18T02:59:49Z</time></rtept><rtept lat="38.570515" lon="-78.385291"><ele>1056.2</ele><time>2026-09-18T02:59:49Z</time></rtept><rtept lat="38.570574" lon="-78.385251"><ele>1054.8</ele><time>2026-09-18T02:59:49Z</time></rtept><rtept lat="38.570665" lon="-78.385177"><ele>1053.4</ele><time>2026-09-18T02:59:49Z</time></rtept><rtept lat="38.570861" lon="-78.385061"><ele>1051.6</ele><time>2026-09-18T02:59:49Z</time></rtept><rtept lat="38.570906" lon="-78.385037"><ele>1052.2</ele><time>2026-09-18T02:59:49Z</time></rtept><rtept lat="38.570991" lon="-78.385039"><ele>1050.8</ele><time>2026-09-18T02:59:49Z</time></rtept><rtept lat="38.571098" lon="-78.385065"><ele>1049.2</ele><time>2026-09-18T02:59:49Z</time></rtept><rtept lat="38.571253" lon="-78.385093"><ele>1047.0</ele><time>2026-09-18T02:59:49Z</time></rtept><rtept lat="38.571344" lon="-78.38506"><ele>1043.8</ele><time>2026-09-18T02:59:49Z</time></rtept><rtept lat="38.571418" lon="-78.385006"><ele>1043.8</ele><time>2026-09-18T02:59:49Z</time></rtept><rtept lat="38.57151" lon="-78.384923"><ele>1043.4</ele><time>2026-09-18T02:59:49Z</time></rtept><rtept lat="38.571619" lon="-78.384815"><ele>1041.2</ele><time>2026-09-18T02:59:49Z</time></rtept><rtept lat="38.571697" lon="-78.384761"><ele>1041.0</ele><time>2026-09-18T02:59:49Z</time></rtept><rtept lat="38.571755" lon="-78.384729"><ele>1039.6</ele><time>2026-09-18T02:59:49Z</time></rtept><rtept lat="38.571824" lon="-78.384726"><ele>1038.4</ele><time>2026-09-18T02:59:49Z</time></rtept><rtept lat="38.57188" lon="-78.384778"><ele>1037.6</ele><time>2026-09-18T02:59:49Z</time></rtept><rtept lat="38.571956" lon="-78.384829"><ele>1034.2</ele><time>2026-09-18T02:59:49Z</time></rtept><rtept lat="38.572005" lon="-78.384871"><ele>1033.4</ele><time>2026-09-18T02:59:49Z</time></rtept><rtept lat="38.572078" lon="-78.384862"><ele>1032.6</ele><time>2026-09-18T02:59:49Z</time></rtept><rtept lat="38.572321" lon="-78.384839"><ele>1030.8</ele><time>2026-09-18T02:59:49Z</time></rtept><rtept lat="38.57242" lon="-78.384864"><ele>1029.6</ele><time>2026-09-18T02:59:49Z</time></rtept><rtept lat="38.572515" lon="-78.384899"><ele>1026.8</ele><time>2026-09-18T02:59:49Z</time></rtept><rtept lat="38.572609" lon="-78.38493"><ele>1025.8</ele><time>2026-09-18T02:59:49Z</time></rtept><rtept lat="38.572691" lon="-78.384937"><ele>1025.2</ele><time>2026-09-18T02:59:49Z</time></rtept><rtept lat="38.572774" lon="-78.384957"><ele>1024.6</ele><time>2026-09-18T02:59:49Z</time></rtept><rtept lat="38.572863" lon="-78.384961"><ele>1023.8</ele><time>2026-09-18T02:59:49Z</time></rtept><rtept lat="38.572984" lon="-78.384938"><ele>1022.0</ele><time>2026-09-18T02:59:49Z</time></rtept><rtept lat="38.573139" lon="-78.38489"><ele>1018.6</ele><time>2026-09-18T02:59:49Z</time></rtept><rtept lat="38.573386" lon="-78.38483"><ele>1016.6</ele><time>2026-09-18T02:59:49Z</time></rtept><rtept lat="38.573448" lon="-78.384787"><ele>1017.4</ele><time>2026-09-18T02:59:49Z</time></rtept><rtept lat="38.573554" lon="-78.384798"><ele>1012.4</ele><time>2026-09-18T02:59:49Z</time></rtept><rtept lat="38.573683" lon="-78.384717"><ele>1011.6</ele><time>2026-09-18T02:59:49Z</time></rtept><rtept lat="38.573772" lon="-78.384651"><ele>1012.8</ele><time>2026-09-18T02:59:49Z</time></rtept><rtept lat="38.573894" lon="-78.384636"><ele>1009.8</ele><time>2026-09-18T02:59:49Z</time></rtept><rtept lat="38.573989" lon="-78.384607"><ele>1011.2</ele><time>2026-09-18T02:59:49Z</time></rtept><rtept lat="38.574168" lon="-78.38463"><ele>1008.6</ele><time>2026-09-18T02:59:49Z</time></rtept><rtept lat="38.574238" lon="-78.384599"><ele>1011.6</ele><time>2026-09-18T02:59:49Z</time></rtept><rtept lat="38.574336" lon="-78.384583"><ele>1012.0</ele><time>2026-09-18T02:59:49Z</time></rtept><rtept lat="38.57447" lon="-78.384682"><ele>1010.4</ele><time>2026-09-18T02:59:49Z</time></rtept><rtept lat="38.574598" lon="-78.384683"><ele>1010.6</ele><time>2026-09-18T02:59:49Z</time></rtept><rtept lat="38.574686" lon="-78.384663"><ele>1010.4</ele><time>2026-09-18T02:59:49Z</time></rtept><rtept lat="38.574798" lon="-78.384615"><ele>1012.6</ele><time>2026-09-18T02:59:49Z</time></rtept><rtept lat="38.574816" lon="-78.384559"><ele>1012.4</ele><time>2026-09-18T02:59:49Z</time></rtept><rtept lat="38.574863" lon="-78.384471"><ele>1013.6</ele><time>2026-09-18T02:59:49Z</time></rtept><rtept lat="38.575031" lon="-78.384428"><ele>1014.2</ele><time>2026-09-18T02:59:49Z</time></rtept><rtept lat="38.575093" lon="-78.384387"><ele>1013.8</ele><time>2026-09-18T02:59:49Z</time></rtept><rtept lat="38.575177" lon="-78.384365"><ele>1013.4</ele><time>2026-09-18T02:59:49Z</time></rtept><rtept lat="38.57524" lon="-78.384328"><ele>1014.0</ele><time>2026-09-18T02:59:49Z</time></rtept><rtept lat="38.575325" lon="-78.38431"><ele>1013.4</ele><time>2026-09-18T02:59:49Z</time></rtept><rtept lat="38.575377" lon="-78.38429"><ele>1012.6</ele><time>2026-09-18T02:59:49Z</time></rtept><rtept lat="38.575419" lon="-78.38424"><ele>1013.4</ele><time>2026-09-18T02:59:49Z</time></rtept><rtept lat="38.575465" lon="-78.384184"><ele>1014.6</ele><time>2026-09-18T02:59:49Z</time></rtept><rtept lat="38.575673" lon="-78.383994"><ele>1014.6</ele><time>2026-09-18T02:59:49Z</time></rtept><rtept lat="38.575848" lon="-78.383876"><ele>1013.8</ele><time>2026-09-18T02:59:49Z</time></rtept><rtept lat="38.576065" lon="-78.383828"><ele>1014.8</ele><time>2026-09-18T02:59:49Z</time></rtept><rtept lat="38.576165" lon="-78.383818"><ele>1014.2</ele><time>2026-09-18T02:59:49Z</time></rtept><rtept lat="38.576315" lon="-78.383801"><ele>1014.2</ele><time>2026-09-18T02:59:49Z</time></rtept><rtept lat="38.57637" lon="-78.383798"><ele>1014.2</ele><time>2026-09-18T02:59:49Z</time></rtept><rtept lat="38.57637" lon="-78.383798"><ele>1014.2</ele><time>2026-09-18T02:59:49Z</time></rtept><rtept lat="38.576512" lon="-78.383789"><ele>1013.8</ele><time>2026-09-18T02:59:49Z</time></rtept><rtept lat="38.576605" lon="-78.383773"><ele>1013.8</ele><time>2026-09-18T02:59:49Z</time></rtept><rtept lat="38.576755" lon="-78.383767"><ele>1013.8</ele><time>2026-09-18T02:59:49Z</time></rtept><rtept lat="38.576852" lon="-78.383773"><ele>1013.4</ele><time>2026-09-18T02:59:49Z</time></rtept><rtept lat="38.576933" lon="-78.383777"><ele>1013.2</ele><time>2026-09-18T02:59:49Z</time></rtept><rtept lat="38.577014" lon="-78.383782"><ele>1013.0</ele><time>2026-09-18T02:59:49Z</time></rtept><rtept lat="38.577117" lon="-78.38377"><ele>1014.0</ele><time>2026-09-18T02:59:49Z</time></rtept><rtept lat="38.577228" lon="-78.383731"><ele>1016.0</ele><time>2026-09-18T02:59:49Z</time></rtept><rtept lat="38.57731" lon="-78.383713"><ele>1016.8</ele><time>2026-09-18T02:59:49Z</time></rtept><rtept lat="38.577539" lon="-78.383731"><ele>1019.2</ele><time>2026-09-18T02:59:49Z</time></rtept><rtept lat="38.577655" lon="-78.383735"><ele>1020.6</ele><time>2026-09-18T02:59:49Z</time></rtept><rtept lat="38.577784" lon="-78.383728"><ele>1021.8</ele><time>2026-09-18T02:59:49Z</time></rtept><rtept lat="38.577855" lon="-78.383736"><ele>1022.2</ele><time>2026-09-18T02:59:49Z</time></rtept><rtept lat="38.57804" lon="-78.383685"><ele>1024.8</ele><time>2026-09-18T02:59:49Z</time></rtept><rtept lat="38.578118" lon="-78.383608"><ele>1025.0</ele><time>2026-09-18T02:59:49Z</time></rtept><rtept lat="38.578173" lon="-78.383475"><ele>1024.0</ele><time>2026-09-18T02:59:49Z</time></rtept><rtept lat="38.578229" lon="-78.383443"><ele>1024.0</ele><time>2026-09-18T02:59:49Z</time></rtept><rtept lat="38.578386" lon="-78.383365"><ele>1027.8</ele><time>2026-09-18T02:59:49Z</time></rtept><rtept lat="38.578458" lon="-78.383315"><ele>1027.6</ele><time>2026-09-18T02:59:49Z</time></rtept><rtept lat="38.578582" lon="-78.383212"><ele>1028.6</ele><time>2026-09-18T02:59:49Z</time></rtept><rtept lat="38.57864" lon="-78.383174"><ele>1030.0</ele><time>2026-09-18T02:59:49Z</time></rtept><rtept lat="38.5787" lon="-78.383162"><ele>1030.0</ele><time>2026-09-18T02:59:49Z</time></rtept><rtept lat="38.578727" lon="-78.38318"><ele>1031.4</ele><time>2026-09-18T02:59:49Z</time></rtept><rtept lat="38.578739" lon="-78.383235"><ele>1031.4</ele><time>2026-09-18T02:59:49Z</time></rtept><rtept lat="38.578719" lon="-78.383306"><ele>1033.4</ele><time>2026-09-18T02:59:49Z</time></rtept><rtept lat="38.578681" lon="-78.383369"><ele>1034.2</ele><time>2026-09-18T02:59:49Z</time></rtept><rtept lat="38.578621" lon="-78.383545"><ele>1036.6</ele><time>2026-09-18T02:59:49Z</time></rtept><rtept lat="38.578619" lon="-78.383695"><ele>1039.8</ele><time>2026-09-18T02:59:49Z</time></rtept><rtept lat="38.57861" lon="-78.383797"><ele>1041.4</ele><time>2026-09-18T02:59:49Z</time></rtept><rtept lat="38.578589" lon="-78.383892"><ele>1043.2</ele><time>2026-09-18T02:59:49Z</time></rtept><rtept lat="38.578543" lon="-78.38403"><ele>1045.6</ele><time>2026-09-18T02:59:49Z</time></rtept><rtept lat="38.57847" lon="-78.384171"><ele>1046.0</ele><time>2026-09-18T02:59:49Z</time></rtept><rtept lat="38.578338" lon="-78.384344"><ele>1046.0</ele><time>2026-09-18T02:59:49Z</time></rtept><rtept lat="38.578273" lon="-78.384455"><ele>1047.0</ele><time>2026-09-18T02:59:49Z</time></rtept><rtept lat="38.578214" lon="-78.384604"><ele>1046.2</ele><time>2026-09-18T02:59:49Z</time></rtept><rtept lat="38.57819" lon="-78.38469"><ele>1047.6</ele><time>2026-09-18T02:59:49Z</time></rtept><rtept lat="38.578204" lon="-78.384823"><ele>1049.2</ele><time>2026-09-18T02:59:49Z</time></rtept><rtept lat="38.578134" lon="-78.384958"><ele>1047.0</ele><time>2026-09-18T02:59:49Z</time></rtept><rtept lat="38.578115" lon="-78.385043"><ele>1046.8</ele><time>2026-09-18T02:59:49Z</time></rtept><rtept lat="38.578138" lon="-78.385103"><ele>1045.8</ele><time>2026-09-18T02:59:49Z</time></rtept><rtept lat="38.578186" lon="-78.38512"><ele>1048.4</ele><time>2026-09-18T02:59:49Z</time></rtept><rtept lat="38.578254" lon="-78.385035"><ele>1051.6</ele><time>2026-09-18T02:59:49Z</time></rtept><rtept lat="38.57831" lon="-78.385017"><ele>1053.6</ele><time>2026-09-18T02:59:49Z</time></rtept><rtept lat="38.578346" lon="-78.385118"><ele>1052.2</ele><time>2026-09-18T02:59:49Z</time></rtept><rtept lat="38.578411" lon="-78.385197"><ele>1051.8</ele><time>2026-09-18T02:59:49Z</time></rtept><rtept lat="38.57847" lon="-78.385189"><ele>1053.4</ele><time>2026-09-18T02:59:49Z</time></rtept><rtept lat="38.578494" lon="-78.385074"><ele>1056.2</ele><time>2026-09-18T02:59:49Z</time></rtept><rtept lat="38.578544" lon="-78.385012"><ele>1060.2</ele><time>2026-09-18T02:59:49Z</time></rtept><rtept lat="38.578584" lon="-78.385"><ele>1062.0</ele><time>2026-09-18T02:59:49Z</time></rtept><rtept lat="38.57862" lon="-78.385041"><ele>1062.0</ele><time>2026-09-18T02:59:49Z</time></rtept><rtept lat="38.578658" lon="-78.385145"><ele>1058.4</ele><time>2026-09-18T02:59:49Z</time></rtept><rtept lat="38.578699" lon="-78.385201"><ele>1058.4</ele><time>2026-09-18T02:59:49Z</time></rtept><rtept lat="38.578743" lon="-78.385233"><ele>1054.6</ele><time>2026-09-18T02:59:49Z</time></rtept><rtept lat="38.578788" lon="-78.385194"><ele>1060.2</ele><time>2026-09-18T02:59:49Z</time></rtept><rtept lat="38.578854" lon="-78.385121"><ele>1063.2</ele><time>2026-09-18T02:59:49Z</time></rtept><rtept lat="38.578941" lon="-78.385038"><ele>1064.4</ele><time>2026-09-18T02:59:49Z</time></rtept><rtept lat="38.57901" lon="-78.385015"><ele>1064.2</ele><time>2026-09-18T02:59:49Z</time></rtept><rtept lat="38.57907" lon="-78.385002"><ele>1064.0</ele><time>2026-09-18T02:59:49Z</time></rtept><rtept lat="38.579124" lon="-78.385028"><ele>1063.8</ele><time>2026-09-18T02:59:49Z</time></rtept><rtept lat="38.579222" lon="-78.385091"><ele>1064.4</ele><time>2026-09-18T02:59:49Z</time></rtept><rtept lat="38.579331" lon="-78.385194"><ele>1064.8</ele><time>2026-09-18T02:59:49Z</time></rtept><rtept lat="38.57942" lon="-78.385309"><ele>1065.8</ele><time>2026-09-18T02:59:49Z</time></rtept><rtept lat="38.579504" lon="-78.385387"><ele>1066.0</ele><time>2026-09-18T02:59:49Z</time></rtept><rtept lat="38.579561" lon="-78.385452"><ele>1065.4</ele><time>2026-09-18T02:59:49Z</time></rtept><rtept lat="38.579597" lon="-78.385503"><ele>1063.6</ele><time>2026-09-18T02:59:49Z</time></rtept><rtept lat="38.579647" lon="-78.385515"><ele>1063.2</ele><time>2026-09-18T02:59:49Z</time></rtept><rtept lat="38.579686" lon="-78.385497"><ele>1063.2</ele><time>2026-09-18T02:59:49Z</time></rtept><rtept lat="38.579706" lon="-78.385458"><ele>1065.0</ele><time>2026-09-18T02:59:49Z</time></rtept><rtept lat="38.579758" lon="-78.38539"><ele>1065.4</ele><time>2026-09-18T02:59:49Z</time></rtept><rtept lat="38.579822" lon="-78.385309"><ele>1065.4</ele><time>2026-09-18T02:59:49Z</time></rtept><rtept lat="38.579914" lon="-78.385244"><ele>1066.2</ele><time>2026-09-18T02:59:49Z</time></rtept><rtept lat="38.580031" lon="-78.385229"><ele>1066.4</ele><time>2026-09-18T02:59:49Z</time></rtept><rtept lat="38.580131" lon="-78.385265"><ele>1066.8</ele><time>2026-09-18T02:59:49Z</time></rtept><rtept lat="38.580199" lon="-78.385347"><ele>1067.2</ele><time>2026-09-18T02:59:49Z</time></rtept><rtept lat="38.580253" lon="-78.385501"><ele>1065.2</ele><time>2026-09-18T02:59:49Z</time></rtept><rtept lat="38.580307" lon="-78.385579"><ele>1062.8</ele><time>2026-09-18T02:59:49Z</time></rtept><rtept lat="38.580393" lon="-78.385594"><ele>1063.8</ele><time>2026-09-18T02:59:49Z</time></rtept><rtept lat="38.580467" lon="-78.385532"><ele>1066.6</ele><time>2026-09-18T02:59:49Z</time></rtept><rtept lat="38.580505" lon="-78.385528"><ele>1066.6</ele><time>2026-09-18T02:59:49Z</time></rtept><rtept lat="38.580559" lon="-78.385547"><ele>1067.0</ele><time>2026-09-18T02:59:49Z</time></rtept><rtept lat="38.58062" lon="-78.385595"><ele>1064.6</ele><time>2026-09-18T02:59:49Z</time></rtept><rtept lat="38.580698" lon="-78.385735"><ele>1058.6</ele><time>2026-09-18T02:59:49Z</time></rtept><rtept lat="38.580767" lon="-78.385839"><ele>1054.4</ele><time>2026-09-18T02:59:49Z</time></rtept><rtept lat="38.58083" lon="-78.385882"><ele>1054.6</ele><time>2026-09-18T02:59:49Z</time></rtept><rtept lat="38.580882" lon="-78.38594"><ele>1050.0</ele><time>2026-09-18T02:59:49Z</time></rtept><rtept lat="38.58099" lon="-78.385991"><ele>1050.6</ele><time>2026-09-18T02:59:49Z</time></rtept><rtept lat="38.581072" lon="-78.386051"><ele>1046.8</ele><time>2026-09-18T02:59:49Z</time></rtept><rtept lat="38.581163" lon="-78.386157"><ele>1044.0</ele><time>2026-09-18T02:59:49Z</time></rtept><rtept lat="38.581261" lon="-78.386161"><ele>1048.2</ele><time>2026-09-18T02:59:49Z</time></rtept><rtept lat="38.581392" lon="-78.386283"><ele>1040.0</ele><time>2026-09-18T02:59:49Z</time></rtept><rtept lat="38.581526" lon="-78.386352"><ele>1039.2</ele><time>2026-09-18T02:59:49Z</time></rtept><rtept lat="38.581635" lon="-78.386463"><ele>1038.2</ele><time>2026-09-18T02:59:49Z</time></rtept><rtept lat="38.58172" lon="-78.386514"><ele>1037.0</ele><time>2026-09-18T02:59:49Z</time></rtept><rtept lat="38.581796" lon="-78.386562"><ele>1043.6</ele><time>2026-09-18T02:59:49Z</time></rtept><rtept lat="38.581961" lon="-78.386582"><ele>1049.6</ele><time>2026-09-18T02:59:49Z</time></rtept><rtept lat="38.582035" lon="-78.386647"><ele>1047.8</ele><time>2026-09-18T02:59:49Z</time></rtept><rtept lat="38.582091" lon="-78.386698"><ele>1044.8</ele><time>2026-09-18T02:59:49Z</time></rtept><rtept lat="38.58212" lon="-78.386795"><ele>1038.6</ele><time>2026-09-18T02:59:49Z</time></rtept><rtept lat="38.582158" lon="-78.38682"><ele>1041.0</ele><time>2026-09-18T02:59:49Z</time></rtept><rtept lat="38.582237" lon="-78.386818"><ele>1043.2</ele><time>2026-09-18T02:59:49Z</time></rtept><rtept lat="38.582414" lon="-78.38686"><ele>1042.0</ele><time>2026-09-18T02:59:49Z</time></rtept><rtept lat="38.582586" lon="-78.386924"><ele>1045.0</ele><time>2026-09-18T02:59:49Z</time></rtept><rtept lat="38.582685" lon="-78.386955"><ele>1042.0</ele><time>2026-09-18T02:59:49Z</time></rtept><rtept lat="38.582923" lon="-78.38699"><ele>1043.2</ele><time>2026-09-18T02:59:49Z</time></rtept><rtept lat="38.583007" lon="-78.386991"><ele>1042.4</ele><time>2026-09-18T02:59:49Z</time></rtept><rtept lat="38.583112" lon="-78.386989"><ele>1041.8</ele><time>2026-09-18T02:59:49Z</time></rtept><rtept lat="38.583269" lon="-78.386927"><ele>1042.2</ele><time>2026-09-18T02:59:49Z</time></rtept><rtept lat="38.583387" lon="-78.386837"><ele>1045.2</ele><time>2026-09-18T02:59:49Z</time></rtept><rtept lat="38.583453" lon="-78.386801"><ele>1043.2</ele><time>2026-09-18T02:59:49Z</time></rtept><rtept lat="38.583574" lon="-78.386655"><ele>1047.8</ele><time>2026-09-18T02:59:49Z</time></rtept><rtept lat="38.583718" lon="-78.386507"><ele>1049.8</ele><time>2026-09-18T02:59:49Z</time></rtept><rtept lat="38.583789" lon="-78.386498"><ele>1048.0</ele><time>2026-09-18T02:59:49Z</time></rtept><rtept lat="38.583992" lon="-78.386475"><ele>1044.4</ele><time>2026-09-18T02:59:49Z</time></rtept><rtept lat="38.584099" lon="-78.386428"><ele>1044.4</ele><time>2026-09-18T02:59:49Z</time></rtept><rtept lat="38.584235" lon="-78.386437"><ele>1045.2</ele><time>2026-09-18T02:59:49Z</time></rtept><rtept lat="38.584282" lon="-78.38642"><ele>1047.8</ele><time>2026-09-18T02:59:49Z</time></rtept><rtept lat="38.584384" lon="-78.386337"><ele>1048.0</ele><time>2026-09-18T02:59:49Z</time></rtept><rtept lat="38.584448" lon="-78.38633"><ele>1049.8</ele><time>2026-09-18T02:59:49Z</time></rtept><rtept lat="38.584539" lon="-78.386274"><ele>1049.6</ele><time>2026-09-18T02:59:49Z</time></rtept><rtept lat="38.584596" lon="-78.386219"><ele>1051.0</ele><time>2026-09-18T02:59:49Z</time></rtept><rtept lat="38.584712" lon="-78.386213"><ele>1051.0</ele><time>2026-09-18T02:59:49Z</time></rtept><rtept lat="38.5848" lon="-78.386161"><ele>1052.2</ele><time>2026-09-18T02:59:49Z</time></rtept><rtept lat="38.584866" lon="-78.386047"><ele>1053.8</ele><time>2026-09-18T02:59:49Z</time></rtept><rtept lat="38.584943" lon="-78.385882"><ele>1056.6</ele><time>2026-09-18T02:59:49Z</time></rtept><rtept lat="38.584985" lon="-78.385824"><ele>1056.6</ele><time>2026-09-18T02:59:49Z</time></rtept><rtept lat="38.585049" lon="-78.385718"><ele>1059.2</ele><time>2026-09-18T02:59:49Z</time></rtept><rtept lat="38.585158" lon="-78.385588"><ele>1060.6</ele><time>2026-09-18T02:59:49Z</time></rtept><rtept lat="38.585239" lon="-78.38552"><ele>1061.6</ele><time>2026-09-18T02:59:49Z</time></rtept><rtept lat="38.585343" lon="-78.385427"><ele>1062.8</ele><time>2026-09-18T02:59:49Z</time></rtept><rtept lat="38.585445" lon="-78.385348"><ele>1064.4</ele><time>2026-09-18T02:59:49Z</time></rtept><rtept lat="38.585623" lon="-78.385272"><ele>1066.8</ele><time>2026-09-18T02:59:49Z</time></rtept><rtept lat="38.585785" lon="-78.385221"><ele>1067.4</ele><time>2026-09-18T02:59:49Z</time></rtept><rtept lat="38.585934" lon="-78.3852"><ele>1069.0</ele><time>2026-09-18T02:59:49Z</time></rtept><rtept lat="38.586128" lon="-78.385152"><ele>1069.6</ele><time>2026-09-18T02:59:49Z</time></rtept><rtept lat="38.586236" lon="-78.385087"><ele>1070.4</ele><time>2026-09-18T02:59:49Z</time></rtept><rtept lat="38.58628" lon="-78.385041"><ele>1071.0</ele><time>2026-09-18T02:59:49Z</time></rtept><rtept lat="38.58628" lon="-78.385041"><ele>1071.0</ele><time>2026-09-18T02:59:49Z</time></rtept><rtept lat="38.586383" lon="-78.384933"><ele>1071.8</ele><time>2026-09-18T02:59:49Z</time></rtept><rtept lat="38.586444" lon="-78.384857"><ele>1072.6</ele><time>2026-09-18T02:59:49Z</time></rtept><rtept lat="38.586516" lon="-78.384811"><ele>1072.6</ele><time>2026-09-18T02:59:49Z</time></rtept><rtept lat="38.586671" lon="-78.38474"><ele>1073.4</ele><time>2026-09-18T02:59:49Z</time></rtept><rtept lat="38.586793" lon="-78.384666"><ele>1074.4</ele><time>2026-09-18T02:59:49Z</time></rtept><rtept lat="38.586905" lon="-78.384546"><ele>1075.6</ele><time>2026-09-18T02:59:49Z</time></rtept><rtept lat="38.586983" lon="-78.384388"><ele>1076.8</ele><time>2026-09-18T02:59:49Z</time></rtept><rtept lat="38.587081" lon="-78.384147"><ele>1078.0</ele><time>2026-09-18T02:59:49Z</time></rtept><rtept lat="38.587354" lon="-78.384156"><ele>1080.4</ele><time>2026-09-18T02:59:49Z</time></rtept><rtept lat="38.587478" lon="-78.384062"><ele>1082.2</ele><time>2026-09-18T02:59:49Z</time></rtept><rtept lat="38.587491" lon="-78.383925"><ele>1082.8</ele><time>2026-09-18T02:59:49Z</time></rtept><rtept lat="38.587509" lon="-78.383792"><ele>1083.6</ele><time>2026-09-18T02:59:49Z</time></rtept><rtept lat="38.587509" lon="-78.383791"><ele>1083.6</ele><time>2026-09-18T02:59:49Z</time></rtept><rtept lat="38.587609" lon="-78.383559"><ele>1085.0</ele><time>2026-09-18T02:59:49Z</time></rtept><rtept lat="38.587714" lon="-78.383439"><ele>1086.4</ele><time>2026-09-18T02:59:49Z</time></rtept><rtept lat="38.587822" lon="-78.383388"><ele>1087.0</ele><time>2026-09-18T02:59:49Z</time></rtept><rtept lat="38.587916" lon="-78.383377"><ele>1088.0</ele><time>2026-09-18T02:59:49Z</time></rtept><rtept lat="38.587949" lon="-78.383356"><ele>1088.0</ele><time>2026-09-18T02:59:49Z</time></rtept><rtept lat="38.588017" lon="-78.383283"><ele>1088.6</ele><time>2026-09-18T02:59:49Z</time></rtept><rtept lat="38.58816" lon="-78.383235"><ele>1089.6</ele><time>2026-09-18T02:59:49Z</time></rtept><rtept lat="38.588267" lon="-78.383207"><ele>1090.6</ele><time>2026-09-18T02:59:49Z</time></rtept><rtept lat="38.588354" lon="-78.383201"><ele>1091.4</ele><time>2026-09-18T02:59:49Z</time></rtept><rtept lat="38.588427" lon="-78.38322"><ele>1092.0</ele><time>2026-09-18T02:59:49Z</time></rtept><rtept lat="38.588531" lon="-78.383243"><ele>1093.4</ele><time>2026-09-18T02:59:49Z</time></rtept><rtept lat="38.588573" lon="-78.383212"><ele>1094.0</ele><time>2026-09-18T02:59:49Z</time></rtept><rtept lat="38.588633" lon="-78.383066"><ele>1095.6</ele><time>2026-09-18T02:59:49Z</time></rtept><rtept lat="38.588668" lon="-78.38296"><ele>1096.0</ele><time>2026-09-18T02:59:49Z</time></rtept><rtept lat="38.588692" lon="-78.382881"><ele>1096.4</ele><time>2026-09-18T02:59:49Z</time></rtept><rtept lat="38.588711" lon="-78.382824"><ele>1097.2</ele><time>2026-09-18T02:59:49Z</time></rtept><rtept lat="38.588754" lon="-78.382708"><ele>1098.2</ele><time>2026-09-18T02:59:49Z</time></rtept><rtept lat="38.58884" lon="-78.382539"><ele>1101.6</ele><time>2026-09-18T02:59:49Z</time></rtept><rtept lat="38.58893" lon="-78.382352"><ele>1103.8</ele><time>2026-09-18T02:59:49Z</time></rtept><rtept lat="38.588962" lon="-78.382276"><ele>1104.4</ele><time>2026-09-18T02:59:49Z</time></rtept><rtept lat="38.588989" lon="-78.382246"><ele>1105.6</ele><time>2026-09-18T02:59:49Z</time></rtept><rtept lat="38.589339" lon="-78.38204"><ele>1111.4</ele><time>2026-09-18T02:59:49Z</time></rtept><rtept lat="38.589432" lon="-78.382017"><ele>1112.0</ele><time>2026-09-18T02:59:49Z</time></rtept><rtept lat="38.589597" lon="-78.382036"><ele>1114.2</ele><time>2026-09-18T02:59:49Z</time></rtept><rtept lat="38.589678" lon="-78.382052"><ele>1114.4</ele><time>2026-09-18T02:59:49Z</time></rtept><rtept lat="38.589777" lon="-78.382027"><ele>1116.6</ele><time>2026-09-18T02:59:49Z</time></rtept><rtept lat="38.589874" lon="-78.381914"><ele>1117.8</ele><time>2026-09-18T02:59:49Z</time></rtept><rtept lat="38.589953" lon="-78.381764"><ele>1119.2</ele><time>2026-09-18T02:59:49Z</time></rtept><rtept lat="38.589987" lon="-78.38167"><ele>1120.4</ele><time>2026-09-18T02:59:49Z</time></rtept><rtept lat="38.590053" lon="-78.381508"><ele>1121.6</ele><time>2026-09-18T02:59:49Z</time></rtept><rtept lat="38.590071" lon="-78.381394"><ele>1121.8</ele><time>2026-09-18T02:59:49Z</time></rtept><rtept lat="38.590038" lon="-78.381242"><ele>1121.6</ele><time>2026-09-18T02:59:49Z</time></rtept><rtept lat="38.589997" lon="-78.381117"><ele>1121.8</ele><time>2026-09-18T02:59:49Z</time></rtept><rtept lat="38.589958" lon="-78.380996"><ele>1121.6</ele><time>2026-09-18T02:59:49Z</time></rtept><rtept lat="38.589943" lon="-78.380873"><ele>1121.8</ele><time>2026-09-18T02:59:49Z</time></rtept><rtept lat="38.590008" lon="-78.380565"><ele>1124.2</ele><time>2026-09-18T02:59:49Z</time></rtept><rtept lat="38.590016" lon="-78.380466"><ele>1124.6</ele><time>2026-09-18T02:59:49Z</time></rtept><rtept lat="38.589997" lon="-78.380413"><ele>1125.2</ele><time>2026-09-18T02:59:49Z</time></rtept><rtept lat="38.589964" lon="-78.380337"><ele>1124.2</ele><time>2026-09-18T02:59:49Z</time></rtept><rtept lat="38.589945" lon="-78.380247"><ele>1124.8</ele><time>2026-09-18T02:59:49Z</time></rtept><rtept lat="38.589907" lon="-78.380217"><ele>1125.2</ele><time>2026-09-18T02:59:49Z</time></rtept><rtept lat="38.589859" lon="-78.380113"><ele>1124.8</ele><time>2026-09-18T02:59:49Z</time></rtept><rtept lat="38.589846" lon="-78.379991"><ele>1125.4</ele><time>2026-09-18T02:59:49Z</time></rtept><rtept lat="38.589838" lon="-78.379814"><ele>1125.2</ele><time>2026-09-18T02:59:49Z</time></rtept><rtept lat="38.589803" lon="-78.37971"><ele>1126.6</ele><time>2026-09-18T02:59:49Z</time></rtept><rtept lat="38.589787" lon="-78.379567"><ele>1127.4</ele><time>2026-09-18T02:59:49Z</time></rtept><rtept lat="38.589772" lon="-78.379456"><ele>1127.4</ele><time>2026-09-18T02:59:49Z</time></rtept><rtept lat="38.589725" lon="-78.379324"><ele>1128.2</ele><time>2026-09-18T02:59:49Z</time></rtept><rtept lat="38.589695" lon="-78.379224"><ele>1127.4</ele><time>2026-09-18T02:59:49Z</time></rtept><rtept lat="38.589685" lon="-78.379171"><ele>1128.2</ele><time>2026-09-18T02:59:49Z</time></rtept><rtept lat="38.589699" lon="-78.379113"><ele>1129.2</ele><time>2026-09-18T02:59:49Z</time></rtept><rtept lat="38.589722" lon="-78.379098"><ele>1130.6</ele><time>2026-09-18T02:59:49Z</time></rtept><rtept lat="38.589797" lon="-78.379087"><ele>1132.2</ele><time>2026-09-18T02:59:49Z</time></rtept><rtept lat="38.589866" lon="-78.379049"><ele>1133.8</ele><time>2026-09-18T02:59:49Z</time></rtept><rtept lat="38.589935" lon="-78.379039"><ele>1136.2</ele><time>2026-09-18T02:59:49Z</time></rtept><rtept lat="38.589995" lon="-78.379035"><ele>1138.2</ele><time>2026-09-18T02:59:49Z</time></rtept><rtept lat="38.590024" lon="-78.379074"><ele>1137.2</ele><time>2026-09-18T02:59:49Z</time></rtept><rtept lat="38.590054" lon="-78.379197"><ele>1138.2</ele><time>2026-09-18T02:59:49Z</time></rtept><rtept lat="38.590119" lon="-78.379306"><ele>1138.2</ele><time>2026-09-18T02:59:49Z</time></rtept><rtept lat="38.590176" lon="-78.379352"><ele>1140.0</ele><time>2026-09-18T02:59:49Z</time></rtept><rtept lat="38.590307" lon="-78.379433"><ele>1140.8</ele><time>2026-09-18T02:59:49Z</time></rtept><rtept lat="38.590424" lon="-78.379603"><ele>1141.8</ele><time>2026-09-18T02:59:49Z</time></rtept><rtept lat="38.590588" lon="-78.379722"><ele>1144.4</ele><time>2026-09-18T02:59:49Z</time></rtept><rtept lat="38.590703" lon="-78.379741"><ele>1143.8</ele><time>2026-09-18T02:59:49Z</time></rtept><rtept lat="38.590803" lon="-78.379732"><ele>1145.6</ele><time>2026-09-18T02:59:49Z</time></rtept><rtept lat="38.590963" lon="-78.379712"><ele>1147.6</ele><time>2026-09-18T02:59:49Z</time></rtept><rtept lat="38.591075" lon="-78.379705"><ele>1147.8</ele><time>2026-09-18T02:59:49Z</time></rtept><rtept lat="38.591183" lon="-78.37971"><ele>1148.2</ele><time>2026-09-18T02:59:49Z</time></rtept><rtept lat="38.591285" lon="-78.379682"><ele>1148.0</ele><time>2026-09-18T02:59:49Z</time></rtept><rtept lat="38.591419" lon="-78.379638"><ele>1148.0</ele><time>2026-09-18T02:59:49Z</time></rtept><rtept lat="38.591485" lon="-78.379634"><ele>1147.4</ele><time>2026-09-18T02:59:49Z</time></rtept><rtept lat="38.591485" lon="-78.379634"><ele>1147.4</ele><time>2026-09-18T02:59:49Z</time></rtept><rtept lat="38.591551" lon="-78.37963"><ele>1146.6</ele><time>2026-09-18T02:59:49Z</time></rtept><rtept lat="38.591664" lon="-78.379598"><ele>1145.0</ele><time>2026-09-18T02:59:49Z</time></rtept><rtept lat="38.59173" lon="-78.379548"><ele>1144.6</ele><time>2026-09-18T02:59:49Z</time></rtept><rtept lat="38.591792" lon="-78.379458"><ele>1144.0</ele><time>2026-09-18T02:59:49Z</time></rtept><rtept lat="38.591887" lon="-78.379304"><ele>1143.2</ele><time>2026-09-18T02:59:49Z</time></rtept><rtept lat="38.591981" lon="-78.379166"><ele>1142.6</ele><time>2026-09-18T02:59:49Z</time></rtept><rtept lat="38.592106" lon="-78.378982"><ele>1139.6</ele><time>2026-09-18T02:59:49Z</time></rtept><rtept lat="38.592174" lon="-78.378761"><ele>1139.2</ele><time>2026-09-18T02:59:49Z</time></rtept><rtept lat="38.592222" lon="-78.378581"><ele>1138.2</ele><time>2026-09-18T02:59:49Z</time></rtept><rtept lat="38.592319" lon="-78.378504"><ele>1136.8</ele><time>2026-09-18T02:59:49Z</time></rtept><rtept lat="38.592369" lon="-78.378344"><ele>1135.6</ele><time>2026-09-18T02:59:49Z</time></rtept><rtept lat="38.59242" lon="-78.378303"><ele>1134.2</ele><time>2026-09-18T02:59:49Z</time></rtept><rtept lat="38.59248" lon="-78.378286"><ele>1133.0</ele><time>2026-09-18T02:59:49Z</time></rtept><rtept lat="38.592609" lon="-78.378134"><ele>1130.8</ele><time>2026-09-18T02:59:49Z</time></rtept><rtept lat="38.59265" lon="-78.378057"><ele>1131.0</ele><time>2026-09-18T02:59:49Z</time></rtept><rtept lat="38.592731" lon="-78.37797"><ele>1128.8</ele><time>2026-09-18T02:59:49Z</time></rtept><rtept lat="38.59276" lon="-78.3779"><ele>1129.0</ele><time>2026-09-18T02:59:49Z</time></rtept><rtept lat="38.592757" lon="-78.377758"><ele>1129.0</ele><time>2026-09-18T02:59:49Z</time></rtept><rtept lat="38.592834" lon="-78.377569"><ele>1128.2</ele><time>2026-09-18T02:59:49Z</time></rtept><rtept lat="38.592846" lon="-78.377476"><ele>1128.2</ele><time>2026-09-18T02:59:49Z</time></rtept><rtept lat="38.592812" lon="-78.37726"><ele>1128.4</ele><time>2026-09-18T02:59:49Z</time></rtept><rtept lat="38.592823" lon="-78.377184"><ele>1128.0</ele><time>2026-09-18T02:59:49Z</time></rtept><rtept lat="38.592922" lon="-78.376815"><ele>1126.2</ele><time>2026-09-18T02:59:49Z</time></rtept><rtept lat="38.593016" lon="-78.37667"><ele>1125.2</ele><time>2026-09-18T02:59:49Z</time></rtept><rtept lat="38.593053" lon="-78.37673"><ele>1125.2</ele><time>2026-09-18T02:59:49Z</time></rtept><rtept lat="38.593076" lon="-78.376728"><ele>1124.6</ele><time>2026-09-18T02:59:49Z</time></rtept><rtept lat="38.593113" lon="-78.376726"><ele>1124.6</ele><time>2026-09-18T02:59:49Z</time></rtept><rtept lat="38.593153" lon="-78.376728"><ele>1124.0</ele><time>2026-09-18T02:59:49Z</time></rtept><rtept lat="38.593192" lon="-78.376734"><ele>1124.0</ele><time>2026-09-18T02:59:49Z</time></rtept><rtept lat="38.593235" lon="-78.376746"><ele>1123.6</ele><time>2026-09-18T02:59:49Z</time></rtept><rtept lat="38.593273" lon="-78.376763"><ele>1123.2</ele><time>2026-09-18T02:59:49Z</time></rtept><rtept lat="38.593314" lon="-78.376787"><ele>1123.2</ele><time>2026-09-18T02:59:49Z</time></rtept><rtept lat="38.593378" lon="-78.376828"><ele>1122.6</ele><time>2026-09-18T02:59:49Z</time></rtept><rtept lat="38.593526" lon="-78.376934"><ele>1121.4</ele><time>2026-09-18T02:59:49Z</time></rtept><rtept lat="38.593582" lon="-78.376978"><ele>1120.8</ele><time>2026-09-18T02:59:49Z</time></rtept><rtept lat="38.593635" lon="-78.376981"><ele>1120.0</ele><time>2026-09-18T02:59:49Z</time></rtept><rtept lat="38.593633" lon="-78.37687"><ele>1120.6</ele><time>2026-09-18T02:59:49Z</time></rtept><rtept lat="38.593587" lon="-78.376665"><ele>1122.0</ele><time>2026-09-18T02:59:49Z</time></rtept><rtept lat="38.593552" lon="-78.376448"><ele>1123.8</ele><time>2026-09-18T02:59:49Z</time></rtept><rtept lat="38.593506" lon="-78.376131"><ele>1126.4</ele><time>2026-09-18T02:59:49Z</time></rtept><rtept lat="38.593549" lon="-78.375974"><ele>1127.6</ele><time>2026-09-18T02:59:49Z</time></rtept><rtept lat="38.593586" lon="-78.37574"><ele>1129.0</ele><time>2026-09-18T02:59:49Z</time></rtept><rtept lat="38.593605" lon="-78.375585"><ele>1130.2</ele><time>2026-09-18T02:59:49Z</time></rtept><rtept lat="38.593613" lon="-78.375483"><ele>1130.8</ele><time>2026-09-18T02:59:49Z</time></rtept><rtept lat="38.593659" lon="-78.375395"><ele>1131.4</ele><time>2026-09-18T02:59:49Z</time></rtept><rtept lat="38.593797" lon="-78.37521"><ele>1133.4</ele><time>2026-09-18T02:59:49Z</time></rtept><rtept lat="38.593872" lon="-78.375112"><ele>1135.2</ele><time>2026-09-18T02:59:49Z</time></rtept><rtept lat="38.59398" lon="-78.375041"><ele>1136.6</ele><time>2026-09-18T02:59:49Z</time></rtept><rtept lat="38.594059" lon="-78.375013"><ele>1137.0</ele><time>2026-09-18T02:59:49Z</time></rtept><rtept lat="38.594207" lon="-78.374937"><ele>1139.4</ele><time>2026-09-18T02:59:49Z</time></rtept><rtept lat="38.594349" lon="-78.374794"><ele>1141.6</ele><time>2026-09-18T02:59:49Z</time></rtept><rtept lat="38.59441" lon="-78.374727"><ele>1142.8</ele><time>2026-09-18T02:59:49Z</time></rtept><rtept lat="38.594471" lon="-78.374627"><ele>1144.4</ele><time>2026-09-18T02:59:49Z</time></rtept><rtept lat="38.5945" lon="-78.374544"><ele>1145.2</ele><time>2026-09-18T02:59:49Z</time></rtept><rtept lat="38.594546" lon="-78.374422"><ele>1146.8</ele><time>2026-09-18T02:59:49Z</time></rtept><rtept lat="38.594572" lon="-78.374277"><ele>1148.2</ele><time>2026-09-18T02:59:49Z</time></rtept><rtept lat="38.594581" lon="-78.374107"><ele>1149.6</ele><time>2026-09-18T02:59:49Z</time></rtept><rtept lat="38.594589" lon="-78.373958"><ele>1150.8</ele><time>2026-09-18T02:59:49Z</time></rtept><rtept lat="38.594579" lon="-78.373761"><ele>1152.2</ele><time>2026-09-18T02:59:49Z</time></rtept><rtept lat="38.594609" lon="-78.373627"><ele>1154.4</ele><time>2026-09-18T02:59:49Z</time></rtept><rtept lat="38.594668" lon="-78.373475"><ele>1155.0</ele><time>2026-09-18T02:59:49Z</time></rtept><rtept lat="38.594735" lon="-78.373388"><ele>1156.6</ele><time>2026-09-18T02:59:49Z</time></rtept><rtept lat="38.594796" lon="-78.373322"><ele>1158.2</ele><time>2026-09-18T02:59:49Z</time></rtept><rtept lat="38.594844" lon="-78.373261"><ele>1159.8</ele><time>2026-09-18T02:59:49Z</time></rtept><rtept lat="38.594884" lon="-78.373179"><ele>1161.2</ele><time>2026-09-18T02:59:49Z</time></rtept><rtept lat="38.594915" lon="-78.373114"><ele>1161.8</ele><time>2026-09-18T02:59:49Z</time></rtept><rtept lat="38.594936" lon="-78.372959"><ele>1162.4</ele><time>2026-09-18T02:59:49Z</time></rtept><rtept lat="38.594944" lon="-78.372734"><ele>1164.8</ele><time>2026-09-18T02:59:49Z</time></rtept><rtept lat="38.594972" lon="-78.372499"><ele>1165.6</ele><time>2026-09-18T02:59:49Z</time></rtept><rtept lat="38.595023" lon="-78.372336"><ele>1167.2</ele><time>2026-09-18T02:59:49Z</time></rtept><rtept lat="38.59504" lon="-78.37214"><ele>1167.2</ele><time>2026-09-18T02:59:49Z</time></rtept><rtept lat="38.595044" lon="-78.372052"><ele>1167.2</ele><time>2026-09-18T02:59:49Z</time></rtept><rtept lat="38.59505" lon="-78.371967"><ele>1167.2</ele><time>2026-09-18T02:59:49Z</time></rtept><rtept lat="38.595057" lon="-78.371869"><ele>1167.2</ele><time>2026-09-18T02:59:49Z</time></rtept><rtept lat="38.595062" lon="-78.371781"><ele>1167.0</ele><time>2026-09-18T02:59:49Z</time></rtept><rtept lat="38.595074" lon="-78.371576"><ele>1167.8</ele><time>2026-09-18T02:59:49Z</time></rtept><rtept lat="38.5951" lon="-78.371396"><ele>1167.2</ele><time>2026-09-18T02:59:49Z</time></rtept><rtept lat="38.595125" lon="-78.371292"><ele>1167.0</ele><time>2026-09-18T02:59:49Z</time></rtept><rtept lat="38.595203" lon="-78.371193"><ele>1168.0</ele><time>2026-09-18T02:59:49Z</time></rtept><rtept lat="38.595269" lon="-78.371118"><ele>1168.6</ele><time>2026-09-18T02:59:49Z</time></rtept><rtept lat="38.595329" lon="-78.370975"><ele>1169.4</ele><time>2026-09-18T02:59:49Z</time></rtept><rtept lat="38.595379" lon="-78.370835"><ele>1169.8</ele><time>2026-09-18T02:59:49Z</time></rtept><rtept lat="38.595449" lon="-78.370622"><ele>1170.2</ele><time>2026-09-18T02:59:49Z</time></rtept><rtept lat="38.595527" lon="-78.370525"><ele>1170.8</ele><time>2026-09-18T02:59:49Z</time></rtept><rtept lat="38.59563" lon="-78.370434"><ele>1172.2</ele><time>2026-09-18T02:59:49Z</time></rtept><rtept lat="38.595676" lon="-78.370378"><ele>1173.2</ele><time>2026-09-18T02:59:49Z</time></rtept><rtept lat="38.595741" lon="-78.370329"><ele>1173.2</ele><time>2026-09-18T02:59:49Z</time></rtept><rtept lat="38.595871" lon="-78.370272"><ele>1175.2</ele><time>2026-09-18T02:59:49Z</time></rtept><rtept lat="38.596031" lon="-78.370185"><ele>1176.4</ele><time>2026-09-18T02:59:49Z</time></rtept><rtept lat="38.596137" lon="-78.370109"><ele>1175.2</ele><time>2026-09-18T02:59:49Z</time></rtept><rtept lat="38.59631" lon="-78.370007"><ele>1172.6</ele><time>2026-09-18T02:59:49Z</time></rtept><rtept lat="38.596387" lon="-78.369902"><ele>1170.6</ele><time>2026-09-18T02:59:49Z</time></rtept><rtept lat="38.596442" lon="-78.369801"><ele>1168.6</ele><time>2026-09-18T02:59:49Z</time></rtept><rtept lat="38.596569" lon="-78.369558"><ele>1162.6</ele><time>2026-09-18T02:59:49Z</time></rtept><rtept lat="38.596602" lon="-78.369437"><ele>1161.2</ele><time>2026-09-18T02:59:49Z</time></rtept><rtept lat="38.596622" lon="-78.369292"><ele>1157.2</ele><time>2026-09-18T02:59:49Z</time></rtept><rtept lat="38.596641" lon="-78.369214"><ele>1155.6</ele><time>2026-09-18T02:59:49Z</time></rtept><rtept lat="38.596669" lon="-78.369164"><ele>1154.0</ele><time>2026-09-18T02:59:49Z</time></rtept><rtept lat="38.596713" lon="-78.369159"><ele>1152.8</ele><time>2026-09-18T02:59:49Z</time></rtept><rtept lat="38.596826" lon="-78.36922"><ele>1152.6</ele><time>2026-09-18T02:59:49Z</time></rtept><rtept lat="38.596937" lon="-78.369242"><ele>1151.8</ele><time>2026-09-18T02:59:49Z</time></rtept><rtept lat="38.597041" lon="-78.369181"><ele>1150.2</ele><time>2026-09-18T02:59:49Z</time></rtept><rtept lat="38.597072" lon="-78.369139"><ele>1148.6</ele><time>2026-09-18T02:59:49Z</time></rtept><rtept lat="38.597122" lon="-78.369105"><ele>1148.0</ele><time>2026-09-18T02:59:49Z</time></rtept><rtept lat="38.597197" lon="-78.369077"><ele>1145.8</ele><time>2026-09-18T02:59:49Z</time></rtept><rtept lat="38.597274" lon="-78.369049"><ele>1145.4</ele><time>2026-09-18T02:59:49Z</time></rtept><rtept lat="38.597475" lon="-78.368998"><ele>1144.2</ele><time>2026-09-18T02:59:49Z</time></rtept><rtept lat="38.597546" lon="-78.369008"><ele>1144.0</ele><time>2026-09-18T02:59:49Z</time></rtept><rtept lat="38.597618" lon="-78.369045"><ele>1143.8</ele><time>2026-09-18T02:59:49Z</time></rtept><rtept lat="38.597716" lon="-78.36905"><ele>1143.4</ele><time>2026-09-18T02:59:49Z</time></rtept><rtept lat="38.597821" lon="-78.36902"><ele>1143.2</ele><time>2026-09-18T02:59:49Z</time></rtept><rtept lat="38.597906" lon="-78.368952"><ele>1141.2</ele><time>2026-09-18T02:59:49Z</time></rtept><rtept lat="38.598046" lon="-78.368853"><ele>1139.0</ele><time>2026-09-18T02:59:49Z</time></rtept><rtept lat="38.598191" lon="-78.368751"><ele>1136.8</ele><time>2026-09-18T02:59:49Z</time></rtept><rtept lat="38.598301" lon="-78.368727"><ele>1134.6</ele><time>2026-09-18T02:59:49Z</time></rtept><rtept lat="38.598451" lon="-78.368712"><ele>1134.6</ele><time>2026-09-18T02:59:49Z</time></rtept><rtept lat="38.598541" lon="-78.368629"><ele>1132.8</ele><time>2026-09-18T02:59:49Z</time></rtept><rtept lat="38.598669" lon="-78.368587"><ele>1133.6</ele><time>2026-09-18T02:59:49Z</time></rtept><rtept lat="38.598741" lon="-78.368475"><ele>1129.8</ele><time>2026-09-18T02:59:49Z</time></rtept><rtept lat="38.598865" lon="-78.368242"><ele>1125.4</ele><time>2026-09-18T02:59:49Z</time></rtept><rtept lat="38.598929" lon="-78.36814"><ele>1122.8</ele><time>2026-09-18T02:59:49Z</time></rtept><rtept lat="38.599009" lon="-78.368047"><ele>1118.2</ele><time>2026-09-18T02:59:49Z</time></rtept><rtept lat="38.599097" lon="-78.367986"><ele>1117.8</ele><time>2026-09-18T02:59:49Z</time></rtept><rtept lat="38.599193" lon="-78.367997"><ele>1117.4</ele><time>2026-09-18T02:59:49Z</time></rtept><rtept lat="38.599262" lon="-78.368044"><ele>1116.8</ele><time>2026-09-18T02:59:49Z</time></rtept><rtept lat="38.599355" lon="-78.368052"><ele>1116.0</ele><time>2026-09-18T02:59:49Z</time></rtept><rtept lat="38.599489" lon="-78.368058"><ele>1116.6</ele><time>2026-09-18T02:59:49Z</time></rtept><rtept lat="38.599607" lon="-78.368055"><ele>1113.6</ele><time>2026-09-18T02:59:49Z</time></rtept><rtept lat="38.599696" lon="-78.368104"><ele>1112.2</ele><time>2026-09-18T02:59:49Z</time></rtept><rtept lat="38.599782" lon="-78.368108"><ele>1109.4</ele><time>2026-09-18T02:59:49Z</time></rtept><rtept lat="38.599889" lon="-78.368128"><ele>1108.4</ele><time>2026-09-18T02:59:49Z</time></rtept><rtept lat="38.59999" lon="-78.36819"><ele>1108.8</ele><time>2026-09-18T02:59:49Z</time></rtept><rtept lat="38.600109" lon="-78.36821"><ele>1107.2</ele><time>2026-09-18T02:59:49Z</time></rtept><rtept lat="38.600252" lon="-78.368201"><ele>1106.0</ele><time>2026-09-18T02:59:49Z</time></rtept><rtept lat="38.600301" lon="-78.368161"><ele>1106.0</ele><time>2026-09-18T02:59:49Z</time></rtept><rtept lat="38.60043" lon="-78.368079"><ele>1103.0</ele><time>2026-09-18T02:59:49Z</time></rtept><rtept lat="38.600603" lon="-78.367965"><ele>1097.6</ele><time>2026-09-18T02:59:49Z</time></rtept><rtept lat="38.600739" lon="-78.36789"><ele>1097.4</ele><time>2026-09-18T02:59:49Z</time></rtept><rtept lat="38.600856" lon="-78.367842"><ele>1095.4</ele><time>2026-09-18T02:59:49Z</time></rtept><rtept lat="38.600856" lon="-78.367842"><ele>1095.4</ele><time>2026-09-18T02:59:49Z</time></rtept><rtept lat="38.600877" lon="-78.367833"><ele>1095.4</ele><time>2026-09-18T02:59:49Z</time></rtept><rtept lat="38.601012" lon="-78.367781"><ele>1093.4</ele><time>2026-09-18T02:59:49Z</time></rtept><rtept lat="38.601151" lon="-78.367823"><ele>1095.0</ele><time>2026-09-18T02:59:49Z</time></rtept><rtept lat="38.601237" lon="-78.36784"><ele>1095.0</ele><time>2026-09-18T02:59:49Z</time></rtept><rtept lat="38.601359" lon="-78.367761"><ele>1093.4</ele><time>2026-09-18T02:59:49Z</time></rtept><rtept lat="38.601463" lon="-78.367717"><ele>1093.6</ele><time>2026-09-18T02:59:49Z</time></rtept><rtept lat="38.601531" lon="-78.367689"><ele>1091.8</ele><time>2026-09-18T02:59:49Z</time></rtept><rtept lat="38.601634" lon="-78.367641"><ele>1092.0</ele><time>2026-09-18T02:59:49Z</time></rtept><rtept lat="38.601745" lon="-78.367645"><ele>1092.0</ele><time>2026-09-18T02:59:49Z</time></rtept><rtept lat="38.601866" lon="-78.36765"><ele>1092.4</ele><time>2026-09-18T02:59:49Z</time></rtept><rtept lat="38.601986" lon="-78.367611"><ele>1090.4</ele><time>2026-09-18T02:59:49Z</time></rtept><rtept lat="38.602131" lon="-78.367606"><ele>1090.0</ele><time>2026-09-18T02:59:49Z</time></rtept><rtept lat="38.602264" lon="-78.367627"><ele>1090.8</ele><time>2026-09-18T02:59:49Z</time></rtept><rtept lat="38.602481" lon="-78.367579"><ele>1085.6</ele><time>2026-09-18T02:59:49Z</time></rtept><rtept lat="38.602596" lon="-78.367592"><ele>1082.2</ele><time>2026-09-18T02:59:49Z</time></rtept><rtept lat="38.602663" lon="-78.367694"><ele>1082.6</ele><time>2026-09-18T02:59:49Z</time></rtept><rtept lat="38.602671" lon="-78.36779"><ele>1084.4</ele><time>2026-09-18T02:59:49Z</time></rtept><rtept lat="38.602681" lon="-78.367908"><ele>1087.8</ele><time>2026-09-18T02:59:49Z</time></rtept><rtept lat="38.602775" lon="-78.36805"><ele>1088.4</ele><time>2026-09-18T02:59:49Z</time></rtept><rtept lat="38.602896" lon="-78.368132"><ele>1087.0</ele><time>2026-09-18T02:59:49Z</time></rtept><rtept lat="38.602979" lon="-78.368129"><ele>1086.6</ele><time>2026-09-18T02:59:49Z</time></rtept><rtept lat="38.603093" lon="-78.368079"><ele>1084.2</ele><time>2026-09-18T02:59:49Z</time></rtept><rtept lat="38.603205" lon="-78.368009"><ele>1084.0</ele><time>2026-09-18T02:59:49Z</time></rtept><rtept lat="38.6033" lon="-78.367943"><ele>1086.6</ele><time>2026-09-18T02:59:49Z</time></rtept><rtept lat="38.603348" lon="-78.367909"><ele>1081.6</ele><time>2026-09-18T02:59:49Z</time></rtept><rtept lat="38.603412" lon="-78.367849"><ele>1081.4</ele><time>2026-09-18T02:59:49Z</time></rtept><rtept lat="38.603429" lon="-78.36778"><ele>1080.8</ele><time>2026-09-18T02:59:49Z</time></rtept><rtept lat="38.603411" lon="-78.367724"><ele>1080.8</ele><time>2026-09-18T02:59:49Z</time></rtept><rtept lat="38.603291" lon="-78.367707"><ele>1081.8</ele><time>2026-09-18T02:59:49Z</time></rtept><rtept lat="38.603112" lon="-78.367682"><ele>1081.0</ele><time>2026-09-18T02:59:49Z</time></rtept><rtept lat="38.603035" lon="-78.367654"><ele>1080.6</ele><time>2026-09-18T02:59:49Z</time></rtept><rtept lat="38.602999" lon="-78.367604"><ele>1077.2</ele><time>2026-09-18T02:59:49Z</time></rtept><rtept lat="38.602997" lon="-78.367533"><ele>1074.0</ele><time>2026-09-18T02:59:49Z</time></rtept><rtept lat="38.603045" lon="-78.367513"><ele>1074.0</ele><time>2026-09-18T02:59:49Z</time></rtept><rtept lat="38.603158" lon="-78.36747"><ele>1075.0</ele><time>2026-09-18T02:59:49Z</time></rtept><rtept lat="38.603254" lon="-78.367442"><ele>1072.6</ele><time>2026-09-18T02:59:49Z</time></rtept><rtept lat="38.6033" lon="-78.367416"><ele>1072.4</ele><time>2026-09-18T02:59:49Z</time></rtept><rtept lat="38.603322" lon="-78.367341"><ele>1069.2</ele><time>2026-09-18T02:59:49Z</time></rtept><rtept lat="38.603262" lon="-78.3673"><ele>1069.2</ele><time>2026-09-18T02:59:49Z</time></rtept><rtept lat="38.603126" lon="-78.367199"><ele>1067.4</ele><time>2026-09-18T02:59:49Z</time></rtept><rtept lat="38.603001" lon="-78.367104"><ele>1063.8</ele><time>2026-09-18T02:59:49Z</time></rtept><rtept lat="38.602957" lon="-78.367026"><ele>1064.0</ele><time>2026-09-18T02:59:49Z</time></rtept><rtept lat="38.602921" lon="-78.36693"><ele>1059.2</ele><time>2026-09-18T02:59:49Z</time></rtept><rtept lat="38.602964" lon="-78.366897"><ele>1059.2</ele><time>2026-09-18T02:59:49Z</time></rtept><rtept lat="38.603021" lon="-78.366881"><ele>1059.0</ele><time>2026-09-18T02:59:49Z</time></rtept><rtept lat="38.603086" lon="-78.366855"><ele>1058.4</ele><time>2026-09-18T02:59:49Z</time></rtept><rtept lat="38.603163" lon="-78.36682"><ele>1054.4</ele><time>2026-09-18T02:59:49Z</time></rtept><rtept lat="38.603183" lon="-78.366797"><ele>1054.4</ele><time>2026-09-18T02:59:49Z</time></rtept><rtept lat="38.603173" lon="-78.366756"><ele>1051.6</ele><time>2026-09-18T02:59:49Z</time></rtept><rtept lat="38.603113" lon="-78.366692"><ele>1052.8</ele><time>2026-09-18T02:59:49Z</time></rtept><rtept lat="38.602815" lon="-78.366443"><ele>1048.8</ele><time>2026-09-18T02:59:49Z</time></rtept><rtept lat="38.602773" lon="-78.366377"><ele>1047.4</ele><time>2026-09-18T02:59:49Z</time></rtept><rtept lat="38.602756" lon="-78.366337"><ele>1047.4</ele><time>2026-09-18T02:59:49Z</time></rtept><rtept lat="38.602748" lon="-78.366289"><ele>1044.4</ele><time>2026-09-18T02:59:49Z</time></rtept><rtept lat="38.602788" lon="-78.366285"><ele>1043.0</ele><time>2026-09-18T02:59:49Z</time></rtept><rtept lat="38.602938" lon="-78.366297"><ele>1040.4</ele><time>2026-09-18T02:59:49Z</time></rtept><rtept lat="38.603089" lon="-78.366328"><ele>1037.8</ele><time>2026-09-18T02:59:49Z</time></rtept><rtept lat="38.603115" lon="-78.366333"><ele>1037.8</ele><time>2026-09-18T02:59:49Z</time></rtept><rtept lat="38.603084" lon="-78.366327"><ele>1037.8</ele><time>2026-09-18T02:59:49Z</time></rtept><rtept lat="38.603008" lon="-78.36622"><ele>1036.4</ele><time>2026-09-18T02:59:49Z</time></rtept><rtept lat="38.602922" lon="-78.366148"><ele>1034.8</ele><time>2026-09-18T02:59:49Z</time></rtept><rtept lat="38.602813" lon="-78.366071"><ele>1034.6</ele><time>2026-09-18T02:59:49Z</time></rtept><rtept lat="38.602768" lon="-78.366"><ele>1035.6</ele><time>2026-09-18T02:59:49Z</time></rtept><rtept lat="38.602682" lon="-78.365882"><ele>1031.8</ele><time>2026-09-18T02:59:49Z</time></rtept><rtept lat="38.60251" lon="-78.365762"><ele>1032.0</ele><time>2026-09-18T02:59:49Z</time></rtept><rtept lat="38.60242" lon="-78.365692"><ele>1030.4</ele><time>2026-09-18T02:59:49Z</time></rtept><rtept lat="38.602374" lon="-78.365603"><ele>1028.6</ele><time>2026-09-18T02:59:49Z</time></rtept><rtept lat="38.602534" lon="-78.365577"><ele>1026.0</ele><time>2026-09-18T02:59:49Z</time></rtept><rtept lat="38.602652" lon="-78.365588"><ele>1023.6</ele><time>2026-09-18T02:59:49Z</time></rtept><rtept lat="38.602936" lon="-78.36567"><ele>1020.6</ele><time>2026-09-18T02:59:49Z</time></rtept><rtept lat="38.603026" lon="-78.365709"><ele>1018.6</ele><time>2026-09-18T02:59:49Z</time></rtept><rtept lat="38.603138" lon="-78.365776"><ele>1018.6</ele><time>2026-09-18T02:59:49Z</time></rtept><rtept lat="38.603216" lon="-78.365803"><ele>1016.0</ele><time>2026-09-18T02:59:49Z</time></rtept><rtept lat="38.603318" lon="-78.365884"><ele>1017.6</ele><time>2026-09-18T02:59:49Z</time></rtept><rtept lat="38.603406" lon="-78.365906"><ele>1011.6</ele><time>2026-09-18T02:59:49Z</time></rtept><rtept lat="38.603494" lon="-78.365935"><ele>1012.8</ele><time>2026-09-18T02:59:49Z</time></rtept><rtept lat="38.603605" lon="-78.365984"><ele>1008.4</ele><time>2026-09-18T02:59:49Z</time></rtept><rtept lat="38.603712" lon="-78.366056"><ele>1010.0</ele><time>2026-09-18T02:59:49Z</time></rtept><rtept lat="38.603827" lon="-78.366077"><ele>1008.4</ele><time>2026-09-18T02:59:49Z</time></rtept><rtept lat="38.603918" lon="-78.366061"><ele>1008.2</ele><time>2026-09-18T02:59:49Z</time></rtept><rtept lat="38.603993" lon="-78.366006"><ele>1008.2</ele><time>2026-09-18T02:59:49Z</time></rtept><rtept lat="38.604089" lon="-78.365971"><ele>1005.4</ele><time>2026-09-18T02:59:49Z</time></rtept><rtept lat="38.604217" lon="-78.365941"><ele>1004.8</ele><time>2026-09-18T02:59:49Z</time></rtept><rtept lat="38.60436" lon="-78.36591"><ele>1003.4</ele><time>2026-09-18T02:59:49Z</time></rtept><rtept lat="38.604457" lon="-78.3659"><ele>998.6</ele><time>2026-09-18T02:59:49Z</time></rtept><rtept lat="38.604507" lon="-78.365914"><ele>1001.2</ele><time>2026-09-18T02:59:49Z</time></rtept><rtept lat="38.604602" lon="-78.365968"><ele>997.8</ele><time>2026-09-18T02:59:49Z</time></rtept><rtept lat="38.604688" lon="-78.366034"><ele>1000.0</ele><time>2026-09-18T02:59:49Z</time></rtept><rtept lat="38.604807" lon="-78.366096"><ele>1000.0</ele><time>2026-09-18T02:59:49Z</time></rtept><rtept lat="38.604998" lon="-78.366168"><ele>998.8</ele><time>2026-09-18T02:59:49Z</time></rtept><rtept lat="38.605101" lon="-78.366165"><ele>988.4</ele><time>2026-09-18T02:59:49Z</time></rtept><rtept lat="38.605183" lon="-78.366192"><ele>989.0</ele><time>2026-09-18T02:59:49Z</time></rtept><rtept lat="38.605285" lon="-78.366211"><ele>985.2</ele><time>2026-09-18T02:59:49Z</time></rtept><rtept lat="38.605337" lon="-78.366273"><ele>985.6</ele><time>2026-09-18T02:59:49Z</time></rtept><rtept lat="38.605383" lon="-78.36637"><ele>987.0</ele><time>2026-09-18T02:59:49Z</time></rtept><rtept lat="38.605485" lon="-78.366662"><ele>988.2</ele><time>2026-09-18T02:59:49Z</time></rtept><rtept lat="38.605533" lon="-78.366807"><ele>990.2</ele><time>2026-09-18T02:59:49Z</time></rtept><rtept lat="38.605566" lon="-78.366904"><ele>987.8</ele><time>2026-09-18T02:59:49Z</time></rtept><rtept lat="38.605603" lon="-78.366989"><ele>986.2</ele><time>2026-09-18T02:59:49Z</time></rtept><rtept lat="38.60566" lon="-78.366981"><ele>984.0</ele><time>2026-09-18T02:59:49Z</time></rtept><rtept lat="38.605749" lon="-78.366885"><ele>981.6</ele><time>2026-09-18T02:59:49Z</time></rtept><rtept lat="38.60571" lon="-78.366809"><ele>984.8</ele><time>2026-09-18T02:59:49Z</time></rtept><rtept lat="38.605705" lon="-78.366699"><ele>985.2</ele><time>2026-09-18T02:59:49Z</time></rtept><rtept lat="38.605662" lon="-78.366597"><ele>985.8</ele><time>2026-09-18T02:59:49Z</time></rtept><rtept lat="38.605626" lon="-78.366509"><ele>985.2</ele><time>2026-09-18T02:59:49Z</time></rtept><rtept lat="38.605655" lon="-78.366407"><ele>983.2</ele><time>2026-09-18T02:59:49Z</time></rtept><rtept lat="38.605707" lon="-78.366453"><ele>983.6</ele><time>2026-09-18T02:59:49Z</time></rtept><rtept lat="38.605756" lon="-78.366463"><ele>983.2</ele><time>2026-09-18T02:59:49Z</time></rtept><rtept lat="38.605813" lon="-78.366437"><ele>982.6</ele><time>2026-09-18T02:59:49Z</time></rtept><rtept lat="38.605919" lon="-78.366394"><ele>981.2</ele><time>2026-09-18T02:59:49Z</time></rtept><rtept lat="38.606112" lon="-78.366449"><ele>981.6</ele><time>2026-09-18T02:59:49Z</time></rtept><rtept lat="38.606348" lon="-78.366474"><ele>980.0</ele><time>2026-09-18T02:59:49Z</time></rtept><rtept lat="38.606592" lon="-78.366489"><ele>978.0</ele><time>2026-09-18T02:59:49Z</time></rtept><rtept lat="38.606882" lon="-78.366459"><ele>971.0</ele><time>2026-09-18T02:59:49Z</time></rtept><rtept lat="38.607437" lon="-78.366352"><ele>968.2</ele><time>2026-09-18T02:59:49Z</time></rtept><rtept lat="38.607996" lon="-78.366251"><ele>965.4</ele><time>2026-09-18T02:59:49Z</time></rtept><rtept lat="38.608101" lon="-78.366224"><ele>966.2</ele><time>2026-09-18T02:59:49Z</time></rtept><rtept lat="38.608265" lon="-78.366147"><ele>965.6</ele><time>2026-09-18T02:59:49Z</time></rtept><rtept lat="38.608373" lon="-78.366081"><ele>961.8</ele><time>2026-09-18T02:59:49Z</time></rtept><rtept lat="38.608519" lon="-78.365979"><ele>959.2</ele><time>2026-09-18T02:59:49Z</time></rtept><rtept lat="38.608611" lon="-78.365914"><ele>957.8</ele><time>2026-09-18T02:59:49Z</time></rtept><rtept lat="38.608772" lon="-78.365769"><ele>956.2</ele><time>2026-09-18T02:59:49Z</time></rtept><rtept lat="38.608889" lon="-78.365628"><ele>957.8</ele><time>2026-09-18T02:59:49Z</time></rtept><rtept lat="38.609004" lon="-78.365471"><ele>956.8</ele><time>2026-09-18T02:59:49Z</time></rtept><rtept lat="38.609168" lon="-78.365192"><ele>954.2</ele><time>2026-09-18T02:59:49Z</time></rtept><rtept lat="38.609314" lon="-78.364902"><ele>953.8</ele><time>2026-09-18T02:59:49Z</time></rtept><rtept lat="38.609509" lon="-78.364567"><ele>954.4</ele><time>2026-09-18T02:59:49Z</time></rtept><rtept lat="38.609755" lon="-78.364195"><ele>955.0</ele><time>2026-09-18T02:59:49Z</time></rtept><rtept lat="38.609936" lon="-78.363985"><ele>953.6</ele><time>2026-09-18T02:59:49Z</time></rtept><rtept lat="38.610165" lon="-78.363791"><ele>950.4</ele><time>2026-09-18T02:59:49Z</time></rtept><rtept lat="38.610254" lon="-78.363719"><ele>949.4</ele><time>2026-09-18T02:59:49Z</time></rtept><rtept lat="38.610577" lon="-78.363472"><ele>948.2</ele><time>2026-09-18T02:59:49Z</time></rtept><rtept lat="38.611071" lon="-78.363135"><ele>947.0</ele><time>2026-09-18T02:59:49Z</time></rtept><rtept lat="38.611682" lon="-78.362708"><ele>945.0</ele><time>2026-09-18T02:59:49Z</time></rtept><rtept lat="38.612119" lon="-78.362403"><ele>945.2</ele><time>2026-09-18T02:59:49Z</time></rtept><rtept lat="38.612358" lon="-78.362206"><ele>945.0</ele><time>2026-09-18T02:59:49Z</time></rtept><rtept lat="38.612421" lon="-78.36214"><ele>943.8</ele><time>2026-09-18T02:59:49Z</time></rtept><rtept lat="38.612469" lon="-78.362086"><ele>943.8</ele><time>2026-09-18T02:59:49Z</time></rtept><rtept lat="38.612537" lon="-78.362"><ele>943.6</ele><time>2026-09-18T02:59:49Z</time></rtept><rtept lat="38.612645" lon="-78.36187"><ele>944.6</ele><time>2026-09-18T02:59:49Z</time></rtept><rtept lat="38.612739" lon="-78.361686"><ele>944.2</ele><time>2026-09-18T02:59:49Z</time></rtept><rtept lat="38.612816" lon="-78.36148"><ele>945.2</ele><time>2026-09-18T02:59:49Z</time></rtept><rtept lat="38.612936" lon="-78.361115"><ele>947.4</ele><time>2026-09-18T02:59:49Z</time></rtept><rtept lat="38.612988" lon="-78.360945"><ele>949.2</ele><time>2026-09-18T02:59:49Z</time></rtept><rtept lat="38.613208" lon="-78.36018"><ele>949.8</ele><time>2026-09-18T02:59:49Z</time></rtept><rtept lat="38.613266" lon="-78.359955"><ele>949.2</ele><time>2026-09-18T02:59:49Z</time></rtept><rtept lat="38.613266" lon="-78.359955"><ele>949.2</ele><time>2026-09-18T02:59:49Z</time></rtept><rtept lat="38.613275" lon="-78.359956"><ele>949.2</ele><time>2026-09-18T02:59:49Z</time></rtept><rtept lat="38.61336" lon="-78.359961"><ele>950.2</ele><time>2026-09-18T02:59:49Z</time></rtept><rtept lat="38.613294" lon="-78.359849"><ele>948.6</ele><time>2026-09-18T02:59:49Z</time></rtept><rtept lat="38.613349" lon="-78.359592"><ele>948.2</ele><time>2026-09-18T02:59:49Z</time></rtept><rtept lat="38.613396" lon="-78.35936"><ele>948.0</ele><time>2026-09-18T02:59:49Z</time></rtept><rtept lat="38.613416" lon="-78.359134"><ele>947.2</ele><time>2026-09-18T02:59:49Z</time></rtept><rtept lat="38.613416" lon="-78.359134"><ele>947.2</ele><time>2026-09-18T02:59:49Z</time></rtept><rtept lat="38.613341" lon="-78.359111"><ele>945.8</ele><time>2026-09-18T02:59:49Z</time></rtept><rtept lat="38.613244" lon="-78.359055"><ele>943.4</ele><time>2026-09-18T02:59:49Z</time></rtept><rtept lat="38.613236" lon="-78.358934"><ele>943.0</ele><time>2026-09-18T02:59:49Z</time></rtept><rtept lat="38.613228" lon="-78.358816"><ele>943.0</ele><time>2026-09-18T02:59:49Z</time></rtept><rtept lat="38.613206" lon="-78.358656"><ele>942.6</ele><time>2026-09-18T02:59:49Z</time></rtept><rtept lat="38.613136" lon="-78.35836"><ele>941.6</ele><time>2026-09-18T02:59:49Z</time></rtept><rtept lat="38.613048" lon="-78.358253"><ele>940.6</ele><time>2026-09-18T02:59:49Z</time></rtept><rtept lat="38.612951" lon="-78.358167"><ele>938.8</ele><time>2026-09-18T02:59:49Z</time></rtept><rtept lat="38.612859" lon="-78.358103"><ele>937.4</ele><time>2026-09-18T02:59:49Z</time></rtept><rtept lat="38.612708" lon="-78.357995"><ele>931.8</ele><time>2026-09-18T02:59:49Z</time></rtept><rtept lat="38.612604" lon="-78.357904"><ele>929.8</ele><time>2026-09-18T02:59:49Z</time></rtept><rtept lat="38.612474" lon="-78.357808"><ele>926.6</ele><time>2026-09-18T02:59:49Z</time></rtept><rtept lat="38.612373" lon="-78.357759"><ele>923.6</ele><time>2026-09-18T02:59:49Z</time></rtept><rtept lat="38.612247" lon="-78.357695"><ele>923.0</ele><time>2026-09-18T02:59:49Z</time></rtept><rtept lat="38.612166" lon="-78.357655"><ele>920.8</ele><time>2026-09-18T02:59:49Z</time></rtept><rtept lat="38.612075" lon="-78.35762"><ele>919.2</ele><time>2026-09-18T02:59:49Z</time></rtept><rtept lat="38.611941" lon="-78.357555"><ele>917.4</ele><time>2026-09-18T02:59:49Z</time></rtept><rtept lat="38.611753" lon="-78.357518"><ele>912.4</ele><time>2026-09-18T02:59:49Z</time></rtept><rtept lat="38.611618" lon="-78.357475"><ele>908.8</ele><time>2026-09-18T02:59:49Z</time></rtept><rtept lat="38.611472" lon="-78.357437"><ele>903.0</ele><time>2026-09-18T02:59:49Z</time></rtept><rtept lat="38.611287" lon="-78.357427"><ele>899.0</ele><time>2026-09-18T02:59:49Z</time></rtept><rtept lat="38.611157" lon="-78.357432"><ele>896.2</ele><time>2026-09-18T02:59:49Z</time></rtept><rtept lat="38.610994" lon="-78.357443"><ele>893.2</ele><time>2026-09-18T02:59:49Z</time></rtept><rtept lat="38.610822" lon="-78.357427"><ele>887.6</ele><time>2026-09-18T02:59:49Z</time></rtept><rtept lat="38.610654" lon="-78.357352"><ele>885.0</ele><time>2026-09-18T02:59:49Z</time></rtept><rtept lat="38.610503" lon="-78.357287"><ele>883.0</ele><time>2026-09-18T02:59:49Z</time></rtept><rtept lat="38.610407" lon="-78.357234"><ele>881.2</ele><time>2026-09-18T02:59:49Z</time></rtept><rtept lat="38.610293" lon="-78.357193"><ele>877.2</ele><time>2026-09-18T02:59:49Z</time></rtept><rtept lat="38.610271" lon="-78.35718"><ele>877.2</ele><time>2026-09-18T02:59:49Z</time></rtept><rtept lat="38.610244" lon="-78.357169"><ele>877.2</ele><time>2026-09-18T02:59:49Z</time></rtept><rtept lat="38.610208" lon="-78.35718"><ele>875.2</ele><time>2026-09-18T02:59:49Z</time></rtept><rtept lat="38.610184" lon="-78.357207"><ele>875.2</ele><time>2026-09-18T02:59:49Z</time></rtept><rtept lat="38.610183" lon="-78.357253"><ele>873.0</ele><time>2026-09-18T02:59:49Z</time></rtept><rtept lat="38.610189" lon="-78.357294"><ele>873.0</ele><time>2026-09-18T02:59:49Z</time></rtept><rtept lat="38.610217" lon="-78.357368"><ele>871.0</ele><time>2026-09-18T02:59:49Z</time></rtept><rtept lat="38.610273" lon="-78.357512"><ele>869.0</ele><time>2026-09-18T02:59:49Z</time></rtept><rtept lat="38.61034" lon="-78.357732"><ele>866.8</ele><time>2026-09-18T02:59:49Z</time></rtept><rtept lat="38.610403" lon="-78.357915"><ele>865.0</ele><time>2026-09-18T02:59:49Z</time></rtept><rtept lat="38.610466" lon="-78.358135"><ele>861.2</ele><time>2026-09-18T02:59:49Z</time></rtept><rtept lat="38.610524" lon="-78.358398"><ele>858.0</ele><time>2026-09-18T02:59:49Z</time></rtept><rtept lat="38.610529" lon="-78.358655"><ele>855.4</ele><time>2026-09-18T02:59:49Z</time></rtept><rtept lat="38.610457" lon="-78.358875"><ele>855.2</ele><time>2026-09-18T02:59:49Z</time></rtept><rtept lat="38.610369" lon="-78.359084"><ele>854.6</ele><time>2026-09-18T02:59:49Z</time></rtept><rtept lat="38.610258" lon="-78.359326"><ele>851.6</ele><time>2026-09-18T02:59:49Z</time></rtept><rtept lat="38.610168" lon="-78.359511"><ele>849.4</ele><time>2026-09-18T02:59:49Z</time></rtept><rtept lat="38.610063" lon="-78.359701"><ele>843.4</ele><time>2026-09-18T02:59:49Z</time></rtept><rtept lat="38.609927" lon="-78.359878"><ele>837.0</ele><time>2026-09-18T02:59:49Z</time></rtept><rtept lat="38.60978" lon="-78.360026"><ele>831.2</ele><time>2026-09-18T02:59:49Z</time></rtept><rtept lat="38.609652" lon="-78.36012"><ele>830.6</ele><time>2026-09-18T02:59:49Z</time></rtept><rtept lat="38.609537" lon="-78.360128"><ele>829.4</ele><time>2026-09-18T02:59:49Z</time></rtept><rtept lat="38.609439" lon="-78.360085"><ele>828.8</ele><time>2026-09-18T02:59:49Z</time></rtept><rtept lat="38.609261" lon="-78.360087"><ele>827.0</ele><time>2026-09-18T02:59:49Z</time></rtept><rtept lat="38.609045" lon="-78.360157"><ele>824.6</ele><time>2026-09-18T02:59:49Z</time></rtept><rtept lat="38.608831" lon="-78.360195"><ele>822.4</ele><time>2026-09-18T02:59:49Z</time></rtept><rtept lat="38.608634" lon="-78.360208"><ele>816.4</ele><time>2026-09-18T02:59:49Z</time></rtept><rtept lat="38.608452" lon="-78.360181"><ele>814.0</ele><time>2026-09-18T02:59:49Z</time></rtept><rtept lat="38.608267" lon="-78.360098"><ele>816.0</ele><time>2026-09-18T02:59:49Z</time></rtept><rtept lat="38.608095" lon="-78.359988"><ele>816.8</ele><time>2026-09-18T02:59:49Z</time></rtept><rtept lat="38.607927" lon="-78.359875"><ele>814.4</ele><time>2026-09-18T02:59:49Z</time></rtept><rtept lat="38.607737" lon="-78.359841"><ele>813.0</ele><time>2026-09-18T02:59:49Z</time></rtept><rtept lat="38.6076" lon="-78.359859"><ele>810.4</ele><time>2026-09-18T02:59:49Z</time></rtept><rtept lat="38.607477" lon="-78.359937"><ele>807.8</ele><time>2026-09-18T02:59:49Z</time></rtept><rtept lat="38.607376" lon="-78.36012"><ele>807.4</ele><time>2026-09-18T02:59:49Z</time></rtept><rtept lat="38.607269" lon="-78.360264"><ele>804.6</ele><time>2026-09-18T02:59:49Z</time></rtept><rtept lat="38.607129" lon="-78.36039"><ele>802.6</ele><time>2026-09-18T02:59:49Z</time></rtept><rtept lat="38.607007" lon="-78.360466"><ele>802.4</ele><time>2026-09-18T02:59:49Z</time></rtept><rtept lat="38.606837" lon="-78.360479"><ele>801.8</ele><time>2026-09-18T02:59:49Z</time></rtept><rtept lat="38.606657" lon="-78.360455"><ele>800.0</ele><time>2026-09-18T02:59:49Z</time></rtept><rtept lat="38.606425" lon="-78.360353"><ele>796.6</ele><time>2026-09-18T02:59:49Z</time></rtept><rtept lat="38.60623" lon="-78.360331"><ele>795.2</ele><time>2026-09-18T02:59:49Z</time></rtept><rtept lat="38.606089" lon="-78.360299"><ele>793.4</ele><time>2026-09-18T02:59:49Z</time></rtept><rtept lat="38.605924" lon="-78.360144"><ele>791.4</ele><time>2026-09-18T02:59:49Z</time></rtept><rtept lat="38.6058" lon="-78.359929"><ele>788.0</ele><time>2026-09-18T02:59:49Z</time></rtept><rtept lat="38.605712" lon="-78.359661"><ele>781.8</ele><time>2026-09-18T02:59:49Z</time></rtept><rtept lat="38.605622" lon="-78.359505"><ele>778.6</ele><time>2026-09-18T02:59:49Z</time></rtept><rtept lat="38.605504" lon="-78.359363"><ele>775.4</ele><time>2026-09-18T02:59:49Z</time></rtept><rtept lat="38.605341" lon="-78.359269"><ele>774.0</ele><time>2026-09-18T02:59:49Z</time></rtept><rtept lat="38.605106" lon="-78.359175"><ele>772.8</ele><time>2026-09-18T02:59:49Z</time></rtept><rtept lat="38.605018" lon="-78.359092"><ele>771.4</ele><time>2026-09-18T02:59:49Z</time></rtept><rtept lat="38.604886" lon="-78.359071"><ele>770.8</ele><time>2026-09-18T02:59:49Z</time></rtept><rtept lat="38.604788" lon="-78.359015"><ele>768.6</ele><time>2026-09-18T02:59:49Z</time></rtept><rtept lat="38.604685" lon="-78.358953"><ele>766.4</ele><time>2026-09-18T02:59:49Z</time></rtept><rtept lat="38.604635" lon="-78.35887"><ele>765.8</ele><time>2026-09-18T02:59:49Z</time></rtept><rtept lat="38.60458" lon="-78.358752"><ele>762.0</ele><time>2026-09-18T02:59:49Z</time></rtept><rtept lat="38.60445" lon="-78.358626"><ele>759.0</ele><time>2026-09-18T02:59:49Z</time></rtept><rtept lat="38.604282" lon="-78.358513"><ele>756.4</ele><time>2026-09-18T02:59:49Z</time></rtept><rtept lat="38.60413" lon="-78.358387"><ele>756.4</ele><time>2026-09-18T02:59:49Z</time></rtept><rtept lat="38.603983" lon="-78.35828"><ele>756.6</ele><time>2026-09-18T02:59:49Z</time></rtept><rtept lat="38.603914" lon="-78.358154"><ele>754.0</ele><time>2026-09-18T02:59:49Z</time></rtept><rtept lat="38.603911" lon="-78.358005"><ele>750.8</ele><time>2026-09-18T02:59:49Z</time></rtept><rtept lat="38.6038" lon="-78.357754"><ele>748.0</ele><time>2026-09-18T02:59:49Z</time></rtept><rtept lat="38.603742" lon="-78.357618"><ele>746.0</ele><time>2026-09-18T02:59:49Z</time></rtept><rtept lat="38.60367" lon="-78.357341"><ele>742.4</ele><time>2026-09-18T02:59:49Z</time></rtept><rtept lat="38.603708" lon="-78.357188"><ele>739.0</ele><time>2026-09-18T02:59:49Z</time></rtept><rtept lat="38.603765" lon="-78.357126"><ele>737.6</ele><time>2026-09-18T02:59:49Z</time></rtept><rtept lat="38.603809" lon="-78.357019"><ele>736.2</ele><time>2026-09-18T02:59:49Z</time></rtept><rtept lat="38.603794" lon="-78.356826"><ele>734.0</ele><time>2026-09-18T02:59:49Z</time></rtept><rtept lat="38.603758" lon="-78.356609"><ele>731.2</ele><time>2026-09-18T02:59:49Z</time></rtept><rtept lat="38.603748" lon="-78.356279"><ele>725.2</ele><time>2026-09-18T02:59:49Z</time></rtept><rtept lat="38.603752" lon="-78.356043"><ele>722.8</ele><time>2026-09-18T02:59:49Z</time></rtept><rtept lat="38.603758" lon="-78.355753"><ele>719.6</ele><time>2026-09-18T02:59:49Z</time></rtept><rtept lat="38.603738" lon="-78.355533"><ele>717.6</ele><time>2026-09-18T02:59:49Z</time></rtept><rtept lat="38.603691" lon="-78.355348"><ele>714.0</ele><time>2026-09-18T02:59:49Z</time></rtept><rtept lat="38.603532" lon="-78.355123"><ele>711.6</ele><time>2026-09-18T02:59:49Z</time></rtept><rtept lat="38.603459" lon="-78.354972"><ele>710.4</ele><time>2026-09-18T02:59:49Z</time></rtept><rtept lat="38.603436" lon="-78.354726"><ele>708.6</ele><time>2026-09-18T02:59:49Z</time></rtept><rtept lat="38.603413" lon="-78.354401"><ele>707.0</ele><time>2026-09-18T02:59:49Z</time></rtept><rtept lat="38.603419" lon="-78.354192"><ele>705.4</ele><time>2026-09-18T02:59:49Z</time></rtept><rtept lat="38.603381" lon="-78.354042"><ele>702.0</ele><time>2026-09-18T02:59:49Z</time></rtept><rtept lat="38.603245" lon="-78.35379"><ele>697.4</ele><time>2026-09-18T02:59:49Z</time></rtept><rtept lat="38.603151" lon="-78.353476"><ele>694.8</ele><time>2026-09-18T02:59:49Z</time></rtept><rtept lat="38.603107" lon="-78.353202"><ele>691.2</ele><time>2026-09-18T02:59:49Z</time></rtept><rtept lat="38.603111" lon="-78.35302"><ele>689.6</ele><time>2026-09-18T02:59:49Z</time></rtept><rtept lat="38.603165" lon="-78.352778"><ele>688.4</ele><time>2026-09-18T02:59:49Z</time></rtept><rtept lat="38.603245" lon="-78.35258"><ele>686.6</ele><time>2026-09-18T02:59:49Z</time></rtept><rtept lat="38.603295" lon="-78.35243"><ele>686.2</ele><time>2026-09-18T02:59:49Z</time></rtept><rtept lat="38.603278" lon="-78.352279"><ele>685.6</ele><time>2026-09-18T02:59:49Z</time></rtept><rtept lat="38.603234" lon="-78.352116"><ele>684.2</ele><time>2026-09-18T02:59:49Z</time></rtept><rtept lat="38.603136" lon="-78.35184"><ele>681.8</ele><time>2026-09-18T02:59:49Z</time></rtept><rtept lat="38.603048" lon="-78.351504"><ele>678.0</ele><time>2026-09-18T02:59:49Z</time></rtept><rtept lat="38.603025" lon="-78.351319"><ele>676.0</ele><time>2026-09-18T02:59:49Z</time></rtept><rtept lat="38.603023" lon="-78.351099"><ele>674.2</ele><time>2026-09-18T02:59:49Z</time></rtept><rtept lat="38.603044" lon="-78.350898"><ele>673.4</ele><time>2026-09-18T02:59:49Z</time></rtept><rtept lat="38.603004" lon="-78.350692"><ele>672.2</ele><time>2026-09-18T02:59:49Z</time></rtept><rtept lat="38.602968" lon="-78.350544"><ele>671.4</ele><time>2026-09-18T02:59:49Z</time></rtept><rtept lat="38.602981" lon="-78.350359"><ele>669.4</ele><time>2026-09-18T02:59:49Z</time></rtept><rtept lat="38.602949" lon="-78.350203"><ele>668.2</ele><time>2026-09-18T02:59:49Z</time></rtept><rtept lat="38.602939" lon="-78.350061"><ele>666.0</ele><time>2026-09-18T02:59:49Z</time></rtept><rtept lat="38.602951" lon="-78.34982"><ele>663.0</ele><time>2026-09-18T02:59:49Z</time></rtept><rtept lat="38.602956" lon="-78.349511"><ele>661.6</ele><time>2026-09-18T02:59:49Z</time></rtept><rtept lat="38.602964" lon="-78.349367"><ele>661.2</ele><time>2026-09-18T02:59:49Z</time></rtept><rtept lat="38.602924" lon="-78.349227"><ele>660.4</ele><time>2026-09-18T02:59:49Z</time></rtept><rtept lat="38.602872" lon="-78.34912"><ele>659.8</ele><time>2026-09-18T02:59:49Z</time></rtept><rtept lat="38.602788" lon="-78.348964"><ele>658.4</ele><time>2026-09-18T02:59:49Z</time></rtept><rtept lat="38.602698" lon="-78.348752"><ele>656.2</ele><time>2026-09-18T02:59:49Z</time></rtept><rtept lat="38.602666" lon="-78.348565"><ele>653.4</ele><time>2026-09-18T02:59:49Z</time></rtept><rtept lat="38.602601" lon="-78.348406"><ele>651.8</ele><time>2026-09-18T02:59:49Z</time></rtept><rtept lat="38.60249" lon="-78.348315"><ele>650.2</ele><time>2026-09-18T02:59:49Z</time></rtept><rtept lat="38.602382" lon="-78.348204"><ele>648.8</ele><time>2026-09-18T02:59:49Z</time></rtept><rtept lat="38.602358" lon="-78.34817"><ele>648.8</ele><time>2026-09-18T02:59:49Z</time></rtept><rtept lat="38.602333" lon="-78.34805"><ele>647.6</ele><time>2026-09-18T02:59:49Z</time></rtept><rtept lat="38.602291" lon="-78.347781"><ele>645.8</ele><time>2026-09-18T02:59:49Z</time></rtept><rtept lat="38.602253" lon="-78.347564"><ele>646.0</ele><time>2026-09-18T02:59:49Z</time></rtept><rtept lat="38.60214" lon="-78.347352"><ele>647.0</ele><time>2026-09-18T02:59:49Z</time></rtept><rtept lat="38.60201" lon="-78.347183"><ele>648.0</ele><time>2026-09-18T02:59:49Z</time></rtept><rtept lat="38.601734" lon="-78.346734"><ele>649.0</ele><time>2026-09-18T02:59:49Z</time></rtept><rtept lat="38.601728" lon="-78.34686"><ele>649.8</ele><time>2026-09-18T02:59:49Z</time></rtept><rtept lat="38.601676" lon="-78.346934"><ele>651.0</ele><time>2026-09-18T02:59:49Z</time></rtept><rtept lat="38.601646" lon="-78.347025"><ele>652.0</ele><time>2026-09-18T02:59:49Z</time></rtept><rtept lat="38.601545" lon="-78.347207"><ele>654.8</ele><time>2026-09-18T02:59:49Z</time></rtept><rtept lat="38.60151" lon="-78.347395"><ele>655.0</ele><time>2026-09-18T02:59:49Z</time></rtept><rtept lat="38.601489" lon="-78.347629"><ele>654.6</ele><time>2026-09-18T02:59:49Z</time></rtept><rtept lat="38.601432" lon="-78.347803"><ele>655.8</ele><time>2026-09-18T02:59:49Z</time></rtept><rtept lat="38.601419" lon="-78.347948"><ele>656.2</ele><time>2026-09-18T02:59:49Z</time></rtept><rtept lat="38.601403" lon="-78.348176"><ele>657.4</ele><time>2026-09-18T02:59:49Z</time></rtept><rtept lat="38.601398" lon="-78.348383"><ele>657.6</ele><time>2026-09-18T02:59:49Z</time></rtept><rtept lat="38.60132" lon="-78.348606"><ele>658.2</ele><time>2026-09-18T02:59:49Z</time></rtept><rtept lat="38.601204" lon="-78.348791"><ele>660.0</ele><time>2026-09-18T02:59:49Z</time></rtept><rtept lat="38.601132" lon="-78.348977"><ele>662.4</ele><time>2026-09-18T02:59:49Z</time></rtept><rtept lat="38.600985" lon="-78.349167"><ele>666.6</ele><time>2026-09-18T02:59:49Z</time></rtept><rtept lat="38.600896" lon="-78.349406"><ele>670.6</ele><time>2026-09-18T02:59:49Z</time></rtept><rtept lat="38.600835" lon="-78.349463"><ele>671.8</ele><time>2026-09-18T02:59:49Z</time></rtept><rtept lat="38.600763" lon="-78.349461"><ele>672.0</ele><time>2026-09-18T02:59:49Z</time></rtept><rtept lat="38.600675" lon="-78.349366"><ele>670.8</ele><time>2026-09-18T02:59:49Z</time></rtept><rtept lat="38.600552" lon="-78.349309"><ele>672.2</ele><time>2026-09-18T02:59:49Z</time></rtept><rtept lat="38.600325" lon="-78.349332"><ele>676.8</ele><time>2026-09-18T02:59:49Z</time></rtept><rtept lat="38.599953" lon="-78.349073"><ele>683.6</ele><time>2026-09-18T02:59:49Z</time></rtept><rtept lat="38.599772" lon="-78.349135"><ele>685.4</ele><time>2026-09-18T02:59:49Z</time></rtept><rtept lat="38.599528" lon="-78.349278"><ele>689.4</ele><time>2026-09-18T02:59:49Z</time></rtept><rtept lat="38.599225" lon="-78.349637"><ele>694.4</ele><time>2026-09-18T02:59:49Z</time></rtept><rtept lat="38.599076" lon="-78.349699"><ele>697.4</ele><time>2026-09-18T02:59:49Z</time></rtept><rtept lat="38.598869" lon="-78.349863"><ele>703.6</ele><time>2026-09-18T02:59:49Z</time></rtept><rtept lat="38.598768" lon="-78.350071"><ele>706.4</ele><time>2026-09-18T02:59:49Z</time></rtept><rtept lat="38.598156" lon="-78.350976"><ele>727.8</ele><time>2026-09-18T02:59:49Z</time></rtept><rtept lat="38.598012" lon="-78.351067"><ele>730.8</ele><time>2026-09-18T02:59:49Z</time></rtept><rtept lat="38.597992" lon="-78.351103"><ele>730.8</ele><time>2026-09-18T02:59:49Z</time></rtept><rtept lat="38.597992" lon="-78.351103"><ele>730.8</ele><time>2026-09-18T02:59:49Z</time></rtept><rtept lat="38.597802" lon="-78.351434"><ele>737.8</ele><time>2026-09-18T02:59:49Z</time></rtept><rtept lat="38.597517" lon="-78.351596"><ele>742.2</ele><time>2026-09-18T02:59:49Z</time></rtept><rtept lat="38.597227" lon="-78.351811"><ele>748.6</ele><time>2026-09-18T02:59:49Z</time></rtept><rtept lat="38.596896" lon="-78.351899"><ele>755.2</ele><time>2026-09-18T02:59:49Z</time></rtept><rtept lat="38.59676" lon="-78.351999"><ele>758.2</ele><time>2026-09-18T02:59:49Z</time></rtept><rtept lat="38.596409" lon="-78.352259"><ele>765.6</ele><time>2026-09-18T02:59:49Z</time></rtept><rtept lat="38.596106" lon="-78.352558"><ele>774.2</ele><time>2026-09-18T02:59:49Z</time></rtept><rtept lat="38.595907" lon="-78.352613"><ele>778.0</ele><time>2026-09-18T02:59:49Z</time></rtept><rtept lat="38.595695" lon="-78.352578"><ele>778.4</ele><time>2026-09-18T02:59:49Z</time></rtept><rtept lat="38.595492" lon="-78.352613"><ele>781.8</ele><time>2026-09-18T02:59:49Z</time></rtept><rtept lat="38.595157" lon="-78.352614"><ele>785.4</ele><time>2026-09-18T02:59:49Z</time></rtept><rtept lat="38.594894" lon="-78.352738"><ele>789.4</ele><time>2026-09-18T02:59:49Z</time></rtept><rtept lat="38.594771" lon="-78.352866"><ele>794.0</ele><time>2026-09-18T02:59:49Z</time></rtept><rtept lat="38.594722" lon="-78.353005"><ele>796.8</ele><time>2026-09-18T02:59:49Z</time></rtept><rtept lat="38.594504" lon="-78.353139"><ele>803.6</ele><time>2026-09-18T02:59:49Z</time></rtept><rtept lat="38.594281" lon="-78.353221"><ele>806.8</ele><time>2026-09-18T02:59:49Z</time></rtept><rtept lat="38.594083" lon="-78.353423"><ele>812.6</ele><time>2026-09-18T02:59:49Z</time></rtept><rtept lat="38.593935" lon="-78.353537"><ele>815.0</ele><time>2026-09-18T02:59:49Z</time></rtept><rtept lat="38.593643" lon="-78.353529"><ele>818.6</ele><time>2026-09-18T02:59:49Z</time></rtept><rtept lat="38.593556" lon="-78.353665"><ele>823.8</ele><time>2026-09-18T02:59:49Z</time></rtept><rtept lat="38.593432" lon="-78.353691"><ele>825.6</ele><time>2026-09-18T02:59:49Z</time></rtept><rtept lat="38.5931" lon="-78.353784"><ele>830.0</ele><time>2026-09-18T02:59:49Z</time></rtept><rtept lat="38.592902" lon="-78.353723"><ele>831.8</ele><time>2026-09-18T02:59:49Z</time></rtept><rtept lat="38.592727" lon="-78.353651"><ele>831.2</ele><time>2026-09-18T02:59:49Z</time></rtept><rtept lat="38.592552" lon="-78.353695"><ele>833.4</ele><time>2026-09-18T02:59:49Z</time></rtept><rtept lat="38.592251" lon="-78.353892"><ele>844.2</ele><time>2026-09-18T02:59:49Z</time></rtept><rtept lat="38.592176" lon="-78.354002"><ele>848.4</ele><time>2026-09-18T02:59:49Z</time></rtept><rtept lat="38.592174" lon="-78.35413"><ele>851.4</ele><time>2026-09-18T02:59:49Z</time></rtept><rtept lat="38.592108" lon="-78.354301"><ele>857.0</ele><time>2026-09-18T02:59:49Z</time></rtept><rtept lat="38.591975" lon="-78.354427"><ele>862.6</ele><time>2026-09-18T02:59:49Z</time></rtept><rtept lat="38.591815" lon="-78.354458"><ele>865.4</ele><time>2026-09-18T02:59:49Z</time></rtept><rtept lat="38.591581" lon="-78.354345"><ele>868.4</ele><time>2026-09-18T02:59:49Z</time></rtept><rtept lat="38.591244" lon="-78.354181"><ele>871.2</ele><time>2026-09-18T02:59:49Z</time></rtept><rtept lat="38.59109" lon="-78.353992"><ele>872.4</ele><time>2026-09-18T02:59:49Z</time></rtept><rtept lat="38.590826" lon="-78.35405"><ele>879.2</ele><time>2026-09-18T02:59:49Z</time></rtept><rtept lat="38.590644" lon="-78.354056"><ele>883.8</ele><time>2026-09-18T02:59:49Z</time></rtept><rtept lat="38.590339" lon="-78.354167"><ele>892.2</ele><time>2026-09-18T02:59:49Z</time></rtept><rtept lat="38.590065" lon="-78.354108"><ele>896.2</ele><time>2026-09-18T02:59:49Z</time></rtept><rtept lat="38.589659" lon="-78.354198"><ele>905.0</ele><time>2026-09-18T02:59:49Z</time></rtept><rtept lat="38.589121" lon="-78.354026"><ele>914.4</ele><time>2026-09-18T02:59:49Z</time></rtept><rtept lat="38.588747" lon="-78.354041"><ele>923.2</ele><time>2026-09-18T02:59:49Z</time></rtept><rtept lat="38.588458" lon="-78.353547"><ele>923.8</ele><time>2026-09-18T02:59:49Z</time></rtept><rtept lat="38.588013" lon="-78.353078"><ele>928.4</ele><time>2026-09-18T02:59:49Z</time></rtept><rtept lat="38.587737" lon="-78.352971"><ele>932.2</ele><time>2026-09-18T02:59:49Z</time></rtept><rtept lat="38.587458" lon="-78.352648"><ele>936.0</ele><time>2026-09-18T02:59:49Z</time></rtept><rtept lat="38.587203" lon="-78.352563"><ele>937.4</ele><time>2026-09-18T02:59:49Z</time></rtept><rtept lat="38.586855" lon="-78.352"><ele>945.6</ele><time>2026-09-18T02:59:49Z</time></rtept><rtept lat="38.586516" lon="-78.351627"><ele>950.0</ele><time>2026-09-18T02:59:49Z</time></rtept><rtept lat="38.586055" lon="-78.351199"><ele>954.4</ele><time>2026-09-18T02:59:49Z</time></rtept><rtept lat="38.585946" lon="-78.351178"><ele>954.2</ele><time>2026-09-18T02:59:49Z</time></rtept><rtept lat="38.585741" lon="-78.351225"><ele>953.4</ele><time>2026-09-18T02:59:49Z</time></rtept><rtept lat="38.585415" lon="-78.350942"><ele>953.8</ele><time>2026-09-18T02:59:49Z</time></rtept><rtept lat="38.585244" lon="-78.350817"><ele>952.8</ele><time>2026-09-18T02:59:49Z</time></rtept><rtept lat="38.585083" lon="-78.35077"><ele>951.6</ele><time>2026-09-18T02:59:49Z</time></rtept><rtept lat="38.584866" lon="-78.35034"><ele>949.0</ele><time>2026-09-18T02:59:49Z</time></rtept><rtept lat="38.584845" lon="-78.35011"><ele>950.6</ele><time>2026-09-18T02:59:49Z</time></rtept><rtept lat="38.584738" lon="-78.349902"><ele>949.0</ele><time>2026-09-18T02:59:49Z</time></rtept><rtept lat="38.584203" lon="-78.349375"><ele>939.6</ele><time>2026-09-18T02:59:49Z</time></rtept><rtept lat="38.584058" lon="-78.349238"><ele>937.6</ele><time>2026-09-18T02:59:49Z</time></rtept><rtept lat="38.583767" lon="-78.349198"><ele>930.8</ele><time>2026-09-18T02:59:49Z</time></rtept><rtept lat="38.583642" lon="-78.349182"><ele>928.0</ele><time>2026-09-18T02:59:49Z</time></rtept><rtept lat="38.583555" lon="-78.349201"><ele>926.8</ele><time>2026-09-18T02:59:49Z</time></rtept><rtept lat="38.583504" lon="-78.3493"><ele>925.0</ele><time>2026-09-18T02:59:49Z</time></rtept><rtept lat="38.583435" lon="-78.34947"><ele>921.6</ele><time>2026-09-18T02:59:49Z</time></rtept><rtept lat="38.583539" lon="-78.34981"><ele>917.2</ele><time>2026-09-18T02:59:49Z</time></rtept><rtept lat="38.583545" lon="-78.350045"><ele>913.8</ele><time>2026-09-18T02:59:49Z</time></rtept><rtept lat="38.583516" lon="-78.350244"><ele>911.2</ele><time>2026-09-18T02:59:49Z</time></rtept><rtept lat="38.583464" lon="-78.350421"><ele>907.4</ele><time>2026-09-18T02:59:49Z</time></rtept><rtept lat="38.583415" lon="-78.350624"><ele>905.4</ele><time>2026-09-18T02:59:49Z</time></rtept><rtept lat="38.583407" lon="-78.350877"><ele>904.2</ele><time>2026-09-18T02:59:49Z</time></rtept><rtept lat="38.583364" lon="-78.351172"><ele>900.4</ele><time>2026-09-18T02:59:49Z</time></rtept><rtept lat="38.583234" lon="-78.351718"><ele>893.6</ele><time>2026-09-18T02:59:49Z</time></rtept><rtept lat="38.583201" lon="-78.352095"><ele>891.2</ele><time>2026-09-18T02:59:49Z</time></rtept><rtept lat="38.583193" lon="-78.352269"><ele>888.8</ele><time>2026-09-18T02:59:49Z</time></rtept><rtept lat="38.583171" lon="-78.352486"><ele>887.6</ele><time>2026-09-18T02:59:49Z</time></rtept><rtept lat="38.582868" lon="-78.352721"><ele>884.4</ele><time>2026-09-18T02:59:49Z</time></rtept><rtept lat="38.582427" lon="-78.353029"><ele>882.0</ele><time>2026-09-18T02:59:49Z</time></rtept><rtept lat="38.582236" lon="-78.353253"><ele>882.4</ele><time>2026-09-18T02:59:49Z</time></rtept><rtept lat="38.582071" lon="-78.353253"><ele>881.0</ele><time>2026-09-18T02:59:49Z</time></rtept><rtept lat="38.581861" lon="-78.353299"><ele>879.6</ele><time>2026-09-18T02:59:49Z</time></rtept><rtept lat="38.581704" lon="-78.35343"><ele>880.2</ele><time>2026-09-18T02:59:49Z</time></rtept><rtept lat="38.581537" lon="-78.353628"><ele>882.2</ele><time>2026-09-18T02:59:49Z</time></rtept><rtept lat="38.581415" lon="-78.353688"><ele>882.4</ele><time>2026-09-18T02:59:49Z</time></rtept><rtept lat="38.581235" lon="-78.353725"><ele>881.6</ele><time>2026-09-18T02:59:49Z</time></rtept><rtept lat="38.581018" lon="-78.353882"><ele>881.0</ele><time>2026-09-18T02:59:49Z</time></rtept><rtept lat="38.580807" lon="-78.353945"><ele>881.2</ele><time>2026-09-18T02:59:49Z</time></rtept><rtept lat="38.580598" lon="-78.353951"><ele>880.0</ele><time>2026-09-18T02:59:49Z</time></rtept><rtept lat="38.580383" lon="-78.354042"><ele>880.6</ele><time>2026-09-18T02:59:49Z</time></rtept><rtept lat="38.580051" lon="-78.353973"><ele>881.2</ele><time>2026-09-18T02:59:49Z</time></rtept><rtept lat="38.579914" lon="-78.353999"><ele>883.6</ele><time>2026-09-18T02:59:49Z</time></rtept><rtept lat="38.579771" lon="-78.354117"><ele>886.4</ele><time>2026-09-18T02:59:49Z</time></rtept><rtept lat="38.579609" lon="-78.354281"><ele>888.8</ele><time>2026-09-18T02:59:49Z</time></rtept><rtept lat="38.579326" lon="-78.354581"><ele>893.8</ele><time>2026-09-18T02:59:49Z</time></rtept><rtept lat="38.579054" lon="-78.354913"><ele>898.8</ele><time>2026-09-18T02:59:49Z</time></rtept><rtept lat="38.578943" lon="-78.355017"><ele>901.0</ele><time>2026-09-18T02:59:49Z</time></rtept><rtept lat="38.57878" lon="-78.355168"><ele>902.4</ele><time>2026-09-18T02:59:49Z</time></rtept><rtept lat="38.578717" lon="-78.355245"><ele>903.0</ele><time>2026-09-18T02:59:49Z</time></rtept><rtept lat="38.578619" lon="-78.355534"><ele>906.2</ele><time>2026-09-18T02:59:49Z</time></rtept><rtept lat="38.578543" lon="-78.355773"><ele>908.0</ele><time>2026-09-18T02:59:49Z</time></rtept><rtept lat="38.578503" lon="-78.355851"><ele>908.6</ele><time>2026-09-18T02:59:49Z</time></rtept><rtept lat="38.57844" lon="-78.355887"><ele>909.6</ele><time>2026-09-18T02:59:49Z</time></rtept><rtept lat="38.578327" lon="-78.355951"><ele>910.0</ele><time>2026-09-18T02:59:49Z</time></rtept><rtept lat="38.578155" lon="-78.355562"><ele>906.4</ele><time>2026-09-18T02:59:49Z</time></rtept><rtept lat="38.577902" lon="-78.354945"><ele>901.8</ele><time>2026-09-18T02:59:49Z</time></rtept><rtept lat="38.577273" lon="-78.354438"><ele>893.6</ele><time>2026-09-18T02:59:49Z</time></rtept><rtept lat="38.576973" lon="-78.354194"><ele>892.6</ele><time>2026-09-18T02:59:49Z</time></rtept><rtept lat="38.57671" lon="-78.353898"><ele>890.4</ele><time>2026-09-18T02:59:49Z</time></rtept><rtept lat="38.576675" lon="-78.353851"><ele>889.2</ele><time>2026-09-18T02:59:49Z</time></rtept><rtept lat="38.576675" lon="-78.353851"><ele>889.2</ele><time>2026-09-18T02:59:49Z</time></rtept><rtept lat="38.575491" lon="-78.352243"><ele>876.6</ele><time>2026-09-18T02:59:49Z</time></rtept><rtept lat="38.574883" lon="-78.351597"><ele>872.0</ele><time>2026-09-18T02:59:49Z</time></rtept><rtept lat="38.574512" lon="-78.351316"><ele>866.8</ele><time>2026-09-18T02:59:49Z</time></rtept><rtept lat="38.574436" lon="-78.351259"><ele>866.2</ele><time>2026-09-18T02:59:49Z</time></rtept><rtept lat="38.574368" lon="-78.351183"><ele>864.8</ele><time>2026-09-18T02:59:49Z</time></rtept><rtept lat="38.574344" lon="-78.351108"><ele>864.2</ele><time>2026-09-18T02:59:49Z</time></rtept><rtept lat="38.574344" lon="-78.351045"><ele>863.4</ele><time>2026-09-18T02:59:49Z</time></rtept><rtept lat="38.574364" lon="-78.350983"><ele>863.4</ele><time>2026-09-18T02:59:49Z</time></rtept><rtept lat="38.574486" lon="-78.35087"><ele>862.6</ele><time>2026-09-18T02:59:49Z</time></rtept><rtept lat="38.574728" lon="-78.350801"><ele>862.4</ele><time>2026-09-18T02:59:49Z</time></rtept><rtept lat="38.575055" lon="-78.350465"><ele>860.0</ele><time>2026-09-18T02:59:49Z</time></rtept><rtept lat="38.575099" lon="-78.350386"><ele>858.4</ele><time>2026-09-18T02:59:49Z</time></rtept><rtept lat="38.575117" lon="-78.350322"><ele>856.2</ele><time>2026-09-18T02:59:49Z</time></rtept><rtept lat="38.575127" lon="-78.350254"><ele>854.0</ele><time>2026-09-18T02:59:49Z</time></rtept><rtept lat="38.575118" lon="-78.35021"><ele>854.0</ele><time>2026-09-18T02:59:49Z</time></rtept><rtept lat="38.575093" lon="-78.350117"><ele>852.4</ele><time>2026-09-18T02:59:49Z</time></rtept><rtept lat="38.575227" lon="-78.350026"><ele>851.4</ele><time>2026-09-18T02:59:49Z</time></rtept><rtept lat="38.575305" lon="-78.349817"><ele>849.8</ele><time>2026-09-18T02:59:49Z</time></rtept><rtept lat="38.575349" lon="-78.349624"><ele>846.4</ele><time>2026-09-18T02:59:49Z</time></rtept><rtept lat="38.575353" lon="-78.349466"><ele>843.6</ele><time>2026-09-18T02:59:49Z</time></rtept><rtept lat="38.57542" lon="-78.349224"><ele>839.4</ele><time>2026-09-18T02:59:49Z</time></rtept><rtept lat="38.575378" lon="-78.349055"><ele>836.8</ele><time>2026-09-18T02:59:49Z</time></rtept><rtept lat="38.575326" lon="-78.348897"><ele>834.2</ele><time>2026-09-18T02:59:49Z</time></rtept><rtept lat="38.575307" lon="-78.348675"><ele>831.6</ele><time>2026-09-18T02:59:49Z</time></rtept><rtept lat="38.575338" lon="-78.348498"><ele>830.8</ele><time>2026-09-18T02:59:49Z</time></rtept><rtept lat="38.575413" lon="-78.348416"><ele>829.8</ele><time>2026-09-18T02:59:49Z</time></rtept><rtept lat="38.575584" lon="-78.348264"><ele>828.4</ele><time>2026-09-18T02:59:49Z</time></rtept><rtept lat="38.575754" lon="-78.347995"><ele>824.0</ele><time>2026-09-18T02:59:49Z</time></rtept><rtept lat="38.575809" lon="-78.347823"><ele>824.6</ele><time>2026-09-18T02:59:49Z</time></rtept><rtept lat="38.575934" lon="-78.347674"><ele>821.0</ele><time>2026-09-18T02:59:49Z</time></rtept><rtept lat="38.576057" lon="-78.347588"><ele>818.0</ele><time>2026-09-18T02:59:49Z</time></rtept><rtept lat="38.576104" lon="-78.347451"><ele>818.2</ele><time>2026-09-18T02:59:49Z</time></rtept><rtept lat="38.576188" lon="-78.347103"><ele>819.6</ele><time>2026-09-18T02:59:49Z</time></rtept><rtept lat="38.576244" lon="-78.346859"><ele>818.8</ele><time>2026-09-18T02:59:49Z</time></rtept><rtept lat="38.576313" lon="-78.3466"><ele>818.0</ele><time>2026-09-18T02:59:49Z</time></rtept><rtept lat="38.576431" lon="-78.34636"><ele>812.8</ele><time>2026-09-18T02:59:49Z</time></rtept><rtept lat="38.576446" lon="-78.346208"><ele>813.2</ele><time>2026-09-18T02:59:49Z</time></rtept><rtept lat="38.576477" lon="-78.346148"><ele>813.4</ele><time>2026-09-18T02:59:49Z</time></rtept><rtept lat="38.57658" lon="-78.345915"><ele>805.8</ele><time>2026-09-18T02:59:49Z</time></rtept><rtept lat="38.576722" lon="-78.345646"><ele>800.2</ele><time>2026-09-18T02:59:49Z</time></rtept><rtept lat="38.576812" lon="-78.345426"><ele>798.2</ele><time>2026-09-18T02:59:49Z</time></rtept><rtept lat="38.576879" lon="-78.345196"><ele>796.4</ele><time>2026-09-18T02:59:49Z</time></rtept><rtept lat="38.576953" lon="-78.344979"><ele>792.8</ele><time>2026-09-18T02:59:49Z</time></rtept><rtept lat="38.576972" lon="-78.344818"><ele>788.2</ele><time>2026-09-18T02:59:49Z</time></rtept><rtept lat="38.576974" lon="-78.344595"><ele>786.0</ele><time>2026-09-18T02:59:49Z</time></rtept><rtept lat="38.57702" lon="-78.344201"><ele>782.0</ele><time>2026-09-18T02:59:49Z</time></rtept><rtept lat="38.577033" lon="-78.344018"><ele>773.4</ele><time>2026-09-18T02:59:49Z</time></rtept><rtept lat="38.576999" lon="-78.343737"><ele>772.0</ele><time>2026-09-18T02:59:49Z</time></rtept><rtept lat="38.577043" lon="-78.343428"><ele>761.4</ele><time>2026-09-18T02:59:49Z</time></rtept><rtept lat="38.577112" lon="-78.343021"><ele>751.2</ele><time>2026-09-18T02:59:49Z</time></rtept><rtept lat="38.577105" lon="-78.342795"><ele>746.2</ele><time>2026-09-18T02:59:49Z</time></rtept><rtept lat="38.577083" lon="-78.342569"><ele>747.4</ele><time>2026-09-18T02:59:49Z</time></rtept><rtept lat="38.577133" lon="-78.342337"><ele>742.2</ele><time>2026-09-18T02:59:49Z</time></rtept><rtept lat="38.577137" lon="-78.342167"><ele>740.0</ele><time>2026-09-18T02:59:49Z</time></rtept><rtept lat="38.577102" lon="-78.341929"><ele>736.0</ele><time>2026-09-18T02:59:49Z</time></rtept><rtept lat="38.577014" lon="-78.341784"><ele>741.0</ele><time>2026-09-18T02:59:49Z</time></rtept><rtept lat="38.576907" lon="-78.341628"><ele>742.6</ele><time>2026-09-18T02:59:49Z</time></rtept><rtept lat="38.576896" lon="-78.341296"><ele>734.0</ele><time>2026-09-18T02:59:49Z</time></rtept><rtept lat="38.576875" lon="-78.341121"><ele>733.8</ele><time>2026-09-18T02:59:49Z</time></rtept><rtept lat="38.576806" lon="-78.341006"><ele>733.2</ele><time>2026-09-18T02:59:49Z</time></rtept><rtept lat="38.576697" lon="-78.340896"><ele>732.4</ele><time>2026-09-18T02:59:49Z</time></rtept><rtept lat="38.576567" lon="-78.340757"><ele>729.6</ele><time>2026-09-18T02:59:49Z</time></rtept><rtept lat="38.576496" lon="-78.340598"><ele>730.6</ele><time>2026-09-18T02:59:49Z</time></rtept><rtept lat="38.576435" lon="-78.340419"><ele>733.2</ele><time>2026-09-18T02:59:49Z</time></rtept><rtept lat="38.57638" lon="-78.340183"><ele>735.0</ele><time>2026-09-18T02:59:49Z</time></rtept><rtept lat="38.576382" lon="-78.339963"><ele>732.4</ele><time>2026-09-18T02:59:49Z</time></rtept><rtept lat="38.576324" lon="-78.339791"><ele>733.6</ele><time>2026-09-18T02:59:49Z</time></rtept><rtept lat="38.576255" lon="-78.339614"><ele>735.4</ele><time>2026-09-18T02:59:49Z</time></rtept><rtept lat="38.57619" lon="-78.339233"><ele>735.2</ele><time>2026-09-18T02:59:49Z</time></rtept><rtept lat="38.576171" lon="-78.338842"><ele>730.2</ele><time>2026-09-18T02:59:49Z</time></rtept><rtept lat="38.576135" lon="-78.338571"><ele>729.0</ele><time>2026-09-18T02:59:49Z</time></rtept><rtept lat="38.576066" lon="-78.33816"><ele>721.6</ele><time>2026-09-18T02:59:49Z</time></rtept><rtept lat="38.576005" lon="-78.337801"><ele>714.4</ele><time>2026-09-18T02:59:49Z</time></rtept><rtept lat="38.57589" lon="-78.33757"><ele>711.0</ele><time>2026-09-18T02:59:49Z</time></rtept><rtept lat="38.575806" lon="-78.337356"><ele>714.0</ele><time>2026-09-18T02:59:49Z</time></rtept><rtept lat="38.575737" lon="-78.337125"><ele>712.4</ele><time>2026-09-18T02:59:49Z</time></rtept><rtept lat="38.575665" lon="-78.336908"><ele>709.6</ele><time>2026-09-18T02:59:49Z</time></rtept><rtept lat="38.575649" lon="-78.336758"><ele>704.4</ele><time>2026-09-18T02:59:49Z</time></rtept><rtept lat="38.57554" lon="-78.336661"><ele>701.8</ele><time>2026-09-18T02:59:49Z</time></rtept><rtept lat="38.575395" lon="-78.336618"><ele>697.4</ele><time>2026-09-18T02:59:49Z</time></rtept><rtept lat="38.57528" lon="-78.336564"><ele>696.8</ele><time>2026-09-18T02:59:49Z</time></rtept><rtept lat="38.575177" lon="-78.336516"><ele>695.6</ele><time>2026-09-18T02:59:49Z</time></rtept><rtept lat="38.575097" lon="-78.336369"><ele>695.8</ele><time>2026-09-18T02:59:49Z</time></rtept><rtept lat="38.575087" lon="-78.336218"><ele>695.2</ele><time>2026-09-18T02:59:49Z</time></rtept><rtept lat="38.57511" lon="-78.335905"><ele>691.4</ele><time>2026-09-18T02:59:49Z</time></rtept><rtept lat="38.575082" lon="-78.335717"><ele>689.6</ele><time>2026-09-18T02:59:49Z</time></rtept><rtept lat="38.575019" lon="-78.335489"><ele>687.6</ele><time>2026-09-18T02:59:49Z</time></rtept><rtept lat="38.574938" lon="-78.33532"><ele>686.2</ele><time>2026-09-18T02:59:49Z</time></rtept><rtept lat="38.57485" lon="-78.335151"><ele>683.0</ele><time>2026-09-18T02:59:49Z</time></rtept><rtept lat="38.574818" lon="-78.334947"><ele>679.0</ele><time>2026-09-18T02:59:49Z</time></rtept><rtept lat="38.574866" lon="-78.334824"><ele>674.8</ele><time>2026-09-18T02:59:49Z</time></rtept><rtept lat="38.57494" lon="-78.33473"><ele>672.8</ele><time>2026-09-18T02:59:49Z</time></rtept><rtept lat="38.574927" lon="-78.334598"><ele>670.6</ele><time>2026-09-18T02:59:49Z</time></rtept><rtept lat="38.574829" lon="-78.334488"><ele>665.2</ele><time>2026-09-18T02:59:49Z</time></rtept><rtept lat="38.574684" lon="-78.334373"><ele>661.8</ele><time>2026-09-18T02:59:49Z</time></rtept><rtept lat="38.574518" lon="-78.334368"><ele>660.0</ele><time>2026-09-18T02:59:49Z</time></rtept><rtept lat="38.574409" lon="-78.334413"><ele>661.4</ele><time>2026-09-18T02:59:49Z</time></rtept><rtept lat="38.574314" lon="-78.334444"><ele>658.0</ele><time>2026-09-18T02:59:49Z</time></rtept><rtept lat="38.574329" lon="-78.33422"><ele>650.4</ele><time>2026-09-18T02:59:49Z</time></rtept><rtept lat="38.574407" lon="-78.334094"><ele>648.2</ele><time>2026-09-18T02:59:49Z</time></rtept><rtept lat="38.574478" lon="-78.333871"><ele>644.4</ele><time>2026-09-18T02:59:49Z</time></rtept><rtept lat="38.574506" lon="-78.33374"><ele>642.0</ele><time>2026-09-18T02:59:49Z</time></rtept><rtept lat="38.574468" lon="-78.333635"><ele>641.0</ele><time>2026-09-18T02:59:49Z</time></rtept><rtept lat="38.574384" lon="-78.333509"><ele>645.2</ele><time>2026-09-18T02:59:49Z</time></rtept><rtept lat="38.574346" lon="-78.333375"><ele>646.2</ele><time>2026-09-18T02:59:49Z</time></rtept><rtept lat="38.57429" lon="-78.333155"><ele>647.8</ele><time>2026-09-18T02:59:49Z</time></rtept><rtept lat="38.574256" lon="-78.332909"><ele>646.2</ele><time>2026-09-18T02:59:49Z</time></rtept><rtept lat="38.574208" lon="-78.33271"><ele>642.8</ele><time>2026-09-18T02:59:49Z</time></rtept><rtept lat="38.574153" lon="-78.332474"><ele>639.2</ele><time>2026-09-18T02:59:49Z</time></rtept><rtept lat="38.574124" lon="-78.332284"><ele>637.8</ele><time>2026-09-18T02:59:49Z</time></rtept><rtept lat="38.574122" lon="-78.332048"><ele>634.4</ele><time>2026-09-18T02:59:49Z</time></rtept><rtept lat="38.574076" lon="-78.331903"><ele>631.0</ele><time>2026-09-18T02:59:49Z</time></rtept><rtept lat="38.573967" lon="-78.331718"><ele>628.2</ele><time>2026-09-18T02:59:49Z</time></rtept><rtept lat="38.573902" lon="-78.331474"><ele>623.0</ele><time>2026-09-18T02:59:49Z</time></rtept><rtept lat="38.573894" lon="-78.331259"><ele>619.8</ele><time>2026-09-18T02:59:49Z</time></rtept><rtept lat="38.573875" lon="-78.331066"><ele>616.2</ele><time>2026-09-18T02:59:49Z</time></rtept><rtept lat="38.573805" lon="-78.330843"><ele>612.0</ele><time>2026-09-18T02:59:49Z</time></rtept><rtept lat="38.573705" lon="-78.330688"><ele>608.2</ele><time>2026-09-18T02:59:49Z</time></rtept><rtept lat="38.573623" lon="-78.330529"><ele>605.2</ele><time>2026-09-18T02:59:49Z</time></rtept><rtept lat="38.573545" lon="-78.330342"><ele>601.8</ele><time>2026-09-18T02:59:49Z</time></rtept><rtept lat="38.573512" lon="-78.330183"><ele>598.2</ele><time>2026-09-18T02:59:49Z</time></rtept><rtept lat="38.573438" lon="-78.329996"><ele>595.6</ele><time>2026-09-18T02:59:49Z</time></rtept><rtept lat="38.573289" lon="-78.329899"><ele>595.0</ele><time>2026-09-18T02:59:49Z</time></rtept><rtept lat="38.573157" lon="-78.329695"><ele>592.4</ele><time>2026-09-18T02:59:49Z</time></rtept><rtept lat="38.573067" lon="-78.329521"><ele>589.4</ele><time>2026-09-18T02:59:49Z</time></rtept><rtept lat="38.572969" lon="-78.329172"><ele>583.4</ele><time>2026-09-18T02:59:49Z</time></rtept><rtept lat="38.572927" lon="-78.328869"><ele>578.8</ele><time>2026-09-18T02:59:49Z</time></rtept><rtept lat="38.572885" lon="-78.32866"><ele>576.0</ele><time>2026-09-18T02:59:49Z</time></rtept><rtept lat="38.572839" lon="-78.328512"><ele>573.4</ele><time>2026-09-18T02:59:49Z</time></rtept><rtept lat="38.572771" lon="-78.328421"><ele>571.8</ele><time>2026-09-18T02:59:49Z</time></rtept><rtept lat="38.572599" lon="-78.328303"><ele>569.0</ele><time>2026-09-18T02:59:49Z</time></rtept><rtept lat="38.57248" lon="-78.328169"><ele>568.6</ele><time>2026-09-18T02:59:49Z</time></rtept><rtept lat="38.572321" lon="-78.327912"><ele>565.0</ele><time>2026-09-18T02:59:49Z</time></rtept><rtept lat="38.572228" lon="-78.327686"><ele>561.0</ele><time>2026-09-18T02:59:49Z</time></rtept><rtept lat="38.572149" lon="-78.327402"><ele>558.4</ele><time>2026-09-18T02:59:49Z</time></rtept><rtept lat="38.572121" lon="-78.327257"><ele>557.4</ele><time>2026-09-18T02:59:49Z</time></rtept><rtept lat="38.572052" lon="-78.327"><ele>554.8</ele><time>2026-09-18T02:59:49Z</time></rtept><rtept lat="38.57201" lon="-78.326726"><ele>550.2</ele><time>2026-09-18T02:59:49Z</time></rtept><rtept lat="38.571987" lon="-78.326525"><ele>547.2</ele><time>2026-09-18T02:59:49Z</time></rtept><rtept lat="38.57192" lon="-78.326291"><ele>542.4</ele><time>2026-09-18T02:59:49Z</time></rtept><rtept lat="38.571854" lon="-78.326131"><ele>540.2</ele><time>2026-09-18T02:59:49Z</time></rtept><rtept lat="38.57185" lon="-78.326037"><ele>538.4</ele><time>2026-09-18T02:59:49Z</time></rtept><rtept lat="38.571917" lon="-78.32601"><ele>536.6</ele><time>2026-09-18T02:59:49Z</time></rtept><rtept lat="38.572049" lon="-78.326012"><ele>534.2</ele><time>2026-09-18T02:59:49Z</time></rtept><rtept lat="38.572122" lon="-78.32599"><ele>531.4</ele><time>2026-09-18T02:59:49Z</time></rtept><rtept lat="38.572059" lon="-78.325785"><ele>526.0</ele><time>2026-09-18T02:59:49Z</time></rtept><rtept lat="38.571949" lon="-78.325605"><ele>524.4</ele><time>2026-09-18T02:59:49Z</time></rtept><rtept lat="38.571942" lon="-78.325586"><ele>524.4</ele><time>2026-09-18T02:59:49Z</time></rtept><rtept lat="38.571942" lon="-78.325586"><ele>524.4000000000015</ele><time>2026-09-18T02:59:49Z</time></rtept><rtept lat="38.571868" lon="-78.325398"><ele>523.2000000000007</ele><time>2026-09-18T02:59:49Z</time></rtept><rtept lat="38.571898" lon="-78.325298"><ele>521.8000000000011</ele><time>2026-09-18T02:59:49Z</time></rtept><rtept lat="38.571905" lon="-78.325272"><ele>521.8000000000011</ele><time>2026-09-18T02:59:49Z</time></rtept><rtept lat="38.571982" lon="-78.325154"><ele>523.4000000000015</ele><time>2026-09-18T02:59:49Z</time></rtept><rtept lat="38.571897" lon="-78.324806"><ele>524.2000000000007</ele><time>2026-09-18T02:59:49Z</time></rtept><rtept lat="38.571803" lon="-78.324543"><ele>524.4000000000015</ele><time>2026-09-18T02:59:49Z</time></rtept><rtept lat="38.571658" lon="-78.324201"><ele>521.6000000000004</ele><time>2026-09-18T02:59:49Z</time></rtept><rtept lat="38.571572" lon="-78.323894"><ele>515.8000000000011</ele><time>2026-09-18T02:59:49Z</time></rtept><rtept lat="38.571495" lon="-78.323556"><ele>513.2000000000007</ele><time>2026-09-18T02:59:49Z</time></rtept><rtept lat="38.571417" lon="-78.323253"><ele>509.40000000000146</ele><time>2026-09-18T02:59:49Z</time></rtept><rtept lat="38.571306" lon="-78.322982"><ele>504.40000000000146</ele><time>2026-09-18T02:59:49Z</time></rtept><rtept lat="38.571263" lon="-78.322842"><ele>504.60000000000036</ele><time>2026-09-18T02:59:49Z</time></rtept><rtept lat="38.57127" lon="-78.322359"><ele>505.0</ele><time>2026-09-18T02:59:49Z</time></rtept><rtept lat="38.571232" lon="-78.321949"><ele>502.0</ele><time>2026-09-18T02:59:49Z</time></rtept><rtept lat="38.571148" lon="-78.321598"><ele>497.40000000000146</ele><time>2026-09-18T02:59:49Z</time></rtept><rtept lat="38.571044" lon="-78.321281"><ele>493.40000000000146</ele><time>2026-09-18T02:59:49Z</time></rtept><rtept lat="38.57093" lon="-78.320992"><ele>493.40000000000146</ele><time>2026-09-18T02:59:49Z</time></rtept><rtept lat="38.570849" lon="-78.320774"><ele>491.0</ele><time>2026-09-18T02:59:49Z</time></rtept><rtept lat="38.570746" lon="-78.320621"><ele>489.8000000000011</ele><time>2026-09-18T02:59:49Z</time></rtept><rtept lat="38.570605" lon="-78.320487"><ele>487.0</ele><time>2026-09-18T02:59:49Z</time></rtept><rtept lat="38.570392" lon="-78.320391"><ele>482.8000000000011</ele><time>2026-09-18T02:59:49Z</time></rtept><rtept lat="38.57018" lon="-78.320302"><ele>480.0</ele><time>2026-09-18T02:59:49Z</time></rtept><rtept lat="38.569947" lon="-78.320176"><ele>478.0</ele><time>2026-09-18T02:59:49Z</time></rtept><rtept lat="38.56966" lon="-78.320037"><ele>474.40000000000146</ele><time>2026-09-18T02:59:49Z</time></rtept><rtept lat="38.569491" lon="-78.319952"><ele>470.0</ele><time>2026-09-18T02:59:49Z</time></rtept><rtept lat="38.569278" lon="-78.319878"><ele>465.8000000000011</ele><time>2026-09-18T02:59:49Z</time></rtept><rtept lat="38.56916" lon="-78.319921"><ele>463.0</ele><time>2026-09-18T02:59:49Z</time></rtept><rtept lat="38.569028" lon="-78.319943"><ele>461.8000000000011</ele><time>2026-09-18T02:59:49Z</time></rtept><rtept lat="38.568831" lon="-78.319903"><ele>460.8000000000011</ele><time>2026-09-18T02:59:49Z</time></rtept><rtept lat="38.568655" lon="-78.319827"><ele>459.2000000000007</ele><time>2026-09-18T02:59:49Z</time></rtept><rtept lat="38.568471" lon="-78.319872"><ele>457.60000000000036</ele><time>2026-09-18T02:59:49Z</time></rtept><rtept lat="38.568382" lon="-78.31997"><ele>458.0</ele><time>2026-09-18T02:59:49Z</time></rtept><rtept lat="38.568272" lon="-78.320089"><ele>457.2000000000007</ele><time>2026-09-18T02:59:49Z</time></rtept><rtept lat="38.568124" lon="-78.319944"><ele>455.2000000000007</ele><time>2026-09-18T02:59:49Z</time></rtept><rtept lat="38.567788" lon="-78.319673"><ele>454.0</ele><time>2026-09-18T02:59:49Z</time></rtept><rtept lat="38.567626" lon="-78.319422"><ele>453.0</ele><time>2026-09-18T02:59:49Z</time></rtept><rtept lat="38.56757" lon="-78.319033"><ele>451.8000000000011</ele><time>2026-09-18T02:59:49Z</time></rtept><rtept lat="38.567537" lon="-78.318667"><ele>448.8000000000011</ele><time>2026-09-18T02:59:49Z</time></rtept><rtept lat="38.567622" lon="-78.318275"><ele>443.40000000000146</ele><time>2026-09-18T02:59:49Z</time></rtept><rtept lat="38.56767" lon="-78.318115"><ele>441.40000000000146</ele><time>2026-09-18T02:59:49Z</time></rtept><rtept lat="38.567688" lon="-78.317972"><ele>440.40000000000146</ele><time>2026-09-18T02:59:49Z</time></rtept><rtept lat="38.567703" lon="-78.317686"><ele>441.8000000000011</ele><time>2026-09-18T02:59:49Z</time></rtept><rtept lat="38.567763" lon="-78.317305"><ele>440.0</ele><time>2026-09-18T02:59:49Z</time></rtept><rtept lat="38.56781" lon="-78.316769"><ele>433.60000000000036</ele><time>2026-09-18T02:59:49Z</time></rtept><rtept lat="38.567848" lon="-78.316541"><ele>429.8000000000011</ele><time>2026-09-18T02:59:49Z</time></rtept><rtept lat="38.567937" lon="-78.316386"><ele>429.2000000000007</ele><time>2026-09-18T02:59:49Z</time></rtept><rtept lat="38.568035" lon="-78.316263"><ele>425.8000000000011</ele><time>2026-09-18T02:59:49Z</time></rtept><rtept lat="38.568375" lon="-78.316117"><ele>421.8000000000011</ele><time>2026-09-18T02:59:49Z</time></rtept><rtept lat="38.568721" lon="-78.31595"><ele>418.8000000000011</ele><time>2026-09-18T02:59:49Z</time></rtept><rtept lat="38.569287" lon="-78.315686"><ele>411.0</ele><time>2026-09-18T02:59:49Z</time></rtept><rtept lat="38.569967" lon="-78.315315"><ele>406.40000000000146</ele><time>2026-09-18T02:59:49Z</time></rtept><rtept lat="38.570181" lon="-78.315129"><ele>406.2000000000007</ele><time>2026-09-18T02:59:49Z</time></rtept><rtept lat="38.570777" lon="-78.314467"><ele>403.2000000000007</ele><time>2026-09-18T02:59:49Z</time></rtept><rtept lat="38.57091" lon="-78.314221"><ele>404.0</ele><time>2026-09-18T02:59:49Z</time></rtept><rtept lat="38.571238" lon="-78.313467"><ele>397.2000000000007</ele><time>2026-09-18T02:59:49Z</time></rtept><rtept lat="38.571479" lon="-78.312692"><ele>398.60000000000036</ele><time>2026-09-18T02:59:49Z</time></rtept><rtept lat="38.571727" lon="-78.311769"><ele>399.0</ele><time>2026-09-18T02:59:49Z</time></rtept><rtept lat="38.571859" lon="-78.311242"><ele>394.60000000000036</ele><time>2026-09-18T02:59:49Z</time></rtept><rtept lat="38.57199" lon="-78.310565"><ele>390.0</ele><time>2026-09-18T02:59:49Z</time></rtept><rtept lat="38.572096" lon="-78.310057"><ele>384.60000000000036</ele><time>2026-09-18T02:59:49Z</time></rtept><rtept lat="38.572123" lon="-78.309501"><ele>381.60000000000036</ele><time>2026-09-18T02:59:49Z</time></rtept><rtept lat="38.571972" lon="-78.308809"><ele>379.2000000000007</ele><time>2026-09-18T02:59:49Z</time></rtept><rtept lat="38.571759" lon="-78.308098"><ele>371.60000000000036</ele><time>2026-09-18T02:59:49Z</time></rtept><rtept lat="38.571552" lon="-78.307126"><ele>359.2000000000007</ele><time>2026-09-18T02:59:49Z</time></rtept><rtept lat="38.571484" lon="-78.30685"><ele>359.2000000000007</ele><time>2026-09-18T02:59:49Z</time></rtept><rtept lat="38.571402" lon="-78.306611"><ele>357.8000000000011</ele><time>2026-09-18T02:59:49Z</time></rtept><rtept lat="38.571299" lon="-78.306072"><ele>357.0</ele><time>2026-09-18T02:59:49Z</time></rtept><rtept lat="38.571209" lon="-78.305209"><ele>353.40000000000146</ele><time>2026-09-18T02:59:49Z</time></rtept><rtept lat="38.571093" lon="-78.304572"><ele>352.2000000000007</ele><time>2026-09-18T02:59:49Z</time></rtept><rtept lat="38.57098" lon="-78.304022"><ele>349.2000000000007</ele><time>2026-09-18T02:59:49Z</time></rtept><rtept lat="38.570888" lon="-78.30362"><ele>345.8000000000011</ele><time>2026-09-18T02:59:49Z</time></rtept><rtept lat="38.570804" lon="-78.303451"><ele>342.60000000000036</ele><time>2026-09-18T02:59:49Z</time></rtept><rtept lat="38.570709" lon="-78.303094"><ele>333.8000000000011</ele><time>2026-09-18T02:59:49Z</time></rtept><rtept lat="38.570697" lon="-78.303047"><ele>333.0</ele><time>2026-09-18T02:59:49Z</time></rtept><rtept lat="38.570607" lon="-78.302852"><ele>330.2000000000007</ele><time>2026-09-18T02:59:49Z</time></rtept><rtept lat="38.570547" lon="-78.302781"><ele>328.0</ele><time>2026-09-18T02:59:49Z</time></rtept><rtept lat="38.570493" lon="-78.30271"><ele>326.8000000000011</ele><time>2026-09-18T02:59:49Z</time></rtept><rtept lat="38.570452" lon="-78.302659"><ele>326.8000000000011</ele><time>2026-09-18T02:59:49Z</time></rtept><rtept lat="38.570411" lon="-78.302591"><ele>326.0</ele><time>2026-09-18T02:59:49Z</time></rtept><rtept lat="38.570381" lon="-78.302511"><ele>326.0</ele><time>2026-09-18T02:59:49Z</time></rtept><rtept lat="38.570361" lon="-78.302456"><ele>327.2000000000007</ele><time>2026-09-18T02:59:49Z</time></rtept><rtept lat="38.570294" lon="-78.302263"><ele>328.0</ele><time>2026-09-18T02:59:49Z</time></rtept><rtept lat="38.570274" lon="-78.302128"><ele>328.8000000000011</ele><time>2026-09-18T02:59:49Z</time></rtept><rtept lat="38.570276" lon="-78.302052"><ele>328.8000000000011</ele><time>2026-09-18T02:59:49Z</time></rtept><rtept lat="38.570296" lon="-78.301931"><ele>329.60000000000036</ele><time>2026-09-18T02:59:49Z</time></rtept><rtept lat="38.570322" lon="-78.301839"><ele>328.0</ele><time>2026-09-18T02:59:49Z</time></rtept><rtept lat="38.570325" lon="-78.30176"><ele>328.0</ele><time>2026-09-18T02:59:49Z</time></rtept><rtept lat="38.570298" lon="-78.301417"><ele>327.40000000000146</ele><time>2026-09-18T02:59:49Z</time></rtept><rtept lat="38.570279" lon="-78.301325"><ele>326.8000000000011</ele><time>2026-09-18T02:59:49Z</time></rtept><rtept lat="38.570234" lon="-78.301204"><ele>327.2000000000007</ele><time>2026-09-18T02:59:49Z</time></rtept><rtept lat="38.570184" lon="-78.301067"><ele>326.0</ele><time>2026-09-18T02:59:49Z</time></rtept><rtept lat="38.57018" lon="-78.300969"><ele>326.40000000000146</ele><time>2026-09-18T02:59:49Z</time></rtept><rtept lat="38.570203" lon="-78.300856"><ele>327.0</ele><time>2026-09-18T02:59:49Z</time></rtept><rtept lat="38.570217" lon="-78.300803"><ele>328.0</ele><time>2026-09-18T02:59:49Z</time></rtept><rtept lat="38.570312" lon="-78.300605"><ele>328.0</ele><time>2026-09-18T02:59:49Z</time></rtept><rtept lat="38.570369" lon="-78.300476"><ele>327.60000000000036</ele><time>2026-09-18T02:59:49Z</time></rtept><rtept lat="38.570395" lon="-78.300416"><ele>325.8000000000011</ele><time>2026-09-18T02:59:49Z</time></rtept><rtept lat="38.570424" lon="-78.300355"><ele>325.8000000000011</ele><time>2026-09-18T02:59:49Z</time></rtept><rtept lat="38.570424" lon="-78.300355"><ele>325.8000000000011</ele><time>2026-09-18T02:59:49Z</time></rtept><rtept lat="38.570178" lon="-78.300329"><ele>332.2000000000007</ele><time>2026-09-18T02:59:49Z</time></rtept><rtept lat="38.570099" lon="-78.300283"><ele>333.2000000000007</ele><time>2026-09-18T02:59:49Z</time></rtept><rtept lat="38.569927" lon="-78.300226"><ele>335.60000000000036</ele><time>2026-09-18T02:59:49Z</time></rtept><rtept lat="38.569791" lon="-78.300138"><ele>337.0</ele><time>2026-09-18T02:59:49Z</time></rtept><rtept lat="38.569649" lon="-78.300059"><ele>338.2000000000007</ele><time>2026-09-18T02:59:49Z</time></rtept><rtept lat="38.569449" lon="-78.300046"><ele>341.40000000000146</ele><time>2026-09-18T02:59:49Z</time></rtept><rtept lat="38.569236" lon="-78.300064"><ele>344.0</ele><time>2026-09-18T02:59:49Z</time></rtept><rtept lat="38.569118" lon="-78.30011"><ele>345.0</ele><time>2026-09-18T02:59:49Z</time></rtept><rtept lat="38.568994" lon="-78.300192"><ele>346.8000000000011</ele><time>2026-09-18T02:59:49Z</time></rtept><rtept lat="38.568889" lon="-78.300272"><ele>348.40000000000146</ele><time>2026-09-18T02:59:49Z</time></rtept><rtept lat="38.568785" lon="-78.300359"><ele>349.40000000000146</ele><time>2026-09-18T02:59:49Z</time></rtept><rtept lat="38.568709" lon="-78.300449"><ele>350.40000000000146</ele><time>2026-09-18T02:59:49Z</time></rtept><rtept lat="38.568573" lon="-78.300583"><ele>352.0</ele><time>2026-09-18T02:59:49Z</time></rtept><rtept lat="38.56843" lon="-78.300768"><ele>354.40000000000146</ele><time>2026-09-18T02:59:49Z</time></rtept><rtept lat="38.568283" lon="-78.300944"><ele>356.40000000000146</ele><time>2026-09-18T02:59:49Z</time></rtept><rtept lat="38.568222" lon="-78.300985"><ele>357.2000000000007</ele><time>2026-09-18T02:59:49Z</time></rtept><rtept lat="38.568127" lon="-78.30099"><ele>357.8000000000011</ele><time>2026-09-18T02:59:49Z</time></rtept><rtept lat="38.568041" lon="-78.301021"><ele>358.60000000000036</ele><time>2026-09-18T02:59:49Z</time></rtept><rtept lat="38.567862" lon="-78.30106"><ele>362.2000000000007</ele><time>2026-09-18T02:59:49Z</time></rtept><rtept lat="38.567702" lon="-78.301051"><ele>364.40000000000146</ele><time>2026-09-18T02:59:49Z</time></rtept><rtept lat="38.567463" lon="-78.30104"><ele>368.2000000000007</ele><time>2026-09-18T02:59:49Z</time></rtept><rtept lat="38.567269" lon="-78.301062"><ele>370.40000000000146</ele><time>2026-09-18T02:59:49Z</time></rtept><rtept lat="38.567112" lon="-78.301132"><ele>372.0</ele><time>2026-09-18T02:59:49Z</time></rtept><rtept lat="38.56701" lon="-78.301209"><ele>373.60000000000036</ele><time>2026-09-18T02:59:49Z</time></rtept><rtept lat="38.566947" lon="-78.301199"><ele>374.2000000000007</ele><time>2026-09-18T02:59:49Z</time></rtept><rtept lat="38.566857" lon="-78.301112"><ele>374.60000000000036</ele><time>2026-09-18T02:59:49Z</time></rtept><rtept lat="38.566771" lon="-78.301016"><ele>375.2000000000007</ele><time>2026-09-18T02:59:49Z</time></rtept><rtept lat="38.56671" lon="-78.300906"><ele>375.8000000000011</ele><time>2026-09-18T02:59:49Z</time></rtept><rtept lat="38.566387" lon="-78.300751"><ele>379.8000000000011</ele><time>2026-09-18T02:59:49Z</time></rtept><rtept lat="38.566249" lon="-78.30068"><ele>383.8000000000011</ele><time>2026-09-18T02:59:49Z</time></rtept><rtept lat="38.566114" lon="-78.300632"><ele>387.2000000000007</ele><time>2026-09-18T02:59:49Z</time></rtept><rtept lat="38.566023" lon="-78.300553"><ele>388.8000000000011</ele><time>2026-09-18T02:59:49Z</time></rtept><rtept lat="38.565841" lon="-78.300481"><ele>394.0</ele><time>2026-09-18T02:59:49Z</time></rtept><rtept lat="38.565659" lon="-78.300399"><ele>400.60000000000036</ele><time>2026-09-18T02:59:49Z</time></rtept><rtept lat="38.565587" lon="-78.300451"><ele>403.0</ele><time>2026-09-18T02:59:49Z</time></rtept><rtept lat="38.565532" lon="-78.300561"><ele>404.8000000000011</ele><time>2026-09-18T02:59:49Z</time></rtept><rtept lat="38.56542" lon="-78.300677"><ele>406.2000000000007</ele><time>2026-09-18T02:59:49Z</time></rtept><rtept lat="38.565295" lon="-78.300821"><ele>409.40000000000146</ele><time>2026-09-18T02:59:49Z</time></rtept><rtept lat="38.565183" lon="-78.30097"><ele>413.0</ele><time>2026-09-18T02:59:49Z</time></rtept><rtept lat="38.565068" lon="-78.301182"><ele>415.8000000000011</ele><time>2026-09-18T02:59:49Z</time></rtept><rtept lat="38.564948" lon="-78.301317"><ele>415.2000000000007</ele><time>2026-09-18T02:59:49Z</time></rtept><rtept lat="38.564858" lon="-78.301446"><ele>415.2000000000007</ele><time>2026-09-18T02:59:49Z</time></rtept><rtept lat="38.5648" lon="-78.301462"><ele>414.2000000000007</ele><time>2026-09-18T02:59:49Z</time></rtept><rtept lat="38.564704" lon="-78.301473"><ele>415.0</ele><time>2026-09-18T02:59:49Z</time></rtept><rtept lat="38.564615" lon="-78.301469"><ele>416.40000000000146</ele><time>2026-09-18T02:59:49Z</time></rtept><rtept lat="38.564575" lon="-78.301511"><ele>418.2000000000007</ele><time>2026-09-18T02:59:49Z</time></rtept><rtept lat="38.564567" lon="-78.30157"><ele>418.0</ele><time>2026-09-18T02:59:49Z</time></rtept><rtept lat="38.564585" lon="-78.301639"><ele>418.2000000000007</ele><time>2026-09-18T02:59:49Z</time></rtept><rtept lat="38.564581" lon="-78.301696"><ele>418.2000000000007</ele><time>2026-09-18T02:59:49Z</time></rtept><rtept lat="38.564543" lon="-78.301768"><ele>418.2000000000007</ele><time>2026-09-18T02:59:49Z</time></rtept><rtept lat="38.564448" lon="-78.301877"><ele>422.2000000000007</ele><time>2026-09-18T02:59:49Z</time></rtept><rtept lat="38.564314" lon="-78.301965"><ele>425.40000000000146</ele><time>2026-09-18T02:59:49Z</time></rtept><rtept lat="38.564208" lon="-78.301997"><ele>426.8000000000011</ele><time>2026-09-18T02:59:49Z</time></rtept><rtept lat="38.564093" lon="-78.302019"><ele>428.8000000000011</ele><time>2026-09-18T02:59:49Z</time></rtept><rtept lat="38.563967" lon="-78.302043"><ele>432.8000000000011</ele><time>2026-09-18T02:59:49Z</time></rtept><rtept lat="38.563868" lon="-78.302054"><ele>435.60000000000036</ele><time>2026-09-18T02:59:49Z</time></rtept><rtept lat="38.563755" lon="-78.302064"><ele>437.40000000000146</ele><time>2026-09-18T02:59:49Z</time></rtept><rtept lat="38.563643" lon="-78.302095"><ele>438.8000000000011</ele><time>2026-09-18T02:59:49Z</time></rtept><rtept lat="38.563558" lon="-78.302159"><ele>437.8000000000011</ele><time>2026-09-18T02:59:49Z</time></rtept><rtept lat="38.563473" lon="-78.302242"><ele>438.0</ele><time>2026-09-18T02:59:49Z</time></rtept><rtept lat="38.563401" lon="-78.302374"><ele>441.60000000000036</ele><time>2026-09-18T02:59:49Z</time></rtept><rtept lat="38.563372" lon="-78.302461"><ele>442.0</ele><time>2026-09-18T02:59:49Z</time></rtept><rtept lat="38.563383" lon="-78.30255"><ele>442.8000000000011</ele><time>2026-09-18T02:59:49Z</time></rtept><rtept lat="38.563367" lon="-78.302656"><ele>444.2000000000007</ele><time>2026-09-18T02:59:49Z</time></rtept><rtept lat="38.563359" lon="-78.302676"><ele>444.2000000000007</ele><time>2026-09-18T02:59:49Z</time></rtept><rtept lat="38.563359" lon="-78.302676"><ele>444.2000000000007</ele><time>2026-09-18T02:59:49Z</time></rtept><rtept lat="38.563313" lon="-78.302787"><ele>446.40000000000146</ele><time>2026-09-18T02:59:49Z</time></rtept><rtept lat="38.563296" lon="-78.302916"><ele>446.40000000000146</ele><time>2026-09-18T02:59:49Z</time></rtept><rtept lat="38.563268" lon="-78.303022"><ele>446.40000000000146</ele><time>2026-09-18T02:59:49Z</time></rtept><rtept lat="38.563224" lon="-78.303103"><ele>447.8000000000011</ele><time>2026-09-18T02:59:49Z</time></rtept><rtept lat="38.563136" lon="-78.303186"><ele>448.60000000000036</ele><time>2026-09-18T02:59:49Z</time></rtept><rtept lat="38.563087" lon="-78.303281"><ele>449.0</ele><time>2026-09-18T02:59:49Z</time></rtept><rtept lat="38.563038" lon="-78.30347"><ele>450.2000000000007</ele><time>2026-09-18T02:59:49Z</time></rtept><rtept lat="38.562985" lon="-78.30363"><ele>453.2000000000007</ele><time>2026-09-18T02:59:49Z</time></rtept><rtept lat="38.562908" lon="-78.303741"><ele>455.60000000000036</ele><time>2026-09-18T02:59:49Z</time></rtept><rtept lat="38.562786" lon="-78.303848"><ele>460.2000000000007</ele><time>2026-09-18T02:59:49Z</time></rtept><rtept lat="38.562654" lon="-78.304014"><ele>463.40000000000146</ele><time>2026-09-18T02:59:49Z</time></rtept><rtept lat="38.562621" lon="-78.304122"><ele>462.60000000000036</ele><time>2026-09-18T02:59:49Z</time></rtept><rtept lat="38.562612" lon="-78.304246"><ele>462.2000000000007</ele><time>2026-09-18T02:59:49Z</time></rtept><rtept lat="38.562586" lon="-78.304335"><ele>463.2000000000007</ele><time>2026-09-18T02:59:49Z</time></rtept><rtept lat="38.562556" lon="-78.304397"><ele>462.40000000000146</ele><time>2026-09-18T02:59:49Z</time></rtept><rtept lat="38.562516" lon="-78.30445"><ele>463.8000000000011</ele><time>2026-09-18T02:59:49Z</time></rtept><rtept lat="38.562509" lon="-78.304241"><ele>466.0</ele><time>2026-09-18T02:59:49Z</time></rtept><rtept lat="38.562478" lon="-78.304144"><ele>466.8000000000011</ele><time>2026-09-18T02:59:49Z</time></rtept><rtept lat="38.562456" lon="-78.304073"><ele>469.8000000000011</ele><time>2026-09-18T02:59:49Z</time></rtept><rtept lat="38.562404" lon="-78.303962"><ele>470.0</ele><time>2026-09-18T02:59:49Z</time></rtept><rtept lat="38.562371" lon="-78.303895"><ele>472.60000000000036</ele><time>2026-09-18T02:59:49Z</time></rtept><rtept lat="38.562357" lon="-78.3038"><ele>472.8000000000011</ele><time>2026-09-18T02:59:49Z</time></rtept><rtept lat="38.562359" lon="-78.303697"><ele>473.40000000000146</ele><time>2026-09-18T02:59:49Z</time></rtept><rtept lat="38.562339" lon="-78.303568"><ele>474.0</ele><time>2026-09-18T02:59:49Z</time></rtept><rtept lat="38.562304" lon="-78.303651"><ele>476.8000000000011</ele><time>2026-09-18T02:59:49Z</time></rtept><rtept lat="38.562285" lon="-78.303715"><ele>476.0</ele><time>2026-09-18T02:59:49Z</time></rtept><rtept lat="38.562258" lon="-78.303788"><ele>479.0</ele><time>2026-09-18T02:59:49Z</time></rtept><rtept lat="38.562238" lon="-78.303852"><ele>479.0</ele><time>2026-09-18T02:59:49Z</time></rtept><rtept lat="38.562234" lon="-78.304043"><ele>478.40000000000146</ele><time>2026-09-18T02:59:49Z</time></rtept><rtept lat="38.562214" lon="-78.304126"><ele>478.40000000000146</ele><time>2026-09-18T02:59:49Z</time></rtept><rtept lat="38.562161" lon="-78.30422"><ele>480.8000000000011</ele><time>2026-09-18T02:59:49Z</time></rtept><rtept lat="38.562077" lon="-78.304398"><ele>481.2000000000007</ele><time>2026-09-18T02:59:49Z</time></rtept><rtept lat="38.561948" lon="-78.304576"><ele>482.60000000000036</ele><time>2026-09-18T02:59:49Z</time></rtept><rtept lat="38.561863" lon="-78.304689"><ele>483.60000000000036</ele><time>2026-09-18T02:59:49Z</time></rtept><rtept lat="38.561804" lon="-78.3048"><ele>483.8000000000011</ele><time>2026-09-18T02:59:49Z</time></rtept><rtept lat="38.561753" lon="-78.304866"><ele>485.2000000000007</ele><time>2026-09-18T02:59:49Z</time></rtept><rtept lat="38.561661" lon="-78.30491"><ele>486.60000000000036</ele><time>2026-09-18T02:59:49Z</time></rtept><rtept lat="38.561457" lon="-78.304922"><ele>493.40000000000146</ele><time>2026-09-18T02:59:49Z</time></rtept><rtept lat="38.56126" lon="-78.304987"><ele>496.40000000000146</ele><time>2026-09-18T02:59:49Z</time></rtept><rtept lat="38.561193" lon="-78.305122"><ele>497.60000000000036</ele><time>2026-09-18T02:59:49Z</time></rtept><rtept lat="38.561106" lon="-78.305269"><ele>500.8000000000011</ele><time>2026-09-18T02:59:49Z</time></rtept><rtept lat="38.561065" lon="-78.305286"><ele>500.8000000000011</ele><time>2026-09-18T02:59:49Z</time></rtept><rtept lat="38.561001" lon="-78.305348"><ele>502.0</ele><time>2026-09-18T02:59:49Z</time></rtept><rtept lat="38.560953" lon="-78.305393"><ele>504.0</ele><time>2026-09-18T02:59:49Z</time></rtept><rtept lat="38.560863" lon="-78.305412"><ele>504.0</ele><time>2026-09-18T02:59:49Z</time></rtept><rtept lat="38.560686" lon="-78.305421"><ele>510.40000000000146</ele><time>2026-09-18T02:59:49Z</time></rtept><rtept lat="38.560599" lon="-78.305447"><ele>512.2000000000007</ele><time>2026-09-18T02:59:49Z</time></rtept><rtept lat="38.560475" lon="-78.305504"><ele>511.60000000000036</ele><time>2026-09-18T02:59:49Z</time></rtept><rtept lat="38.560325" lon="-78.305578"><ele>511.8000000000011</ele><time>2026-09-18T02:59:49Z</time></rtept><rtept lat="38.560156" lon="-78.305636"><ele>519.0</ele><time>2026-09-18T02:59:49Z</time></rtept><rtept lat="38.559979" lon="-78.305652"><ele>521.4000000000015</ele><time>2026-09-18T02:59:49Z</time></rtept><rtept lat="38.559907" lon="-78.305665"><ele>522.6000000000004</ele><time>2026-09-18T02:59:49Z</time></rtept><rtept lat="38.559861" lon="-78.305653"><ele>522.4000000000015</ele><time>2026-09-18T02:59:49Z</time></rtept><rtept lat="38.559814" lon="-78.305613"><ele>523.2000000000007</ele><time>2026-09-18T02:59:49Z</time></rtept><rtept lat="38.559801" lon="-78.305524"><ele>524.6000000000004</ele><time>2026-09-18T02:59:49Z</time></rtept><rtept lat="38.559827" lon="-78.305416"><ele>527.0</ele><time>2026-09-18T02:59:49Z</time></rtept><rtept lat="38.559906" lon="-78.305318"><ele>530.0</ele><time>2026-09-18T02:59:49Z</time></rtept><rtept lat="38.559996" lon="-78.305262"><ele>532.2000000000007</ele><time>2026-09-18T02:59:49Z</time></rtept><rtept lat="38.560192" lon="-78.305141"><ele>531.2000000000007</ele><time>2026-09-18T02:59:49Z</time></rtept><rtept lat="38.560299" lon="-78.305042"><ele>536.8000000000011</ele><time>2026-09-18T02:59:49Z</time></rtept><rtept lat="38.560369" lon="-78.304949"><ele>538.0</ele><time>2026-09-18T02:59:49Z</time></rtept><rtept lat="38.560446" lon="-78.304845"><ele>538.8000000000011</ele><time>2026-09-18T02:59:49Z</time></rtept><rtept lat="38.56051" lon="-78.304753"><ele>539.2000000000007</ele><time>2026-09-18T02:59:49Z</time></rtept><rtept lat="38.560529" lon="-78.304645"><ele>539.4000000000015</ele><time>2026-09-18T02:59:49Z</time></rtept><rtept lat="38.560544" lon="-78.304367"><ele>546.8000000000011</ele><time>2026-09-18T02:59:49Z</time></rtept><rtept lat="38.560544" lon="-78.304099"><ele>550.8000000000011</ele><time>2026-09-18T02:59:49Z</time></rtept><rtept lat="38.560532" lon="-78.303959"><ele>552.0</ele><time>2026-09-18T02:59:49Z</time></rtept><rtept lat="38.560523" lon="-78.30384"><ele>554.0</ele><time>2026-09-18T02:59:49Z</time></rtept><rtept lat="38.560471" lon="-78.303932"><ele>556.6000000000004</ele><time>2026-09-18T02:59:49Z</time></rtept><rtept lat="38.560427" lon="-78.304037"><ele>557.4000000000015</ele><time>2026-09-18T02:59:49Z</time></rtept><rtept lat="38.560328" lon="-78.30417"><ele>558.8000000000011</ele><time>2026-09-18T02:59:49Z</time></rtept><rtept lat="38.560246" lon="-78.304366"><ele>559.6000000000004</ele><time>2026-09-18T02:59:49Z</time></rtept><rtept lat="38.560148" lon="-78.304494"><ele>556.4000000000015</ele><time>2026-09-18T02:59:49Z</time></rtept><rtept lat="38.559994" lon="-78.304541"><ele>557.0</ele><time>2026-09-18T02:59:49Z</time></rtept><rtept lat="38.559887" lon="-78.30451"><ele>563.0</ele><time>2026-09-18T02:59:49Z</time></rtept><rtept lat="38.559758" lon="-78.304507"><ele>566.2000000000007</ele><time>2026-09-18T02:59:49Z</time></rtept><rtept lat="38.559594" lon="-78.304477"><ele>569.2000000000007</ele><time>2026-09-18T02:59:49Z</time></rtept><rtept lat="38.559538" lon="-78.304489"><ele>570.2000000000007</ele><time>2026-09-18T02:59:49Z</time></rtept><rtept lat="38.559438" lon="-78.30452"><ele>571.6000000000004</ele><time>2026-09-18T02:59:49Z</time></rtept><rtept lat="38.559296" lon="-78.304597"><ele>571.0</ele><time>2026-09-18T02:59:49Z</time></rtept><rtept lat="38.559205" lon="-78.304674"><ele>569.4000000000015</ele><time>2026-09-18T02:59:49Z</time></rtept><rtept lat="38.559124" lon="-78.304692"><ele>570.4000000000015</ele><time>2026-09-18T02:59:49Z</time></rtept><rtept lat="38.559039" lon="-78.30467"><ele>571.4000000000015</ele><time>2026-09-18T02:59:49Z</time></rtept><rtept lat="38.558927" lon="-78.304614"><ele>576.0</ele><time>2026-09-18T02:59:49Z</time></rtept><rtept lat="38.558773" lon="-78.304639"><ele>572.0</ele><time>2026-09-18T02:59:49Z</time></rtept><rtept lat="38.558624" lon="-78.304694"><ele>575.0</ele><time>2026-09-18T02:59:49Z</time></rtept><rtept lat="38.558514" lon="-78.304693"><ele>577.4000000000015</ele><time>2026-09-18T02:59:49Z</time></rtept><rtept lat="38.558596" lon="-78.304637"><ele>575.0</ele><time>2026-09-18T02:59:49Z</time></rtept><rtept lat="38.55864" lon="-78.304575"><ele>577.8000000000011</ele><time>2026-09-18T02:59:49Z</time></rtept><rtept lat="38.558686" lon="-78.304466"><ele>583.0</ele><time>2026-09-18T02:59:49Z</time></rtept><rtept lat="38.558727" lon="-78.30437"><ele>586.4000000000015</ele><time>2026-09-18T02:59:49Z</time></rtept><rtept lat="38.55879" lon="-78.304291"><ele>590.6000000000004</ele><time>2026-09-18T02:59:49Z</time></rtept><rtept lat="38.558833" lon="-78.304256"><ele>594.6000000000004</ele><time>2026-09-18T02:59:49Z</time></rtept><rtept lat="38.558902" lon="-78.304246"><ele>594.4000000000015</ele><time>2026-09-18T02:59:49Z</time></rtept><rtept lat="38.558967" lon="-78.304276"><ele>594.4000000000015</ele><time>2026-09-18T02:59:49Z</time></rtept><rtept lat="38.559031" lon="-78.304322"><ele>590.0</ele><time>2026-09-18T02:59:49Z</time></rtept><rtept lat="38.5591" lon="-78.304365"><ele>588.8000000000011</ele><time>2026-09-18T02:59:49Z</time></rtept><rtept lat="38.559142" lon="-78.304348"><ele>587.0</ele><time>2026-09-18T02:59:49Z</time></rtept><rtept lat="38.559176" lon="-78.30431"><ele>584.2000000000007</ele><time>2026-09-18T02:59:49Z</time></rtept><rtept lat="38.559248" lon="-78.304154"><ele>592.6000000000004</ele><time>2026-09-18T02:59:49Z</time></rtept><rtept lat="38.559283" lon="-78.304085"><ele>597.2000000000007</ele><time>2026-09-18T02:59:49Z</time></rtept><rtept lat="38.559316" lon="-78.304028"><ele>595.6000000000004</ele><time>2026-09-18T02:59:49Z</time></rtept><rtept lat="38.559387" lon="-78.303891"><ele>600.2000000000007</ele><time>2026-09-18T02:59:49Z</time></rtept><rtept lat="38.559479" lon="-78.303786"><ele>601.0</ele><time>2026-09-18T02:59:49Z</time></rtept><rtept lat="38.559532" lon="-78.303682"><ele>601.6000000000004</ele><time>2026-09-18T02:59:49Z</time></rtept><rtept lat="38.559654" lon="-78.303546"><ele>601.6000000000004</ele><time>2026-09-18T02:59:49Z</time></rtept><rtept lat="38.559707" lon="-78.303443"><ele>603.4000000000015</ele><time>2026-09-18T02:59:49Z</time></rtept><rtept lat="38.559707" lon="-78.303359"><ele>604.8000000000011</ele><time>2026-09-18T02:59:49Z</time></rtept><rtept lat="38.55971" lon="-78.303254"><ele>606.4000000000015</ele><time>2026-09-18T02:59:49Z</time></rtept><rtept lat="38.559702" lon="-78.303159"><ele>609.2000000000007</ele><time>2026-09-18T02:59:49Z</time></rtept><rtept lat="38.559679" lon="-78.303066"><ele>610.4000000000015</ele><time>2026-09-18T02:59:49Z</time></rtept><rtept lat="38.559691" lon="-78.302889"><ele>612.6000000000004</ele><time>2026-09-18T02:59:49Z</time></rtept><rtept lat="38.559704" lon="-78.302798"><ele>613.8000000000011</ele><time>2026-09-18T02:59:49Z</time></rtept><rtept lat="38.559708" lon="-78.302765"><ele>613.8000000000011</ele><time>2026-09-18T02:59:49Z</time></rtept><rtept lat="38.55967" lon="-78.302773"><ele>613.8000000000011</ele><time>2026-09-18T02:59:49Z</time></rtept><rtept lat="38.559638" lon="-78.302831"><ele>615.4000000000015</ele><time>2026-09-18T02:59:49Z</time></rtept><rtept lat="38.55957" lon="-78.302976"><ele>617.0</ele><time>2026-09-18T02:59:49Z</time></rtept><rtept lat="38.559534" lon="-78.303057"><ele>615.8000000000011</ele><time>2026-09-18T02:59:49Z</time></rtept><rtept lat="38.559504" lon="-78.30312"><ele>617.4000000000015</ele><time>2026-09-18T02:59:49Z</time></rtept><rtept lat="38.559446" lon="-78.302873"><ele>620.8000000000011</ele><time>2026-09-18T02:59:49Z</time></rtept><rtept lat="38.559375" lon="-78.302614"><ele>625.2000000000007</ele><time>2026-09-18T02:59:49Z</time></rtept><rtept lat="38.559296" lon="-78.302236"><ele>631.0</ele><time>2026-09-18T02:59:49Z</time></rtept><rtept lat="38.559215" lon="-78.301939"><ele>635.4000000000015</ele><time>2026-09-18T02:59:49Z</time></rtept><rtept lat="38.5592" lon="-78.301811"><ele>636.0</ele><time>2026-09-18T02:59:49Z</time></rtept><rtept lat="38.559195" lon="-78.301704"><ele>636.6000000000004</ele><time>2026-09-18T02:59:49Z</time></rtept><rtept lat="38.559161" lon="-78.301578"><ele>638.2000000000007</ele><time>2026-09-18T02:59:49Z</time></rtept><rtept lat="38.559118" lon="-78.301491"><ele>637.6000000000004</ele><time>2026-09-18T02:59:49Z</time></rtept><rtept lat="38.559079" lon="-78.301461"><ele>639.6000000000004</ele><time>2026-09-18T02:59:49Z</time></rtept><rtept lat="38.55903" lon="-78.301419"><ele>640.2000000000007</ele><time>2026-09-18T02:59:49Z</time></rtept><rtept lat="38.558949" lon="-78.301391"><ele>641.8000000000011</ele><time>2026-09-18T02:59:49Z</time></rtept><rtept lat="38.558781" lon="-78.30137"><ele>645.2000000000007</ele><time>2026-09-18T02:59:49Z</time></rtept><rtept lat="38.558621" lon="-78.301319"><ele>645.8000000000011</ele><time>2026-09-18T02:59:49Z</time></rtept><rtept lat="38.558468" lon="-78.301237"><ele>644.6000000000004</ele><time>2026-09-18T02:59:49Z</time></rtept><rtept lat="38.558344" lon="-78.301077"><ele>647.0</ele><time>2026-09-18T02:59:49Z</time></rtept><rtept lat="38.558293" lon="-78.300883"><ele>645.8000000000011</ele><time>2026-09-18T02:59:49Z</time></rtept><rtept lat="38.558222" lon="-78.300737"><ele>646.0</ele><time>2026-09-18T02:59:49Z</time></rtept><rtept lat="38.558155" lon="-78.300652"><ele>649.0</ele><time>2026-09-18T02:59:49Z</time></rtept><rtept lat="38.558204" lon="-78.300541"><ele>647.4000000000015</ele><time>2026-09-18T02:59:49Z</time></rtept><rtept lat="38.558211" lon="-78.300466"><ele>648.4000000000015</ele><time>2026-09-18T02:59:49Z</time></rtept><rtept lat="38.5582" lon="-78.300329"><ele>649.6000000000004</ele><time>2026-09-18T02:59:49Z</time></rtept><rtept lat="38.558197" lon="-78.300171"><ele>650.4000000000015</ele><time>2026-09-18T02:59:49Z</time></rtept><rtept lat="38.558184" lon="-78.299984"><ele>653.8000000000011</ele><time>2026-09-18T02:59:49Z</time></rtept><rtept lat="38.558187" lon="-78.299707"><ele>658.4000000000015</ele><time>2026-09-18T02:59:49Z</time></rtept><rtept lat="38.558191" lon="-78.299538"><ele>661.2000000000007</ele><time>2026-09-18T02:59:49Z</time></rtept><rtept lat="38.558184" lon="-78.299374"><ele>663.6000000000004</ele><time>2026-09-18T02:59:49Z</time></rtept><rtept lat="38.558175" lon="-78.299191"><ele>666.2000000000007</ele><time>2026-09-18T02:59:49Z</time></rtept><rtept lat="38.558129" lon="-78.299217"><ele>669.6000000000004</ele><time>2026-09-18T02:59:49Z</time></rtept><rtept lat="38.558081" lon="-78.299311"><ele>670.8000000000011</ele><time>2026-09-18T02:59:49Z</time></rtept><rtept lat="38.557984" lon="-78.299492"><ele>672.2000000000007</ele><time>2026-09-18T02:59:49Z</time></rtept><rtept lat="38.557856" lon="-78.29979"><ele>675.8000000000011</ele><time>2026-09-18T02:59:49Z</time></rtept><rtept lat="38.5578" lon="-78.299938"><ele>676.2000000000007</ele><time>2026-09-18T02:59:49Z</time></rtept><rtept lat="38.557766" lon="-78.300065"><ele>674.6000000000004</ele><time>2026-09-18T02:59:49Z</time></rtept><rtept lat="38.557717" lon="-78.300137"><ele>678.2000000000007</ele><time>2026-09-18T02:59:49Z</time></rtept><rtept lat="38.557662" lon="-78.300183"><ele>680.4000000000015</ele><time>2026-09-18T02:59:49Z</time></rtept><rtept lat="38.557683" lon="-78.300037"><ele>683.2000000000007</ele><time>2026-09-18T02:59:49Z</time></rtept><rtept lat="38.557681" lon="-78.299789"><ele>685.0</ele><time>2026-09-18T02:59:49Z</time></rtept><rtept lat="38.557651" lon="-78.299563"><ele>685.6000000000004</ele><time>2026-09-18T02:59:49Z</time></rtept><rtept lat="38.557598" lon="-78.299311"><ele>687.8000000000011</ele><time>2026-09-18T02:59:49Z</time></rtept><rtept lat="38.557529" lon="-78.299148"><ele>690.0</ele><time>2026-09-18T02:59:49Z</time></rtept><rtept lat="38.557464" lon="-78.299021"><ele>692.0</ele><time>2026-09-18T02:59:49Z</time></rtept><rtept lat="38.557422" lon="-78.298942"><ele>694.0</ele><time>2026-09-18T02:59:49Z</time></rtept><rtept lat="38.557389" lon="-78.298934"><ele>694.0</ele><time>2026-09-18T02:59:49Z</time></rtept><rtept lat="38.557335" lon="-78.298981"><ele>695.4000000000015</ele><time>2026-09-18T02:59:49Z</time></rtept><rtept lat="38.557258" lon="-78.299085"><ele>696.6000000000004</ele><time>2026-09-18T02:59:49Z</time></rtept><rtept lat="38.557169" lon="-78.29925"><ele>697.2000000000007</ele><time>2026-09-18T02:59:49Z</time></rtept><rtept lat="38.557113" lon="-78.299401"><ele>698.2000000000007</ele><time>2026-09-18T02:59:49Z</time></rtept><rtept lat="38.557093" lon="-78.299532"><ele>697.8000000000011</ele><time>2026-09-18T02:59:49Z</time></rtept><rtept lat="38.557083" lon="-78.29963"><ele>699.2000000000007</ele><time>2026-09-18T02:59:49Z</time></rtept><rtept lat="38.557011" lon="-78.29973"><ele>700.4000000000015</ele><time>2026-09-18T02:59:49Z</time></rtept><rtept lat="38.556877" lon="-78.299893"><ele>702.8000000000011</ele><time>2026-09-18T02:59:49Z</time></rtept><rtept lat="38.5568" lon="-78.299951"><ele>703.8000000000011</ele><time>2026-09-18T02:59:49Z</time></rtept><rtept lat="38.556704" lon="-78.299984"><ele>704.8000000000011</ele><time>2026-09-18T02:59:49Z</time></rtept><rtept lat="38.556555" lon="-78.299952"><ele>708.0</ele><time>2026-09-18T02:59:49Z</time></rtept><rtept lat="38.556433" lon="-78.299857"><ele>709.2000000000007</ele><time>2026-09-18T02:59:49Z</time></rtept><rtept lat="38.556251" lon="-78.299866"><ele>713.6000000000004</ele><time>2026-09-18T02:59:49Z</time></rtept><rtept lat="38.556144" lon="-78.299856"><ele>715.6000000000004</ele><time>2026-09-18T02:59:49Z</time></rtept><rtept lat="38.556064" lon="-78.299832"><ele>716.2000000000007</ele><time>2026-09-18T02:59:49Z</time></rtept><rtept lat="38.555995" lon="-78.299832"><ele>716.4000000000015</ele><time>2026-09-18T02:59:49Z</time></rtept><rtept lat="38.555947" lon="-78.299868"><ele>716.4000000000015</ele><time>2026-09-18T02:59:49Z</time></rtept><rtept lat="38.555925" lon="-78.299947"><ele>717.0</ele><time>2026-09-18T02:59:49Z</time></rtept><rtept lat="38.555916" lon="-78.300014"><ele>717.4000000000015</ele><time>2026-09-18T02:59:49Z</time></rtept><rtept lat="38.555919" lon="-78.300136"><ele>717.8000000000011</ele><time>2026-09-18T02:59:49Z</time></rtept><rtept lat="38.555952" lon="-78.300257"><ele>718.6000000000004</ele><time>2026-09-18T02:59:49Z</time></rtept><rtept lat="38.556104" lon="-78.300418"><ele>718.4000000000015</ele><time>2026-09-18T02:59:49Z</time></rtept><rtept lat="38.556139" lon="-78.300497"><ele>719.2000000000007</ele><time>2026-09-18T02:59:49Z</time></rtept><rtept lat="38.556152" lon="-78.300577"><ele>720.2000000000007</ele><time>2026-09-18T02:59:49Z</time></rtept><rtept lat="38.556156" lon="-78.300668"><ele>720.2000000000007</ele><time>2026-09-18T02:59:49Z</time></rtept><rtept lat="38.556175" lon="-78.30076"><ele>721.0</ele><time>2026-09-18T02:59:49Z</time></rtept><rtept lat="38.556203" lon="-78.300833"><ele>722.0</ele><time>2026-09-18T02:59:49Z</time></rtept><rtept lat="38.556223" lon="-78.300947"><ele>722.0</ele><time>2026-09-18T02:59:49Z</time></rtept><rtept lat="38.556202" lon="-78.301051"><ele>724.0</ele><time>2026-09-18T02:59:49Z</time></rtept><rtept lat="38.556142" lon="-78.301209"><ele>727.2000000000007</ele><time>2026-09-18T02:59:49Z</time></rtept><rtept lat="38.556144" lon="-78.301471"><ele>729.0</ele><time>2026-09-18T02:59:49Z</time></rtept><rtept lat="38.556112" lon="-78.301599"><ele>729.2000000000007</ele><time>2026-09-18T02:59:49Z</time></rtept><rtept lat="38.556047" lon="-78.301681"><ele>731.8000000000011</ele><time>2026-09-18T02:59:49Z</time></rtept><rtept lat="38.555972" lon="-78.301741"><ele>734.6000000000004</ele><time>2026-09-18T02:59:49Z</time></rtept><rtept lat="38.555906" lon="-78.301689"><ele>736.4000000000015</ele><time>2026-09-18T02:59:49Z</time></rtept><rtept lat="38.555856" lon="-78.301642"><ele>738.6000000000004</ele><time>2026-09-18T02:59:49Z</time></rtept><rtept lat="38.555768" lon="-78.301568"><ele>739.8000000000011</ele><time>2026-09-18T02:59:49Z</time></rtept><rtept lat="38.555777" lon="-78.301684"><ele>740.6000000000004</ele><time>2026-09-18T02:59:49Z</time></rtept><rtept lat="38.555825" lon="-78.301832"><ele>739.8000000000011</ele><time>2026-09-18T02:59:49Z</time></rtept><rtept lat="38.555863" lon="-78.301928"><ele>740.2000000000007</ele><time>2026-09-18T02:59:49Z</time></rtept><rtept lat="38.555848" lon="-78.301989"><ele>740.4000000000015</ele><time>2026-09-18T02:59:49Z</time></rtept><rtept lat="38.555807" lon="-78.30211"><ele>743.0</ele><time>2026-09-18T02:59:49Z</time></rtept><rtept lat="38.555742" lon="-78.302133"><ele>745.6000000000004</ele><time>2026-09-18T02:59:49Z</time></rtept><rtept lat="38.555685" lon="-78.302026"><ele>745.6000000000004</ele><time>2026-09-18T02:59:49Z</time></rtept><rtept lat="38.555613" lon="-78.301981"><ele>750.6000000000004</ele><time>2026-09-18T02:59:49Z</time></rtept><rtept lat="38.555565" lon="-78.302018"><ele>750.6000000000004</ele><time>2026-09-18T02:59:49Z</time></rtept><rtept lat="38.555515" lon="-78.302103"><ele>753.8000000000011</ele><time>2026-09-18T02:59:49Z</time></rtept><rtept lat="38.555473" lon="-78.302185"><ele>757.0</ele><time>2026-09-18T02:59:49Z</time></rtept><rtept lat="38.555422" lon="-78.3023"><ele>757.4000000000015</ele><time>2026-09-18T02:59:49Z</time></rtept><rtept lat="38.555383" lon="-78.302442"><ele>759.6000000000004</ele><time>2026-09-18T02:59:49Z</time></rtept><rtept lat="38.555307" lon="-78.302585"><ele>761.4000000000015</ele><time>2026-09-18T02:59:49Z</time></rtept><rtept lat="38.555196" lon="-78.302743"><ele>765.4000000000015</ele><time>2026-09-18T02:59:49Z</time></rtept><rtept lat="38.55511" lon="-78.302809"><ele>768.4000000000015</ele><time>2026-09-18T02:59:49Z</time></rtept><rtept lat="38.55499" lon="-78.302859"><ele>772.2000000000007</ele><time>2026-09-18T02:59:49Z</time></rtept><rtept lat="38.554879" lon="-78.303002"><ele>772.6000000000004</ele><time>2026-09-18T02:59:49Z</time></rtept><rtept lat="38.554824" lon="-78.303086"><ele>774.0</ele><time>2026-09-18T02:59:49Z</time></rtept><rtept lat="38.554742" lon="-78.303101"><ele>779.2000000000007</ele><time>2026-09-18T02:59:49Z</time></rtept><rtept lat="38.554683" lon="-78.303154"><ele>779.2000000000007</ele><time>2026-09-18T02:59:49Z</time></rtept><rtept lat="38.554627" lon="-78.303235"><ele>780.6000000000004</ele><time>2026-09-18T02:59:49Z</time></rtept><rtept lat="38.55455" lon="-78.303353"><ele>780.4000000000015</ele><time>2026-09-18T02:59:49Z</time></rtept><rtept lat="38.554461" lon="-78.303394"><ele>790.4000000000015</ele><time>2026-09-18T02:59:49Z</time></rtept><rtept lat="38.554389" lon="-78.303439"><ele>794.2000000000007</ele><time>2026-09-18T02:59:49Z</time></rtept><rtept lat="38.554317" lon="-78.303517"><ele>797.4000000000015</ele><time>2026-09-18T02:59:49Z</time></rtept><rtept lat="38.554302" lon="-78.303568"><ele>797.4000000000015</ele><time>2026-09-18T02:59:49Z</time></rtept><rtept lat="38.554258" lon="-78.303603"><ele>800.6000000000004</ele><time>2026-09-18T02:59:49Z</time></rtept><rtept lat="38.554194" lon="-78.303702"><ele>804.0</ele><time>2026-09-18T02:59:49Z</time></rtept><rtept lat="38.554144" lon="-78.303768"><ele>803.4000000000015</ele><time>2026-09-18T02:59:49Z</time></rtept><rtept lat="38.554107" lon="-78.303835"><ele>807.2000000000007</ele><time>2026-09-18T02:59:49Z</time></rtept><rtept lat="38.554075" lon="-78.303871"><ele>806.8000000000011</ele><time>2026-09-18T02:59:49Z</time></rtept><rtept lat="38.553995" lon="-78.303961"><ele>812.6000000000004</ele><time>2026-09-18T02:59:49Z</time></rtept><rtept lat="38.553936" lon="-78.304025"><ele>815.6000000000004</ele><time>2026-09-18T02:59:49Z</time></rtept><rtept lat="38.553827" lon="-78.304094"><ele>818.0</ele><time>2026-09-18T02:59:49Z</time></rtept><rtept lat="38.553763" lon="-78.304098"><ele>819.8000000000011</ele><time>2026-09-18T02:59:49Z</time></rtept><rtept lat="38.55372" lon="-78.304128"><ele>819.0</ele><time>2026-09-18T02:59:49Z</time></rtept><rtept lat="38.55369" lon="-78.304171"><ele>819.0</ele><time>2026-09-18T02:59:49Z</time></rtept><rtept lat="38.553701" lon="-78.304228"><ele>820.2000000000007</ele><time>2026-09-18T02:59:49Z</time></rtept><rtept lat="38.5537" lon="-78.304262"><ele>820.2000000000007</ele><time>2026-09-18T02:59:49Z</time></rtept><rtept lat="38.553674" lon="-78.304354"><ele>821.4000000000015</ele><time>2026-09-18T02:59:49Z</time></rtept><rtept lat="38.553666" lon="-78.30439"><ele>821.0</ele><time>2026-09-18T02:59:49Z</time></rtept><rtept lat="38.553661" lon="-78.304442"><ele>821.0</ele><time>2026-09-18T02:59:49Z</time></rtept><rtept lat="38.553662" lon="-78.304563"><ele>827.4000000000015</ele><time>2026-09-18T02:59:49Z</time></rtept><rtept lat="38.553621" lon="-78.30462"><ele>827.4000000000015</ele><time>2026-09-18T02:59:49Z</time></rtept><rtept lat="38.553611" lon="-78.304693"><ele>829.8000000000011</ele><time>2026-09-18T02:59:49Z</time></rtept><rtept lat="38.553596" lon="-78.304726"><ele>825.2000000000007</ele><time>2026-09-18T02:59:49Z</time></rtept><rtept lat="38.553588" lon="-78.304778"><ele>825.2000000000007</ele><time>2026-09-18T02:59:49Z</time></rtept><rtept lat="38.553592" lon="-78.304859"><ele>825.6000000000004</ele><time>2026-09-18T02:59:49Z</time></rtept><rtept lat="38.553607" lon="-78.304902"><ele>824.4000000000015</ele><time>2026-09-18T02:59:49Z</time></rtept><rtept lat="38.553648" lon="-78.304964"><ele>824.4000000000015</ele><time>2026-09-18T02:59:49Z</time></rtept><rtept lat="38.553675" lon="-78.305007"><ele>817.6000000000004</ele><time>2026-09-18T02:59:49Z</time></rtept><rtept lat="38.553691" lon="-78.305049"><ele>817.6000000000004</ele><time>2026-09-18T02:59:49Z</time></rtept><rtept lat="38.55364" lon="-78.305115"><ele>819.2000000000007</ele><time>2026-09-18T02:59:49Z</time></rtept><rtept lat="38.553616" lon="-78.305139"><ele>819.2000000000007</ele><time>2026-09-18T02:59:49Z</time></rtept><rtept lat="38.553616" lon="-78.305139"><ele>819.2000000000007</ele><time>2026-09-18T02:59:49Z</time></rtept><rtept lat="38.553567" lon="-78.305188"><ele>818.6000000000004</ele><time>2026-09-18T02:59:49Z</time></rtept><rtept lat="38.553578" lon="-78.305263"><ele>816.8000000000011</ele><time>2026-09-18T02:59:49Z</time></rtept><rtept lat="38.553584" lon="-78.30531"><ele>816.8000000000011</ele><time>2026-09-18T02:59:49Z</time></rtept><rtept lat="38.553557" lon="-78.305329"><ele>813.6000000000004</ele><time>2026-09-18T02:59:49Z</time></rtept><rtept lat="38.553513" lon="-78.305356"><ele>814.2000000000007</ele><time>2026-09-18T02:59:49Z</time></rtept><rtept lat="38.55346" lon="-78.305349"><ele>814.4000000000015</ele><time>2026-09-18T02:59:49Z</time></rtept><rtept lat="38.553369" lon="-78.305405"><ele>816.4000000000015</ele><time>2026-09-18T02:59:49Z</time></rtept><rtept lat="38.553341" lon="-78.305458"><ele>816.4000000000015</ele><time>2026-09-18T02:59:49Z</time></rtept><rtept lat="38.5533" lon="-78.305513"><ele>821.6000000000004</ele><time>2026-09-18T02:59:49Z</time></rtept><rtept lat="38.55326" lon="-78.305558"><ele>825.8000000000011</ele><time>2026-09-18T02:59:49Z</time></rtept><rtept lat="38.553197" lon="-78.305568"><ele>828.8000000000011</ele><time>2026-09-18T02:59:49Z</time></rtept><rtept lat="38.553152" lon="-78.305568"><ele>828.8000000000011</ele><time>2026-09-18T02:59:49Z</time></rtept><rtept lat="38.55306" lon="-78.305575"><ele>839.4000000000015</ele><time>2026-09-18T02:59:49Z</time></rtept><rtept lat="38.552959" lon="-78.305594"><ele>841.0</ele><time>2026-09-18T02:59:49Z</time></rtept><rtept lat="38.552918" lon="-78.305604"><ele>840.8000000000011</ele><time>2026-09-18T02:59:49Z</time></rtept><rtept lat="38.552824" lon="-78.305703"><ele>838.2000000000007</ele><time>2026-09-18T02:59:49Z</time></rtept><rtept lat="38.552795" lon="-78.305767"><ele>835.4000000000015</ele><time>2026-09-18T02:59:49Z</time></rtept><rtept lat="38.552804" lon="-78.30585"><ele>840.0</ele><time>2026-09-18T02:59:49Z</time></rtept><rtept lat="38.552842" lon="-78.30591"><ele>840.0</ele><time>2026-09-18T02:59:49Z</time></rtept><rtept lat="38.552894" lon="-78.305964"><ele>841.0</ele><time>2026-09-18T02:59:49Z</time></rtept><rtept lat="38.552913" lon="-78.306048"><ele>841.6000000000004</ele><time>2026-09-18T02:59:49Z</time></rtept><rtept lat="38.552911" lon="-78.306107"><ele>842.2000000000007</ele><time>2026-09-18T02:59:49Z</time></rtept><rtept lat="38.552897" lon="-78.306153"><ele>842.2000000000007</ele><time>2026-09-18T02:59:49Z</time></rtept><rtept lat="38.552848" lon="-78.306152"><ele>844.0</ele><time>2026-09-18T02:59:49Z</time></rtept><rtept lat="38.55276" lon="-78.306146"><ele>843.6000000000004</ele><time>2026-09-18T02:59:49Z</time></rtept><rtept lat="38.552754" lon="-78.306183"><ele>845.2000000000007</ele><time>2026-09-18T02:59:49Z</time></rtept><rtept lat="38.552752" lon="-78.306237"><ele>845.2000000000007</ele><time>2026-09-18T02:59:49Z</time></rtept><rtept lat="38.552752" lon="-78.306282"><ele>846.8000000000011</ele><time>2026-09-18T02:59:49Z</time></rtept><rtept lat="38.552736" lon="-78.306332"><ele>846.8000000000011</ele><time>2026-09-18T02:59:49Z</time></rtept><rtept lat="38.552751" lon="-78.306447"><ele>848.4000000000015</ele><time>2026-09-18T02:59:49Z</time></rtept><rtept lat="38.552751" lon="-78.306567"><ele>848.0</ele><time>2026-09-18T02:59:49Z</time></rtept><rtept lat="38.552728" lon="-78.306628"><ele>851.6000000000004</ele><time>2026-09-18T02:59:49Z</time></rtept><rtept lat="38.552662" lon="-78.306689"><ele>857.2000000000007</ele><time>2026-09-18T02:59:49Z</time></rtept><rtept lat="38.552608" lon="-78.306708"><ele>857.2000000000007</ele><time>2026-09-18T02:59:49Z</time></rtept><rtept lat="38.552561" lon="-78.306719"><ele>863.0</ele><time>2026-09-18T02:59:49Z</time></rtept><rtept lat="38.552514" lon="-78.306747"><ele>867.2000000000007</ele><time>2026-09-18T02:59:49Z</time></rtept><rtept lat="38.552442" lon="-78.306841"><ele>873.8000000000011</ele><time>2026-09-18T02:59:49Z</time></rtept><rtept lat="38.552359" lon="-78.306867"><ele>880.0</ele><time>2026-09-18T02:59:49Z</time></rtept><rtept lat="38.552108" lon="-78.307052"><ele>893.6000000000004</ele><time>2026-09-18T02:59:49Z</time></rtept><rtept lat="38.552022" lon="-78.307061"><ele>894.0</ele><time>2026-09-18T02:59:49Z</time></rtept><rtept lat="38.551992" lon="-78.307087"><ele>894.0</ele><time>2026-09-18T02:59:49Z</time></rtept><rtept lat="38.55189" lon="-78.307098"><ele>894.2000000000007</ele><time>2026-09-18T02:59:49Z</time></rtept><rtept lat="38.55182" lon="-78.307142"><ele>896.6000000000004</ele><time>2026-09-18T02:59:49Z</time></rtept><rtept lat="38.551736" lon="-78.307189"><ele>897.8000000000011</ele><time>2026-09-18T02:59:49Z</time></rtept><rtept lat="38.551691" lon="-78.307273"><ele>900.6000000000004</ele><time>2026-09-18T02:59:49Z</time></rtept><rtept lat="38.551617" lon="-78.307338"><ele>903.4000000000015</ele><time>2026-09-18T02:59:49Z</time></rtept><rtept lat="38.551502" lon="-78.307407"><ele>905.8000000000011</ele><time>2026-09-18T02:59:49Z</time></rtept><rtept lat="38.551454" lon="-78.307555"><ele>907.6000000000004</ele><time>2026-09-18T02:59:49Z</time></rtept><rtept lat="38.551426" lon="-78.307587"><ele>907.6000000000004</ele><time>2026-09-18T02:59:49Z</time></rtept><rtept lat="38.551418" lon="-78.307673"><ele>908.0</ele><time>2026-09-18T02:59:49Z</time></rtept><rtept lat="38.551371" lon="-78.307892"><ele>910.4000000000015</ele><time>2026-09-18T02:59:49Z</time></rtept><rtept lat="38.551358" lon="-78.30795"><ele>910.4000000000015</ele><time>2026-09-18T02:59:49Z</time></rtept><rtept lat="38.551376" lon="-78.308094"><ele>912.6000000000004</ele><time>2026-09-18T02:59:49Z</time></rtept><rtept lat="38.551372" lon="-78.30828"><ele>914.8000000000011</ele><time>2026-09-18T02:59:49Z</time></rtept><rtept lat="38.551387" lon="-78.308402"><ele>916.4000000000015</ele><time>2026-09-18T02:59:49Z</time></rtept><rtept lat="38.551367" lon="-78.30849"><ele>917.0</ele><time>2026-09-18T02:59:49Z</time></rtept><rtept lat="38.551387" lon="-78.308648"><ele>917.8000000000011</ele><time>2026-09-18T02:59:49Z</time></rtept><rtept lat="38.551431" lon="-78.308759"><ele>922.4000000000015</ele><time>2026-09-18T02:59:49Z</time></rtept><rtept lat="38.551439" lon="-78.308925"><ele>927.2000000000007</ele><time>2026-09-18T02:59:49Z</time></rtept><rtept lat="38.551397" lon="-78.309061"><ele>929.2000000000007</ele><time>2026-09-18T02:59:49Z</time></rtept><rtept lat="38.551383" lon="-78.309111"><ele>931.2000000000007</ele><time>2026-09-18T02:59:49Z</time></rtept><rtept lat="38.551413" lon="-78.309236"><ele>932.8000000000011</ele><time>2026-09-18T02:59:49Z</time></rtept><rtept lat="38.55143" lon="-78.309381"><ele>937.8000000000011</ele><time>2026-09-18T02:59:49Z</time></rtept><rtept lat="38.551423" lon="-78.309499"><ele>940.6000000000004</ele><time>2026-09-18T02:59:49Z</time></rtept><rtept lat="38.551414" lon="-78.309538"><ele>944.2000000000007</ele><time>2026-09-18T02:59:49Z</time></rtept><rtept lat="38.55137" lon="-78.309609"><ele>950.6000000000004</ele><time>2026-09-18T02:59:49Z</time></rtept><rtept lat="38.551331" lon="-78.309656"><ele>950.6000000000004</ele><time>2026-09-18T02:59:49Z</time></rtept><rtept lat="38.551316" lon="-78.309792"><ele>960.0</ele><time>2026-09-18T02:59:49Z</time></rtept><rtept lat="38.551262" lon="-78.309799"><ele>960.0</ele><time>2026-09-18T02:59:49Z</time></rtept><rtept lat="38.551213" lon="-78.309818"><ele>957.0</ele><time>2026-09-18T02:59:49Z</time></rtept><rtept lat="38.551153" lon="-78.309883"><ele>955.4000000000015</ele><time>2026-09-18T02:59:49Z</time></rtept><rtept lat="38.551139" lon="-78.310025"><ele>956.2000000000007</ele><time>2026-09-18T02:59:49Z</time></rtept><rtept lat="38.551115" lon="-78.310074"><ele>953.8000000000011</ele><time>2026-09-18T02:59:49Z</time></rtept><rtept lat="38.551111" lon="-78.310164"><ele>953.8000000000011</ele><time>2026-09-18T02:59:49Z</time></rtept><rtept lat="38.551126" lon="-78.310247"><ele>955.8000000000011</ele><time>2026-09-18T02:59:49Z</time></rtept><rtept lat="38.551176" lon="-78.31032"><ele>955.2000000000007</ele><time>2026-09-18T02:59:49Z</time></rtept><rtept lat="38.551251" lon="-78.310373"><ele>957.2000000000007</ele><time>2026-09-18T02:59:49Z</time></rtept><rtept lat="38.551347" lon="-78.310497"><ele>961.4000000000015</ele><time>2026-09-18T02:59:49Z</time></rtept><rtept lat="38.551403" lon="-78.310571"><ele>961.8000000000011</ele><time>2026-09-18T02:59:49Z</time></rtept><rtept lat="38.551443" lon="-78.310582"><ele>961.8000000000011</ele><time>2026-09-18T02:59:49Z</time></rtept><rtept lat="38.551506" lon="-78.310692"><ele>961.4000000000015</ele><time>2026-09-18T02:59:49Z</time></rtept><rtept lat="38.55155" lon="-78.310846"><ele>964.0</ele><time>2026-09-18T02:59:49Z</time></rtept><rtept lat="38.551515" lon="-78.310971"><ele>962.8000000000011</ele><time>2026-09-18T02:59:49Z</time></rtept><rtept lat="38.55145" lon="-78.311055"><ele>960.8000000000011</ele><time>2026-09-18T02:59:49Z</time></rtept><rtept lat="38.551448" lon="-78.311235"><ele>961.0</ele><time>2026-09-18T02:59:49Z</time></rtept><rtept lat="38.551496" lon="-78.311322"><ele>963.0</ele><time>2026-09-18T02:59:49Z</time></rtept><rtept lat="38.551542" lon="-78.311336"><ele>964.4000000000015</ele><time>2026-09-18T02:59:49Z</time></rtept><rtept lat="38.551568" lon="-78.311375"><ele>964.4000000000015</ele><time>2026-09-18T02:59:49Z</time></rtept><rtept lat="38.55158" lon="-78.311416"><ele>964.8000000000011</ele><time>2026-09-18T02:59:49Z</time></rtept><rtept lat="38.551533" lon="-78.31152"><ele>965.2000000000007</ele><time>2026-09-18T02:59:49Z</time></rtept><rtept lat="38.551548" lon="-78.311563"><ele>965.2000000000007</ele><time>2026-09-18T02:59:49Z</time></rtept><rtept lat="38.551562" lon="-78.311651"><ele>965.6000000000004</ele><time>2026-09-18T02:59:49Z</time></rtept><rtept lat="38.551583" lon="-78.311708"><ele>965.6000000000004</ele><time>2026-09-18T02:59:49Z</time></rtept><rtept lat="38.551566" lon="-78.311777"><ele>965.4000000000015</ele><time>2026-09-18T02:59:49Z</time></rtept><rtept lat="38.551528" lon="-78.311861"><ele>965.2000000000007</ele><time>2026-09-18T02:59:49Z</time></rtept><rtept lat="38.551507" lon="-78.311913"><ele>964.4000000000015</ele><time>2026-09-18T02:59:49Z</time></rtept><rtept lat="38.551483" lon="-78.311963"><ele>964.6000000000004</ele><time>2026-09-18T02:59:49Z</time></rtept><rtept lat="38.55146" lon="-78.312057"><ele>965.0</ele><time>2026-09-18T02:59:49Z</time></rtept><rtept lat="38.551471" lon="-78.312124"><ele>965.6000000000004</ele><time>2026-09-18T02:59:49Z</time></rtept><rtept lat="38.551442" lon="-78.312197"><ele>965.6000000000004</ele><time>2026-09-18T02:59:49Z</time></rtept><rtept lat="38.551416" lon="-78.312314"><ele>966.4000000000015</ele><time>2026-09-18T02:59:49Z</time></rtept><rtept lat="38.551501" lon="-78.312409"><ele>967.2000000000007</ele><time>2026-09-18T02:59:49Z</time></rtept><rtept lat="38.551554" lon="-78.31246"><ele>967.2000000000007</ele><time>2026-09-18T02:59:49Z</time></rtept><rtept lat="38.551532" lon="-78.312529"><ele>968.0</ele><time>2026-09-18T02:59:49Z</time></rtept><rtept lat="38.55148" lon="-78.312556"><ele>968.4000000000015</ele><time>2026-09-18T02:59:49Z</time></rtept><rtept lat="38.551398" lon="-78.312619"><ele>969.6000000000004</ele><time>2026-09-18T02:59:49Z</time></rtept><rtept lat="38.551364" lon="-78.312714"><ele>970.4000000000015</ele><time>2026-09-18T02:59:49Z</time></rtept><rtept lat="38.551346" lon="-78.312811"><ele>971.6000000000004</ele><time>2026-09-18T02:59:49Z</time></rtept><rtept lat="38.551301" lon="-78.312918"><ele>972.6000000000004</ele><time>2026-09-18T02:59:49Z</time></rtept><rtept lat="38.551288" lon="-78.313005"><ele>974.0</ele><time>2026-09-18T02:59:49Z</time></rtept><rtept lat="38.551305" lon="-78.313065"><ele>975.4000000000015</ele><time>2026-09-18T02:59:49Z</time></rtept><rtept lat="38.551341" lon="-78.313107"><ele>975.8000000000011</ele><time>2026-09-18T02:59:49Z</time></rtept><rtept lat="38.551398" lon="-78.313202"><ele>977.2000000000007</ele><time>2026-09-18T02:59:49Z</time></rtept><rtept lat="38.55144" lon="-78.313299"><ele>981.0</ele><time>2026-09-18T02:59:49Z</time></rtept><rtept lat="38.551407" lon="-78.313411"><ele>983.2000000000007</ele><time>2026-09-18T02:59:49Z</time></rtept><rtept lat="38.551387" lon="-78.313462"><ele>983.2000000000007</ele><time>2026-09-18T02:59:49Z</time></rtept><rtept lat="38.551379" lon="-78.313585"><ele>987.2000000000007</ele><time>2026-09-18T02:59:49Z</time></rtept><rtept lat="38.551445" lon="-78.31366"><ele>989.2000000000007</ele><time>2026-09-18T02:59:49Z</time></rtept><rtept lat="38.551565" lon="-78.313804"><ele>991.2000000000007</ele><time>2026-09-18T02:59:49Z</time></rtept><rtept lat="38.551603" lon="-78.313871"><ele>992.4000000000015</ele><time>2026-09-18T02:59:49Z</time></rtept><rtept lat="38.551612" lon="-78.31393"><ele>993.6000000000004</ele><time>2026-09-18T02:59:49Z</time></rtept><rtept lat="38.55159" lon="-78.314028"><ele>994.6000000000004</ele><time>2026-09-18T02:59:49Z</time></rtept><rtept lat="38.551631" lon="-78.314081"><ele>995.2000000000007</ele><time>2026-09-18T02:59:49Z</time></rtept><rtept lat="38.551715" lon="-78.314197"><ele>996.6000000000004</ele><time>2026-09-18T02:59:49Z</time></rtept><rtept lat="38.551738" lon="-78.31431"><ele>998.4000000000015</ele><time>2026-09-18T02:59:49Z</time></rtept><rtept lat="38.551702" lon="-78.314452"><ele>998.6000000000004</ele><time>2026-09-18T02:59:49Z</time></rtept><rtept lat="38.551628" lon="-78.314561"><ele>997.4000000000015</ele><time>2026-09-18T02:59:49Z</time></rtept><rtept lat="38.551434" lon="-78.314603"><ele>994.8000000000011</ele><time>2026-09-18T02:59:49Z</time></rtept><rtept lat="38.551377" lon="-78.314661"><ele>994.0</ele><time>2026-09-18T02:59:49Z</time></rtept><rtept lat="38.551367" lon="-78.314809"><ele>992.6000000000004</ele><time>2026-09-18T02:59:49Z</time></rtept><rtept lat="38.551377" lon="-78.314857"><ele>992.0</ele><time>2026-09-18T02:59:49Z</time></rtept><rtept lat="38.551339" lon="-78.314956"><ele>991.2000000000007</ele><time>2026-09-18T02:59:49Z</time></rtept><rtept lat="38.551312" lon="-78.315124"><ele>988.6000000000004</ele><time>2026-09-18T02:59:49Z</time></rtept><rtept lat="38.551274" lon="-78.315203"><ele>987.8000000000011</ele><time>2026-09-18T02:59:49Z</time></rtept><rtept lat="38.551272" lon="-78.315327"><ele>986.6000000000004</ele><time>2026-09-18T02:59:49Z</time></rtept><rtept lat="38.551322" lon="-78.315443"><ele>984.2000000000007</ele><time>2026-09-18T02:59:49Z</time></rtept><rtept lat="38.551392" lon="-78.315544"><ele>983.8000000000011</ele><time>2026-09-18T02:59:49Z</time></rtept><rtept lat="38.551465" lon="-78.315635"><ele>984.6000000000004</ele><time>2026-09-18T02:59:49Z</time></rtept><rtept lat="38.551485" lon="-78.31573"><ele>984.2000000000007</ele><time>2026-09-18T02:59:49Z</time></rtept><rtept lat="38.551493" lon="-78.315797"><ele>983.6000000000004</ele><time>2026-09-18T02:59:49Z</time></rtept><rtept lat="38.551434" lon="-78.315942"><ele>981.0</ele><time>2026-09-18T02:59:49Z</time></rtept><rtept lat="38.5514" lon="-78.316052"><ele>978.4000000000015</ele><time>2026-09-18T02:59:49Z</time></rtept><rtept lat="38.551352" lon="-78.316103"><ele>976.8000000000011</ele><time>2026-09-18T02:59:49Z</time></rtept><rtept lat="38.551271" lon="-78.316103"><ele>975.8000000000011</ele><time>2026-09-18T02:59:49Z</time></rtept><rtept lat="38.551167" lon="-78.316046"><ele>973.4000000000015</ele><time>2026-09-18T02:59:49Z</time></rtept><rtept lat="38.55111" lon="-78.316016"><ele>974.2000000000007</ele><time>2026-09-18T02:59:49Z</time></rtept><rtept lat="38.551095" lon="-78.316047"><ele>972.0</ele><time>2026-09-18T02:59:49Z</time></rtept><rtept lat="38.551105" lon="-78.31611"><ele>972.0</ele><time>2026-09-18T02:59:49Z</time></rtept><rtept lat="38.551138" lon="-78.316185"><ele>971.4000000000015</ele><time>2026-09-18T02:59:49Z</time></rtept><rtept lat="38.551181" lon="-78.316271"><ele>969.0</ele><time>2026-09-18T02:59:49Z</time></rtept><rtept lat="38.551222" lon="-78.31634"><ele>968.2000000000007</ele><time>2026-09-18T02:59:49Z</time></rtept><rtept lat="38.551264" lon="-78.31641"><ele>967.4000000000015</ele><time>2026-09-18T02:59:49Z</time></rtept><rtept lat="38.55129" lon="-78.316484"><ele>965.0</ele><time>2026-09-18T02:59:49Z</time></rtept><rtept lat="38.55119" lon="-78.316461"><ele>965.8000000000011</ele><time>2026-09-18T02:59:49Z</time></rtept><rtept lat="38.551094" lon="-78.316438"><ele>962.6000000000004</ele><time>2026-09-18T02:59:49Z</time></rtept><rtept lat="38.550989" lon="-78.316428"><ele>961.0</ele><time>2026-09-18T02:59:49Z</time></rtept><rtept lat="38.550922" lon="-78.316418"><ele>959.2000000000007</ele><time>2026-09-18T02:59:49Z</time></rtept><rtept lat="38.550913" lon="-78.316452"><ele>957.4000000000015</ele><time>2026-09-18T02:59:49Z</time></rtept><rtept lat="38.550924" lon="-78.316495"><ele>957.4000000000015</ele><time>2026-09-18T02:59:49Z</time></rtept><rtept lat="38.55096" lon="-78.316544"><ele>957.4000000000015</ele><time>2026-09-18T02:59:49Z</time></rtept><rtept lat="38.551" lon="-78.316611"><ele>957.2000000000007</ele><time>2026-09-18T02:59:49Z</time></rtept><rtept lat="38.551059" lon="-78.316705"><ele>956.6000000000004</ele><time>2026-09-18T02:59:49Z</time></rtept><rtept lat="38.551115" lon="-78.31681"><ele>954.4000000000015</ele><time>2026-09-18T02:59:49Z</time></rtept><rtept lat="38.551224" lon="-78.316947"><ele>954.0</ele><time>2026-09-18T02:59:49Z</time></rtept><rtept lat="38.551234" lon="-78.317026"><ele>952.6000000000004</ele><time>2026-09-18T02:59:49Z</time></rtept><rtept lat="38.551233" lon="-78.317155"><ele>951.2000000000007</ele><time>2026-09-18T02:59:49Z</time></rtept><rtept lat="38.551258" lon="-78.317333"><ele>947.0</ele><time>2026-09-18T02:59:49Z</time></rtept><rtept lat="38.551326" lon="-78.31742"><ele>945.6000000000004</ele><time>2026-09-18T02:59:49Z</time></rtept><rtept lat="38.551353" lon="-78.317513"><ele>943.8000000000011</ele><time>2026-09-18T02:59:49Z</time></rtept><rtept lat="38.551335" lon="-78.31756"><ele>943.8000000000011</ele><time>2026-09-18T02:59:49Z</time></rtept><rtept lat="38.551291" lon="-78.317616"><ele>941.6000000000004</ele><time>2026-09-18T02:59:49Z</time></rtept><rtept lat="38.551235" lon="-78.317629"><ele>940.4000000000015</ele><time>2026-09-18T02:59:49Z</time></rtept><rtept lat="38.551182" lon="-78.317615"><ele>939.0</ele><time>2026-09-18T02:59:49Z</time></rtept><rtept lat="38.551118" lon="-78.317546"><ele>938.8000000000011</ele><time>2026-09-18T02:59:49Z</time></rtept><rtept lat="38.551057" lon="-78.31748"><ele>940.6000000000004</ele><time>2026-09-18T02:59:49Z</time></rtept><rtept lat="38.550992" lon="-78.31747"><ele>938.4000000000015</ele><time>2026-09-18T02:59:49Z</time></rtept><rtept lat="38.550925" lon="-78.317405"><ele>937.6000000000004</ele><time>2026-09-18T02:59:49Z</time></rtept><rtept lat="38.550812" lon="-78.317271"><ele>932.6000000000004</ele><time>2026-09-18T02:59:49Z</time></rtept><rtept lat="38.550741" lon="-78.31722"><ele>931.4000000000015</ele><time>2026-09-18T02:59:49Z</time></rtept><rtept lat="38.550707" lon="-78.317236"><ele>928.4000000000015</ele><time>2026-09-18T02:59:49Z</time></rtept><rtept lat="38.550709" lon="-78.317274"><ele>926.2000000000007</ele><time>2026-09-18T02:59:49Z</time></rtept><rtept lat="38.550714" lon="-78.317386"><ele>923.8000000000011</ele><time>2026-09-18T02:59:49Z</time></rtept><rtept lat="38.550715" lon="-78.317565"><ele>919.2000000000007</ele><time>2026-09-18T02:59:49Z</time></rtept><rtept lat="38.550739" lon="-78.317658"><ele>920.8000000000011</ele><time>2026-09-18T02:59:49Z</time></rtept><rtept lat="38.550736" lon="-78.317765"><ele>916.4000000000015</ele><time>2026-09-18T02:59:49Z</time></rtept><rtept lat="38.550723" lon="-78.317845"><ele>914.2000000000007</ele><time>2026-09-18T02:59:49Z</time></rtept><rtept lat="38.55077" lon="-78.31794"><ele>912.2000000000007</ele><time>2026-09-18T02:59:49Z</time></rtept><rtept lat="38.550832" lon="-78.31807"><ele>913.6000000000004</ele><time>2026-09-18T02:59:49Z</time></rtept><rtept lat="38.550895" lon="-78.318168"><ele>914.6000000000004</ele><time>2026-09-18T02:59:49Z</time></rtept><rtept lat="38.550908" lon="-78.318261"><ele>912.8000000000011</ele><time>2026-09-18T02:59:49Z</time></rtept><rtept lat="38.550972" lon="-78.318387"><ele>912.2000000000007</ele><time>2026-09-18T02:59:49Z</time></rtept><rtept lat="38.55107" lon="-78.318486"><ele>912.6000000000004</ele><time>2026-09-18T02:59:49Z</time></rtept><rtept lat="38.55112" lon="-78.318541"><ele>910.0</ele><time>2026-09-18T02:59:49Z</time></rtept><rtept lat="38.551158" lon="-78.318604"><ele>910.0</ele><time>2026-09-18T02:59:49Z</time></rtept><rtept lat="38.551199" lon="-78.318681"><ele>906.0</ele><time>2026-09-18T02:59:49Z</time></rtept><rtept lat="38.55114" lon="-78.318722"><ele>905.2000000000007</ele><time>2026-09-18T02:59:49Z</time></rtept><rtept lat="38.551088" lon="-78.318776"><ele>905.8000000000011</ele><time>2026-09-18T02:59:49Z</time></rtept><rtept lat="38.550977" lon="-78.318891"><ele>903.8000000000011</ele><time>2026-09-18T02:59:49Z</time></rtept><rtept lat="38.550912" lon="-78.319009"><ele>902.2000000000007</ele><time>2026-09-18T02:59:49Z</time></rtept><rtept lat="38.550839" lon="-78.319106"><ele>900.2000000000007</ele><time>2026-09-18T02:59:49Z</time></rtept><rtept lat="38.550739" lon="-78.319214"><ele>898.4000000000015</ele><time>2026-09-18T02:59:49Z</time></rtept><rtept lat="38.550627" lon="-78.319346"><ele>894.4000000000015</ele><time>2026-09-18T02:59:49Z</time></rtept><rtept lat="38.550534" lon="-78.319406"><ele>892.8000000000011</ele><time>2026-09-18T02:59:49Z</time></rtept><rtept lat="38.550497" lon="-78.319485"><ele>892.0</ele><time>2026-09-18T02:59:49Z</time></rtept><rtept lat="38.550481" lon="-78.319591"><ele>892.4000000000015</ele><time>2026-09-18T02:59:49Z</time></rtept><rtept lat="38.550398" lon="-78.319715"><ele>891.6000000000004</ele><time>2026-09-18T02:59:49Z</time></rtept><rtept lat="38.55033" lon="-78.319909"><ele>890.4000000000015</ele><time>2026-09-18T02:59:49Z</time></rtept><rtept lat="38.550249" lon="-78.320117"><ele>888.4000000000015</ele><time>2026-09-18T02:59:49Z</time></rtept><rtept lat="38.550181" lon="-78.320305"><ele>886.0</ele><time>2026-09-18T02:59:49Z</time></rtept><rtept lat="38.550193" lon="-78.320464"><ele>884.2000000000007</ele><time>2026-09-18T02:59:49Z</time></rtept><rtept lat="38.550204" lon="-78.320537"><ele>883.6000000000004</ele><time>2026-09-18T02:59:49Z</time></rtept><rtept lat="38.550228" lon="-78.320739"><ele>883.8000000000011</ele><time>2026-09-18T02:59:49Z</time></rtept><rtept lat="38.550321" lon="-78.320777"><ele>881.0</ele><time>2026-09-18T02:59:49Z</time></rtept><rtept lat="38.550428" lon="-78.320851"><ele>879.8000000000011</ele><time>2026-09-18T02:59:49Z</time></rtept><rtept lat="38.550478" lon="-78.320955"><ele>878.4000000000015</ele><time>2026-09-18T02:59:49Z</time></rtept><rtept lat="38.550525" lon="-78.32108"><ele>876.0</ele><time>2026-09-18T02:59:49Z</time></rtept><rtept lat="38.550586" lon="-78.321251"><ele>872.8000000000011</ele><time>2026-09-18T02:59:49Z</time></rtept><rtept lat="38.550599" lon="-78.321399"><ele>873.4000000000015</ele><time>2026-09-18T02:59:49Z</time></rtept><rtept lat="38.550684" lon="-78.321705"><ele>863.6000000000004</ele><time>2026-09-18T02:59:49Z</time></rtept><rtept lat="38.550682" lon="-78.321869"><ele>860.8000000000011</ele><time>2026-09-18T02:59:49Z</time></rtept><rtept lat="38.550624" lon="-78.322087"><ele>863.4000000000015</ele><time>2026-09-18T02:59:49Z</time></rtept><rtept lat="38.550568" lon="-78.322349"><ele>868.8000000000011</ele><time>2026-09-18T02:59:49Z</time></rtept><rtept lat="38.55059" lon="-78.32239"><ele>864.6000000000004</ele><time>2026-09-18T02:59:49Z</time></rtept><rtept lat="38.550621" lon="-78.322392"><ele>863.2000000000007</ele><time>2026-09-18T02:59:49Z</time></rtept><rtept lat="38.550656" lon="-78.322292"><ele>860.2000000000007</ele><time>2026-09-18T02:59:49Z</time></rtept><rtept lat="38.550698" lon="-78.322232"><ele>860.2000000000007</ele><time>2026-09-18T02:59:49Z</time></rtept><rtept lat="38.550717" lon="-78.322152"><ele>851.0</ele><time>2026-09-18T02:59:49Z</time></rtept><rtept lat="38.550805" lon="-78.322023"><ele>845.6000000000004</ele><time>2026-09-18T02:59:49Z</time></rtept><rtept lat="38.550864" lon="-78.321941"><ele>842.8000000000011</ele><time>2026-09-18T02:59:49Z</time></rtept><rtept lat="38.550936" lon="-78.321886"><ele>839.2000000000007</ele><time>2026-09-18T02:59:49Z</time></rtept><rtept lat="38.550986" lon="-78.321789"><ele>839.6000000000004</ele><time>2026-09-18T02:59:49Z</time></rtept><rtept lat="38.551052" lon="-78.321692"><ele>838.0</ele><time>2026-09-18T02:59:49Z</time></rtept><rtept lat="38.55107" lon="-78.321629"><ele>838.0</ele><time>2026-09-18T02:59:49Z</time></rtept><rtept lat="38.551044" lon="-78.321473"><ele>843.4000000000015</ele><time>2026-09-18T02:59:49Z</time></rtept><rtept lat="38.551046" lon="-78.321414"><ele>844.2000000000007</ele><time>2026-09-18T02:59:49Z</time></rtept><rtept lat="38.551099" lon="-78.321241"><ele>840.6000000000004</ele><time>2026-09-18T02:59:49Z</time></rtept><rtept lat="38.551144" lon="-78.321119"><ele>837.0</ele><time>2026-09-18T02:59:49Z</time></rtept><rtept lat="38.551193" lon="-78.321006"><ele>833.4000000000015</ele><time>2026-09-18T02:59:49Z</time></rtept><rtept lat="38.551277" lon="-78.320865"><ele>829.6000000000004</ele><time>2026-09-18T02:59:49Z</time></rtept><rtept lat="38.551381" lon="-78.32077"><ele>827.0</ele><time>2026-09-18T02:59:49Z</time></rtept><rtept lat="38.551445" lon="-78.320727"><ele>828.4000000000015</ele><time>2026-09-18T02:59:49Z</time></rtept><rtept lat="38.551554" lon="-78.320625"><ele>827.8000000000011</ele><time>2026-09-18T02:59:49Z</time></rtept><rtept lat="38.551653" lon="-78.320503"><ele>830.8000000000011</ele><time>2026-09-18T02:59:49Z</time></rtept><rtept lat="38.551781" lon="-78.32043"><ele>822.4000000000015</ele><time>2026-09-18T02:59:49Z</time></rtept><rtept lat="38.551891" lon="-78.320395"><ele>818.2000000000007</ele><time>2026-09-18T02:59:49Z</time></rtept><rtept lat="38.551976" lon="-78.320348"><ele>816.2000000000007</ele><time>2026-09-18T02:59:49Z</time></rtept><rtept lat="38.552175" lon="-78.320349"><ele>811.4000000000015</ele><time>2026-09-18T02:59:49Z</time></rtept><rtept lat="38.552243" lon="-78.320366"><ele>809.0</ele><time>2026-09-18T02:59:49Z</time></rtept><rtept lat="38.55229" lon="-78.320365"><ele>805.8000000000011</ele><time>2026-09-18T02:59:49Z</time></rtept><rtept lat="38.552331" lon="-78.320299"><ele>806.6000000000004</ele><time>2026-09-18T02:59:49Z</time></rtept><rtept lat="38.552425" lon="-78.320146"><ele>809.0</ele><time>2026-09-18T02:59:49Z</time></rtept><rtept lat="38.552522" lon="-78.31992"><ele>806.6000000000004</ele><time>2026-09-18T02:59:49Z</time></rtept><rtept lat="38.552586" lon="-78.319846"><ele>803.0</ele><time>2026-09-18T02:59:49Z</time></rtept><rtept lat="38.552644" lon="-78.319837"><ele>801.6000000000004</ele><time>2026-09-18T02:59:49Z</time></rtept><rtept lat="38.552694" lon="-78.319837"><ele>800.4000000000015</ele><time>2026-09-18T02:59:49Z</time></rtept><rtept lat="38.552736" lon="-78.319844"><ele>798.8000000000011</ele><time>2026-09-18T02:59:49Z</time></rtept><rtept lat="38.552757" lon="-78.31987"><ele>798.8000000000011</ele><time>2026-09-18T02:59:49Z</time></rtept><rtept lat="38.552749" lon="-78.319953"><ele>794.6000000000004</ele><time>2026-09-18T02:59:49Z</time></rtept><rtept lat="38.552728" lon="-78.320078"><ele>792.4000000000015</ele><time>2026-09-18T02:59:49Z</time></rtept><rtept lat="38.552659" lon="-78.320214"><ele>793.6000000000004</ele><time>2026-09-18T02:59:49Z</time></rtept><rtept lat="38.552627" lon="-78.320269"><ele>791.2000000000007</ele><time>2026-09-18T02:59:49Z</time></rtept><rtept lat="38.552631" lon="-78.320365"><ele>788.8000000000011</ele><time>2026-09-18T02:59:49Z</time></rtept><rtept lat="38.552625" lon="-78.320551"><ele>784.0</ele><time>2026-09-18T02:59:49Z</time></rtept><rtept lat="38.552568" lon="-78.320702"><ele>780.4000000000015</ele><time>2026-09-18T02:59:49Z</time></rtept><rtept lat="38.552518" lon="-78.320774"><ele>778.6000000000004</ele><time>2026-09-18T02:59:49Z</time></rtept><rtept lat="38.552456" lon="-78.320861"><ele>776.4000000000015</ele><time>2026-09-18T02:59:49Z</time></rtept><rtept lat="38.552419" lon="-78.320949"><ele>772.8000000000011</ele><time>2026-09-18T02:59:49Z</time></rtept><rtept lat="38.552376" lon="-78.321022"><ele>771.8000000000011</ele><time>2026-09-18T02:59:49Z</time></rtept><rtept lat="38.552275" lon="-78.321116"><ele>773.2000000000007</ele><time>2026-09-18T02:59:49Z</time></rtept><rtept lat="38.552236" lon="-78.321197"><ele>776.6000000000004</ele><time>2026-09-18T02:59:49Z</time></rtept><rtept lat="38.552209" lon="-78.321296"><ele>776.6000000000004</ele><time>2026-09-18T02:59:49Z</time></rtept><rtept lat="38.552193" lon="-78.32148"><ele>777.2000000000007</ele><time>2026-09-18T02:59:49Z</time></rtept><rtept lat="38.552242" lon="-78.321619"><ele>777.4000000000015</ele><time>2026-09-18T02:59:49Z</time></rtept><rtept lat="38.552308" lon="-78.321769"><ele>772.8000000000011</ele><time>2026-09-18T02:59:49Z</time></rtept><rtept lat="38.552385" lon="-78.321909"><ele>768.4000000000015</ele><time>2026-09-18T02:59:49Z</time></rtept><rtept lat="38.552404" lon="-78.322015"><ele>764.8000000000011</ele><time>2026-09-18T02:59:49Z</time></rtept><rtept lat="38.552396" lon="-78.322131"><ele>763.6000000000004</ele><time>2026-09-18T02:59:49Z</time></rtept><rtept lat="38.552358" lon="-78.322234"><ele>762.8000000000011</ele><time>2026-09-18T02:59:49Z</time></rtept><rtept lat="38.55234" lon="-78.322345"><ele>761.4000000000015</ele><time>2026-09-18T02:59:49Z</time></rtept><rtept lat="38.552336" lon="-78.32241"><ele>760.4000000000015</ele><time>2026-09-18T02:59:49Z</time></rtept><rtept lat="38.552345" lon="-78.322523"><ele>760.0</ele><time>2026-09-18T02:59:49Z</time></rtept><rtept lat="38.552382" lon="-78.32271"><ele>761.6000000000004</ele><time>2026-09-18T02:59:49Z</time></rtept><rtept lat="38.552385" lon="-78.322795"><ele>762.6000000000004</ele><time>2026-09-18T02:59:49Z</time></rtept><rtept lat="38.55238" lon="-78.322874"><ele>764.0</ele><time>2026-09-18T02:59:49Z</time></rtept><rtept lat="38.552436" lon="-78.322986"><ele>762.4000000000015</ele><time>2026-09-18T02:59:49Z</time></rtept><rtept lat="38.552549" lon="-78.323157"><ele>758.2000000000007</ele><time>2026-09-18T02:59:49Z</time></rtept><rtept lat="38.552612" lon="-78.323251"><ele>754.8000000000011</ele><time>2026-09-18T02:59:49Z</time></rtept><rtept lat="38.552648" lon="-78.323341"><ele>754.0</ele><time>2026-09-18T02:59:49Z</time></rtept><rtept lat="38.552697" lon="-78.323486"><ele>749.8000000000011</ele><time>2026-09-18T02:59:49Z</time></rtept><rtept lat="38.552711" lon="-78.323664"><ele>749.2000000000007</ele><time>2026-09-18T02:59:49Z</time></rtept><rtept lat="38.552734" lon="-78.323816"><ele>746.0</ele><time>2026-09-18T02:59:49Z</time></rtept><rtept lat="38.552791" lon="-78.324036"><ele>747.8000000000011</ele><time>2026-09-18T02:59:49Z</time></rtept><rtept lat="38.55284" lon="-78.324165"><ele>745.2000000000007</ele><time>2026-09-18T02:59:49Z</time></rtept><rtept lat="38.552907" lon="-78.324346"><ele>741.4000000000015</ele><time>2026-09-18T02:59:49Z</time></rtept><rtept lat="38.552904" lon="-78.324435"><ele>740.0</ele><time>2026-09-18T02:59:49Z</time></rtept><rtept lat="38.552865" lon="-78.324539"><ele>736.0</ele><time>2026-09-18T02:59:49Z</time></rtept><rtept lat="38.552803" lon="-78.324743"><ele>732.2000000000007</ele><time>2026-09-18T02:59:49Z</time></rtept><rtept lat="38.552672" lon="-78.324908"><ele>728.4000000000015</ele><time>2026-09-18T02:59:49Z</time></rtept><rtept lat="38.55246" lon="-78.32506"><ele>729.8000000000011</ele><time>2026-09-18T02:59:49Z</time></rtept><rtept lat="38.552337" lon="-78.325291"><ele>729.2000000000007</ele><time>2026-09-18T02:59:49Z</time></rtept><rtept lat="38.552292" lon="-78.325504"><ele>728.2000000000007</ele><time>2026-09-18T02:59:49Z</time></rtept><rtept lat="38.552304" lon="-78.32559"><ele>727.0</ele><time>2026-09-18T02:59:49Z</time></rtept><rtept lat="38.552274" lon="-78.325646"><ele>727.0</ele><time>2026-09-18T02:59:49Z</time></rtept><rtept lat="38.552277" lon="-78.325745"><ele>724.6000000000004</ele><time>2026-09-18T02:59:49Z</time></rtept><rtept lat="38.552273" lon="-78.325913"><ele>722.6000000000004</ele><time>2026-09-18T02:59:49Z</time></rtept><rtept lat="38.552301" lon="-78.326121"><ele>721.0</ele><time>2026-09-18T02:59:49Z</time></rtept><rtept lat="38.552401" lon="-78.326308"><ele>714.2000000000007</ele><time>2026-09-18T02:59:49Z</time></rtept><rtept lat="38.552463" lon="-78.326469"><ele>710.2000000000007</ele><time>2026-09-18T02:59:49Z</time></rtept><rtept lat="38.552487" lon="-78.326689"><ele>707.6000000000004</ele><time>2026-09-18T02:59:49Z</time></rtept><rtept lat="38.552487" lon="-78.326689"><ele>707.6000000000004</ele><time>2026-09-18T02:59:49Z</time></rtept><rtept lat="38.552496" lon="-78.326775"><ele>706.8000000000011</ele><time>2026-09-18T02:59:49Z</time></rtept><rtept lat="38.552498" lon="-78.327048"><ele>703.0</ele><time>2026-09-18T02:59:49Z</time></rtept><rtept lat="38.55251" lon="-78.327191"><ele>701.6000000000004</ele><time>2026-09-18T02:59:49Z</time></rtept><rtept lat="38.552561" lon="-78.327349"><ele>697.6000000000004</ele><time>2026-09-18T02:59:49Z</time></rtept><rtept lat="38.552626" lon="-78.32756"><ele>692.8000000000011</ele><time>2026-09-18T02:59:49Z</time></rtept><rtept lat="38.552684" lon="-78.327794"><ele>688.8000000000011</ele><time>2026-09-18T02:59:49Z</time></rtept><rtept lat="38.552692" lon="-78.328003"><ele>685.4000000000015</ele><time>2026-09-18T02:59:49Z</time></rtept><rtept lat="38.552747" lon="-78.328172"><ele>682.0</ele><time>2026-09-18T02:59:49Z</time></rtept><rtept lat="38.552759" lon="-78.328287"><ele>680.4000000000015</ele><time>2026-09-18T02:59:49Z</time></rtept><rtept lat="38.552789" lon="-78.328351"><ele>678.6000000000004</ele><time>2026-09-18T02:59:49Z</time></rtept><rtept lat="38.552858" lon="-78.32848"><ele>676.2000000000007</ele><time>2026-09-18T02:59:49Z</time></rtept><rtept lat="38.552875" lon="-78.328574"><ele>672.8000000000011</ele><time>2026-09-18T02:59:49Z</time></rtept><rtept lat="38.552843" lon="-78.328693"><ele>671.8000000000011</ele><time>2026-09-18T02:59:49Z</time></rtept><rtept lat="38.5528" lon="-78.328785"><ele>670.2000000000007</ele><time>2026-09-18T02:59:49Z</time></rtept><rtept lat="38.552752" lon="-78.328866"><ele>667.2000000000007</ele><time>2026-09-18T02:59:49Z</time></rtept><rtept lat="38.552729" lon="-78.328929"><ele>662.8000000000011</ele><time>2026-09-18T02:59:49Z</time></rtept><rtept lat="38.552762" lon="-78.329056"><ele>661.8000000000011</ele><time>2026-09-18T02:59:49Z</time></rtept><rtept lat="38.552816" lon="-78.329272"><ele>657.4000000000015</ele><time>2026-09-18T02:59:49Z</time></rtept><rtept lat="38.552909" lon="-78.329476"><ele>654.4000000000015</ele><time>2026-09-18T02:59:49Z</time></rtept><rtept lat="38.552985" lon="-78.329591"><ele>653.4000000000015</ele><time>2026-09-18T02:59:49Z</time></rtept><rtept lat="38.553165" lon="-78.329674"><ele>651.4000000000015</ele><time>2026-09-18T02:59:49Z</time></rtept><rtept lat="38.553321" lon="-78.329711"><ele>649.0</ele><time>2026-09-18T02:59:49Z</time></rtept><rtept lat="38.553409" lon="-78.329727"><ele>648.4000000000015</ele><time>2026-09-18T02:59:49Z</time></rtept><rtept lat="38.553533" lon="-78.329797"><ele>646.6000000000004</ele><time>2026-09-18T02:59:49Z</time></rtept><rtept lat="38.553659" lon="-78.329819"><ele>644.4000000000015</ele><time>2026-09-18T02:59:49Z</time></rtept><rtept lat="38.55373" lon="-78.329765"><ele>643.4000000000015</ele><time>2026-09-18T02:59:49Z</time></rtept><rtept lat="38.553779" lon="-78.329668"><ele>642.4000000000015</ele><time>2026-09-18T02:59:49Z</time></rtept><rtept lat="38.553756" lon="-78.329513"><ele>643.0</ele><time>2026-09-18T02:59:49Z</time></rtept><rtept lat="38.553758" lon="-78.329373"><ele>643.2000000000007</ele><time>2026-09-18T02:59:49Z</time></rtept><rtept lat="38.553781" lon="-78.32925"><ele>644.0</ele><time>2026-09-18T02:59:49Z</time></rtept><rtept lat="38.553839" lon="-78.329143"><ele>641.6000000000004</ele><time>2026-09-18T02:59:49Z</time></rtept><rtept lat="38.553955" lon="-78.329011"><ele>636.2000000000007</ele><time>2026-09-18T02:59:49Z</time></rtept><rtept lat="38.554033" lon="-78.328974"><ele>636.8000000000011</ele><time>2026-09-18T02:59:49Z</time></rtept><rtept lat="38.554158" lon="-78.328942"><ele>636.6000000000004</ele><time>2026-09-18T02:59:49Z</time></rtept><rtept lat="38.554395" lon="-78.328971"><ele>636.6000000000004</ele><time>2026-09-18T02:59:49Z</time></rtept><rtept lat="38.554703" lon="-78.329014"><ele>629.6000000000004</ele><time>2026-09-18T02:59:49Z</time></rtept><rtept lat="38.554855" lon="-78.329019"><ele>626.8000000000011</ele><time>2026-09-18T02:59:49Z</time></rtept><rtept lat="38.55501" lon="-78.329003"><ele>624.0</ele><time>2026-09-18T02:59:49Z</time></rtept><rtept lat="38.555094" lon="-78.329003"><ele>621.6000000000004</ele><time>2026-09-18T02:59:49Z</time></rtept><rtept lat="38.555178" lon="-78.329051"><ele>620.8000000000011</ele><time>2026-09-18T02:59:49Z</time></rtept><rtept lat="38.555307" lon="-78.329127"><ele>619.6000000000004</ele><time>2026-09-18T02:59:49Z</time></rtept><rtept lat="38.555509" lon="-78.32917"><ele>618.4000000000015</ele><time>2026-09-18T02:59:49Z</time></rtept><rtept lat="38.555861" lon="-78.3293"><ele>613.0</ele><time>2026-09-18T02:59:49Z</time></rtept><rtept lat="38.555933" lon="-78.329309"><ele>612.2000000000007</ele><time>2026-09-18T02:59:49Z</time></rtept><rtept lat="38.555999" lon="-78.329407"><ele>610.4000000000015</ele><time>2026-09-18T02:59:49Z</time></rtept><rtept lat="38.556019" lon="-78.329481"><ele>608.6000000000004</ele><time>2026-09-18T02:59:49Z</time></rtept><rtept lat="38.556025" lon="-78.329608"><ele>606.8000000000011</ele><time>2026-09-18T02:59:49Z</time></rtept><rtept lat="38.555948" lon="-78.329986"><ele>606.0</ele><time>2026-09-18T02:59:49Z</time></rtept><rtept lat="38.555849" lon="-78.330281"><ele>603.8000000000011</ele><time>2026-09-18T02:59:49Z</time></rtept><rtept lat="38.555803" lon="-78.330439"><ele>602.2000000000007</ele><time>2026-09-18T02:59:49Z</time></rtept><rtept lat="38.555807" lon="-78.330508"><ele>601.4000000000015</ele><time>2026-09-18T02:59:49Z</time></rtept><rtept lat="38.555824" lon="-78.330545"><ele>601.0</ele><time>2026-09-18T02:59:49Z</time></rtept><rtept lat="38.555882" lon="-78.330567"><ele>600.2000000000007</ele><time>2026-09-18T02:59:49Z</time></rtept><rtept lat="38.555989" lon="-78.330551"><ele>599.0</ele><time>2026-09-18T02:59:49Z</time></rtept><rtept lat="38.556092" lon="-78.33051"><ele>597.4000000000015</ele><time>2026-09-18T02:59:49Z</time></rtept><rtept lat="38.556185" lon="-78.330524"><ele>596.4000000000015</ele><time>2026-09-18T02:59:49Z</time></rtept><rtept lat="38.556244" lon="-78.330546"><ele>595.4000000000015</ele><time>2026-09-18T02:59:49Z</time></rtept><rtept lat="38.556346" lon="-78.330669"><ele>594.2000000000007</ele><time>2026-09-18T02:59:49Z</time></rtept><rtept lat="38.556414" lon="-78.330808"><ele>592.2000000000007</ele><time>2026-09-18T02:59:49Z</time></rtept><rtept lat="38.556555" lon="-78.331106"><ele>588.6000000000004</ele><time>2026-09-18T02:59:49Z</time></rtept><rtept lat="38.556675" lon="-78.331661"><ele>584.8000000000011</ele><time>2026-09-18T02:59:49Z</time></rtept><rtept lat="38.556923" lon="-78.332278"><ele>580.6000000000004</ele><time>2026-09-18T02:59:49Z</time></rtept><rtept lat="38.556786" lon="-78.332307"><ele>580.0</ele><time>2026-09-18T02:59:49Z</time></rtept><rtept lat="38.556647" lon="-78.332329"><ele>579.8000000000011</ele><time>2026-09-18T02:59:49Z</time></rtept><rtept lat="38.556522" lon="-78.33237"><ele>578.6000000000004</ele><time>2026-09-18T02:59:49Z</time></rtept><rtept lat="38.556388" lon="-78.332488"><ele>576.6000000000004</ele><time>2026-09-18T02:59:49Z</time></rtept><rtept lat="38.556245" lon="-78.33269"><ele>574.0</ele><time>2026-09-18T02:59:49Z</time></rtept><rtept lat="38.556124" lon="-78.332836"><ele>572.2000000000007</ele><time>2026-09-18T02:59:49Z</time></rtept><rtept lat="38.556072" lon="-78.332899"><ele>570.8000000000011</ele><time>2026-09-18T02:59:49Z</time></rtept><rtept lat="38.555995" lon="-78.332948"><ele>570.2000000000007</ele><time>2026-09-18T02:59:49Z</time></rtept><rtept lat="38.55591" lon="-78.332965"><ele>568.8000000000011</ele><time>2026-09-18T02:59:49Z</time></rtept><rtept lat="38.555817" lon="-78.332943"><ele>568.0</ele><time>2026-09-18T02:59:49Z</time></rtept><rtept lat="38.555704" lon="-78.3329"><ele>567.0</ele><time>2026-09-18T02:59:49Z</time></rtept><rtept lat="38.55563" lon="-78.33288"><ele>566.0</ele><time>2026-09-18T02:59:49Z</time></rtept><rtept lat="38.555558" lon="-78.332891"><ele>565.2000000000007</ele><time>2026-09-18T02:59:49Z</time></rtept><rtept lat="38.554917" lon="-78.33306"><ele>559.4000000000015</ele><time>2026-09-18T02:59:49Z</time></rtept><rtept lat="38.55452" lon="-78.333125"><ele>558.6000000000004</ele><time>2026-09-18T02:59:49Z</time></rtept><rtept lat="38.554248" lon="-78.333219"><ele>558.6000000000004</ele><time>2026-09-18T02:59:49Z</time></rtept><rtept lat="38.553814" lon="-78.333445"><ele>555.0</ele><time>2026-09-18T02:59:49Z</time></rtept><rtept lat="38.553555" lon="-78.333621"><ele>553.4000000000015</ele><time>2026-09-18T02:59:49Z</time></rtept><rtept lat="38.552942" lon="-78.333984"><ele>537.2000000000007</ele><time>2026-09-18T02:59:49Z</time></rtept><rtept lat="38.552822" lon="-78.334073"><ele>537.0</ele><time>2026-09-18T02:59:49Z</time></rtept><rtept lat="38.552734" lon="-78.334173"><ele>537.0</ele><time>2026-09-18T02:59:49Z</time></rtept><rtept lat="38.552569" lon="-78.334366"><ele>537.4000000000015</ele><time>2026-09-18T02:59:49Z</time></rtept><rtept lat="38.552209" lon="-78.334717"><ele>532.8000000000011</ele><time>2026-09-18T02:59:49Z</time></rtept><rtept lat="38.552074" lon="-78.334802"><ele>532.8000000000011</ele><time>2026-09-18T02:59:49Z</time></rtept><rtept lat="38.551947" lon="-78.334863"><ele>532.8000000000011</ele><time>2026-09-18T02:59:49Z</time></rtept><rtept lat="38.551888" lon="-78.334897"><ele>533.2000000000007</ele><time>2026-09-18T02:59:49Z</time></rtept><rtept lat="38.551888" lon="-78.334897"><ele>533.2000000000007</ele><time>2026-09-18T02:59:49Z</time></rtept><rtept lat="38.551747" lon="-78.334979"><ele>532.4000000000015</ele><time>2026-09-18T02:59:49Z</time></rtept><rtept lat="38.551386" lon="-78.335145"><ele>529.8000000000011</ele><time>2026-09-18T02:59:49Z</time></rtept><rtept lat="38.551139" lon="-78.335313"><ele>526.2000000000007</ele><time>2026-09-18T02:59:49Z</time></rtept><rtept lat="38.551098" lon="-78.335341"><ele>526.4000000000015</ele><time>2026-09-18T02:59:49Z</time></rtept><rtept lat="38.551029" lon="-78.335375"><ele>525.4000000000015</ele><time>2026-09-18T02:59:49Z</time></rtept><rtept lat="38.550966" lon="-78.335401"><ele>525.2000000000007</ele><time>2026-09-18T02:59:49Z</time></rtept><rtept lat="38.550909" lon="-78.335381"><ele>524.6000000000004</ele><time>2026-09-18T02:59:49Z</time></rtept><rtept lat="38.550853" lon="-78.335352"><ele>524.6000000000004</ele><time>2026-09-18T02:59:49Z</time></rtept><rtept lat="38.550727" lon="-78.335275"><ele>522.8000000000011</ele><time>2026-09-18T02:59:49Z</time></rtept><rtept lat="38.550661" lon="-78.335262"><ele>521.8000000000011</ele><time>2026-09-18T02:59:49Z</time></rtept><rtept lat="38.550506" lon="-78.335298"><ele>519.4000000000015</ele><time>2026-09-18T02:59:49Z</time></rtept><rtept lat="38.550467" lon="-78.335298"><ele>519.4000000000015</ele><time>2026-09-18T02:59:49Z</time></rtept><rtept lat="38.550413" lon="-78.335285"><ele>519.0</ele><time>2026-09-18T02:59:49Z</time></rtept><rtept lat="38.550224" lon="-78.335216"><ele>519.6000000000004</ele><time>2026-09-18T02:59:49Z</time></rtept><rtept lat="38.550165" lon="-78.335218"><ele>519.6000000000004</ele><time>2026-09-18T02:59:49Z</time></rtept><rtept lat="38.550112" lon="-78.33524"><ele>519.6000000000004</ele><time>2026-09-18T02:59:49Z</time></rtept><rtept lat="38.549825" lon="-78.335475"><ele>515.8000000000011</ele><time>2026-09-18T02:59:49Z</time></rtept><rtept lat="38.549796" lon="-78.335524"><ele>514.8000000000011</ele><time>2026-09-18T02:59:49Z</time></rtept><rtept lat="38.549794" lon="-78.335561"><ele>514.8000000000011</ele><time>2026-09-18T02:59:49Z</time></rtept><rtept lat="38.5498" lon="-78.335617"><ele>513.6000000000004</ele><time>2026-09-18T02:59:49Z</time></rtept><rtept lat="38.549823" lon="-78.335659"><ele>513.6000000000004</ele><time>2026-09-18T02:59:49Z</time></rtept><rtept lat="38.549862" lon="-78.3357"><ele>512.6000000000004</ele><time>2026-09-18T02:59:49Z</time></rtept><rtept lat="38.550001" lon="-78.335829"><ele>512.6000000000004</ele><time>2026-09-18T02:59:49Z</time></rtept><rtept lat="38.550111" lon="-78.335969"><ele>510.40000000000146</ele><time>2026-09-18T02:59:49Z</time></rtept><rtept lat="38.550149" lon="-78.336048"><ele>509.0</ele><time>2026-09-18T02:59:49Z</time></rtept><rtept lat="38.55017" lon="-78.33615"><ele>507.60000000000036</ele><time>2026-09-18T02:59:49Z</time></rtept><rtept lat="38.550161" lon="-78.33634"><ele>504.60000000000036</ele><time>2026-09-18T02:59:49Z</time></rtept><rtept lat="38.550141" lon="-78.336787"><ele>501.2000000000007</ele><time>2026-09-18T02:59:49Z</time></rtept><rtept lat="38.550134" lon="-78.336823"><ele>500.60000000000036</ele><time>2026-09-18T02:59:49Z</time></rtept><rtept lat="38.550121" lon="-78.336855"><ele>500.60000000000036</ele><time>2026-09-18T02:59:49Z</time></rtept><rtept lat="38.550094" lon="-78.336903"><ele>500.0</ele><time>2026-09-18T02:59:49Z</time></rtept><rtept lat="38.55006" lon="-78.336957"><ele>500.0</ele><time>2026-09-18T02:59:49Z</time></rtept><rtept lat="38.550036" lon="-78.336998"><ele>498.40000000000146</ele><time>2026-09-18T02:59:49Z</time></rtept><rtept lat="38.550031" lon="-78.337037"><ele>498.40000000000146</ele><time>2026-09-18T02:59:49Z</time></rtept><rtept lat="38.550035" lon="-78.337099"><ele>496.40000000000146</ele><time>2026-09-18T02:59:49Z</time></rtept><rtept lat="38.550053" lon="-78.337145"><ele>496.8000000000011</ele><time>2026-09-18T02:59:49Z</time></rtept><rtept lat="38.550077" lon="-78.337175"><ele>494.2000000000007</ele><time>2026-09-18T02:59:49Z</time></rtept><rtept lat="38.550112" lon="-78.337219"><ele>494.2000000000007</ele><time>2026-09-18T02:59:49Z</time></rtept><rtept lat="38.550136" lon="-78.337276"><ele>491.60000000000036</ele><time>2026-09-18T02:59:49Z</time></rtept><rtept lat="38.55014" lon="-78.337343"><ele>489.2000000000007</ele><time>2026-09-18T02:59:49Z</time></rtept><rtept lat="38.550137" lon="-78.337426"><ele>487.40000000000146</ele><time>2026-09-18T02:59:49Z</time></rtept><rtept lat="38.550112" lon="-78.337504"><ele>486.60000000000036</ele><time>2026-09-18T02:59:49Z</time></rtept><rtept lat="38.550071" lon="-78.337568"><ele>486.60000000000036</ele><time>2026-09-18T02:59:49Z</time></rtept><rtept lat="38.550019" lon="-78.337625"><ele>485.8000000000011</ele><time>2026-09-18T02:59:49Z</time></rtept><rtept lat="38.549956" lon="-78.337669"><ele>486.0</ele><time>2026-09-18T02:59:49Z</time></rtept><rtept lat="38.549854" lon="-78.33772"><ele>484.60000000000036</ele><time>2026-09-18T02:59:49Z</time></rtept><rtept lat="38.549503" lon="-78.337759"><ele>480.0</ele><time>2026-09-18T02:59:49Z</time></rtept><rtept lat="38.549274" lon="-78.337726"><ele>478.60000000000036</ele><time>2026-09-18T02:59:49Z</time></rtept><rtept lat="38.549091" lon="-78.337593"><ele>477.0</ele><time>2026-09-18T02:59:49Z</time></rtept><rtept lat="38.54905" lon="-78.33759"><ele>477.0</ele><time>2026-09-18T02:59:49Z</time></rtept><rtept lat="38.549003" lon="-78.337618"><ele>476.60000000000036</ele><time>2026-09-18T02:59:49Z</time></rtept><rtept lat="38.548982" lon="-78.337648"><ele>476.60000000000036</ele><time>2026-09-18T02:59:49Z</time></rtept><rtept lat="38.548952" lon="-78.337725"><ele>475.40000000000146</ele><time>2026-09-18T02:59:49Z</time></rtept><rtept lat="38.54893" lon="-78.337889"><ele>473.60000000000036</ele><time>2026-09-18T02:59:49Z</time></rtept><rtept lat="38.548911" lon="-78.338137"><ele>471.8000000000011</ele><time>2026-09-18T02:59:49Z</time></rtept><rtept lat="38.548868" lon="-78.338367"><ele>469.2000000000007</ele><time>2026-09-18T02:59:49Z</time></rtept><rtept lat="38.548788" lon="-78.33855"><ele>467.0</ele><time>2026-09-18T02:59:49Z</time></rtept><rtept lat="38.548715" lon="-78.338856"><ele>464.40000000000146</ele><time>2026-09-18T02:59:49Z</time></rtept><rtept lat="38.548579" lon="-78.33883"><ele>463.0</ele><time>2026-09-18T02:59:49Z</time></rtept><rtept lat="38.548471" lon="-78.338819"><ele>461.0</ele><time>2026-09-18T02:59:49Z</time></rtept><rtept lat="38.548384" lon="-78.33884"><ele>460.0</ele><time>2026-09-18T02:59:49Z</time></rtept><rtept lat="38.548272" lon="-78.33889"><ele>457.2000000000007</ele><time>2026-09-18T02:59:49Z</time></rtept><rtept lat="38.548173" lon="-78.338968"><ele>455.60000000000036</ele><time>2026-09-18T02:59:49Z</time></rtept><rtept lat="38.548112" lon="-78.339051"><ele>454.40000000000146</ele><time>2026-09-18T02:59:49Z</time></rtept><rtept lat="38.548039" lon="-78.339176"><ele>453.60000000000036</ele><time>2026-09-18T02:59:49Z</time></rtept><rtept lat="38.54769" lon="-78.339547"><ele>446.8000000000011</ele><time>2026-09-18T02:59:49Z</time></rtept><rtept lat="38.547541" lon="-78.339629"><ele>443.8000000000011</ele><time>2026-09-18T02:59:49Z</time></rtept><rtept lat="38.547285" lon="-78.339746"><ele>440.40000000000146</ele><time>2026-09-18T02:59:49Z</time></rtept><rtept lat="38.547092" lon="-78.339755"><ele>439.2000000000007</ele><time>2026-09-18T02:59:49Z</time></rtept><rtept lat="38.547021" lon="-78.339761"><ele>436.8000000000011</ele><time>2026-09-18T02:59:49Z</time></rtept><rtept lat="38.546943" lon="-78.339796"><ele>434.40000000000146</ele><time>2026-09-18T02:59:49Z</time></rtept><rtept lat="38.546876" lon="-78.339863"><ele>431.2000000000007</ele><time>2026-09-18T02:59:49Z</time></rtept><rtept lat="38.546714" lon="-78.340133"><ele>430.0</ele><time>2026-09-18T02:59:49Z</time></rtept><rtept lat="38.546442" lon="-78.340496"><ele>425.2000000000007</ele><time>2026-09-18T02:59:49Z</time></rtept><rtept lat="38.546265" lon="-78.340692"><ele>422.2000000000007</ele><time>2026-09-18T02:59:49Z</time></rtept><rtept lat="38.545793" lon="-78.341287"><ele>415.8000000000011</ele><time>2026-09-18T02:59:49Z</time></rtept><rtept lat="38.545673" lon="-78.341396"><ele>415.0</ele><time>2026-09-18T02:59:49Z</time></rtept><rtept lat="38.545555" lon="-78.341491"><ele>414.40000000000146</ele><time>2026-09-18T02:59:49Z</time></rtept><rtept lat="38.545444" lon="-78.341558"><ele>412.40000000000146</ele><time>2026-09-18T02:59:49Z</time></rtept><rtept lat="38.544932" lon="-78.341861"><ele>406.0</ele><time>2026-09-18T02:59:49Z</time></rtept><rtept lat="38.544586" lon="-78.342271"><ele>399.60000000000036</ele><time>2026-09-18T02:59:49Z</time></rtept><rtept lat="38.544432" lon="-78.342395"><ele>398.60000000000036</ele><time>2026-09-18T02:59:49Z</time></rtept><rtept lat="38.544297" lon="-78.342549"><ele>397.8000000000011</ele><time>2026-09-18T02:59:49Z</time></rtept><rtept lat="38.544129" lon="-78.34278"><ele>394.8000000000011</ele><time>2026-09-18T02:59:49Z</time></rtept><rtept lat="38.543963" lon="-78.342998"><ele>392.40000000000146</ele><time>2026-09-18T02:59:49Z</time></rtept><rtept lat="38.543912" lon="-78.343046"><ele>392.8000000000011</ele><time>2026-09-18T02:59:49Z</time></rtept><rtept lat="38.54341" lon="-78.343503"><ele>389.8000000000011</ele><time>2026-09-18T02:59:49Z</time></rtept><rtept lat="38.543314" lon="-78.343553"><ele>388.2000000000007</ele><time>2026-09-18T02:59:49Z</time></rtept><rtept lat="38.543211" lon="-78.343606"><ele>386.8000000000011</ele><time>2026-09-18T02:59:49Z</time></rtept><rtept lat="38.543144" lon="-78.343676"><ele>386.60000000000036</ele><time>2026-09-18T02:59:49Z</time></rtept><rtept lat="38.542998" lon="-78.343909"><ele>384.2000000000007</ele><time>2026-09-18T02:59:49Z</time></rtept><rtept lat="38.542888" lon="-78.344078"><ele>383.40000000000146</ele><time>2026-09-18T02:59:49Z</time></rtept><rtept lat="38.542762" lon="-78.344208"><ele>382.8000000000011</ele><time>2026-09-18T02:59:49Z</time></rtept><rtept lat="38.54265" lon="-78.344277"><ele>383.60000000000036</ele><time>2026-09-18T02:59:49Z</time></rtept><rtept lat="38.542528" lon="-78.344352"><ele>382.8000000000011</ele><time>2026-09-18T02:59:49Z</time></rtept><rtept lat="38.542487" lon="-78.344377"><ele>382.0</ele><time>2026-09-18T02:59:49Z</time></rtept><rtept lat="38.542278" lon="-78.344513"><ele>382.0</ele><time>2026-09-18T02:59:49Z</time></rtept><rtept lat="38.542062" lon="-78.344645"><ele>380.2000000000007</ele><time>2026-09-18T02:59:49Z</time></rtept><rtept lat="38.541998" lon="-78.344696"><ele>380.2000000000007</ele><time>2026-09-18T02:59:49Z</time></rtept><rtept lat="38.54186" lon="-78.344845"><ele>378.2000000000007</ele><time>2026-09-18T02:59:49Z</time></rtept><rtept lat="38.5418" lon="-78.344893"><ele>377.60000000000036</ele><time>2026-09-18T02:59:49Z</time></rtept><rtept lat="38.541676" lon="-78.344956"><ele>377.0</ele><time>2026-09-18T02:59:49Z</time></rtept><rtept lat="38.541502" lon="-78.345044"><ele>375.0</ele><time>2026-09-18T02:59:49Z</time></rtept><rtept lat="38.541143" lon="-78.345259"><ele>370.40000000000146</ele><time>2026-09-18T02:59:49Z</time></rtept><rtept lat="38.540758" lon="-78.345474"><ele>367.2000000000007</ele><time>2026-09-18T02:59:49Z</time></rtept><rtept lat="38.540604" lon="-78.345638"><ele>364.8000000000011</ele><time>2026-09-18T02:59:49Z</time></rtept><rtept lat="38.540038" lon="-78.346519"><ele>346.60000000000036</ele><time>2026-09-18T02:59:49Z</time></rtept><rtept lat="38.53955" lon="-78.346944"><ele>340.60000000000036</ele><time>2026-09-18T02:59:49Z</time></rtept><rtept lat="38.539384" lon="-78.346992"><ele>340.60000000000036</ele><time>2026-09-18T02:59:49Z</time></rtept><rtept lat="38.539188" lon="-78.346948"><ele>339.40000000000146</ele><time>2026-09-18T02:59:49Z</time></rtept><rtept lat="38.538996" lon="-78.346861"><ele>337.2000000000007</ele><time>2026-09-18T02:59:49Z</time></rtept><rtept lat="38.538913" lon="-78.346874"><ele>336.40000000000146</ele><time>2026-09-18T02:59:49Z</time></rtept><rtept lat="38.538843" lon="-78.346946"><ele>335.0</ele><time>2026-09-18T02:59:49Z</time></rtept><rtept lat="38.5388" lon="-78.347034"><ele>333.2000000000007</ele><time>2026-09-18T02:59:49Z</time></rtept><rtept lat="38.538729" lon="-78.347181"><ele>331.8000000000011</ele><time>2026-09-18T02:59:49Z</time></rtept><rtept lat="38.538669" lon="-78.347278"><ele>331.2000000000007</ele><time>2026-09-18T02:59:49Z</time></rtept><rtept lat="38.538581" lon="-78.347417"><ele>331.8000000000011</ele><time>2026-09-18T02:59:49Z</time></rtept><rtept lat="38.538463" lon="-78.347615"><ele>332.60000000000036</ele><time>2026-09-18T02:59:49Z</time></rtept><rtept lat="38.538333" lon="-78.347809"><ele>335.0</ele><time>2026-09-18T02:59:49Z</time></rtept><rtept lat="38.538473" lon="-78.347904"><ele>336.60000000000036</ele><time>2026-09-18T02:59:49Z</time></rtept><rtept lat="38.538532" lon="-78.34793"><ele>335.8000000000011</ele><time>2026-09-18T02:59:49Z</time></rtept><rtept lat="38.538578" lon="-78.347922"><ele>334.8000000000011</ele><time>2026-09-18T02:59:49Z</time></rtept><rtept lat="38.538682" lon="-78.347851"><ele>333.2000000000007</ele><time>2026-09-18T02:59:49Z</time></rtept><rtept lat="38.538809" lon="-78.347869"><ele>333.0</ele><time>2026-09-18T02:59:49Z</time></rtept><rtept lat="38.538886" lon="-78.347895"><ele>333.2000000000007</ele><time>2026-09-18T02:59:49Z</time></rtept><rtept lat="38.538945" lon="-78.347928"><ele>333.40000000000146</ele><time>2026-09-18T02:59:49Z</time></rtept><rtept lat="38.539155" lon="-78.348252"><ele>334.60000000000036</ele><time>2026-09-18T02:59:49Z</time></rtept><rtept lat="38.539278" lon="-78.348444"><ele>335.0</ele><time>2026-09-18T02:59:49Z</time></rtept><rtept lat="38.539331" lon="-78.348584"><ele>334.60000000000036</ele><time>2026-09-18T02:59:49Z</time></rtept><rtept lat="38.539424" lon="-78.348887"><ele>336.0</ele><time>2026-09-18T02:59:49Z</time></rtept><rtept lat="38.539424" lon="-78.348887"><ele>336.0</ele><time>2026-09-18T02:59:49Z</time></rtept><rtept lat="38.539442" lon="-78.348944"><ele>337.8000000000011</ele><time>2026-09-18T02:59:49Z</time></rtept><rtept lat="38.539509" lon="-78.34923"><ele>340.2000000000007</ele><time>2026-09-18T02:59:49Z</time></rtept><rtept lat="38.539574" lon="-78.349319"><ele>341.0</ele><time>2026-09-18T02:59:49Z</time></rtept><rtept lat="38.539622" lon="-78.349357"><ele>341.2000000000007</ele><time>2026-09-18T02:59:49Z</time></rtept></rte></gpx>