<?xml version="1.0" ?><gpx xmlns="http://www.topografix.com/GPX/1/1" creator="GaiaGPS" version="1.1" xmlns:xsi="http://www.w3.org/2001/XMLSchema-instance" xsi:schemaLocation="http://www.topografix.com/GPX/1/1 http://www.topografix.com/GPX/1/1/gpx.xsd"><wpt lat="43.17229441012367" lon="-73.01221364215367"><time>2026-09-18T16:31:18Z</time><name>Start/End Car Parking</name><desc>Where we parked the car. start/end of loop</desc><sym>car-24</sym></wpt><wpt lat="43.10789850395477" lon="-73.00257191887657"><time>2026-09-18T16:30:20Z</time><name>Camp night 2</name><desc>Beautiful view of Bourne Pond. Heard loons all night. Lots of moose droppings, everywhere. Tight but comfortable pitch right on the water.</desc><sym>emoji-⛺</sym></wpt><wpt lat="43.10638662779965" lon="-72.97179001339228"><time>2026-09-18T16:27:39Z</time><name>Camp Night 1</name><desc>Stratton Pond, Mt View side again. Old summer 2021 campsite was nearby but closed for maintenance. Tented near the lean-to.</desc><sym>emoji-⛺</sym></wpt><rte><name>Loop Route</name><desc></desc><extensions><line xmlns="http://www.topografix.com/GPX/gpx_style/0/2"><color>F42410</color></line></extensions><rtept lat="43.172313" lon="-73.012173"><ele>319.2</ele><time>2026-09-18T16:22:31Z</time></rtept><rtept lat="43.17235" lon="-73.012112"><ele>319.8</ele><time>2026-09-18T16:22:31Z</time></rtept><rtept lat="43.172571" lon="-73.011754"><ele>323.0</ele><time>2026-09-18T16:22:31Z</time></rtept><rtept lat="43.17264" lon="-73.011658"><ele>324.2</ele><time>2026-09-18T16:22:31Z</time></rtept><rtept lat="43.172707" lon="-73.011515"><ele>325.8</ele><time>2026-09-18T16:22:31Z</time></rtept><rtept lat="43.172755" lon="-73.011402"><ele>326.8</ele><time>2026-09-18T16:22:31Z</time></rtept><rtept lat="43.172787" lon="-73.011255"><ele>328.4</ele><time>2026-09-18T16:22:31Z</time></rtept><rtept lat="43.1728" lon="-73.011168"><ele>329.6</ele><time>2026-09-18T16:22:31Z</time></rtept><rtept lat="43.172803" lon="-73.011046"><ele>330.8</ele><time>2026-09-18T16:22:31Z</time></rtept><rtept lat="43.172797" lon="-73.010953"><ele>332.0</ele><time>2026-09-18T16:22:31Z</time></rtept><rtept lat="43.172768" lon="-73.010816"><ele>334.4</ele><time>2026-09-18T16:22:31Z</time></rtept><rtept lat="43.172731" lon="-73.010733"><ele>337.0</ele><time>2026-09-18T16:22:31Z</time></rtept><rtept lat="43.172662" lon="-73.010649"><ele>340.0</ele><time>2026-09-18T16:22:31Z</time></rtept><rtept lat="43.172607" lon="-73.010613"><ele>340.8</ele><time>2026-09-18T16:22:31Z</time></rtept><rtept lat="43.172541" lon="-73.010589"><ele>341.4</ele><time>2026-09-18T16:22:31Z</time></rtept><rtept lat="43.172476" lon="-73.010578"><ele>343.4</ele><time>2026-09-18T16:22:31Z</time></rtept><rtept lat="43.172398" lon="-73.010577"><ele>343.8</ele><time>2026-09-18T16:22:31Z</time></rtept><rtept lat="43.172285" lon="-73.010589"><ele>343.0</ele><time>2026-09-18T16:22:31Z</time></rtept><rtept lat="43.172148" lon="-73.010609"><ele>343.8</ele><time>2026-09-18T16:22:31Z</time></rtept><rtept lat="43.17194" lon="-73.0106"><ele>345.4</ele><time>2026-09-18T16:22:31Z</time></rtept><rtept lat="43.171816" lon="-73.010601"><ele>346.8</ele><time>2026-09-18T16:22:31Z</time></rtept><rtept lat="43.171816" lon="-73.010601"><ele>346.8</ele><time>2026-09-18T16:22:31Z</time></rtept><rtept lat="43.171631" lon="-73.010603"><ele>349.4</ele><time>2026-09-18T16:22:31Z</time></rtept><rtept lat="43.171543" lon="-73.01061"><ele>350.2</ele><time>2026-09-18T16:22:31Z</time></rtept><rtept lat="43.171362" lon="-73.010657"><ele>353.0</ele><time>2026-09-18T16:22:31Z</time></rtept><rtept lat="43.171227" lon="-73.010693"><ele>352.0</ele><time>2026-09-18T16:22:31Z</time></rtept><rtept lat="43.171127" lon="-73.010719"><ele>353.4</ele><time>2026-09-18T16:22:31Z</time></rtept><rtept lat="43.171039" lon="-73.010741"><ele>354.0</ele><time>2026-09-18T16:22:31Z</time></rtept><rtept lat="43.17094" lon="-73.010727"><ele>355.0</ele><time>2026-09-18T16:22:31Z</time></rtept><rtept lat="43.170851" lon="-73.0107"><ele>355.8</ele><time>2026-09-18T16:22:31Z</time></rtept><rtept lat="43.170736" lon="-73.010627"><ele>360.8</ele><time>2026-09-18T16:22:31Z</time></rtept><rtept lat="43.170643" lon="-73.010604"><ele>362.4</ele><time>2026-09-18T16:22:31Z</time></rtept><rtept lat="43.170593" lon="-73.010599"><ele>364.0</ele><time>2026-09-18T16:22:31Z</time></rtept><rtept lat="43.170428" lon="-73.010602"><ele>367.8</ele><time>2026-09-18T16:22:31Z</time></rtept><rtept lat="43.170316" lon="-73.010622"><ele>370.6</ele><time>2026-09-18T16:22:31Z</time></rtept><rtept lat="43.170158" lon="-73.010668"><ele>372.8</ele><time>2026-09-18T16:22:31Z</time></rtept><rtept lat="43.170064" lon="-73.010679"><ele>372.2</ele><time>2026-09-18T16:22:31Z</time></rtept><rtept lat="43.169977" lon="-73.010668"><ele>375.0</ele><time>2026-09-18T16:22:31Z</time></rtept><rtept lat="43.169905" lon="-73.010635"><ele>375.6</ele><time>2026-09-18T16:22:31Z</time></rtept><rtept lat="43.169829" lon="-73.010592"><ele>376.2</ele><time>2026-09-18T16:22:31Z</time></rtept><rtept lat="43.169762" lon="-73.010527"><ele>378.0</ele><time>2026-09-18T16:22:31Z</time></rtept><rtept lat="43.169714" lon="-73.01051"><ele>378.6</ele><time>2026-09-18T16:22:31Z</time></rtept><rtept lat="43.169645" lon="-73.010512"><ele>379.4</ele><time>2026-09-18T16:22:31Z</time></rtept><rtept lat="43.169529" lon="-73.010501"><ele>383.4</ele><time>2026-09-18T16:22:31Z</time></rtept><rtept lat="43.169426" lon="-73.010477"><ele>386.4</ele><time>2026-09-18T16:22:31Z</time></rtept><rtept lat="43.169369" lon="-73.01046"><ele>388.0</ele><time>2026-09-18T16:22:31Z</time></rtept><rtept lat="43.169295" lon="-73.010457"><ele>389.8</ele><time>2026-09-18T16:22:31Z</time></rtept><rtept lat="43.169244" lon="-73.010472"><ele>391.6</ele><time>2026-09-18T16:22:31Z</time></rtept><rtept lat="43.169144" lon="-73.010517"><ele>391.6</ele><time>2026-09-18T16:22:31Z</time></rtept><rtept lat="43.169004" lon="-73.010582"><ele>395.8</ele><time>2026-09-18T16:22:31Z</time></rtept><rtept lat="43.168946" lon="-73.010606"><ele>396.0</ele><time>2026-09-18T16:22:31Z</time></rtept><rtept lat="43.168887" lon="-73.010623"><ele>398.0</ele><time>2026-09-18T16:22:31Z</time></rtept><rtept lat="43.168794" lon="-73.010624"><ele>402.4</ele><time>2026-09-18T16:22:31Z</time></rtept><rtept lat="43.168589" lon="-73.010638"><ele>408.2</ele><time>2026-09-18T16:22:31Z</time></rtept><rtept lat="43.168524" lon="-73.010657"><ele>409.6</ele><time>2026-09-18T16:22:31Z</time></rtept><rtept lat="43.168333" lon="-73.010752"><ele>413.0</ele><time>2026-09-18T16:22:31Z</time></rtept><rtept lat="43.168225" lon="-73.01079"><ele>415.6</ele><time>2026-09-18T16:22:31Z</time></rtept><rtept lat="43.168116" lon="-73.010854"><ele>418.4</ele><time>2026-09-18T16:22:31Z</time></rtept><rtept lat="43.168006" lon="-73.010887"><ele>419.8</ele><time>2026-09-18T16:22:31Z</time></rtept><rtept lat="43.167929" lon="-73.010895"><ele>422.0</ele><time>2026-09-18T16:22:31Z</time></rtept><rtept lat="43.167717" lon="-73.010884"><ele>426.4</ele><time>2026-09-18T16:22:31Z</time></rtept><rtept lat="43.167513" lon="-73.010863"><ele>429.8</ele><time>2026-09-18T16:22:31Z</time></rtept><rtept lat="43.167367" lon="-73.01083"><ele>433.8</ele><time>2026-09-18T16:22:31Z</time></rtept><rtept lat="43.167221" lon="-73.010792"><ele>435.6</ele><time>2026-09-18T16:22:31Z</time></rtept><rtept lat="43.167098" lon="-73.010752"><ele>438.4</ele><time>2026-09-18T16:22:31Z</time></rtept><rtept lat="43.167019" lon="-73.010703"><ele>439.4</ele><time>2026-09-18T16:22:31Z</time></rtept><rtept lat="43.166949" lon="-73.010636"><ele>440.8</ele><time>2026-09-18T16:22:31Z</time></rtept><rtept lat="43.166843" lon="-73.010548"><ele>443.4</ele><time>2026-09-18T16:22:31Z</time></rtept><rtept lat="43.166739" lon="-73.010499"><ele>445.8</ele><time>2026-09-18T16:22:31Z</time></rtept><rtept lat="43.166612" lon="-73.010457"><ele>447.6</ele><time>2026-09-18T16:22:31Z</time></rtept><rtept lat="43.166541" lon="-73.010441"><ele>448.8</ele><time>2026-09-18T16:22:31Z</time></rtept><rtept lat="43.166385" lon="-73.010447"><ele>450.8</ele><time>2026-09-18T16:22:31Z</time></rtept><rtept lat="43.166254" lon="-73.010471"><ele>452.6</ele><time>2026-09-18T16:22:31Z</time></rtept><rtept lat="43.16607" lon="-73.010523"><ele>454.4</ele><time>2026-09-18T16:22:31Z</time></rtept><rtept lat="43.165793" lon="-73.010596"><ele>461.6</ele><time>2026-09-18T16:22:31Z</time></rtept><rtept lat="43.165491" lon="-73.010696"><ele>470.2</ele><time>2026-09-18T16:22:31Z</time></rtept><rtept lat="43.165385" lon="-73.010743"><ele>471.6</ele><time>2026-09-18T16:22:31Z</time></rtept><rtept lat="43.165322" lon="-73.010749"><ele>473.0</ele><time>2026-09-18T16:22:31Z</time></rtept><rtept lat="43.165255" lon="-73.010744"><ele>474.2</ele><time>2026-09-18T16:22:31Z</time></rtept><rtept lat="43.165198" lon="-73.010758"><ele>475.4</ele><time>2026-09-18T16:22:31Z</time></rtept><rtept lat="43.165144" lon="-73.010798"><ele>475.6</ele><time>2026-09-18T16:22:31Z</time></rtept><rtept lat="43.165096" lon="-73.01086"><ele>476.6</ele><time>2026-09-18T16:22:31Z</time></rtept><rtept lat="43.16502" lon="-73.01098"><ele>478.0</ele><time>2026-09-18T16:22:31Z</time></rtept><rtept lat="43.164964" lon="-73.011059"><ele>479.6</ele><time>2026-09-18T16:22:31Z</time></rtept><rtept lat="43.164886" lon="-73.01114"><ele>481.0</ele><time>2026-09-18T16:22:31Z</time></rtept><rtept lat="43.164769" lon="-73.01125"><ele>483.4</ele><time>2026-09-18T16:22:31Z</time></rtept><rtept lat="43.164672" lon="-73.011335"><ele>485.4</ele><time>2026-09-18T16:22:31Z</time></rtept><rtept lat="43.164138" lon="-73.01179"><ele>492.4</ele><time>2026-09-18T16:22:31Z</time></rtept><rtept lat="43.164066" lon="-73.011845"><ele>493.2</ele><time>2026-09-18T16:22:31Z</time></rtept><rtept lat="43.163996" lon="-73.011879"><ele>494.4</ele><time>2026-09-18T16:22:31Z</time></rtept><rtept lat="43.163888" lon="-73.011917"><ele>496.2</ele><time>2026-09-18T16:22:31Z</time></rtept><rtept lat="43.163667" lon="-73.011993"><ele>498.8</ele><time>2026-09-18T16:22:31Z</time></rtept><rtept lat="43.163257" lon="-73.012142"><ele>503.4</ele><time>2026-09-18T16:22:31Z</time></rtept><rtept lat="43.16297" lon="-73.012226"><ele>507.4</ele><time>2026-09-18T16:22:31Z</time></rtept><rtept lat="43.162661" lon="-73.012312"><ele>511.2</ele><time>2026-09-18T16:22:31Z</time></rtept><rtept lat="43.162491" lon="-73.012349"><ele>513.4</ele><time>2026-09-18T16:22:31Z</time></rtept><rtept lat="43.162339" lon="-73.012372"><ele>515.6</ele><time>2026-09-18T16:22:31Z</time></rtept><rtept lat="43.162226" lon="-73.012381"><ele>517.6</ele><time>2026-09-18T16:22:31Z</time></rtept><rtept lat="43.162226" lon="-73.012381"><ele>517.6</ele><time>2026-09-18T16:22:31Z</time></rtept><rtept lat="43.162055" lon="-73.012395"><ele>518.6</ele><time>2026-09-18T16:22:31Z</time></rtept><rtept lat="43.161867" lon="-73.012404"><ele>522.0</ele><time>2026-09-18T16:22:31Z</time></rtept><rtept lat="43.161707" lon="-73.012401"><ele>523.4</ele><time>2026-09-18T16:22:31Z</time></rtept><rtept lat="43.161404" lon="-73.012361"><ele>528.4</ele><time>2026-09-18T16:22:31Z</time></rtept><rtept lat="43.161303" lon="-73.012338"><ele>530.2</ele><time>2026-09-18T16:22:31Z</time></rtept><rtept lat="43.161155" lon="-73.012297"><ele>533.0</ele><time>2026-09-18T16:22:31Z</time></rtept><rtept lat="43.161029" lon="-73.012253"><ele>534.2</ele><time>2026-09-18T16:22:31Z</time></rtept><rtept lat="43.160966" lon="-73.012206"><ele>536.0</ele><time>2026-09-18T16:22:31Z</time></rtept><rtept lat="43.160846" lon="-73.012119"><ele>538.2</ele><time>2026-09-18T16:22:31Z</time></rtept><rtept lat="43.160814" lon="-73.012086"><ele>538.2</ele><time>2026-09-18T16:22:31Z</time></rtept><rtept lat="43.160785" lon="-73.012028"><ele>539.8</ele><time>2026-09-18T16:22:31Z</time></rtept><rtept lat="43.160767" lon="-73.011914"><ele>541.0</ele><time>2026-09-18T16:22:31Z</time></rtept><rtept lat="43.160702" lon="-73.0115"><ele>547.6</ele><time>2026-09-18T16:22:31Z</time></rtept><rtept lat="43.16068" lon="-73.011337"><ele>549.4</ele><time>2026-09-18T16:22:31Z</time></rtept><rtept lat="43.160658" lon="-73.011217"><ele>550.4</ele><time>2026-09-18T16:22:31Z</time></rtept><rtept lat="43.160619" lon="-73.011054"><ele>551.6</ele><time>2026-09-18T16:22:31Z</time></rtept><rtept lat="43.160587" lon="-73.010967"><ele>552.6</ele><time>2026-09-18T16:22:31Z</time></rtept><rtept lat="43.160506" lon="-73.010791"><ele>554.2</ele><time>2026-09-18T16:22:31Z</time></rtept><rtept lat="43.160493" lon="-73.010722"><ele>555.2</ele><time>2026-09-18T16:22:31Z</time></rtept><rtept lat="43.160484" lon="-73.010574"><ele>558.8</ele><time>2026-09-18T16:22:31Z</time></rtept><rtept lat="43.160472" lon="-73.010438"><ele>560.2</ele><time>2026-09-18T16:22:31Z</time></rtept><rtept lat="43.160455" lon="-73.010356"><ele>561.4</ele><time>2026-09-18T16:22:31Z</time></rtept><rtept lat="43.160438" lon="-73.010296"><ele>562.4</ele><time>2026-09-18T16:22:31Z</time></rtept><rtept lat="43.1604" lon="-73.010227"><ele>564.0</ele><time>2026-09-18T16:22:31Z</time></rtept><rtept lat="43.160366" lon="-73.010178"><ele>564.0</ele><time>2026-09-18T16:22:31Z</time></rtept><rtept lat="43.160315" lon="-73.010117"><ele>565.4</ele><time>2026-09-18T16:22:31Z</time></rtept><rtept lat="43.160255" lon="-73.010078"><ele>566.0</ele><time>2026-09-18T16:22:31Z</time></rtept><rtept lat="43.160166" lon="-73.010035"><ele>568.2</ele><time>2026-09-18T16:22:31Z</time></rtept><rtept lat="43.160072" lon="-73.009983"><ele>569.6</ele><time>2026-09-18T16:22:31Z</time></rtept><rtept lat="43.159941" lon="-73.00988"><ele>571.8</ele><time>2026-09-18T16:22:31Z</time></rtept><rtept lat="43.159732" lon="-73.009666"><ele>580.0</ele><time>2026-09-18T16:22:31Z</time></rtept><rtept lat="43.159486" lon="-73.009414"><ele>585.0</ele><time>2026-09-18T16:22:31Z</time></rtept><rtept lat="43.159486" lon="-73.009414"><ele>585.0</ele><time>2026-09-18T16:22:31Z</time></rtept><rtept lat="43.159407" lon="-73.009334"><ele>586.0</ele><time>2026-09-18T16:22:31Z</time></rtept><rtept lat="43.159269" lon="-73.009196"><ele>587.4</ele><time>2026-09-18T16:22:31Z</time></rtept><rtept lat="43.159135" lon="-73.009049"><ele>586.6</ele><time>2026-09-18T16:22:31Z</time></rtept><rtept lat="43.159074" lon="-73.008977"><ele>587.0</ele><time>2026-09-18T16:22:31Z</time></rtept><rtept lat="43.159011" lon="-73.008856"><ele>589.8</ele><time>2026-09-18T16:22:31Z</time></rtept><rtept lat="43.158955" lon="-73.00874"><ele>590.6</ele><time>2026-09-18T16:22:31Z</time></rtept><rtept lat="43.1589" lon="-73.008655"><ele>591.6</ele><time>2026-09-18T16:22:31Z</time></rtept><rtept lat="43.158844" lon="-73.008598"><ele>592.6</ele><time>2026-09-18T16:22:31Z</time></rtept><rtept lat="43.158779" lon="-73.008552"><ele>590.4</ele><time>2026-09-18T16:22:31Z</time></rtept><rtept lat="43.158682" lon="-73.008515"><ele>592.0</ele><time>2026-09-18T16:22:31Z</time></rtept><rtept lat="43.158558" lon="-73.008442"><ele>589.0</ele><time>2026-09-18T16:22:31Z</time></rtept><rtept lat="43.158475" lon="-73.008401"><ele>591.4</ele><time>2026-09-18T16:22:31Z</time></rtept><rtept lat="43.158407" lon="-73.008382"><ele>590.6</ele><time>2026-09-18T16:22:31Z</time></rtept><rtept lat="43.158309" lon="-73.008375"><ele>590.2</ele><time>2026-09-18T16:22:31Z</time></rtept><rtept lat="43.158199" lon="-73.008378"><ele>590.4</ele><time>2026-09-18T16:22:31Z</time></rtept><rtept lat="43.158077" lon="-73.008401"><ele>592.0</ele><time>2026-09-18T16:22:31Z</time></rtept><rtept lat="43.157963" lon="-73.008422"><ele>594.4</ele><time>2026-09-18T16:22:31Z</time></rtept><rtept lat="43.157854" lon="-73.008456"><ele>591.8</ele><time>2026-09-18T16:22:31Z</time></rtept><rtept lat="43.157679" lon="-73.008511"><ele>594.2</ele><time>2026-09-18T16:22:31Z</time></rtept><rtept lat="43.15728" lon="-73.008622"><ele>590.4</ele><time>2026-09-18T16:22:31Z</time></rtept><rtept lat="43.157183" lon="-73.008638"><ele>591.2</ele><time>2026-09-18T16:22:31Z</time></rtept><rtept lat="43.157073" lon="-73.008634"><ele>593.0</ele><time>2026-09-18T16:22:31Z</time></rtept><rtept lat="43.156949" lon="-73.008614"><ele>594.2</ele><time>2026-09-18T16:22:31Z</time></rtept><rtept lat="43.156718" lon="-73.008577"><ele>602.8</ele><time>2026-09-18T16:22:31Z</time></rtept><rtept lat="43.156601" lon="-73.008554"><ele>602.8</ele><time>2026-09-18T16:22:31Z</time></rtept><rtept lat="43.156444" lon="-73.008518"><ele>607.4</ele><time>2026-09-18T16:22:31Z</time></rtept><rtept lat="43.156296" lon="-73.00847"><ele>606.6</ele><time>2026-09-18T16:22:31Z</time></rtept><rtept lat="43.156217" lon="-73.008439"><ele>609.6</ele><time>2026-09-18T16:22:31Z</time></rtept><rtept lat="43.156043" lon="-73.008355"><ele>610.6</ele><time>2026-09-18T16:22:31Z</time></rtept><rtept lat="43.155974" lon="-73.008321"><ele>610.2</ele><time>2026-09-18T16:22:31Z</time></rtept><rtept lat="43.155897" lon="-73.008302"><ele>610.2</ele><time>2026-09-18T16:22:31Z</time></rtept><rtept lat="43.15576" lon="-73.008301"><ele>612.2</ele><time>2026-09-18T16:22:31Z</time></rtept><rtept lat="43.155654" lon="-73.008311"><ele>614.6</ele><time>2026-09-18T16:22:31Z</time></rtept><rtept lat="43.155485" lon="-73.008335"><ele>616.6</ele><time>2026-09-18T16:22:31Z</time></rtept><rtept lat="43.155138" lon="-73.008348"><ele>619.6</ele><time>2026-09-18T16:22:31Z</time></rtept><rtept lat="43.155015" lon="-73.008351"><ele>620.0</ele><time>2026-09-18T16:22:31Z</time></rtept><rtept lat="43.154817" lon="-73.008344"><ele>622.0</ele><time>2026-09-18T16:22:31Z</time></rtept><rtept lat="43.154606" lon="-73.008344"><ele>625.8</ele><time>2026-09-18T16:22:31Z</time></rtept><rtept lat="43.154501" lon="-73.008357"><ele>624.4</ele><time>2026-09-18T16:22:31Z</time></rtept><rtept lat="43.154336" lon="-73.008384"><ele>629.0</ele><time>2026-09-18T16:22:31Z</time></rtept><rtept lat="43.154206" lon="-73.008389"><ele>630.8</ele><time>2026-09-18T16:22:31Z</time></rtept><rtept lat="43.15405" lon="-73.008364"><ele>632.0</ele><time>2026-09-18T16:22:31Z</time></rtept><rtept lat="43.15405" lon="-73.008364"><ele>632.0</ele><time>2026-09-18T16:22:31Z</time></rtept><rtept lat="43.154046" lon="-73.008377"><ele>632.0</ele><time>2026-09-18T16:22:31Z</time></rtept><rtept lat="43.154012" lon="-73.008473"><ele>628.6</ele><time>2026-09-18T16:22:31Z</time></rtept><rtept lat="43.153992" lon="-73.008528"><ele>624.8</ele><time>2026-09-18T16:22:31Z</time></rtept><rtept lat="43.153895" lon="-73.00866"><ele>618.4</ele><time>2026-09-18T16:22:31Z</time></rtept><rtept lat="43.153875" lon="-73.008689"><ele>618.4</ele><time>2026-09-18T16:22:31Z</time></rtept><rtept lat="43.153875" lon="-73.008689"><ele>618.4</ele><time>2026-09-18T16:22:31Z</time></rtept><rtept lat="43.153875" lon="-73.00869"><ele>618.4</ele><time>2026-09-18T16:22:31Z</time></rtept><rtept lat="43.153895" lon="-73.00866"><ele>618.4</ele><time>2026-09-18T16:22:31Z</time></rtept><rtept lat="43.153992" lon="-73.008528"><ele>624.8</ele><time>2026-09-18T16:22:31Z</time></rtept><rtept lat="43.154012" lon="-73.008473"><ele>628.6</ele><time>2026-09-18T16:22:31Z</time></rtept><rtept lat="43.154046" lon="-73.008377"><ele>632.0</ele><time>2026-09-18T16:22:31Z</time></rtept><rtept lat="43.154026" lon="-73.008349"><ele>636.8</ele><time>2026-09-18T16:22:31Z</time></rtept><rtept lat="43.154023" lon="-73.008365"><ele>632.6</ele><time>2026-09-18T16:22:31Z</time></rtept><rtept lat="43.153778" lon="-73.008301"><ele>639.0</ele><time>2026-09-18T16:22:31Z</time></rtept><rtept lat="43.153656" lon="-73.008243"><ele>641.8</ele><time>2026-09-18T16:22:31Z</time></rtept><rtept lat="43.15359" lon="-73.008197"><ele>642.0</ele><time>2026-09-18T16:22:31Z</time></rtept><rtept lat="43.153486" lon="-73.008176"><ele>643.6</ele><time>2026-09-18T16:22:31Z</time></rtept><rtept lat="43.153412" lon="-73.008129"><ele>643.8</ele><time>2026-09-18T16:22:31Z</time></rtept><rtept lat="43.153283" lon="-73.008075"><ele>645.2</ele><time>2026-09-18T16:22:31Z</time></rtept><rtept lat="43.153056" lon="-73.007941"><ele>646.2</ele><time>2026-09-18T16:22:31Z</time></rtept><rtept lat="43.152899" lon="-73.00784"><ele>647.6</ele><time>2026-09-18T16:22:31Z</time></rtept><rtept lat="43.152817" lon="-73.007719"><ele>648.4</ele><time>2026-09-18T16:22:31Z</time></rtept><rtept lat="43.152726" lon="-73.007578"><ele>650.2</ele><time>2026-09-18T16:22:31Z</time></rtept><rtept lat="43.152645" lon="-73.007432"><ele>650.4</ele><time>2026-09-18T16:22:31Z</time></rtept><rtept lat="43.152568" lon="-73.007275"><ele>652.2</ele><time>2026-09-18T16:22:31Z</time></rtept><rtept lat="43.152501" lon="-73.007094"><ele>654.0</ele><time>2026-09-18T16:22:31Z</time></rtept><rtept lat="43.152435" lon="-73.006954"><ele>655.4</ele><time>2026-09-18T16:22:31Z</time></rtept><rtept lat="43.152402" lon="-73.00684"><ele>655.6</ele><time>2026-09-18T16:22:31Z</time></rtept><rtept lat="43.152302" lon="-73.006432"><ele>659.6</ele><time>2026-09-18T16:22:31Z</time></rtept><rtept lat="43.15227" lon="-73.006307"><ele>659.6</ele><time>2026-09-18T16:22:31Z</time></rtept><rtept lat="43.152242" lon="-73.00617"><ele>661.4</ele><time>2026-09-18T16:22:31Z</time></rtept><rtept lat="43.152206" lon="-73.006112"><ele>661.2</ele><time>2026-09-18T16:22:31Z</time></rtept><rtept lat="43.152203" lon="-73.005998"><ele>662.2</ele><time>2026-09-18T16:22:31Z</time></rtept><rtept lat="43.152191" lon="-73.005892"><ele>663.0</ele><time>2026-09-18T16:22:31Z</time></rtept><rtept lat="43.152162" lon="-73.005749"><ele>663.6</ele><time>2026-09-18T16:22:31Z</time></rtept><rtept lat="43.152083" lon="-73.005346"><ele>666.8</ele><time>2026-09-18T16:22:31Z</time></rtept><rtept lat="43.152049" lon="-73.005223"><ele>667.6</ele><time>2026-09-18T16:22:31Z</time></rtept><rtept lat="43.151993" lon="-73.00503"><ele>667.8</ele><time>2026-09-18T16:22:31Z</time></rtept><rtept lat="43.151893" lon="-73.004757"><ele>667.0</ele><time>2026-09-18T16:22:31Z</time></rtept><rtept lat="43.151827" lon="-73.004549"><ele>667.6</ele><time>2026-09-18T16:22:31Z</time></rtept><rtept lat="43.151736" lon="-73.004243"><ele>667.6</ele><time>2026-09-18T16:22:31Z</time></rtept><rtept lat="43.151597" lon="-73.003836"><ele>664.2</ele><time>2026-09-18T16:22:31Z</time></rtept><rtept lat="43.151537" lon="-73.003686"><ele>665.6</ele><time>2026-09-18T16:22:31Z</time></rtept><rtept lat="43.151478" lon="-73.003557"><ele>664.2</ele><time>2026-09-18T16:22:31Z</time></rtept><rtept lat="43.151448" lon="-73.00347"><ele>663.0</ele><time>2026-09-18T16:22:31Z</time></rtept><rtept lat="43.151444" lon="-73.003384"><ele>663.6</ele><time>2026-09-18T16:22:31Z</time></rtept><rtept lat="43.151444" lon="-73.003264"><ele>665.2</ele><time>2026-09-18T16:22:31Z</time></rtept><rtept lat="43.151455" lon="-73.003107"><ele>667.4</ele><time>2026-09-18T16:22:31Z</time></rtept><rtept lat="43.151464" lon="-73.002966"><ele>668.8</ele><time>2026-09-18T16:22:31Z</time></rtept><rtept lat="43.151468" lon="-73.002836"><ele>671.4</ele><time>2026-09-18T16:22:31Z</time></rtept><rtept lat="43.151456" lon="-73.002752"><ele>672.6</ele><time>2026-09-18T16:22:31Z</time></rtept><rtept lat="43.151424" lon="-73.002598"><ele>675.0</ele><time>2026-09-18T16:22:31Z</time></rtept><rtept lat="43.151371" lon="-73.002443"><ele>674.2</ele><time>2026-09-18T16:22:31Z</time></rtept><rtept lat="43.151274" lon="-73.002171"><ele>673.6</ele><time>2026-09-18T16:22:31Z</time></rtept><rtept lat="43.151165" lon="-73.00186"><ele>673.2</ele><time>2026-09-18T16:22:31Z</time></rtept><rtept lat="43.151146" lon="-73.001785"><ele>671.4</ele><time>2026-09-18T16:22:31Z</time></rtept><rtept lat="43.15113" lon="-73.001674"><ele>671.8</ele><time>2026-09-18T16:22:31Z</time></rtept><rtept lat="43.151127" lon="-73.001558"><ele>672.6</ele><time>2026-09-18T16:22:31Z</time></rtept><rtept lat="43.151127" lon="-73.001416"><ele>673.2</ele><time>2026-09-18T16:22:31Z</time></rtept><rtept lat="43.151132" lon="-73.00124"><ele>674.2</ele><time>2026-09-18T16:22:31Z</time></rtept><rtept lat="43.151162" lon="-73.000877"><ele>678.8</ele><time>2026-09-18T16:22:31Z</time></rtept><rtept lat="43.151199" lon="-73.000496"><ele>680.8</ele><time>2026-09-18T16:22:31Z</time></rtept><rtept lat="43.15124" lon="-73.000107"><ele>684.8</ele><time>2026-09-18T16:22:31Z</time></rtept><rtept lat="43.151252" lon="-72.99992"><ele>686.2</ele><time>2026-09-18T16:22:31Z</time></rtept><rtept lat="43.151264" lon="-72.99975"><ele>687.4</ele><time>2026-09-18T16:22:31Z</time></rtept><rtept lat="43.151252" lon="-72.999496"><ele>690.0</ele><time>2026-09-18T16:22:31Z</time></rtept><rtept lat="43.15124" lon="-72.999333"><ele>691.4</ele><time>2026-09-18T16:22:31Z</time></rtept><rtept lat="43.151231" lon="-72.999201"><ele>692.4</ele><time>2026-09-18T16:22:31Z</time></rtept><rtept lat="43.151218" lon="-72.999098"><ele>691.8</ele><time>2026-09-18T16:22:31Z</time></rtept><rtept lat="43.151194" lon="-72.998975"><ele>693.6</ele><time>2026-09-18T16:22:31Z</time></rtept><rtept lat="43.151163" lon="-72.998852"><ele>694.2</ele><time>2026-09-18T16:22:31Z</time></rtept><rtept lat="43.151121" lon="-72.998723"><ele>694.2</ele><time>2026-09-18T16:22:31Z</time></rtept><rtept lat="43.151046" lon="-72.998547"><ele>694.2</ele><time>2026-09-18T16:22:31Z</time></rtept><rtept lat="43.150979" lon="-72.998356"><ele>694.2</ele><time>2026-09-18T16:22:31Z</time></rtept><rtept lat="43.150937" lon="-72.998175"><ele>694.0</ele><time>2026-09-18T16:22:31Z</time></rtept><rtept lat="43.150885" lon="-72.997963"><ele>694.0</ele><time>2026-09-18T16:22:31Z</time></rtept><rtept lat="43.150865" lon="-72.997833"><ele>694.6</ele><time>2026-09-18T16:22:31Z</time></rtept><rtept lat="43.150853" lon="-72.99769"><ele>695.4</ele><time>2026-09-18T16:22:31Z</time></rtept><rtept lat="43.150843" lon="-72.997465"><ele>694.0</ele><time>2026-09-18T16:22:31Z</time></rtept><rtept lat="43.15083" lon="-72.997272"><ele>694.4</ele><time>2026-09-18T16:22:31Z</time></rtept><rtept lat="43.150817" lon="-72.997171"><ele>694.6</ele><time>2026-09-18T16:22:31Z</time></rtept><rtept lat="43.150798" lon="-72.997067"><ele>695.0</ele><time>2026-09-18T16:22:31Z</time></rtept><rtept lat="43.150766" lon="-72.996968"><ele>694.0</ele><time>2026-09-18T16:22:31Z</time></rtept><rtept lat="43.150766" lon="-72.996968"><ele>694.0</ele><time>2026-09-18T16:22:31Z</time></rtept><rtept lat="43.150744" lon="-72.996898"><ele>694.6</ele><time>2026-09-18T16:22:31Z</time></rtept><rtept lat="43.150708" lon="-72.996807"><ele>694.0</ele><time>2026-09-18T16:22:31Z</time></rtept><rtept lat="43.15065" lon="-72.996664"><ele>694.2</ele><time>2026-09-18T16:22:31Z</time></rtept><rtept lat="43.150481" lon="-72.996299"><ele>694.6</ele><time>2026-09-18T16:22:31Z</time></rtept><rtept lat="43.150401" lon="-72.996114"><ele>693.2</ele><time>2026-09-18T16:22:31Z</time></rtept><rtept lat="43.150347" lon="-72.995925"><ele>694.4</ele><time>2026-09-18T16:22:31Z</time></rtept><rtept lat="43.150299" lon="-72.995699"><ele>694.8</ele><time>2026-09-18T16:22:31Z</time></rtept><rtept lat="43.150167" lon="-72.995062"><ele>695.4</ele><time>2026-09-18T16:22:31Z</time></rtept><rtept lat="43.150049" lon="-72.994461"><ele>696.8</ele><time>2026-09-18T16:22:31Z</time></rtept><rtept lat="43.15003" lon="-72.994295"><ele>696.0</ele><time>2026-09-18T16:22:31Z</time></rtept><rtept lat="43.150036" lon="-72.99414"><ele>697.6</ele><time>2026-09-18T16:22:31Z</time></rtept><rtept lat="43.150041" lon="-72.994028"><ele>697.6</ele><time>2026-09-18T16:22:31Z</time></rtept><rtept lat="43.150043" lon="-72.99399"><ele>697.6</ele><time>2026-09-18T16:22:31Z</time></rtept><rtept lat="43.150121" lon="-72.993349"><ele>697.6</ele><time>2026-09-18T16:22:31Z</time></rtept><rtept lat="43.150139" lon="-72.993195"><ele>697.0</ele><time>2026-09-18T16:22:31Z</time></rtept><rtept lat="43.150174" lon="-72.992889"><ele>696.4</ele><time>2026-09-18T16:22:31Z</time></rtept><rtept lat="43.150174" lon="-72.992796"><ele>696.0</ele><time>2026-09-18T16:22:31Z</time></rtept><rtept lat="43.150172" lon="-72.992633"><ele>694.8</ele><time>2026-09-18T16:22:31Z</time></rtept><rtept lat="43.150176" lon="-72.99255"><ele>694.2</ele><time>2026-09-18T16:22:31Z</time></rtept><rtept lat="43.150198" lon="-72.992485"><ele>694.2</ele><time>2026-09-18T16:22:31Z</time></rtept><rtept lat="43.150236" lon="-72.992408"><ele>694.4</ele><time>2026-09-18T16:22:31Z</time></rtept><rtept lat="43.150312" lon="-72.992285"><ele>694.4</ele><time>2026-09-18T16:22:31Z</time></rtept><rtept lat="43.150507" lon="-72.991939"><ele>695.4</ele><time>2026-09-18T16:22:31Z</time></rtept><rtept lat="43.150585" lon="-72.991864"><ele>696.0</ele><time>2026-09-18T16:22:31Z</time></rtept><rtept lat="43.150571" lon="-72.991757"><ele>696.6</ele><time>2026-09-18T16:22:31Z</time></rtept><rtept lat="43.150483" lon="-72.991667"><ele>697.2</ele><time>2026-09-18T16:22:31Z</time></rtept><rtept lat="43.150383" lon="-72.991644"><ele>697.8</ele><time>2026-09-18T16:22:31Z</time></rtept><rtept lat="43.150241" lon="-72.991517"><ele>699.6</ele><time>2026-09-18T16:22:31Z</time></rtept><rtept lat="43.150088" lon="-72.991379"><ele>701.4</ele><time>2026-09-18T16:22:31Z</time></rtept><rtept lat="43.149243" lon="-72.990772"><ele>704.4</ele><time>2026-09-18T16:22:31Z</time></rtept><rtept lat="43.149094" lon="-72.990782"><ele>704.4</ele><time>2026-09-18T16:22:31Z</time></rtept><rtept lat="43.148987" lon="-72.990679"><ele>704.6</ele><time>2026-09-18T16:22:31Z</time></rtept><rtept lat="43.148851" lon="-72.990407"><ele>705.8</ele><time>2026-09-18T16:22:31Z</time></rtept><rtept lat="43.148826" lon="-72.990288"><ele>706.0</ele><time>2026-09-18T16:22:31Z</time></rtept><rtept lat="43.148491" lon="-72.990021"><ele>706.0</ele><time>2026-09-18T16:22:31Z</time></rtept><rtept lat="43.148405" lon="-72.9899"><ele>706.2</ele><time>2026-09-18T16:22:31Z</time></rtept><rtept lat="43.148324" lon="-72.989761"><ele>706.2</ele><time>2026-09-18T16:22:31Z</time></rtept><rtept lat="43.148172" lon="-72.989498"><ele>707.0</ele><time>2026-09-18T16:22:31Z</time></rtept><rtept lat="43.147685" lon="-72.988797"><ele>710.4</ele><time>2026-09-18T16:22:31Z</time></rtept><rtept lat="43.147513" lon="-72.988572"><ele>711.8</ele><time>2026-09-18T16:22:31Z</time></rtept><rtept lat="43.147335" lon="-72.988429"><ele>712.8</ele><time>2026-09-18T16:22:31Z</time></rtept><rtept lat="43.146743" lon="-72.988012"><ele>714.6</ele><time>2026-09-18T16:22:31Z</time></rtept><rtept lat="43.146464" lon="-72.98765"><ele>714.8</ele><time>2026-09-18T16:22:31Z</time></rtept><rtept lat="43.146279" lon="-72.987495"><ele>714.8</ele><time>2026-09-18T16:22:31Z</time></rtept><rtept lat="43.146006" lon="-72.987254"><ele>714.2</ele><time>2026-09-18T16:22:31Z</time></rtept><rtept lat="43.145965" lon="-72.987017"><ele>714.8</ele><time>2026-09-18T16:22:31Z</time></rtept><rtept lat="43.146091" lon="-72.986673"><ele>715.2</ele><time>2026-09-18T16:22:31Z</time></rtept><rtept lat="43.14609" lon="-72.986377"><ele>715.0</ele><time>2026-09-18T16:22:31Z</time></rtept><rtept lat="43.145966" lon="-72.986182"><ele>715.0</ele><time>2026-09-18T16:22:31Z</time></rtept><rtept lat="43.145784" lon="-72.986116"><ele>714.8</ele><time>2026-09-18T16:22:31Z</time></rtept><rtept lat="43.145676" lon="-72.98592"><ele>714.8</ele><time>2026-09-18T16:22:31Z</time></rtept><rtept lat="43.145609" lon="-72.984909"><ele>712.0</ele><time>2026-09-18T16:22:31Z</time></rtept><rtept lat="43.145386" lon="-72.984117"><ele>710.4</ele><time>2026-09-18T16:22:31Z</time></rtept><rtept lat="43.145337" lon="-72.983787"><ele>709.4</ele><time>2026-09-18T16:22:31Z</time></rtept><rtept lat="43.145344" lon="-72.983519"><ele>708.6</ele><time>2026-09-18T16:22:31Z</time></rtept><rtept lat="43.145344" lon="-72.983208"><ele>707.6</ele><time>2026-09-18T16:22:31Z</time></rtept><rtept lat="43.145251" lon="-72.982907"><ele>706.6</ele><time>2026-09-18T16:22:31Z</time></rtept><rtept lat="43.14529" lon="-72.982489"><ele>704.6</ele><time>2026-09-18T16:22:31Z</time></rtept><rtept lat="43.145269" lon="-72.982258"><ele>704.0</ele><time>2026-09-18T16:22:31Z</time></rtept><rtept lat="43.145073" lon="-72.981891"><ele>703.6</ele><time>2026-09-18T16:22:31Z</time></rtept><rtept lat="43.144766" lon="-72.981392"><ele>702.2</ele><time>2026-09-18T16:22:31Z</time></rtept><rtept lat="43.143922" lon="-72.980872"><ele>705.0</ele><time>2026-09-18T16:22:31Z</time></rtept><rtept lat="43.143516" lon="-72.980145"><ele>708.6</ele><time>2026-09-18T16:22:31Z</time></rtept><rtept lat="43.143244" lon="-72.979809"><ele>705.8</ele><time>2026-09-18T16:22:31Z</time></rtept><rtept lat="43.142876" lon="-72.979463"><ele>699.6</ele><time>2026-09-18T16:22:31Z</time></rtept><rtept lat="43.142555" lon="-72.979323"><ele>696.4</ele><time>2026-09-18T16:22:31Z</time></rtept><rtept lat="43.141904" lon="-72.979708"><ele>696.2</ele><time>2026-09-18T16:22:31Z</time></rtept><rtept lat="43.141551" lon="-72.97975"><ele>693.6</ele><time>2026-09-18T16:22:31Z</time></rtept><rtept lat="43.140789" lon="-72.979623"><ele>693.0</ele><time>2026-09-18T16:22:31Z</time></rtept><rtept lat="43.140194" lon="-72.979344"><ele>692.2</ele><time>2026-09-18T16:22:31Z</time></rtept><rtept lat="43.139574" lon="-72.979222"><ele>691.4</ele><time>2026-09-18T16:22:31Z</time></rtept><rtept lat="43.139042" lon="-72.978745"><ele>689.2</ele><time>2026-09-18T16:22:31Z</time></rtept><rtept lat="43.138214" lon="-72.977688"><ele>684.0</ele><time>2026-09-18T16:22:31Z</time></rtept><rtept lat="43.137974" lon="-72.977441"><ele>680.6</ele><time>2026-09-18T16:22:31Z</time></rtept><rtept lat="43.137661" lon="-72.977093"><ele>671.2</ele><time>2026-09-18T16:22:31Z</time></rtept><rtept lat="43.137315" lon="-72.976695"><ele>682.4</ele><time>2026-09-18T16:22:31Z</time></rtept><rtept lat="43.13722" lon="-72.976392"><ele>684.8</ele><time>2026-09-18T16:22:31Z</time></rtept><rtept lat="43.137138" lon="-72.975885"><ele>691.6</ele><time>2026-09-18T16:22:31Z</time></rtept><rtept lat="43.136968" lon="-72.975384"><ele>693.0</ele><time>2026-09-18T16:22:31Z</time></rtept><rtept lat="43.136832" lon="-72.97519"><ele>693.6</ele><time>2026-09-18T16:22:31Z</time></rtept><rtept lat="43.136776" lon="-72.97481"><ele>693.4</ele><time>2026-09-18T16:22:31Z</time></rtept><rtept lat="43.136358" lon="-72.974606"><ele>694.0</ele><time>2026-09-18T16:22:31Z</time></rtept><rtept lat="43.136052" lon="-72.974262"><ele>693.4</ele><time>2026-09-18T16:22:31Z</time></rtept><rtept lat="43.135839" lon="-72.974142"><ele>694.0</ele><time>2026-09-18T16:22:31Z</time></rtept><rtept lat="43.135578" lon="-72.973758"><ele>694.2</ele><time>2026-09-18T16:22:31Z</time></rtept><rtept lat="43.13533" lon="-72.973516"><ele>695.2</ele><time>2026-09-18T16:22:31Z</time></rtept><rtept lat="43.135255" lon="-72.973244"><ele>693.8</ele><time>2026-09-18T16:22:31Z</time></rtept><rtept lat="43.13512" lon="-72.972929"><ele>693.0</ele><time>2026-09-18T16:22:31Z</time></rtept><rtept lat="43.134935" lon="-72.97271"><ele>692.4</ele><time>2026-09-18T16:22:31Z</time></rtept><rtept lat="43.134911" lon="-72.972458"><ele>690.8</ele><time>2026-09-18T16:22:31Z</time></rtept><rtept lat="43.134468" lon="-72.972043"><ele>692.2</ele><time>2026-09-18T16:22:31Z</time></rtept><rtept lat="43.134254" lon="-72.971708"><ele>692.4</ele><time>2026-09-18T16:22:31Z</time></rtept><rtept lat="43.134149" lon="-72.971401"><ele>691.8</ele><time>2026-09-18T16:22:31Z</time></rtept><rtept lat="43.134072" lon="-72.971215"><ele>691.0</ele><time>2026-09-18T16:22:31Z</time></rtept><rtept lat="43.134001" lon="-72.971261"><ele>691.2</ele><time>2026-09-18T16:22:31Z</time></rtept><rtept lat="43.133831" lon="-72.971471"><ele>693.0</ele><time>2026-09-18T16:22:31Z</time></rtept><rtept lat="43.133409" lon="-72.971733"><ele>695.2</ele><time>2026-09-18T16:22:31Z</time></rtept><rtept lat="43.132821" lon="-72.971851"><ele>695.2</ele><time>2026-09-18T16:22:31Z</time></rtept><rtept lat="43.132643" lon="-72.972011"><ele>695.8</ele><time>2026-09-18T16:22:31Z</time></rtept><rtept lat="43.132462" lon="-72.972175"><ele>696.2</ele><time>2026-09-18T16:22:31Z</time></rtept><rtept lat="43.132222" lon="-72.972345"><ele>696.6</ele><time>2026-09-18T16:22:31Z</time></rtept><rtept lat="43.132005" lon="-72.972415"><ele>696.6</ele><time>2026-09-18T16:22:31Z</time></rtept><rtept lat="43.132005" lon="-72.972415"><ele>696.6</ele><time>2026-09-18T16:22:31Z</time></rtept><rtept lat="43.131953" lon="-72.972432"><ele>696.4</ele><time>2026-09-18T16:22:31Z</time></rtept><rtept lat="43.13176" lon="-72.972786"><ele>697.2</ele><time>2026-09-18T16:22:31Z</time></rtept><rtept lat="43.131539" lon="-72.973014"><ele>697.6</ele><time>2026-09-18T16:22:31Z</time></rtept><rtept lat="43.131232" lon="-72.973076"><ele>697.4</ele><time>2026-09-18T16:22:31Z</time></rtept><rtept lat="43.130865" lon="-72.972841"><ele>696.2</ele><time>2026-09-18T16:22:31Z</time></rtept><rtept lat="43.130302" lon="-72.972753"><ele>694.4</ele><time>2026-09-18T16:22:31Z</time></rtept><rtept lat="43.130036" lon="-72.972824"><ele>694.6</ele><time>2026-09-18T16:22:31Z</time></rtept><rtept lat="43.129835" lon="-72.972854"><ele>694.2</ele><time>2026-09-18T16:22:31Z</time></rtept><rtept lat="43.129647" lon="-72.97289"><ele>693.8</ele><time>2026-09-18T16:22:31Z</time></rtept><rtept lat="43.129431" lon="-72.973151"><ele>694.8</ele><time>2026-09-18T16:22:31Z</time></rtept><rtept lat="43.129132" lon="-72.973448"><ele>696.0</ele><time>2026-09-18T16:22:31Z</time></rtept><rtept lat="43.128865" lon="-72.97412"><ele>702.0</ele><time>2026-09-18T16:22:31Z</time></rtept><rtept lat="43.128512" lon="-72.974308"><ele>703.6</ele><time>2026-09-18T16:22:31Z</time></rtept><rtept lat="43.127936" lon="-72.974444"><ele>704.2</ele><time>2026-09-18T16:22:31Z</time></rtept><rtept lat="43.127637" lon="-72.974615"><ele>705.0</ele><time>2026-09-18T16:22:31Z</time></rtept><rtept lat="43.127398" lon="-72.974705"><ele>704.6</ele><time>2026-09-18T16:22:31Z</time></rtept><rtept lat="43.127156" lon="-72.975002"><ele>707.4</ele><time>2026-09-18T16:22:31Z</time></rtept><rtept lat="43.126519" lon="-72.975372"><ele>710.6</ele><time>2026-09-18T16:22:31Z</time></rtept><rtept lat="43.126065" lon="-72.975856"><ele>713.4</ele><time>2026-09-18T16:22:31Z</time></rtept><rtept lat="43.125882" lon="-72.976753"><ele>718.0</ele><time>2026-09-18T16:22:31Z</time></rtept><rtept lat="43.125802" lon="-72.977511"><ele>720.0</ele><time>2026-09-18T16:22:31Z</time></rtept><rtept lat="43.125824" lon="-72.977974"><ele>721.0</ele><time>2026-09-18T16:22:31Z</time></rtept><rtept lat="43.125729" lon="-72.978209"><ele>720.6</ele><time>2026-09-18T16:22:31Z</time></rtept><rtept lat="43.125531" lon="-72.978333"><ele>720.4</ele><time>2026-09-18T16:22:31Z</time></rtept><rtept lat="43.125302" lon="-72.978285"><ele>720.2</ele><time>2026-09-18T16:22:31Z</time></rtept><rtept lat="43.124783" lon="-72.978112"><ele>716.4</ele><time>2026-09-18T16:22:31Z</time></rtept><rtept lat="43.124244" lon="-72.978108"><ele>710.6</ele><time>2026-09-18T16:22:31Z</time></rtept><rtept lat="43.123985" lon="-72.977956"><ele>701.6</ele><time>2026-09-18T16:22:31Z</time></rtept><rtept lat="43.123804" lon="-72.977603"><ele>694.2</ele><time>2026-09-18T16:22:31Z</time></rtept><rtept lat="43.123653" lon="-72.977393"><ele>693.2</ele><time>2026-09-18T16:22:31Z</time></rtept><rtept lat="43.123604" lon="-72.977319"><ele>693.4</ele><time>2026-09-18T16:22:31Z</time></rtept><rtept lat="43.123632" lon="-72.977124"><ele>693.8</ele><time>2026-09-18T16:22:31Z</time></rtept><rtept lat="43.123716" lon="-72.976947"><ele>694.8</ele><time>2026-09-18T16:22:31Z</time></rtept><rtept lat="43.123726" lon="-72.976856"><ele>694.8</ele><time>2026-09-18T16:22:31Z</time></rtept><rtept lat="43.123713" lon="-72.976707"><ele>694.8</ele><time>2026-09-18T16:22:31Z</time></rtept><rtept lat="43.123648" lon="-72.976587"><ele>693.4</ele><time>2026-09-18T16:22:31Z</time></rtept><rtept lat="43.123461" lon="-72.976424"><ele>692.0</ele><time>2026-09-18T16:22:31Z</time></rtept><rtept lat="43.123353" lon="-72.97633"><ele>693.2</ele><time>2026-09-18T16:22:31Z</time></rtept><rtept lat="43.123044" lon="-72.976476"><ele>695.6</ele><time>2026-09-18T16:22:31Z</time></rtept><rtept lat="43.122748" lon="-72.976481"><ele>696.0</ele><time>2026-09-18T16:22:31Z</time></rtept><rtept lat="43.122541" lon="-72.975998"><ele>699.6</ele><time>2026-09-18T16:22:31Z</time></rtept><rtept lat="43.122252" lon="-72.975716"><ele>704.0</ele><time>2026-09-18T16:22:31Z</time></rtept><rtept lat="43.121652" lon="-72.974184"><ele>720.4</ele><time>2026-09-18T16:22:31Z</time></rtept><rtept lat="43.121593" lon="-72.973561"><ele>722.8</ele><time>2026-09-18T16:22:31Z</time></rtept><rtept lat="43.121301" lon="-72.973021"><ele>729.6</ele><time>2026-09-18T16:22:31Z</time></rtept><rtept lat="43.120935" lon="-72.971526"><ele>743.0</ele><time>2026-09-18T16:22:31Z</time></rtept><rtept lat="43.120365" lon="-72.970468"><ele>756.8</ele><time>2026-09-18T16:22:31Z</time></rtept><rtept lat="43.120334" lon="-72.970264"><ele>757.2</ele><time>2026-09-18T16:22:31Z</time></rtept><rtept lat="43.120273" lon="-72.970184"><ele>758.0</ele><time>2026-09-18T16:22:31Z</time></rtept><rtept lat="43.120229" lon="-72.970115"><ele>757.2</ele><time>2026-09-18T16:22:31Z</time></rtept><rtept lat="43.120213" lon="-72.970032"><ele>757.6</ele><time>2026-09-18T16:22:31Z</time></rtept><rtept lat="43.120147" lon="-72.969914"><ele>757.8</ele><time>2026-09-18T16:22:31Z</time></rtept><rtept lat="43.119967" lon="-72.969697"><ele>757.6</ele><time>2026-09-18T16:22:31Z</time></rtept><rtept lat="43.119733" lon="-72.969334"><ele>753.4</ele><time>2026-09-18T16:22:31Z</time></rtept><rtept lat="43.119525" lon="-72.969054"><ele>748.2</ele><time>2026-09-18T16:22:31Z</time></rtept><rtept lat="43.119478" lon="-72.968781"><ele>745.0</ele><time>2026-09-18T16:22:31Z</time></rtept><rtept lat="43.119396" lon="-72.968556"><ele>752.6</ele><time>2026-09-18T16:22:31Z</time></rtept><rtept lat="43.119339" lon="-72.968294"><ele>755.2</ele><time>2026-09-18T16:22:31Z</time></rtept><rtept lat="43.1193" lon="-72.967933"><ele>755.2</ele><time>2026-09-18T16:22:31Z</time></rtept><rtept lat="43.119146" lon="-72.967602"><ele>758.2</ele><time>2026-09-18T16:22:31Z</time></rtept><rtept lat="43.119031" lon="-72.967342"><ele>758.4</ele><time>2026-09-18T16:22:31Z</time></rtept><rtept lat="43.118953" lon="-72.967148"><ele>759.4</ele><time>2026-09-18T16:22:31Z</time></rtept><rtept lat="43.118734" lon="-72.966591"><ele>758.8</ele><time>2026-09-18T16:22:31Z</time></rtept><rtept lat="43.118739" lon="-72.966499"><ele>758.0</ele><time>2026-09-18T16:22:31Z</time></rtept><rtept lat="43.118711" lon="-72.966461"><ele>757.8</ele><time>2026-09-18T16:22:31Z</time></rtept><rtept lat="43.118612" lon="-72.966376"><ele>757.6</ele><time>2026-09-18T16:22:31Z</time></rtept><rtept lat="43.118548" lon="-72.966332"><ele>758.4</ele><time>2026-09-18T16:22:31Z</time></rtept><rtept lat="43.118541" lon="-72.966253"><ele>757.2</ele><time>2026-09-18T16:22:31Z</time></rtept><rtept lat="43.118507" lon="-72.966208"><ele>756.8</ele><time>2026-09-18T16:22:31Z</time></rtept><rtept lat="43.118366" lon="-72.966134"><ele>758.2</ele><time>2026-09-18T16:22:31Z</time></rtept><rtept lat="43.118318" lon="-72.966073"><ele>757.4</ele><time>2026-09-18T16:22:31Z</time></rtept><rtept lat="43.118287" lon="-72.966007"><ele>756.0</ele><time>2026-09-18T16:22:31Z</time></rtept><rtept lat="43.118245" lon="-72.965945"><ele>755.2</ele><time>2026-09-18T16:22:31Z</time></rtept><rtept lat="43.118205" lon="-72.965938"><ele>755.8</ele><time>2026-09-18T16:22:31Z</time></rtept><rtept lat="43.118053" lon="-72.965919"><ele>757.2</ele><time>2026-09-18T16:22:31Z</time></rtept><rtept lat="43.117983" lon="-72.96589"><ele>757.8</ele><time>2026-09-18T16:22:31Z</time></rtept><rtept lat="43.117921" lon="-72.965879"><ele>758.4</ele><time>2026-09-18T16:22:31Z</time></rtept><rtept lat="43.117859" lon="-72.965892"><ele>759.0</ele><time>2026-09-18T16:22:31Z</time></rtept><rtept lat="43.117808" lon="-72.965867"><ele>758.0</ele><time>2026-09-18T16:22:31Z</time></rtept><rtept lat="43.117524" lon="-72.965738"><ele>758.2</ele><time>2026-09-18T16:22:31Z</time></rtept><rtept lat="43.117448" lon="-72.96572"><ele>758.6</ele><time>2026-09-18T16:22:31Z</time></rtept><rtept lat="43.117242" lon="-72.965694"><ele>757.8</ele><time>2026-09-18T16:22:31Z</time></rtept><rtept lat="43.116957" lon="-72.965603"><ele>757.2</ele><time>2026-09-18T16:22:31Z</time></rtept><rtept lat="43.11671" lon="-72.965465"><ele>756.2</ele><time>2026-09-18T16:22:31Z</time></rtept><rtept lat="43.116557" lon="-72.965435"><ele>754.4</ele><time>2026-09-18T16:22:31Z</time></rtept><rtept lat="43.116421" lon="-72.965421"><ele>754.4</ele><time>2026-09-18T16:22:31Z</time></rtept><rtept lat="43.116267" lon="-72.965477"><ele>756.4</ele><time>2026-09-18T16:22:31Z</time></rtept><rtept lat="43.11587" lon="-72.965687"><ele>761.0</ele><time>2026-09-18T16:22:31Z</time></rtept><rtept lat="43.115494" lon="-72.965623"><ele>765.8</ele><time>2026-09-18T16:22:31Z</time></rtept><rtept lat="43.115296" lon="-72.965362"><ele>763.0</ele><time>2026-09-18T16:22:31Z</time></rtept><rtept lat="43.114747" lon="-72.965347"><ele>765.8</ele><time>2026-09-18T16:22:31Z</time></rtept><rtept lat="43.114031" lon="-72.965208"><ele>766.2</ele><time>2026-09-18T16:22:31Z</time></rtept><rtept lat="43.113599" lon="-72.965139"><ele>763.8</ele><time>2026-09-18T16:22:31Z</time></rtept><rtept lat="43.113151" lon="-72.964839"><ele>759.0</ele><time>2026-09-18T16:22:31Z</time></rtept><rtept lat="43.112967" lon="-72.96474"><ele>759.6</ele><time>2026-09-18T16:22:31Z</time></rtept><rtept lat="43.112686" lon="-72.964516"><ele>760.6</ele><time>2026-09-18T16:22:31Z</time></rtept><rtept lat="43.112324" lon="-72.96452"><ele>765.4</ele><time>2026-09-18T16:22:31Z</time></rtept><rtept lat="43.112133" lon="-72.964421"><ele>769.0</ele><time>2026-09-18T16:22:31Z</time></rtept><rtept lat="43.111632" lon="-72.964147"><ele>782.6</ele><time>2026-09-18T16:22:31Z</time></rtept><rtept lat="43.111378" lon="-72.964012"><ele>788.0</ele><time>2026-09-18T16:22:31Z</time></rtept><rtept lat="43.111252" lon="-72.963734"><ele>789.8</ele><time>2026-09-18T16:22:31Z</time></rtept><rtept lat="43.1111" lon="-72.963725"><ele>791.6</ele><time>2026-09-18T16:22:31Z</time></rtept><rtept lat="43.110907" lon="-72.963829"><ele>794.6</ele><time>2026-09-18T16:22:31Z</time></rtept><rtept lat="43.110347" lon="-72.963681"><ele>804.6</ele><time>2026-09-18T16:22:31Z</time></rtept><rtept lat="43.110042" lon="-72.96387"><ele>804.8</ele><time>2026-09-18T16:22:31Z</time></rtept><rtept lat="43.109599" lon="-72.963886"><ele>803.2</ele><time>2026-09-18T16:22:31Z</time></rtept><rtept lat="43.109027" lon="-72.963667"><ele>801.2</ele><time>2026-09-18T16:22:31Z</time></rtept><rtept lat="43.108162" lon="-72.963731"><ele>798.6</ele><time>2026-09-18T16:22:31Z</time></rtept><rtept lat="43.107837" lon="-72.963797"><ele>798.2</ele><time>2026-09-18T16:22:31Z</time></rtept><rtept lat="43.107584" lon="-72.963716"><ele>797.4</ele><time>2026-09-18T16:22:31Z</time></rtept><rtept lat="43.106984" lon="-72.963865"><ele>796.2</ele><time>2026-09-18T16:22:31Z</time></rtept><rtept lat="43.106612" lon="-72.963896"><ele>795.8</ele><time>2026-09-18T16:22:31Z</time></rtept><rtept lat="43.106612" lon="-72.963896"><ele>795.8</ele><time>2026-09-18T16:22:31Z</time></rtept><rtept lat="43.106494" lon="-72.963906"><ele>796.0</ele><time>2026-09-18T16:22:31Z</time></rtept><rtept lat="43.106301" lon="-72.963895"><ele>797.2</ele><time>2026-09-18T16:22:31Z</time></rtept><rtept lat="43.106112" lon="-72.963838"><ele>797.6</ele><time>2026-09-18T16:22:31Z</time></rtept><rtept lat="43.105955" lon="-72.963789"><ele>798.4</ele><time>2026-09-18T16:22:31Z</time></rtept><rtept lat="43.105651" lon="-72.96374"><ele>798.2</ele><time>2026-09-18T16:22:31Z</time></rtept><rtept lat="43.105512" lon="-72.963722"><ele>799.0</ele><time>2026-09-18T16:22:31Z</time></rtept><rtept lat="43.105413" lon="-72.9637"><ele>799.0</ele><time>2026-09-18T16:22:31Z</time></rtept><rtept lat="43.105261" lon="-72.963673"><ele>798.8</ele><time>2026-09-18T16:22:31Z</time></rtept><rtept lat="43.104731" lon="-72.963644"><ele>797.8</ele><time>2026-09-18T16:22:31Z</time></rtept><rtept lat="43.104622" lon="-72.963633"><ele>799.4</ele><time>2026-09-18T16:22:31Z</time></rtept><rtept lat="43.104469" lon="-72.963566"><ele>799.4</ele><time>2026-09-18T16:22:31Z</time></rtept><rtept lat="43.104377" lon="-72.963494"><ele>801.0</ele><time>2026-09-18T16:22:31Z</time></rtept><rtept lat="43.104251" lon="-72.963449"><ele>802.4</ele><time>2026-09-18T16:22:31Z</time></rtept><rtept lat="43.104191" lon="-72.963385"><ele>802.2</ele><time>2026-09-18T16:22:31Z</time></rtept><rtept lat="43.104069" lon="-72.96326"><ele>803.8</ele><time>2026-09-18T16:22:31Z</time></rtept><rtept lat="43.103975" lon="-72.963199"><ele>804.2</ele><time>2026-09-18T16:22:31Z</time></rtept><rtept lat="43.103811" lon="-72.963153"><ele>803.6</ele><time>2026-09-18T16:22:31Z</time></rtept><rtept lat="43.103756" lon="-72.963126"><ele>803.4</ele><time>2026-09-18T16:22:31Z</time></rtept><rtept lat="43.103644" lon="-72.963011"><ele>804.8</ele><time>2026-09-18T16:22:31Z</time></rtept><rtept lat="43.103584" lon="-72.962981"><ele>804.6</ele><time>2026-09-18T16:22:31Z</time></rtept><rtept lat="43.103423" lon="-72.962973"><ele>804.2</ele><time>2026-09-18T16:22:31Z</time></rtept><rtept lat="43.103315" lon="-72.962933"><ele>804.6</ele><time>2026-09-18T16:22:31Z</time></rtept><rtept lat="43.103149" lon="-72.962866"><ele>804.2</ele><time>2026-09-18T16:22:31Z</time></rtept><rtept lat="43.102982" lon="-72.962775"><ele>804.8</ele><time>2026-09-18T16:22:31Z</time></rtept><rtept lat="43.102894" lon="-72.962748"><ele>804.8</ele><time>2026-09-18T16:22:31Z</time></rtept><rtept lat="43.1028" lon="-72.962721"><ele>805.0</ele><time>2026-09-18T16:22:31Z</time></rtept><rtept lat="43.102616" lon="-72.962683"><ele>806.2</ele><time>2026-09-18T16:22:31Z</time></rtept><rtept lat="43.102499" lon="-72.962619"><ele>806.8</ele><time>2026-09-18T16:22:31Z</time></rtept><rtept lat="43.10233" lon="-72.962429"><ele>809.0</ele><time>2026-09-18T16:22:31Z</time></rtept><rtept lat="43.102168" lon="-72.962396"><ele>810.4</ele><time>2026-09-18T16:22:31Z</time></rtept><rtept lat="43.102163" lon="-72.962533"><ele>810.0</ele><time>2026-09-18T16:22:31Z</time></rtept><rtept lat="43.102136" lon="-72.962671"><ele>809.6</ele><time>2026-09-18T16:22:31Z</time></rtept><rtept lat="43.102073" lon="-72.962855"><ele>809.2</ele><time>2026-09-18T16:22:31Z</time></rtept><rtept lat="43.102055" lon="-72.96298"><ele>808.6</ele><time>2026-09-18T16:22:31Z</time></rtept><rtept lat="43.102037" lon="-72.963021"><ele>809.2</ele><time>2026-09-18T16:22:31Z</time></rtept><rtept lat="43.101993" lon="-72.963066"><ele>808.8</ele><time>2026-09-18T16:22:31Z</time></rtept><rtept lat="43.101971" lon="-72.963109"><ele>809.4</ele><time>2026-09-18T16:22:31Z</time></rtept><rtept lat="43.101963" lon="-72.96317"><ele>809.0</ele><time>2026-09-18T16:22:31Z</time></rtept><rtept lat="43.101946" lon="-72.96329"><ele>808.6</ele><time>2026-09-18T16:22:31Z</time></rtept><rtept lat="43.101933" lon="-72.963392"><ele>807.6</ele><time>2026-09-18T16:22:31Z</time></rtept><rtept lat="43.101939" lon="-72.963431"><ele>807.6</ele><time>2026-09-18T16:22:31Z</time></rtept><rtept lat="43.101939" lon="-72.963431"><ele>807.6</ele><time>2026-09-18T16:22:31Z</time></rtept><rtept lat="43.101948" lon="-72.963488"><ele>807.0</ele><time>2026-09-18T16:22:31Z</time></rtept><rtept lat="43.101993" lon="-72.963622"><ele>805.6</ele><time>2026-09-18T16:22:31Z</time></rtept><rtept lat="43.102017" lon="-72.96374"><ele>804.4</ele><time>2026-09-18T16:22:31Z</time></rtept><rtept lat="43.10202" lon="-72.963884"><ele>804.0</ele><time>2026-09-18T16:22:31Z</time></rtept><rtept lat="43.101921" lon="-72.963933"><ele>805.4</ele><time>2026-09-18T16:22:31Z</time></rtept><rtept lat="43.101856" lon="-72.963943"><ele>806.2</ele><time>2026-09-18T16:22:31Z</time></rtept><rtept lat="43.101797" lon="-72.963977"><ele>806.8</ele><time>2026-09-18T16:22:31Z</time></rtept><rtept lat="43.101731" lon="-72.963981"><ele>807.6</ele><time>2026-09-18T16:22:31Z</time></rtept><rtept lat="43.101648" lon="-72.964044"><ele>807.8</ele><time>2026-09-18T16:22:31Z</time></rtept><rtept lat="43.101682" lon="-72.964233"><ele>806.6</ele><time>2026-09-18T16:22:31Z</time></rtept><rtept lat="43.101682" lon="-72.964341"><ele>805.8</ele><time>2026-09-18T16:22:31Z</time></rtept><rtept lat="43.101644" lon="-72.964459"><ele>806.2</ele><time>2026-09-18T16:22:31Z</time></rtept><rtept lat="43.10156" lon="-72.964657"><ele>806.0</ele><time>2026-09-18T16:22:31Z</time></rtept><rtept lat="43.10154" lon="-72.964692"><ele>806.2</ele><time>2026-09-18T16:22:31Z</time></rtept><rtept lat="43.101536" lon="-72.964737"><ele>806.2</ele><time>2026-09-18T16:22:31Z</time></rtept><rtept lat="43.101571" lon="-72.964895"><ele>804.6</ele><time>2026-09-18T16:22:31Z</time></rtept><rtept lat="43.101561" lon="-72.964986"><ele>803.8</ele><time>2026-09-18T16:22:31Z</time></rtept><rtept lat="43.101513" lon="-72.965079"><ele>804.0</ele><time>2026-09-18T16:22:31Z</time></rtept><rtept lat="43.101388" lon="-72.965203"><ele>804.2</ele><time>2026-09-18T16:22:31Z</time></rtept><rtept lat="43.101278" lon="-72.965354"><ele>805.4</ele><time>2026-09-18T16:22:31Z</time></rtept><rtept lat="43.101188" lon="-72.965459"><ele>806.4</ele><time>2026-09-18T16:22:31Z</time></rtept><rtept lat="43.101064" lon="-72.965554"><ele>808.2</ele><time>2026-09-18T16:22:31Z</time></rtept><rtept lat="43.100746" lon="-72.965673"><ele>812.4</ele><time>2026-09-18T16:22:31Z</time></rtept><rtept lat="43.100707" lon="-72.965788"><ele>814.0</ele><time>2026-09-18T16:22:31Z</time></rtept><rtept lat="43.100725" lon="-72.965903"><ele>814.2</ele><time>2026-09-18T16:22:31Z</time></rtept><rtept lat="43.100775" lon="-72.966014"><ele>813.6</ele><time>2026-09-18T16:22:31Z</time></rtept><rtept lat="43.100845" lon="-72.966142"><ele>813.2</ele><time>2026-09-18T16:22:31Z</time></rtept><rtept lat="43.100887" lon="-72.966246"><ele>812.8</ele><time>2026-09-18T16:22:31Z</time></rtept><rtept lat="43.100913" lon="-72.966331"><ele>813.2</ele><time>2026-09-18T16:22:31Z</time></rtept><rtept lat="43.101072" lon="-72.966603"><ele>813.0</ele><time>2026-09-18T16:22:31Z</time></rtept><rtept lat="43.101182" lon="-72.966782"><ele>813.2</ele><time>2026-09-18T16:22:31Z</time></rtept><rtept lat="43.101216" lon="-72.966893"><ele>814.0</ele><time>2026-09-18T16:22:31Z</time></rtept><rtept lat="43.101281" lon="-72.967046"><ele>814.6</ele><time>2026-09-18T16:22:31Z</time></rtept><rtept lat="43.101414" lon="-72.967233"><ele>813.8</ele><time>2026-09-18T16:22:31Z</time></rtept><rtept lat="43.101508" lon="-72.967394"><ele>812.4</ele><time>2026-09-18T16:22:31Z</time></rtept><rtept lat="43.101555" lon="-72.967458"><ele>811.6</ele><time>2026-09-18T16:22:31Z</time></rtept><rtept lat="43.101602" lon="-72.967587"><ele>812.4</ele><time>2026-09-18T16:22:31Z</time></rtept><rtept lat="43.101641" lon="-72.967705"><ele>811.2</ele><time>2026-09-18T16:22:31Z</time></rtept><rtept lat="43.101672" lon="-72.967941"><ele>812.4</ele><time>2026-09-18T16:22:31Z</time></rtept><rtept lat="43.101672" lon="-72.968252"><ele>812.8</ele><time>2026-09-18T16:22:31Z</time></rtept><rtept lat="43.101704" lon="-72.968434"><ele>811.0</ele><time>2026-09-18T16:22:31Z</time></rtept><rtept lat="43.10175" lon="-72.968574"><ele>808.8</ele><time>2026-09-18T16:22:31Z</time></rtept><rtept lat="43.101756" lon="-72.968728"><ele>808.4</ele><time>2026-09-18T16:22:31Z</time></rtept><rtept lat="43.101782" lon="-72.968906"><ele>807.8</ele><time>2026-09-18T16:22:31Z</time></rtept><rtept lat="43.101818" lon="-72.969074"><ele>804.8</ele><time>2026-09-18T16:22:31Z</time></rtept><rtept lat="43.101763" lon="-72.969185"><ele>806.2</ele><time>2026-09-18T16:22:31Z</time></rtept><rtept lat="43.101703" lon="-72.969274"><ele>807.4</ele><time>2026-09-18T16:22:31Z</time></rtept><rtept lat="43.101609" lon="-72.969432"><ele>809.8</ele><time>2026-09-18T16:22:31Z</time></rtept><rtept lat="43.101602" lon="-72.969528"><ele>808.6</ele><time>2026-09-18T16:22:31Z</time></rtept><rtept lat="43.101649" lon="-72.969614"><ele>804.8</ele><time>2026-09-18T16:22:31Z</time></rtept><rtept lat="43.101716" lon="-72.969671"><ele>800.6</ele><time>2026-09-18T16:22:31Z</time></rtept><rtept lat="43.101809" lon="-72.969604"><ele>797.6</ele><time>2026-09-18T16:22:31Z</time></rtept><rtept lat="43.101888" lon="-72.969539"><ele>797.0</ele><time>2026-09-18T16:22:31Z</time></rtept><rtept lat="43.101974" lon="-72.969464"><ele>796.2</ele><time>2026-09-18T16:22:31Z</time></rtept><rtept lat="43.102076" lon="-72.969368"><ele>793.8</ele><time>2026-09-18T16:22:31Z</time></rtept><rtept lat="43.10213" lon="-72.969303"><ele>793.2</ele><time>2026-09-18T16:22:31Z</time></rtept><rtept lat="43.10218" lon="-72.969225"><ele>791.4</ele><time>2026-09-18T16:22:31Z</time></rtept><rtept lat="43.102242" lon="-72.969157"><ele>790.6</ele><time>2026-09-18T16:22:31Z</time></rtept><rtept lat="43.102288" lon="-72.969193"><ele>790.6</ele><time>2026-09-18T16:22:31Z</time></rtept><rtept lat="43.102278" lon="-72.9693"><ele>789.4</ele><time>2026-09-18T16:22:31Z</time></rtept><rtept lat="43.102252" lon="-72.969389"><ele>786.6</ele><time>2026-09-18T16:22:31Z</time></rtept><rtept lat="43.102228" lon="-72.969475"><ele>787.0</ele><time>2026-09-18T16:22:31Z</time></rtept><rtept lat="43.102187" lon="-72.969507"><ele>787.0</ele><time>2026-09-18T16:22:31Z</time></rtept><rtept lat="43.10216" lon="-72.969618"><ele>787.4</ele><time>2026-09-18T16:22:31Z</time></rtept><rtept lat="43.102179" lon="-72.96975"><ele>785.6</ele><time>2026-09-18T16:22:31Z</time></rtept><rtept lat="43.102213" lon="-72.969914"><ele>787.0</ele><time>2026-09-18T16:22:31Z</time></rtept><rtept lat="43.102375" lon="-72.970157"><ele>787.2</ele><time>2026-09-18T16:22:31Z</time></rtept><rtept lat="43.102471" lon="-72.970247"><ele>787.8</ele><time>2026-09-18T16:22:31Z</time></rtept><rtept lat="43.102644" lon="-72.97043"><ele>789.2</ele><time>2026-09-18T16:22:31Z</time></rtept><rtept lat="43.102875" lon="-72.970569"><ele>785.6</ele><time>2026-09-18T16:22:31Z</time></rtept><rtept lat="43.102988" lon="-72.970647"><ele>785.6</ele><time>2026-09-18T16:22:31Z</time></rtept><rtept lat="43.10305" lon="-72.970658"><ele>785.0</ele><time>2026-09-18T16:22:31Z</time></rtept><rtept lat="43.103182" lon="-72.970778"><ele>784.0</ele><time>2026-09-18T16:22:31Z</time></rtept><rtept lat="43.103308" lon="-72.970853"><ele>783.4</ele><time>2026-09-18T16:22:31Z</time></rtept><rtept lat="43.103428" lon="-72.970944"><ele>783.0</ele><time>2026-09-18T16:22:31Z</time></rtept><rtept lat="43.103595" lon="-72.971006"><ele>782.8</ele><time>2026-09-18T16:22:31Z</time></rtept><rtept lat="43.103738" lon="-72.971043"><ele>783.0</ele><time>2026-09-18T16:22:31Z</time></rtept><rtept lat="43.103831" lon="-72.971099"><ele>782.8</ele><time>2026-09-18T16:22:31Z</time></rtept><rtept lat="43.103961" lon="-72.971302"><ele>783.0</ele><time>2026-09-18T16:22:31Z</time></rtept><rtept lat="43.103994" lon="-72.971395"><ele>782.8</ele><time>2026-09-18T16:22:31Z</time></rtept><rtept lat="43.104008" lon="-72.971548"><ele>783.4</ele><time>2026-09-18T16:22:31Z</time></rtept><rtept lat="43.104124" lon="-72.971712"><ele>783.0</ele><time>2026-09-18T16:22:31Z</time></rtept><rtept lat="43.104331" lon="-72.972033"><ele>782.8</ele><time>2026-09-18T16:22:31Z</time></rtept><rtept lat="43.104417" lon="-72.972171"><ele>782.8</ele><time>2026-09-18T16:22:31Z</time></rtept><rtept lat="43.104501" lon="-72.972391"><ele>782.8</ele><time>2026-09-18T16:22:31Z</time></rtept><rtept lat="43.104589" lon="-72.972531"><ele>783.0</ele><time>2026-09-18T16:22:31Z</time></rtept><rtept lat="43.104698" lon="-72.972791"><ele>783.2</ele><time>2026-09-18T16:22:31Z</time></rtept><rtept lat="43.104764" lon="-72.97295"><ele>783.2</ele><time>2026-09-18T16:22:31Z</time></rtept><rtept lat="43.104833" lon="-72.973075"><ele>783.2</ele><time>2026-09-18T16:22:31Z</time></rtept><rtept lat="43.105058" lon="-72.97341"><ele>782.8</ele><time>2026-09-18T16:22:31Z</time></rtept><rtept lat="43.105231" lon="-72.973585"><ele>782.8</ele><time>2026-09-18T16:22:31Z</time></rtept><rtept lat="43.105254" lon="-72.973603"><ele>782.8</ele><time>2026-09-18T16:22:31Z</time></rtept><rtept lat="43.105274" lon="-72.973609"><ele>782.8</ele><time>2026-09-18T16:22:31Z</time></rtept><rtept lat="43.105304" lon="-72.973621"><ele>782.8</ele><time>2026-09-18T16:22:31Z</time></rtept><rtept lat="43.105332" lon="-72.973624"><ele>783.0</ele><time>2026-09-18T16:22:31Z</time></rtept><rtept lat="43.105369" lon="-72.973624"><ele>783.0</ele><time>2026-09-18T16:22:31Z</time></rtept><rtept lat="43.105396" lon="-72.973599"><ele>783.2</ele><time>2026-09-18T16:22:31Z</time></rtept><rtept lat="43.105403" lon="-72.973553"><ele>783.4</ele><time>2026-09-18T16:22:31Z</time></rtept><rtept lat="43.105453" lon="-72.97341"><ele>784.2</ele><time>2026-09-18T16:22:31Z</time></rtept><rtept lat="43.105525" lon="-72.973336"><ele>785.0</ele><time>2026-09-18T16:22:31Z</time></rtept><rtept lat="43.1056" lon="-72.973279"><ele>786.0</ele><time>2026-09-18T16:22:31Z</time></rtept><rtept lat="43.105661" lon="-72.973214"><ele>787.2</ele><time>2026-09-18T16:22:31Z</time></rtept><rtept lat="43.105691" lon="-72.973056"><ele>788.4</ele><time>2026-09-18T16:22:31Z</time></rtept><rtept lat="43.105706" lon="-72.972905"><ele>788.2</ele><time>2026-09-18T16:22:31Z</time></rtept><rtept lat="43.105731" lon="-72.972864"><ele>788.2</ele><time>2026-09-18T16:22:31Z</time></rtept><rtept lat="43.105788" lon="-72.972786"><ele>789.2</ele><time>2026-09-18T16:22:31Z</time></rtept><rtept lat="43.105898" lon="-72.972721"><ele>791.6</ele><time>2026-09-18T16:22:31Z</time></rtept><rtept lat="43.106011" lon="-72.972685"><ele>794.2</ele><time>2026-09-18T16:22:31Z</time></rtept><rtept lat="43.106017" lon="-72.972511"><ele>793.4</ele><time>2026-09-18T16:22:31Z</time></rtept><rtept lat="43.106028" lon="-72.972345"><ele>792.4</ele><time>2026-09-18T16:22:31Z</time></rtept><rtept lat="43.106131" lon="-72.972248"><ele>794.6</ele><time>2026-09-18T16:22:31Z</time></rtept><rtept lat="43.106163" lon="-72.972112"><ele>793.0</ele><time>2026-09-18T16:22:31Z</time></rtept><rtept lat="43.106227" lon="-72.972018"><ele>793.2</ele><time>2026-09-18T16:22:31Z</time></rtept><rtept lat="43.106301" lon="-72.971963"><ele>793.4</ele><time>2026-09-18T16:22:31Z</time></rtept><rtept lat="43.106301" lon="-72.971963"><ele>793.4</ele><time>2026-09-18T16:22:31Z</time></rtept><rtept lat="43.106227" lon="-72.972018"><ele>793.2</ele><time>2026-09-18T16:22:31Z</time></rtept><rtept lat="43.106163" lon="-72.972112"><ele>793.0</ele><time>2026-09-18T16:22:31Z</time></rtept><rtept lat="43.106131" lon="-72.972248"><ele>794.6</ele><time>2026-09-18T16:22:31Z</time></rtept><rtept lat="43.106028" lon="-72.972345"><ele>792.4</ele><time>2026-09-18T16:22:31Z</time></rtept><rtept lat="43.106017" lon="-72.972511"><ele>793.4</ele><time>2026-09-18T16:22:31Z</time></rtept><rtept lat="43.106011" lon="-72.972685"><ele>794.2</ele><time>2026-09-18T16:22:31Z</time></rtept><rtept lat="43.105898" lon="-72.972721"><ele>791.6</ele><time>2026-09-18T16:22:31Z</time></rtept><rtept lat="43.105788" lon="-72.972786"><ele>789.2</ele><time>2026-09-18T16:22:31Z</time></rtept><rtept lat="43.105731" lon="-72.972864"><ele>788.2</ele><time>2026-09-18T16:22:31Z</time></rtept><rtept lat="43.105706" lon="-72.972905"><ele>788.2</ele><time>2026-09-18T16:22:31Z</time></rtept><rtept lat="43.105691" lon="-72.973056"><ele>788.4</ele><time>2026-09-18T16:22:31Z</time></rtept><rtept lat="43.105661" lon="-72.973214"><ele>787.2</ele><time>2026-09-18T16:22:31Z</time></rtept><rtept lat="43.1056" lon="-72.973279"><ele>786.0</ele><time>2026-09-18T16:22:31Z</time></rtept><rtept lat="43.105525" lon="-72.973336"><ele>785.0</ele><time>2026-09-18T16:22:31Z</time></rtept><rtept lat="43.105453" lon="-72.97341"><ele>784.2</ele><time>2026-09-18T16:22:31Z</time></rtept><rtept lat="43.105403" lon="-72.973553"><ele>783.4</ele><time>2026-09-18T16:22:31Z</time></rtept><rtept lat="43.105396" lon="-72.973599"><ele>783.2</ele><time>2026-09-18T16:22:31Z</time></rtept><rtept lat="43.105369" lon="-72.973624"><ele>783.0</ele><time>2026-09-18T16:22:31Z</time></rtept><rtept lat="43.105332" lon="-72.973624"><ele>783.0</ele><time>2026-09-18T16:22:31Z</time></rtept><rtept lat="43.105304" lon="-72.973621"><ele>782.8</ele><time>2026-09-18T16:22:31Z</time></rtept><rtept lat="43.105274" lon="-72.973609"><ele>782.8</ele><time>2026-09-18T16:22:31Z</time></rtept><rtept lat="43.105254" lon="-72.973603"><ele>782.8</ele><time>2026-09-18T16:22:31Z</time></rtept><rtept lat="43.105231" lon="-72.973585"><ele>782.8</ele><time>2026-09-18T16:22:31Z</time></rtept><rtept lat="43.105058" lon="-72.97341"><ele>782.8</ele><time>2026-09-18T16:22:31Z</time></rtept><rtept lat="43.104833" lon="-72.973075"><ele>783.2</ele><time>2026-09-18T16:22:31Z</time></rtept><rtept lat="43.104764" lon="-72.97295"><ele>783.2</ele><time>2026-09-18T16:22:31Z</time></rtept><rtept lat="43.104698" lon="-72.972791"><ele>783.2</ele><time>2026-09-18T16:22:31Z</time></rtept><rtept lat="43.104589" lon="-72.972531"><ele>783.0</ele><time>2026-09-18T16:22:31Z</time></rtept><rtept lat="43.104501" lon="-72.972391"><ele>782.8</ele><time>2026-09-18T16:22:31Z</time></rtept><rtept lat="43.104417" lon="-72.972171"><ele>782.8</ele><time>2026-09-18T16:22:31Z</time></rtept><rtept lat="43.104331" lon="-72.972033"><ele>782.8</ele><time>2026-09-18T16:22:31Z</time></rtept><rtept lat="43.104124" lon="-72.971712"><ele>783.0</ele><time>2026-09-18T16:22:31Z</time></rtept><rtept lat="43.104008" lon="-72.971548"><ele>783.4</ele><time>2026-09-18T16:22:31Z</time></rtept><rtept lat="43.103994" lon="-72.971395"><ele>782.8</ele><time>2026-09-18T16:22:31Z</time></rtept><rtept lat="43.103961" lon="-72.971302"><ele>783.0</ele><time>2026-09-18T16:22:31Z</time></rtept><rtept lat="43.103831" lon="-72.971099"><ele>782.8</ele><time>2026-09-18T16:22:31Z</time></rtept><rtept lat="43.103738" lon="-72.971043"><ele>783.0</ele><time>2026-09-18T16:22:31Z</time></rtept><rtept lat="43.103595" lon="-72.971006"><ele>782.8</ele><time>2026-09-18T16:22:31Z</time></rtept><rtept lat="43.103428" lon="-72.970944"><ele>783.0</ele><time>2026-09-18T16:22:31Z</time></rtept><rtept lat="43.103308" lon="-72.970853"><ele>783.4</ele><time>2026-09-18T16:22:31Z</time></rtept><rtept lat="43.103182" lon="-72.970778"><ele>784.0</ele><time>2026-09-18T16:22:31Z</time></rtept><rtept lat="43.10305" lon="-72.970658"><ele>785.0</ele><time>2026-09-18T16:22:31Z</time></rtept><rtept lat="43.102988" lon="-72.970647"><ele>785.6</ele><time>2026-09-18T16:22:31Z</time></rtept><rtept lat="43.102875" lon="-72.970569"><ele>785.6</ele><time>2026-09-18T16:22:31Z</time></rtept><rtept lat="43.102644" lon="-72.97043"><ele>789.2</ele><time>2026-09-18T16:22:31Z</time></rtept><rtept lat="43.102471" lon="-72.970247"><ele>787.8</ele><time>2026-09-18T16:22:31Z</time></rtept><rtept lat="43.102375" lon="-72.970157"><ele>787.2</ele><time>2026-09-18T16:22:31Z</time></rtept><rtept lat="43.102213" lon="-72.969914"><ele>787.0</ele><time>2026-09-18T16:22:31Z</time></rtept><rtept lat="43.102179" lon="-72.96975"><ele>785.6</ele><time>2026-09-18T16:22:31Z</time></rtept><rtept lat="43.10216" lon="-72.969618"><ele>787.4</ele><time>2026-09-18T16:22:31Z</time></rtept><rtept lat="43.102187" lon="-72.969507"><ele>787.0</ele><time>2026-09-18T16:22:31Z</time></rtept><rtept lat="43.102228" lon="-72.969475"><ele>787.0</ele><time>2026-09-18T16:22:31Z</time></rtept><rtept lat="43.102252" lon="-72.969389"><ele>786.6</ele><time>2026-09-18T16:22:31Z</time></rtept><rtept lat="43.102278" lon="-72.9693"><ele>789.4</ele><time>2026-09-18T16:22:31Z</time></rtept><rtept lat="43.102288" lon="-72.969193"><ele>790.6</ele><time>2026-09-18T16:22:31Z</time></rtept><rtept lat="43.102242" lon="-72.969157"><ele>790.6</ele><time>2026-09-18T16:22:31Z</time></rtept><rtept lat="43.10218" lon="-72.969225"><ele>791.4</ele><time>2026-09-18T16:22:31Z</time></rtept><rtept lat="43.10213" lon="-72.969303"><ele>793.2</ele><time>2026-09-18T16:22:31Z</time></rtept><rtept lat="43.102076" lon="-72.969368"><ele>793.8</ele><time>2026-09-18T16:22:31Z</time></rtept><rtept lat="43.101974" lon="-72.969464"><ele>796.2</ele><time>2026-09-18T16:22:31Z</time></rtept><rtept lat="43.101888" lon="-72.969539"><ele>797.0</ele><time>2026-09-18T16:22:31Z</time></rtept><rtept lat="43.101809" lon="-72.969604"><ele>797.6</ele><time>2026-09-18T16:22:31Z</time></rtept><rtept lat="43.101716" lon="-72.969671"><ele>800.6</ele><time>2026-09-18T16:22:31Z</time></rtept><rtept lat="43.101649" lon="-72.969614"><ele>804.8</ele><time>2026-09-18T16:22:31Z</time></rtept><rtept lat="43.101602" lon="-72.969528"><ele>808.6</ele><time>2026-09-18T16:22:31Z</time></rtept><rtept lat="43.101609" lon="-72.969432"><ele>809.8</ele><time>2026-09-18T16:22:31Z</time></rtept><rtept lat="43.101703" lon="-72.969274"><ele>807.4</ele><time>2026-09-18T16:22:31Z</time></rtept><rtept lat="43.101763" lon="-72.969185"><ele>806.2</ele><time>2026-09-18T16:22:31Z</time></rtept><rtept lat="43.101818" lon="-72.969074"><ele>804.8</ele><time>2026-09-18T16:22:31Z</time></rtept><rtept lat="43.101782" lon="-72.968906"><ele>807.8</ele><time>2026-09-18T16:22:31Z</time></rtept><rtept lat="43.101756" lon="-72.968728"><ele>808.4</ele><time>2026-09-18T16:22:31Z</time></rtept><rtept lat="43.10175" lon="-72.968574"><ele>808.8</ele><time>2026-09-18T16:22:31Z</time></rtept><rtept lat="43.101704" lon="-72.968434"><ele>811.0</ele><time>2026-09-18T16:22:31Z</time></rtept><rtept lat="43.101672" lon="-72.968252"><ele>812.8</ele><time>2026-09-18T16:22:31Z</time></rtept><rtept lat="43.101672" lon="-72.967941"><ele>812.4</ele><time>2026-09-18T16:22:31Z</time></rtept><rtept lat="43.101641" lon="-72.967705"><ele>811.2</ele><time>2026-09-18T16:22:31Z</time></rtept><rtept lat="43.101602" lon="-72.967587"><ele>812.4</ele><time>2026-09-18T16:22:31Z</time></rtept><rtept lat="43.101555" lon="-72.967458"><ele>811.6</ele><time>2026-09-18T16:22:31Z</time></rtept><rtept lat="43.101508" lon="-72.967394"><ele>812.4</ele><time>2026-09-18T16:22:31Z</time></rtept><rtept lat="43.101414" lon="-72.967233"><ele>813.8</ele><time>2026-09-18T16:22:31Z</time></rtept><rtept lat="43.101281" lon="-72.967046"><ele>814.6</ele><time>2026-09-18T16:22:31Z</time></rtept><rtept lat="43.101216" lon="-72.966893"><ele>814.0</ele><time>2026-09-18T16:22:31Z</time></rtept><rtept lat="43.101182" lon="-72.966782"><ele>813.2</ele><time>2026-09-18T16:22:31Z</time></rtept><rtept lat="43.101072" lon="-72.966603"><ele>813.0</ele><time>2026-09-18T16:22:31Z</time></rtept><rtept lat="43.100913" lon="-72.966331"><ele>813.2</ele><time>2026-09-18T16:22:31Z</time></rtept><rtept lat="43.100887" lon="-72.966246"><ele>812.8</ele><time>2026-09-18T16:22:31Z</time></rtept><rtept lat="43.100845" lon="-72.966142"><ele>813.2</ele><time>2026-09-18T16:22:31Z</time></rtept><rtept lat="43.100775" lon="-72.966014"><ele>813.6</ele><time>2026-09-18T16:22:31Z</time></rtept><rtept lat="43.100725" lon="-72.965903"><ele>814.2</ele><time>2026-09-18T16:22:31Z</time></rtept><rtept lat="43.100707" lon="-72.965788"><ele>814.0</ele><time>2026-09-18T16:22:31Z</time></rtept><rtept lat="43.100746" lon="-72.965673"><ele>812.4</ele><time>2026-09-18T16:22:31Z</time></rtept><rtept lat="43.101064" lon="-72.965554"><ele>808.2</ele><time>2026-09-18T16:22:31Z</time></rtept><rtept lat="43.101188" lon="-72.965459"><ele>806.4</ele><time>2026-09-18T16:22:31Z</time></rtept><rtept lat="43.101278" lon="-72.965354"><ele>805.4</ele><time>2026-09-18T16:22:31Z</time></rtept><rtept lat="43.101388" lon="-72.965203"><ele>804.2</ele><time>2026-09-18T16:22:31Z</time></rtept><rtept lat="43.101513" lon="-72.965079"><ele>804.0</ele><time>2026-09-18T16:22:31Z</time></rtept><rtept lat="43.101561" lon="-72.964986"><ele>803.8</ele><time>2026-09-18T16:22:31Z</time></rtept><rtept lat="43.101571" lon="-72.964895"><ele>804.6</ele><time>2026-09-18T16:22:31Z</time></rtept><rtept lat="43.101536" lon="-72.964737"><ele>806.2</ele><time>2026-09-18T16:22:31Z</time></rtept><rtept lat="43.10154" lon="-72.964692"><ele>806.2</ele><time>2026-09-18T16:22:31Z</time></rtept><rtept lat="43.10156" lon="-72.964657"><ele>806.0</ele><time>2026-09-18T16:22:31Z</time></rtept><rtept lat="43.101644" lon="-72.964459"><ele>806.2</ele><time>2026-09-18T16:22:31Z</time></rtept><rtept lat="43.101682" lon="-72.964341"><ele>805.8</ele><time>2026-09-18T16:22:31Z</time></rtept><rtept lat="43.101682" lon="-72.964233"><ele>806.6</ele><time>2026-09-18T16:22:31Z</time></rtept><rtept lat="43.101648" lon="-72.964044"><ele>807.8</ele><time>2026-09-18T16:22:31Z</time></rtept><rtept lat="43.101731" lon="-72.963981"><ele>807.6</ele><time>2026-09-18T16:22:31Z</time></rtept><rtept lat="43.101797" lon="-72.963977"><ele>806.8</ele><time>2026-09-18T16:22:31Z</time></rtept><rtept lat="43.101856" lon="-72.963943"><ele>806.2</ele><time>2026-09-18T16:22:31Z</time></rtept><rtept lat="43.101921" lon="-72.963933"><ele>805.4</ele><time>2026-09-18T16:22:31Z</time></rtept><rtept lat="43.10202" lon="-72.963884"><ele>804.0</ele><time>2026-09-18T16:22:31Z</time></rtept><rtept lat="43.102017" lon="-72.96374"><ele>804.4</ele><time>2026-09-18T16:22:31Z</time></rtept><rtept lat="43.101993" lon="-72.963622"><ele>805.6</ele><time>2026-09-18T16:22:31Z</time></rtept><rtept lat="43.101948" lon="-72.963488"><ele>807.0</ele><time>2026-09-18T16:22:31Z</time></rtept><rtept lat="43.101933" lon="-72.963392"><ele>807.6</ele><time>2026-09-18T16:22:31Z</time></rtept><rtept lat="43.101946" lon="-72.96329"><ele>808.6</ele><time>2026-09-18T16:22:31Z</time></rtept><rtept lat="43.101963" lon="-72.96317"><ele>809.0</ele><time>2026-09-18T16:22:31Z</time></rtept><rtept lat="43.101971" lon="-72.963109"><ele>809.4</ele><time>2026-09-18T16:22:31Z</time></rtept><rtept lat="43.101993" lon="-72.963066"><ele>808.8</ele><time>2026-09-18T16:22:31Z</time></rtept><rtept lat="43.102037" lon="-72.963021"><ele>809.2</ele><time>2026-09-18T16:22:31Z</time></rtept><rtept lat="43.102055" lon="-72.96298"><ele>808.6</ele><time>2026-09-18T16:22:31Z</time></rtept><rtept lat="43.102073" lon="-72.962855"><ele>809.2</ele><time>2026-09-18T16:22:31Z</time></rtept><rtept lat="43.102136" lon="-72.962671"><ele>809.6</ele><time>2026-09-18T16:22:31Z</time></rtept><rtept lat="43.102163" lon="-72.962533"><ele>810.0</ele><time>2026-09-18T16:22:31Z</time></rtept><rtept lat="43.102168" lon="-72.962396"><ele>810.4</ele><time>2026-09-18T16:22:31Z</time></rtept><rtept lat="43.102132" lon="-72.962262"><ele>810.8</ele><time>2026-09-18T16:22:31Z</time></rtept><rtept lat="43.102121" lon="-72.962152"><ele>810.8</ele><time>2026-09-18T16:22:31Z</time></rtept><rtept lat="43.102121" lon="-72.961951"><ele>810.6</ele><time>2026-09-18T16:22:31Z</time></rtept><rtept lat="43.102103" lon="-72.961777"><ele>810.2</ele><time>2026-09-18T16:22:31Z</time></rtept><rtept lat="43.102077" lon="-72.96158"><ele>808.6</ele><time>2026-09-18T16:22:31Z</time></rtept><rtept lat="43.101985" lon="-72.961295"><ele>806.2</ele><time>2026-09-18T16:22:31Z</time></rtept><rtept lat="43.101916" lon="-72.961023"><ele>804.6</ele><time>2026-09-18T16:22:31Z</time></rtept><rtept lat="43.101938" lon="-72.960848"><ele>802.6</ele><time>2026-09-18T16:22:31Z</time></rtept><rtept lat="43.10217" lon="-72.960411"><ele>797.6</ele><time>2026-09-18T16:22:31Z</time></rtept><rtept lat="43.102201" lon="-72.960186"><ele>794.8</ele><time>2026-09-18T16:22:31Z</time></rtept><rtept lat="43.102184" lon="-72.95994"><ele>792.2</ele><time>2026-09-18T16:22:31Z</time></rtept><rtept lat="43.102105" lon="-72.959571"><ele>788.2</ele><time>2026-09-18T16:22:31Z</time></rtept><rtept lat="43.102035" lon="-72.959286"><ele>784.6</ele><time>2026-09-18T16:22:31Z</time></rtept><rtept lat="43.102009" lon="-72.958693"><ele>776.4</ele><time>2026-09-18T16:22:31Z</time></rtept><rtept lat="43.101947" lon="-72.957878"><ele>768.8</ele><time>2026-09-18T16:22:31Z</time></rtept><rtept lat="43.101897" lon="-72.957386"><ele>768.4</ele><time>2026-09-18T16:22:31Z</time></rtept><rtept lat="43.101894" lon="-72.956718"><ele>761.8</ele><time>2026-09-18T16:22:31Z</time></rtept><rtept lat="43.101942" lon="-72.956438"><ele>759.6</ele><time>2026-09-18T16:22:31Z</time></rtept><rtept lat="43.101965" lon="-72.95625"><ele>757.8</ele><time>2026-09-18T16:22:31Z</time></rtept><rtept lat="43.101954" lon="-72.956023"><ele>756.8</ele><time>2026-09-18T16:22:31Z</time></rtept><rtept lat="43.101906" lon="-72.955592"><ele>750.8</ele><time>2026-09-18T16:22:31Z</time></rtept><rtept lat="43.101954" lon="-72.955178"><ele>750.4</ele><time>2026-09-18T16:22:31Z</time></rtept><rtept lat="43.102028" lon="-72.954753"><ele>754.8</ele><time>2026-09-18T16:22:31Z</time></rtept><rtept lat="43.102189" lon="-72.954311"><ele>758.2</ele><time>2026-09-18T16:22:31Z</time></rtept><rtept lat="43.102306" lon="-72.954083"><ele>760.0</ele><time>2026-09-18T16:22:31Z</time></rtept><rtept lat="43.102449" lon="-72.95385"><ele>759.8</ele><time>2026-09-18T16:22:31Z</time></rtept><rtept lat="43.102441" lon="-72.953596"><ele>760.0</ele><time>2026-09-18T16:22:31Z</time></rtept><rtept lat="43.102376" lon="-72.953389"><ele>759.6</ele><time>2026-09-18T16:22:31Z</time></rtept><rtept lat="43.10215" lon="-72.953256"><ele>760.0</ele><time>2026-09-18T16:22:31Z</time></rtept><rtept lat="43.102023" lon="-72.953158"><ele>760.8</ele><time>2026-09-18T16:22:31Z</time></rtept><rtept lat="43.101863" lon="-72.953083"><ele>762.6</ele><time>2026-09-18T16:22:31Z</time></rtept><rtept lat="43.101603" lon="-72.95302"><ele>767.4</ele><time>2026-09-18T16:22:31Z</time></rtept><rtept lat="43.101332" lon="-72.952868"><ele>769.0</ele><time>2026-09-18T16:22:31Z</time></rtept><rtept lat="43.101124" lon="-72.952626"><ele>768.0</ele><time>2026-09-18T16:22:31Z</time></rtept><rtept lat="43.100962" lon="-72.952517"><ele>767.8</ele><time>2026-09-18T16:22:31Z</time></rtept><rtept lat="43.10087" lon="-72.952356"><ele>765.6</ele><time>2026-09-18T16:22:31Z</time></rtept><rtept lat="43.100727" lon="-72.95207"><ele>763.6</ele><time>2026-09-18T16:22:31Z</time></rtept><rtept lat="43.100712" lon="-72.951422"><ele>774.4</ele><time>2026-09-18T16:22:31Z</time></rtept><rtept lat="43.100595" lon="-72.951197"><ele>779.6</ele><time>2026-09-18T16:22:31Z</time></rtept><rtept lat="43.10036" lon="-72.950999"><ele>786.0</ele><time>2026-09-18T16:22:31Z</time></rtept><rtept lat="43.100332" lon="-72.95088"><ele>787.4</ele><time>2026-09-18T16:22:31Z</time></rtept><rtept lat="43.100229" lon="-72.950441"><ele>792.6</ele><time>2026-09-18T16:22:31Z</time></rtept><rtept lat="43.100117" lon="-72.950149"><ele>795.2</ele><time>2026-09-18T16:22:31Z</time></rtept><rtept lat="43.100177" lon="-72.949709"><ele>798.2</ele><time>2026-09-18T16:22:31Z</time></rtept><rtept lat="43.100503" lon="-72.948781"><ele>800.2</ele><time>2026-09-18T16:22:31Z</time></rtept><rtept lat="43.100645" lon="-72.948257"><ele>802.2</ele><time>2026-09-18T16:22:31Z</time></rtept><rtept lat="43.100695" lon="-72.947925"><ele>803.6</ele><time>2026-09-18T16:22:31Z</time></rtept><rtept lat="43.100691" lon="-72.947574"><ele>805.6</ele><time>2026-09-18T16:22:31Z</time></rtept><rtept lat="43.10029" lon="-72.946941"><ele>814.0</ele><time>2026-09-18T16:22:31Z</time></rtept><rtept lat="43.100219" lon="-72.9467"><ele>816.2</ele><time>2026-09-18T16:22:31Z</time></rtept><rtept lat="43.099962" lon="-72.946353"><ele>819.4</ele><time>2026-09-18T16:22:31Z</time></rtept><rtept lat="43.099661" lon="-72.946054"><ele>821.6</ele><time>2026-09-18T16:22:31Z</time></rtept><rtept lat="43.099575" lon="-72.945625"><ele>824.6</ele><time>2026-09-18T16:22:31Z</time></rtept><rtept lat="43.099613" lon="-72.944945"><ele>829.6</ele><time>2026-09-18T16:22:31Z</time></rtept><rtept lat="43.099087" lon="-72.944598"><ele>834.6</ele><time>2026-09-18T16:22:31Z</time></rtept><rtept lat="43.098904" lon="-72.94416"><ele>838.6</ele><time>2026-09-18T16:22:31Z</time></rtept><rtept lat="43.098591" lon="-72.943675"><ele>844.0</ele><time>2026-09-18T16:22:31Z</time></rtept><rtept lat="43.09854" lon="-72.943566"><ele>845.0</ele><time>2026-09-18T16:22:31Z</time></rtept><rtept lat="43.098532" lon="-72.943478"><ele>846.0</ele><time>2026-09-18T16:22:31Z</time></rtept><rtept lat="43.098543" lon="-72.943408"><ele>847.0</ele><time>2026-09-18T16:22:31Z</time></rtept><rtept lat="43.098574" lon="-72.943352"><ele>848.2</ele><time>2026-09-18T16:22:31Z</time></rtept><rtept lat="43.098598" lon="-72.943305"><ele>848.2</ele><time>2026-09-18T16:22:31Z</time></rtept><rtept lat="43.098606" lon="-72.943255"><ele>849.4</ele><time>2026-09-18T16:22:31Z</time></rtept><rtept lat="43.098594" lon="-72.943159"><ele>850.4</ele><time>2026-09-18T16:22:31Z</time></rtept><rtept lat="43.098559" lon="-72.943078"><ele>851.6</ele><time>2026-09-18T16:22:31Z</time></rtept><rtept lat="43.098503" lon="-72.943005"><ele>852.6</ele><time>2026-09-18T16:22:31Z</time></rtept><rtept lat="43.098493" lon="-72.942963"><ele>852.6</ele><time>2026-09-18T16:22:31Z</time></rtept><rtept lat="43.09851" lon="-72.942904"><ele>853.6</ele><time>2026-09-18T16:22:31Z</time></rtept><rtept lat="43.098511" lon="-72.942802"><ele>854.6</ele><time>2026-09-18T16:22:31Z</time></rtept><rtept lat="43.09852" lon="-72.942629"><ele>856.8</ele><time>2026-09-18T16:22:31Z</time></rtept><rtept lat="43.098531" lon="-72.942532"><ele>857.6</ele><time>2026-09-18T16:22:31Z</time></rtept><rtept lat="43.098525" lon="-72.94246"><ele>858.6</ele><time>2026-09-18T16:22:31Z</time></rtept><rtept lat="43.098513" lon="-72.942364"><ele>859.2</ele><time>2026-09-18T16:22:31Z</time></rtept><rtept lat="43.098471" lon="-72.942299"><ele>859.8</ele><time>2026-09-18T16:22:31Z</time></rtept><rtept lat="43.098437" lon="-72.942225"><ele>860.4</ele><time>2026-09-18T16:22:31Z</time></rtept><rtept lat="43.098406" lon="-72.942163"><ele>861.0</ele><time>2026-09-18T16:22:31Z</time></rtept><rtept lat="43.098342" lon="-72.942064"><ele>861.6</ele><time>2026-09-18T16:22:31Z</time></rtept><rtept lat="43.098315" lon="-72.942028"><ele>861.6</ele><time>2026-09-18T16:22:31Z</time></rtept><rtept lat="43.098267" lon="-72.942029"><ele>861.2</ele><time>2026-09-18T16:22:31Z</time></rtept><rtept lat="43.098213" lon="-72.942006"><ele>861.8</ele><time>2026-09-18T16:22:31Z</time></rtept><rtept lat="43.098189" lon="-72.941942"><ele>861.8</ele><time>2026-09-18T16:22:31Z</time></rtept><rtept lat="43.098166" lon="-72.94183"><ele>863.4</ele><time>2026-09-18T16:22:31Z</time></rtept><rtept lat="43.098102" lon="-72.941659"><ele>865.0</ele><time>2026-09-18T16:22:31Z</time></rtept><rtept lat="43.098026" lon="-72.941569"><ele>865.2</ele><time>2026-09-18T16:22:31Z</time></rtept><rtept lat="43.09796" lon="-72.941492"><ele>865.6</ele><time>2026-09-18T16:22:31Z</time></rtept><rtept lat="43.097898" lon="-72.941432"><ele>865.0</ele><time>2026-09-18T16:22:31Z</time></rtept><rtept lat="43.097762" lon="-72.941323"><ele>864.8</ele><time>2026-09-18T16:22:31Z</time></rtept><rtept lat="43.097659" lon="-72.941218"><ele>865.4</ele><time>2026-09-18T16:22:31Z</time></rtept><rtept lat="43.097604" lon="-72.941193"><ele>865.4</ele><time>2026-09-18T16:22:31Z</time></rtept><rtept lat="43.097605" lon="-72.941145"><ele>866.2</ele><time>2026-09-18T16:22:31Z</time></rtept><rtept lat="43.097605" lon="-72.941095"><ele>866.2</ele><time>2026-09-18T16:22:31Z</time></rtept><rtept lat="43.097516" lon="-72.940865"><ele>867.8</ele><time>2026-09-18T16:22:31Z</time></rtept><rtept lat="43.097456" lon="-72.940683"><ele>869.0</ele><time>2026-09-18T16:22:31Z</time></rtept><rtept lat="43.097381" lon="-72.940606"><ele>869.4</ele><time>2026-09-18T16:22:31Z</time></rtept><rtept lat="43.097236" lon="-72.940514"><ele>869.4</ele><time>2026-09-18T16:22:31Z</time></rtept><rtept lat="43.097118" lon="-72.940424"><ele>870.0</ele><time>2026-09-18T16:22:31Z</time></rtept><rtept lat="43.096481" lon="-72.939752"><ele>877.2</ele><time>2026-09-18T16:22:31Z</time></rtept><rtept lat="43.096283" lon="-72.93957"><ele>879.4</ele><time>2026-09-18T16:22:31Z</time></rtept><rtept lat="43.096168" lon="-72.939499"><ele>880.6</ele><time>2026-09-18T16:22:31Z</time></rtept><rtept lat="43.096032" lon="-72.939446"><ele>880.6</ele><time>2026-09-18T16:22:31Z</time></rtept><rtept lat="43.095807" lon="-72.939364"><ele>883.2</ele><time>2026-09-18T16:22:31Z</time></rtept><rtept lat="43.095646" lon="-72.93943"><ele>885.0</ele><time>2026-09-18T16:22:31Z</time></rtept><rtept lat="43.095579" lon="-72.939457"><ele>884.8</ele><time>2026-09-18T16:22:31Z</time></rtept><rtept lat="43.095445" lon="-72.939515"><ele>885.8</ele><time>2026-09-18T16:22:31Z</time></rtept><rtept lat="43.095355" lon="-72.939532"><ele>885.4</ele><time>2026-09-18T16:22:31Z</time></rtept><rtept lat="43.095274" lon="-72.939508"><ele>887.4</ele><time>2026-09-18T16:22:31Z</time></rtept><rtept lat="43.095221" lon="-72.939456"><ele>887.4</ele><time>2026-09-18T16:22:31Z</time></rtept><rtept lat="43.095146" lon="-72.939446"><ele>888.4</ele><time>2026-09-18T16:22:31Z</time></rtept><rtept lat="43.095028" lon="-72.939421"><ele>890.4</ele><time>2026-09-18T16:22:31Z</time></rtept><rtept lat="43.094877" lon="-72.939242"><ele>893.0</ele><time>2026-09-18T16:22:31Z</time></rtept><rtept lat="43.094825" lon="-72.939207"><ele>893.6</ele><time>2026-09-18T16:22:31Z</time></rtept><rtept lat="43.09473" lon="-72.939169"><ele>895.0</ele><time>2026-09-18T16:22:31Z</time></rtept><rtept lat="43.094642" lon="-72.939163"><ele>896.2</ele><time>2026-09-18T16:22:31Z</time></rtept><rtept lat="43.094602" lon="-72.939094"><ele>896.2</ele><time>2026-09-18T16:22:31Z</time></rtept><rtept lat="43.094522" lon="-72.938875"><ele>900.4</ele><time>2026-09-18T16:22:31Z</time></rtept><rtept lat="43.094472" lon="-72.938748"><ele>901.6</ele><time>2026-09-18T16:22:31Z</time></rtept><rtept lat="43.09425" lon="-72.93832"><ele>910.0</ele><time>2026-09-18T16:22:31Z</time></rtept><rtept lat="43.093975" lon="-72.93791"><ele>916.4</ele><time>2026-09-18T16:22:31Z</time></rtept><rtept lat="43.093924" lon="-72.937786"><ele>918.8</ele><time>2026-09-18T16:22:31Z</time></rtept><rtept lat="43.093875" lon="-72.937686"><ele>920.6</ele><time>2026-09-18T16:22:31Z</time></rtept><rtept lat="43.093689" lon="-72.937463"><ele>924.8</ele><time>2026-09-18T16:22:31Z</time></rtept><rtept lat="43.093654" lon="-72.937369"><ele>928.0</ele><time>2026-09-18T16:22:31Z</time></rtept><rtept lat="43.093635" lon="-72.937324"><ele>928.4</ele><time>2026-09-18T16:22:31Z</time></rtept><rtept lat="43.093561" lon="-72.937298"><ele>928.8</ele><time>2026-09-18T16:22:31Z</time></rtept><rtept lat="43.093516" lon="-72.937254"><ele>930.8</ele><time>2026-09-18T16:22:31Z</time></rtept><rtept lat="43.093444" lon="-72.937032"><ele>934.4</ele><time>2026-09-18T16:22:31Z</time></rtept><rtept lat="43.093176" lon="-72.936658"><ele>942.4</ele><time>2026-09-18T16:22:31Z</time></rtept><rtept lat="43.093146" lon="-72.936606"><ele>942.6</ele><time>2026-09-18T16:22:31Z</time></rtept><rtept lat="43.093125" lon="-72.936522"><ele>943.8</ele><time>2026-09-18T16:22:31Z</time></rtept><rtept lat="43.093125" lon="-72.93645"><ele>945.0</ele><time>2026-09-18T16:22:31Z</time></rtept><rtept lat="43.093116" lon="-72.936413"><ele>946.4</ele><time>2026-09-18T16:22:31Z</time></rtept><rtept lat="43.093077" lon="-72.936342"><ele>948.0</ele><time>2026-09-18T16:22:31Z</time></rtept><rtept lat="43.093056" lon="-72.936257"><ele>949.6</ele><time>2026-09-18T16:22:31Z</time></rtept><rtept lat="43.093029" lon="-72.93622"><ele>949.6</ele><time>2026-09-18T16:22:31Z</time></rtept><rtept lat="43.092963" lon="-72.93618"><ele>950.0</ele><time>2026-09-18T16:22:31Z</time></rtept><rtept lat="43.092956" lon="-72.936098"><ele>952.0</ele><time>2026-09-18T16:22:31Z</time></rtept><rtept lat="43.092955" lon="-72.93604"><ele>953.6</ele><time>2026-09-18T16:22:31Z</time></rtept><rtept lat="43.092935" lon="-72.935966"><ele>955.0</ele><time>2026-09-18T16:22:31Z</time></rtept><rtept lat="43.0929" lon="-72.935911"><ele>956.2</ele><time>2026-09-18T16:22:31Z</time></rtept><rtept lat="43.092868" lon="-72.935836"><ele>956.6</ele><time>2026-09-18T16:22:31Z</time></rtept><rtept lat="43.092829" lon="-72.935778"><ele>958.0</ele><time>2026-09-18T16:22:31Z</time></rtept><rtept lat="43.092823" lon="-72.935702"><ele>959.2</ele><time>2026-09-18T16:22:31Z</time></rtept><rtept lat="43.092845" lon="-72.935636"><ele>960.4</ele><time>2026-09-18T16:22:31Z</time></rtept><rtept lat="43.092876" lon="-72.935598"><ele>960.4</ele><time>2026-09-18T16:22:31Z</time></rtept><rtept lat="43.092904" lon="-72.935537"><ele>961.8</ele><time>2026-09-18T16:22:31Z</time></rtept><rtept lat="43.092973" lon="-72.935395"><ele>964.8</ele><time>2026-09-18T16:22:31Z</time></rtept><rtept lat="43.092979" lon="-72.935335"><ele>964.8</ele><time>2026-09-18T16:22:31Z</time></rtept><rtept lat="43.092983" lon="-72.935272"><ele>966.4</ele><time>2026-09-18T16:22:31Z</time></rtept><rtept lat="43.093008" lon="-72.93526"><ele>966.4</ele><time>2026-09-18T16:22:31Z</time></rtept><rtept lat="43.093031" lon="-72.935235"><ele>966.0</ele><time>2026-09-18T16:22:31Z</time></rtept><rtept lat="43.093006" lon="-72.935161"><ele>967.8</ele><time>2026-09-18T16:22:31Z</time></rtept><rtept lat="43.092973" lon="-72.935123"><ele>969.0</ele><time>2026-09-18T16:22:31Z</time></rtept><rtept lat="43.092536" lon="-72.934946"><ele>973.8</ele><time>2026-09-18T16:22:31Z</time></rtept><rtept lat="43.092175" lon="-72.934926"><ele>976.8</ele><time>2026-09-18T16:22:31Z</time></rtept><rtept lat="43.091822" lon="-72.93489"><ele>982.6</ele><time>2026-09-18T16:22:31Z</time></rtept><rtept lat="43.09121" lon="-72.934594"><ele>995.6</ele><time>2026-09-18T16:22:31Z</time></rtept><rtept lat="43.091013" lon="-72.934555"><ele>997.8</ele><time>2026-09-18T16:22:31Z</time></rtept><rtept lat="43.090845" lon="-72.934501"><ele>1000.2</ele><time>2026-09-18T16:22:31Z</time></rtept><rtept lat="43.090788" lon="-72.934487"><ele>1000.6</ele><time>2026-09-18T16:22:31Z</time></rtept><rtept lat="43.090773" lon="-72.934442"><ele>1002.0</ele><time>2026-09-18T16:22:31Z</time></rtept><rtept lat="43.090774" lon="-72.934396"><ele>1002.0</ele><time>2026-09-18T16:22:31Z</time></rtept><rtept lat="43.090793" lon="-72.934345"><ele>1003.2</ele><time>2026-09-18T16:22:31Z</time></rtept><rtept lat="43.090798" lon="-72.934287"><ele>1003.2</ele><time>2026-09-18T16:22:31Z</time></rtept><rtept lat="43.090809" lon="-72.934247"><ele>1004.4</ele><time>2026-09-18T16:22:31Z</time></rtept><rtept lat="43.090838" lon="-72.934236"><ele>1004.2</ele><time>2026-09-18T16:22:31Z</time></rtept><rtept lat="43.090867" lon="-72.934173"><ele>1005.4</ele><time>2026-09-18T16:22:31Z</time></rtept><rtept lat="43.090945" lon="-72.934078"><ele>1006.2</ele><time>2026-09-18T16:22:31Z</time></rtept><rtept lat="43.090986" lon="-72.934005"><ele>1007.2</ele><time>2026-09-18T16:22:31Z</time></rtept><rtept lat="43.091015" lon="-72.93396"><ele>1007.2</ele><time>2026-09-18T16:22:31Z</time></rtept><rtept lat="43.091065" lon="-72.933919"><ele>1008.4</ele><time>2026-09-18T16:22:31Z</time></rtept><rtept lat="43.091106" lon="-72.933832"><ele>1009.4</ele><time>2026-09-18T16:22:31Z</time></rtept><rtept lat="43.091155" lon="-72.933733"><ele>1010.4</ele><time>2026-09-18T16:22:31Z</time></rtept><rtept lat="43.091208" lon="-72.933625"><ele>1011.4</ele><time>2026-09-18T16:22:31Z</time></rtept><rtept lat="43.09125" lon="-72.933526"><ele>1013.0</ele><time>2026-09-18T16:22:31Z</time></rtept><rtept lat="43.09128" lon="-72.933485"><ele>1014.2</ele><time>2026-09-18T16:22:31Z</time></rtept><rtept lat="43.091325" lon="-72.933448"><ele>1014.2</ele><time>2026-09-18T16:22:31Z</time></rtept><rtept lat="43.091416" lon="-72.933299"><ele>1016.4</ele><time>2026-09-18T16:22:31Z</time></rtept><rtept lat="43.091527" lon="-72.933149"><ele>1018.6</ele><time>2026-09-18T16:22:31Z</time></rtept><rtept lat="43.091609" lon="-72.933074"><ele>1020.0</ele><time>2026-09-18T16:22:31Z</time></rtept><rtept lat="43.091745" lon="-72.932987"><ele>1020.6</ele><time>2026-09-18T16:22:31Z</time></rtept><rtept lat="43.09181" lon="-72.932961"><ele>1019.8</ele><time>2026-09-18T16:22:31Z</time></rtept><rtept lat="43.091839" lon="-72.932907"><ele>1021.2</ele><time>2026-09-18T16:22:31Z</time></rtept><rtept lat="43.091796" lon="-72.932834"><ele>1022.0</ele><time>2026-09-18T16:22:31Z</time></rtept><rtept lat="43.091624" lon="-72.932697"><ele>1031.0</ele><time>2026-09-18T16:22:31Z</time></rtept><rtept lat="43.091379" lon="-72.932567"><ele>1037.0</ele><time>2026-09-18T16:22:31Z</time></rtept><rtept lat="43.091206" lon="-72.932532"><ele>1038.2</ele><time>2026-09-18T16:22:31Z</time></rtept><rtept lat="43.091095" lon="-72.932489"><ele>1039.4</ele><time>2026-09-18T16:22:31Z</time></rtept><rtept lat="43.09109" lon="-72.932426"><ele>1041.6</ele><time>2026-09-18T16:22:31Z</time></rtept><rtept lat="43.091113" lon="-72.932349"><ele>1043.8</ele><time>2026-09-18T16:22:31Z</time></rtept><rtept lat="43.091142" lon="-72.932282"><ele>1045.8</ele><time>2026-09-18T16:22:31Z</time></rtept><rtept lat="43.091221" lon="-72.932124"><ele>1048.4</ele><time>2026-09-18T16:22:31Z</time></rtept><rtept lat="43.091356" lon="-72.931765"><ele>1054.0</ele><time>2026-09-18T16:22:31Z</time></rtept><rtept lat="43.091405" lon="-72.931661"><ele>1055.2</ele><time>2026-09-18T16:22:31Z</time></rtept><rtept lat="43.091436" lon="-72.931568"><ele>1056.6</ele><time>2026-09-18T16:22:31Z</time></rtept><rtept lat="43.091413" lon="-72.931487"><ele>1058.0</ele><time>2026-09-18T16:22:31Z</time></rtept><rtept lat="43.091324" lon="-72.931437"><ele>1060.6</ele><time>2026-09-18T16:22:31Z</time></rtept><rtept lat="43.091242" lon="-72.931388"><ele>1061.0</ele><time>2026-09-18T16:22:31Z</time></rtept><rtept lat="43.091094" lon="-72.931399"><ele>1062.2</ele><time>2026-09-18T16:22:31Z</time></rtept><rtept lat="43.090853" lon="-72.931323"><ele>1065.6</ele><time>2026-09-18T16:22:31Z</time></rtept><rtept lat="43.090495" lon="-72.931028"><ele>1073.0</ele><time>2026-09-18T16:22:31Z</time></rtept><rtept lat="43.090421" lon="-72.930973"><ele>1075.0</ele><time>2026-09-18T16:22:31Z</time></rtept><rtept lat="43.090187" lon="-72.930884"><ele>1078.0</ele><time>2026-09-18T16:22:31Z</time></rtept><rtept lat="43.090037" lon="-72.930836"><ele>1080.4</ele><time>2026-09-18T16:22:31Z</time></rtept><rtept lat="43.08985" lon="-72.930764"><ele>1083.6</ele><time>2026-09-18T16:22:31Z</time></rtept><rtept lat="43.089808" lon="-72.930709"><ele>1083.8</ele><time>2026-09-18T16:22:31Z</time></rtept><rtept lat="43.08978" lon="-72.930613"><ele>1085.6</ele><time>2026-09-18T16:22:31Z</time></rtept><rtept lat="43.089777" lon="-72.930561"><ele>1087.4</ele><time>2026-09-18T16:22:31Z</time></rtept><rtept lat="43.089795" lon="-72.930486"><ele>1089.0</ele><time>2026-09-18T16:22:31Z</time></rtept><rtept lat="43.089828" lon="-72.930418"><ele>1090.6</ele><time>2026-09-18T16:22:31Z</time></rtept><rtept lat="43.089891" lon="-72.930304"><ele>1092.0</ele><time>2026-09-18T16:22:31Z</time></rtept><rtept lat="43.089993" lon="-72.930157"><ele>1095.2</ele><time>2026-09-18T16:22:31Z</time></rtept><rtept lat="43.090065" lon="-72.930047"><ele>1096.6</ele><time>2026-09-18T16:22:31Z</time></rtept><rtept lat="43.090106" lon="-72.929973"><ele>1098.0</ele><time>2026-09-18T16:22:31Z</time></rtept><rtept lat="43.090191" lon="-72.929824"><ele>1099.2</ele><time>2026-09-18T16:22:31Z</time></rtept><rtept lat="43.090252" lon="-72.929676"><ele>1101.8</ele><time>2026-09-18T16:22:31Z</time></rtept><rtept lat="43.090298" lon="-72.929547"><ele>1104.4</ele><time>2026-09-18T16:22:31Z</time></rtept><rtept lat="43.090328" lon="-72.929468"><ele>1106.0</ele><time>2026-09-18T16:22:31Z</time></rtept><rtept lat="43.090356" lon="-72.929349"><ele>1107.0</ele><time>2026-09-18T16:22:31Z</time></rtept><rtept lat="43.090371" lon="-72.92915"><ele>1110.4</ele><time>2026-09-18T16:22:31Z</time></rtept><rtept lat="43.090389" lon="-72.929055"><ele>1112.6</ele><time>2026-09-18T16:22:31Z</time></rtept><rtept lat="43.090399" lon="-72.928959"><ele>1116.6</ele><time>2026-09-18T16:22:31Z</time></rtept><rtept lat="43.090398" lon="-72.928866"><ele>1118.4</ele><time>2026-09-18T16:22:31Z</time></rtept><rtept lat="43.090381" lon="-72.928785"><ele>1120.8</ele><time>2026-09-18T16:22:31Z</time></rtept><rtept lat="43.090342" lon="-72.92875"><ele>1120.8</ele><time>2026-09-18T16:22:31Z</time></rtept><rtept lat="43.090286" lon="-72.928724"><ele>1121.2</ele><time>2026-09-18T16:22:31Z</time></rtept><rtept lat="43.090123" lon="-72.928713"><ele>1122.6</ele><time>2026-09-18T16:22:31Z</time></rtept><rtept lat="43.089988" lon="-72.928685"><ele>1124.6</ele><time>2026-09-18T16:22:31Z</time></rtept><rtept lat="43.089841" lon="-72.928656"><ele>1125.2</ele><time>2026-09-18T16:22:31Z</time></rtept><rtept lat="43.089613" lon="-72.928358"><ele>1131.4</ele><time>2026-09-18T16:22:31Z</time></rtept><rtept lat="43.089393" lon="-72.928186"><ele>1134.6</ele><time>2026-09-18T16:22:31Z</time></rtept><rtept lat="43.089279" lon="-72.927944"><ele>1137.8</ele><time>2026-09-18T16:22:31Z</time></rtept><rtept lat="43.08912" lon="-72.927651"><ele>1145.0</ele><time>2026-09-18T16:22:31Z</time></rtept><rtept lat="43.089043" lon="-72.927525"><ele>1146.4</ele><time>2026-09-18T16:22:31Z</time></rtept><rtept lat="43.088933" lon="-72.927419"><ele>1147.6</ele><time>2026-09-18T16:22:31Z</time></rtept><rtept lat="43.088884" lon="-72.927334"><ele>1148.6</ele><time>2026-09-18T16:22:31Z</time></rtept><rtept lat="43.088821" lon="-72.927288"><ele>1149.6</ele><time>2026-09-18T16:22:31Z</time></rtept><rtept lat="43.088761" lon="-72.927259"><ele>1149.8</ele><time>2026-09-18T16:22:31Z</time></rtept><rtept lat="43.088738" lon="-72.927196"><ele>1150.8</ele><time>2026-09-18T16:22:31Z</time></rtept><rtept lat="43.088721" lon="-72.927103"><ele>1151.6</ele><time>2026-09-18T16:22:31Z</time></rtept><rtept lat="43.088656" lon="-72.927019"><ele>1152.8</ele><time>2026-09-18T16:22:31Z</time></rtept><rtept lat="43.088225" lon="-72.926691"><ele>1159.0</ele><time>2026-09-18T16:22:31Z</time></rtept><rtept lat="43.08789" lon="-72.926519"><ele>1166.0</ele><time>2026-09-18T16:22:31Z</time></rtept><rtept lat="43.087832" lon="-72.926457"><ele>1168.6</ele><time>2026-09-18T16:22:31Z</time></rtept><rtept lat="43.087828" lon="-72.92637"><ele>1170.0</ele><time>2026-09-18T16:22:31Z</time></rtept><rtept lat="43.087806" lon="-72.926322"><ele>1171.0</ele><time>2026-09-18T16:22:31Z</time></rtept><rtept lat="43.08779" lon="-72.926294"><ele>1172.2</ele><time>2026-09-18T16:22:31Z</time></rtept><rtept lat="43.087852" lon="-72.926153"><ele>1172.4</ele><time>2026-09-18T16:22:31Z</time></rtept><rtept lat="43.08789" lon="-72.926048"><ele>1172.4</ele><time>2026-09-18T16:22:31Z</time></rtept><rtept lat="43.087885" lon="-72.925953"><ele>1174.2</ele><time>2026-09-18T16:22:31Z</time></rtept><rtept lat="43.087899" lon="-72.925853"><ele>1175.0</ele><time>2026-09-18T16:22:31Z</time></rtept><rtept lat="43.087938" lon="-72.925804"><ele>1175.0</ele><time>2026-09-18T16:22:31Z</time></rtept><rtept lat="43.087941" lon="-72.925749"><ele>1175.6</ele><time>2026-09-18T16:22:31Z</time></rtept><rtept lat="43.087945" lon="-72.925632"><ele>1176.2</ele><time>2026-09-18T16:22:31Z</time></rtept><rtept lat="43.087926" lon="-72.925603"><ele>1176.8</ele><time>2026-09-18T16:22:31Z</time></rtept><rtept lat="43.087838" lon="-72.925577"><ele>1177.4</ele><time>2026-09-18T16:22:31Z</time></rtept><rtept lat="43.087611" lon="-72.925522"><ele>1180.2</ele><time>2026-09-18T16:22:31Z</time></rtept><rtept lat="43.087207" lon="-72.925435"><ele>1186.6</ele><time>2026-09-18T16:22:31Z</time></rtept><rtept lat="43.086835" lon="-72.925531"><ele>1195.0</ele><time>2026-09-18T16:22:31Z</time></rtept><rtept lat="43.08675" lon="-72.925535"><ele>1197.2</ele><time>2026-09-18T16:22:31Z</time></rtept><rtept lat="43.086438" lon="-72.925175"><ele>1202.4</ele><time>2026-09-18T16:22:31Z</time></rtept><rtept lat="43.086286" lon="-72.924958"><ele>1202.2</ele><time>2026-09-18T16:22:31Z</time></rtept><rtept lat="43.08613" lon="-72.924881"><ele>1202.2</ele><time>2026-09-18T16:22:31Z</time></rtept><rtept lat="43.085904" lon="-72.924855"><ele>1202.0</ele><time>2026-09-18T16:22:31Z</time></rtept><rtept lat="43.085811" lon="-72.924897"><ele>1201.8</ele><time>2026-09-18T16:22:31Z</time></rtept><rtept lat="43.085761" lon="-72.924905"><ele>1201.8</ele><time>2026-09-18T16:22:31Z</time></rtept><rtept lat="43.085703" lon="-72.924884"><ele>1201.6</ele><time>2026-09-18T16:22:31Z</time></rtept><rtept lat="43.085574" lon="-72.924841"><ele>1200.6</ele><time>2026-09-18T16:22:31Z</time></rtept><rtept lat="43.085464" lon="-72.924828"><ele>1199.2</ele><time>2026-09-18T16:22:31Z</time></rtept><rtept lat="43.085464" lon="-72.924828"><ele>1199.2</ele><time>2026-09-18T16:22:31Z</time></rtept><rtept lat="43.085415" lon="-72.924822"><ele>1198.0</ele><time>2026-09-18T16:22:31Z</time></rtept><rtept lat="43.085328" lon="-72.92482"><ele>1196.8</ele><time>2026-09-18T16:22:31Z</time></rtept><rtept lat="43.085277" lon="-72.924843"><ele>1195.8</ele><time>2026-09-18T16:22:31Z</time></rtept><rtept lat="43.085185" lon="-72.924899"><ele>1193.4</ele><time>2026-09-18T16:22:31Z</time></rtept><rtept lat="43.085129" lon="-72.924978"><ele>1193.6</ele><time>2026-09-18T16:22:31Z</time></rtept><rtept lat="43.085069" lon="-72.925036"><ele>1192.6</ele><time>2026-09-18T16:22:31Z</time></rtept><rtept lat="43.085007" lon="-72.925105"><ele>1191.8</ele><time>2026-09-18T16:22:31Z</time></rtept><rtept lat="43.084958" lon="-72.925214"><ele>1190.8</ele><time>2026-09-18T16:22:31Z</time></rtept><rtept lat="43.084937" lon="-72.925316"><ele>1189.8</ele><time>2026-09-18T16:22:31Z</time></rtept><rtept lat="43.084947" lon="-72.925436"><ele>1191.0</ele><time>2026-09-18T16:22:31Z</time></rtept><rtept lat="43.084936" lon="-72.925555"><ele>1190.0</ele><time>2026-09-18T16:22:31Z</time></rtept><rtept lat="43.084891" lon="-72.925771"><ele>1189.6</ele><time>2026-09-18T16:22:31Z</time></rtept><rtept lat="43.084858" lon="-72.925879"><ele>1187.4</ele><time>2026-09-18T16:22:31Z</time></rtept><rtept lat="43.084813" lon="-72.925986"><ele>1186.8</ele><time>2026-09-18T16:22:31Z</time></rtept><rtept lat="43.084671" lon="-72.92606"><ele>1182.8</ele><time>2026-09-18T16:22:31Z</time></rtept><rtept lat="43.084461" lon="-72.926018"><ele>1181.0</ele><time>2026-09-18T16:22:31Z</time></rtept><rtept lat="43.084202" lon="-72.925846"><ele>1178.2</ele><time>2026-09-18T16:22:31Z</time></rtept><rtept lat="43.083972" lon="-72.925566"><ele>1172.8</ele><time>2026-09-18T16:22:31Z</time></rtept><rtept lat="43.083829" lon="-72.925574"><ele>1168.8</ele><time>2026-09-18T16:22:31Z</time></rtept><rtept lat="43.08365" lon="-72.925729"><ele>1162.8</ele><time>2026-09-18T16:22:31Z</time></rtept><rtept lat="43.083395" lon="-72.926408"><ele>1151.8</ele><time>2026-09-18T16:22:31Z</time></rtept><rtept lat="43.083406" lon="-72.92697"><ele>1147.2</ele><time>2026-09-18T16:22:31Z</time></rtept><rtept lat="43.083331" lon="-72.927003"><ele>1144.8</ele><time>2026-09-18T16:22:31Z</time></rtept><rtept lat="43.083194" lon="-72.926987"><ele>1142.2</ele><time>2026-09-18T16:22:31Z</time></rtept><rtept lat="43.082783" lon="-72.926693"><ele>1134.0</ele><time>2026-09-18T16:22:31Z</time></rtept><rtept lat="43.082551" lon="-72.926415"><ele>1127.6</ele><time>2026-09-18T16:22:31Z</time></rtept><rtept lat="43.082318" lon="-72.926093"><ele>1123.4</ele><time>2026-09-18T16:22:31Z</time></rtept><rtept lat="43.08214" lon="-72.925776"><ele>1118.4</ele><time>2026-09-18T16:22:31Z</time></rtept><rtept lat="43.082053" lon="-72.925743"><ele>1115.4</ele><time>2026-09-18T16:22:31Z</time></rtept><rtept lat="43.081936" lon="-72.92588"><ele>1114.0</ele><time>2026-09-18T16:22:31Z</time></rtept><rtept lat="43.081508" lon="-72.926944"><ele>1101.0</ele><time>2026-09-18T16:22:31Z</time></rtept><rtept lat="43.081342" lon="-72.927425"><ele>1096.6</ele><time>2026-09-18T16:22:31Z</time></rtept><rtept lat="43.080755" lon="-72.928313"><ele>1086.6</ele><time>2026-09-18T16:22:31Z</time></rtept><rtept lat="43.080647" lon="-72.928391"><ele>1084.0</ele><time>2026-09-18T16:22:31Z</time></rtept><rtept lat="43.080553" lon="-72.92857"><ele>1082.0</ele><time>2026-09-18T16:22:31Z</time></rtept><rtept lat="43.080417" lon="-72.929367"><ele>1074.6</ele><time>2026-09-18T16:22:31Z</time></rtept><rtept lat="43.080301" lon="-72.929647"><ele>1072.0</ele><time>2026-09-18T16:22:31Z</time></rtept><rtept lat="43.079899" lon="-72.930091"><ele>1058.4</ele><time>2026-09-18T16:22:31Z</time></rtept><rtept lat="43.079811" lon="-72.930449"><ele>1055.2</ele><time>2026-09-18T16:22:31Z</time></rtept><rtept lat="43.079721" lon="-72.930916"><ele>1048.8</ele><time>2026-09-18T16:22:31Z</time></rtept><rtept lat="43.079682" lon="-72.931132"><ele>1047.2</ele><time>2026-09-18T16:22:31Z</time></rtept><rtept lat="43.079609" lon="-72.931265"><ele>1045.6</ele><time>2026-09-18T16:22:31Z</time></rtept><rtept lat="43.079422" lon="-72.931355"><ele>1042.6</ele><time>2026-09-18T16:22:31Z</time></rtept><rtept lat="43.079268" lon="-72.931354"><ele>1040.4</ele><time>2026-09-18T16:22:31Z</time></rtept><rtept lat="43.079185" lon="-72.931434"><ele>1039.2</ele><time>2026-09-18T16:22:31Z</time></rtept><rtept lat="43.079157" lon="-72.931758"><ele>1035.2</ele><time>2026-09-18T16:22:31Z</time></rtept><rtept lat="43.079158" lon="-72.931921"><ele>1033.0</ele><time>2026-09-18T16:22:31Z</time></rtept><rtept lat="43.079123" lon="-72.931989"><ele>1031.8</ele><time>2026-09-18T16:22:31Z</time></rtept><rtept lat="43.079065" lon="-72.932023"><ele>1031.0</ele><time>2026-09-18T16:22:31Z</time></rtept><rtept lat="43.078871" lon="-72.931985"><ele>1029.0</ele><time>2026-09-18T16:22:31Z</time></rtept><rtept lat="43.078438" lon="-72.931717"><ele>1026.0</ele><time>2026-09-18T16:22:31Z</time></rtept><rtept lat="43.078289" lon="-72.931719"><ele>1022.2</ele><time>2026-09-18T16:22:31Z</time></rtept><rtept lat="43.077924" lon="-72.932058"><ele>1016.4</ele><time>2026-09-18T16:22:31Z</time></rtept><rtept lat="43.077713" lon="-72.932428"><ele>1013.2</ele><time>2026-09-18T16:22:31Z</time></rtept><rtept lat="43.077698" lon="-72.932807"><ele>1010.2</ele><time>2026-09-18T16:22:31Z</time></rtept><rtept lat="43.077656" lon="-72.933011"><ele>1008.2</ele><time>2026-09-18T16:22:31Z</time></rtept><rtept lat="43.077386" lon="-72.933929"><ele>1003.4</ele><time>2026-09-18T16:22:31Z</time></rtept><rtept lat="43.077212" lon="-72.934569"><ele>999.8</ele><time>2026-09-18T16:22:31Z</time></rtept><rtept lat="43.076901" lon="-72.935764"><ele>999.6</ele><time>2026-09-18T16:22:31Z</time></rtept><rtept lat="43.076596" lon="-72.936678"><ele>998.8</ele><time>2026-09-18T16:22:31Z</time></rtept><rtept lat="43.076236" lon="-72.937587"><ele>993.0</ele><time>2026-09-18T16:22:31Z</time></rtept><rtept lat="43.075906" lon="-72.938382"><ele>984.6</ele><time>2026-09-18T16:22:31Z</time></rtept><rtept lat="43.075722" lon="-72.938674"><ele>978.8</ele><time>2026-09-18T16:22:31Z</time></rtept><rtept lat="43.074851" lon="-72.939576"><ele>973.2</ele><time>2026-09-18T16:22:31Z</time></rtept><rtept lat="43.074174" lon="-72.940331"><ele>963.6</ele><time>2026-09-18T16:22:31Z</time></rtept><rtept lat="43.074042" lon="-72.94054"><ele>960.2</ele><time>2026-09-18T16:22:31Z</time></rtept><rtept lat="43.073933" lon="-72.940643"><ele>956.2</ele><time>2026-09-18T16:22:31Z</time></rtept><rtept lat="43.073861" lon="-72.940841"><ele>953.0</ele><time>2026-09-18T16:22:31Z</time></rtept><rtept lat="43.073775" lon="-72.940901"><ele>950.8</ele><time>2026-09-18T16:22:31Z</time></rtept><rtept lat="43.073667" lon="-72.940939"><ele>950.4</ele><time>2026-09-18T16:22:31Z</time></rtept><rtept lat="43.073394" lon="-72.940924"><ele>947.2</ele><time>2026-09-18T16:22:31Z</time></rtept><rtept lat="43.073119" lon="-72.941027"><ele>942.6</ele><time>2026-09-18T16:22:31Z</time></rtept><rtept lat="43.072964" lon="-72.941155"><ele>938.0</ele><time>2026-09-18T16:22:31Z</time></rtept><rtept lat="43.072796" lon="-72.941251"><ele>933.0</ele><time>2026-09-18T16:22:31Z</time></rtept><rtept lat="43.072648" lon="-72.941559"><ele>924.6</ele><time>2026-09-18T16:22:31Z</time></rtept><rtept lat="43.072376" lon="-72.94175"><ele>917.4</ele><time>2026-09-18T16:22:31Z</time></rtept><rtept lat="43.072351" lon="-72.941826"><ele>916.4</ele><time>2026-09-18T16:22:31Z</time></rtept><rtept lat="43.072345" lon="-72.942249"><ele>911.0</ele><time>2026-09-18T16:22:31Z</time></rtept><rtept lat="43.072299" lon="-72.942387"><ele>907.2</ele><time>2026-09-18T16:22:31Z</time></rtept><rtept lat="43.072374" lon="-72.942633"><ele>906.6</ele><time>2026-09-18T16:22:31Z</time></rtept><rtept lat="43.072382" lon="-72.942691"><ele>906.6</ele><time>2026-09-18T16:22:31Z</time></rtept><rtept lat="43.072358" lon="-72.942746"><ele>906.0</ele><time>2026-09-18T16:22:31Z</time></rtept><rtept lat="43.072284" lon="-72.942759"><ele>904.2</ele><time>2026-09-18T16:22:31Z</time></rtept><rtept lat="43.071903" lon="-72.942638"><ele>893.0</ele><time>2026-09-18T16:22:31Z</time></rtept><rtept lat="43.071493" lon="-72.942483"><ele>883.2</ele><time>2026-09-18T16:22:31Z</time></rtept><rtept lat="43.071214" lon="-72.942272"><ele>880.6</ele><time>2026-09-18T16:22:31Z</time></rtept><rtept lat="43.070919" lon="-72.94221"><ele>877.4</ele><time>2026-09-18T16:22:31Z</time></rtept><rtept lat="43.070807" lon="-72.942236"><ele>875.8</ele><time>2026-09-18T16:22:31Z</time></rtept><rtept lat="43.070785" lon="-72.942385"><ele>871.0</ele><time>2026-09-18T16:22:31Z</time></rtept><rtept lat="43.070876" lon="-72.942744"><ele>866.4</ele><time>2026-09-18T16:22:31Z</time></rtept><rtept lat="43.070985" lon="-72.943143"><ele>863.8</ele><time>2026-09-18T16:22:31Z</time></rtept><rtept lat="43.070984" lon="-72.943237"><ele>863.0</ele><time>2026-09-18T16:22:31Z</time></rtept><rtept lat="43.070804" lon="-72.943655"><ele>856.0</ele><time>2026-09-18T16:22:31Z</time></rtept><rtept lat="43.070727" lon="-72.943898"><ele>853.0</ele><time>2026-09-18T16:22:31Z</time></rtept><rtept lat="43.070582" lon="-72.944155"><ele>850.6</ele><time>2026-09-18T16:22:31Z</time></rtept><rtept lat="43.070398" lon="-72.944348"><ele>847.6</ele><time>2026-09-18T16:22:31Z</time></rtept><rtept lat="43.070254" lon="-72.944535"><ele>843.4</ele><time>2026-09-18T16:22:31Z</time></rtept><rtept lat="43.070123" lon="-72.944573"><ele>839.6</ele><time>2026-09-18T16:22:31Z</time></rtept><rtept lat="43.069887" lon="-72.944523"><ele>834.8</ele><time>2026-09-18T16:22:31Z</time></rtept><rtept lat="43.069468" lon="-72.944712"><ele>827.4</ele><time>2026-09-18T16:22:31Z</time></rtept><rtept lat="43.069123" lon="-72.945051"><ele>818.8</ele><time>2026-09-18T16:22:31Z</time></rtept><rtept lat="43.068941" lon="-72.945306"><ele>814.0</ele><time>2026-09-18T16:22:31Z</time></rtept><rtept lat="43.068907" lon="-72.945515"><ele>812.8</ele><time>2026-09-18T16:22:31Z</time></rtept><rtept lat="43.069004" lon="-72.945886"><ele>811.0</ele><time>2026-09-18T16:22:31Z</time></rtept><rtept lat="43.069007" lon="-72.946476"><ele>806.6</ele><time>2026-09-18T16:22:31Z</time></rtept><rtept lat="43.069116" lon="-72.946896"><ele>806.2</ele><time>2026-09-18T16:22:31Z</time></rtept><rtept lat="43.069272" lon="-72.947282"><ele>806.0</ele><time>2026-09-18T16:22:31Z</time></rtept><rtept lat="43.069274" lon="-72.947708"><ele>802.0</ele><time>2026-09-18T16:22:31Z</time></rtept><rtept lat="43.069171" lon="-72.948118"><ele>799.4</ele><time>2026-09-18T16:22:31Z</time></rtept><rtept lat="43.069027" lon="-72.948578"><ele>799.0</ele><time>2026-09-18T16:22:31Z</time></rtept><rtept lat="43.068668" lon="-72.948986"><ele>790.2</ele><time>2026-09-18T16:22:31Z</time></rtept><rtept lat="43.068658" lon="-72.94899"><ele>790.2</ele><time>2026-09-18T16:22:31Z</time></rtept><rtept lat="43.068277" lon="-72.949125"><ele>788.0</ele><time>2026-09-18T16:22:31Z</time></rtept><rtept lat="43.067919" lon="-72.949131"><ele>786.4</ele><time>2026-09-18T16:22:31Z</time></rtept><rtept lat="43.0678" lon="-72.94896"><ele>786.0</ele><time>2026-09-18T16:22:31Z</time></rtept><rtept lat="43.067602" lon="-72.948927"><ele>784.6</ele><time>2026-09-18T16:22:31Z</time></rtept><rtept lat="43.067417" lon="-72.949041"><ele>782.8</ele><time>2026-09-18T16:22:31Z</time></rtept><rtept lat="43.067219" lon="-72.949604"><ele>780.4</ele><time>2026-09-18T16:22:31Z</time></rtept><rtept lat="43.067025" lon="-72.949998"><ele>779.8</ele><time>2026-09-18T16:22:31Z</time></rtept><rtept lat="43.066822" lon="-72.950327"><ele>778.2</ele><time>2026-09-18T16:22:31Z</time></rtept><rtept lat="43.066802" lon="-72.950611"><ele>776.0</ele><time>2026-09-18T16:22:31Z</time></rtept><rtept lat="43.066699" lon="-72.950754"><ele>774.8</ele><time>2026-09-18T16:22:31Z</time></rtept><rtept lat="43.066546" lon="-72.950924"><ele>772.2</ele><time>2026-09-18T16:22:31Z</time></rtept><rtept lat="43.06654" lon="-72.951521"><ele>769.2</ele><time>2026-09-18T16:22:31Z</time></rtept><rtept lat="43.066369" lon="-72.951951"><ele>764.8</ele><time>2026-09-18T16:22:31Z</time></rtept><rtept lat="43.066389" lon="-72.95234"><ele>763.2</ele><time>2026-09-18T16:22:31Z</time></rtept><rtept lat="43.066571" lon="-72.95264"><ele>762.4</ele><time>2026-09-18T16:22:31Z</time></rtept><rtept lat="43.066555" lon="-72.95287"><ele>759.4</ele><time>2026-09-18T16:22:31Z</time></rtept><rtept lat="43.066157" lon="-72.953161"><ele>755.8</ele><time>2026-09-18T16:22:31Z</time></rtept><rtept lat="43.065679" lon="-72.953243"><ele>752.2</ele><time>2026-09-18T16:22:31Z</time></rtept><rtept lat="43.064988" lon="-72.953513"><ele>744.8</ele><time>2026-09-18T16:22:31Z</time></rtept><rtept lat="43.064651" lon="-72.953553"><ele>742.6</ele><time>2026-09-18T16:22:31Z</time></rtept><rtept lat="43.064181" lon="-72.954113"><ele>734.6</ele><time>2026-09-18T16:22:31Z</time></rtept><rtept lat="43.063972" lon="-72.95465"><ele>727.8</ele><time>2026-09-18T16:22:31Z</time></rtept><rtept lat="43.063915" lon="-72.954988"><ele>728.0</ele><time>2026-09-18T16:22:31Z</time></rtept><rtept lat="43.063865" lon="-72.955283"><ele>729.6</ele><time>2026-09-18T16:22:31Z</time></rtept><rtept lat="43.063798" lon="-72.955488"><ele>730.6</ele><time>2026-09-18T16:22:31Z</time></rtept><rtept lat="43.063416" lon="-72.956656"><ele>733.4</ele><time>2026-09-18T16:22:31Z</time></rtept><rtept lat="43.063371" lon="-72.956767"><ele>733.6</ele><time>2026-09-18T16:22:31Z</time></rtept><rtept lat="43.063607" lon="-72.956946"><ele>734.4</ele><time>2026-09-18T16:22:31Z</time></rtept><rtept lat="43.063817" lon="-72.957106"><ele>735.2</ele><time>2026-09-18T16:22:31Z</time></rtept><rtept lat="43.063817" lon="-72.957106"><ele>735.2</ele><time>2026-09-18T16:22:31Z</time></rtept><rtept lat="43.063581" lon="-72.956927"><ele>734.2</ele><time>2026-09-18T16:22:31Z</time></rtept><rtept lat="43.063371" lon="-72.956767"><ele>733.6</ele><time>2026-09-18T16:22:31Z</time></rtept><rtept lat="43.062984" lon="-72.957721"><ele>734.0</ele><time>2026-09-18T16:22:31Z</time></rtept><rtept lat="43.062924" lon="-72.957996"><ele>734.0</ele><time>2026-09-18T16:22:31Z</time></rtept><rtept lat="43.062965" lon="-72.958379"><ele>734.8</ele><time>2026-09-18T16:22:31Z</time></rtept><rtept lat="43.062566" lon="-72.959354"><ele>733.4</ele><time>2026-09-18T16:22:31Z</time></rtept><rtept lat="43.062582" lon="-72.960008"><ele>731.8</ele><time>2026-09-18T16:22:31Z</time></rtept><rtept lat="43.062463" lon="-72.960473"><ele>726.2</ele><time>2026-09-18T16:22:31Z</time></rtept><rtept lat="43.062012" lon="-72.961454"><ele>711.8</ele><time>2026-09-18T16:22:31Z</time></rtept><rtept lat="43.061955" lon="-72.9621"><ele>706.4</ele><time>2026-09-18T16:22:31Z</time></rtept><rtept lat="43.062018" lon="-72.962289"><ele>704.8</ele><time>2026-09-18T16:22:31Z</time></rtept><rtept lat="43.061761" lon="-72.963457"><ele>696.2</ele><time>2026-09-18T16:22:31Z</time></rtept><rtept lat="43.061734" lon="-72.963693"><ele>695.6</ele><time>2026-09-18T16:22:31Z</time></rtept><rtept lat="43.061863" lon="-72.964069"><ele>695.2</ele><time>2026-09-18T16:22:31Z</time></rtept><rtept lat="43.061874" lon="-72.964266"><ele>694.8</ele><time>2026-09-18T16:22:31Z</time></rtept><rtept lat="43.061992" lon="-72.964672"><ele>694.0</ele><time>2026-09-18T16:22:31Z</time></rtept><rtept lat="43.062219" lon="-72.965115"><ele>694.0</ele><time>2026-09-18T16:22:31Z</time></rtept><rtept lat="43.062291" lon="-72.965645"><ele>693.4</ele><time>2026-09-18T16:22:31Z</time></rtept><rtept lat="43.062362" lon="-72.96643"><ele>691.2</ele><time>2026-09-18T16:22:31Z</time></rtept><rtept lat="43.062338" lon="-72.966537"><ele>691.0</ele><time>2026-09-18T16:22:31Z</time></rtept><rtept lat="43.062186" lon="-72.966814"><ele>690.4</ele><time>2026-09-18T16:22:31Z</time></rtept><rtept lat="43.061967" lon="-72.967037"><ele>688.6</ele><time>2026-09-18T16:22:31Z</time></rtept><rtept lat="43.06175" lon="-72.967143"><ele>687.6</ele><time>2026-09-18T16:22:31Z</time></rtept><rtept lat="43.061492" lon="-72.967301"><ele>685.2</ele><time>2026-09-18T16:22:31Z</time></rtept><rtept lat="43.061257" lon="-72.967509"><ele>680.4</ele><time>2026-09-18T16:22:31Z</time></rtept><rtept lat="43.0612" lon="-72.967569"><ele>680.2</ele><time>2026-09-18T16:22:31Z</time></rtept><rtept lat="43.061146" lon="-72.967599"><ele>678.8</ele><time>2026-09-18T16:22:31Z</time></rtept><rtept lat="43.061037" lon="-72.967657"><ele>679.2</ele><time>2026-09-18T16:22:31Z</time></rtept><rtept lat="43.061061" lon="-72.967809"><ele>677.0</ele><time>2026-09-18T16:22:31Z</time></rtept><rtept lat="43.061061" lon="-72.967809"><ele>677.0</ele><time>2026-09-18T16:22:31Z</time></rtept><rtept lat="43.061087" lon="-72.968003"><ele>675.8</ele><time>2026-09-18T16:22:31Z</time></rtept><rtept lat="43.061111" lon="-72.968144"><ele>674.6</ele><time>2026-09-18T16:22:31Z</time></rtept><rtept lat="43.061267" lon="-72.969221"><ele>681.8</ele><time>2026-09-18T16:22:31Z</time></rtept><rtept lat="43.06117" lon="-72.96934"><ele>681.8</ele><time>2026-09-18T16:22:31Z</time></rtept><rtept lat="43.061085" lon="-72.969358"><ele>681.8</ele><time>2026-09-18T16:22:31Z</time></rtept><rtept lat="43.060978" lon="-72.969378"><ele>681.8</ele><time>2026-09-18T16:22:31Z</time></rtept><rtept lat="43.060942" lon="-72.969385"><ele>681.8</ele><time>2026-09-18T16:22:31Z</time></rtept><rtept lat="43.060902" lon="-72.96941"><ele>683.2</ele><time>2026-09-18T16:22:31Z</time></rtept><rtept lat="43.060847" lon="-72.969443"><ele>683.0</ele><time>2026-09-18T16:22:31Z</time></rtept><rtept lat="43.060806" lon="-72.969455"><ele>683.0</ele><time>2026-09-18T16:22:31Z</time></rtept><rtept lat="43.060776" lon="-72.969464"><ele>682.6</ele><time>2026-09-18T16:22:31Z</time></rtept><rtept lat="43.060719" lon="-72.969508"><ele>683.0</ele><time>2026-09-18T16:22:31Z</time></rtept><rtept lat="43.060698" lon="-72.96952"><ele>683.0</ele><time>2026-09-18T16:22:31Z</time></rtept><rtept lat="43.06068" lon="-72.969565"><ele>684.0</ele><time>2026-09-18T16:22:31Z</time></rtept><rtept lat="43.060672" lon="-72.9696"><ele>682.8</ele><time>2026-09-18T16:22:31Z</time></rtept><rtept lat="43.060645" lon="-72.969645"><ele>682.8</ele><time>2026-09-18T16:22:31Z</time></rtept><rtept lat="43.060622" lon="-72.969686"><ele>683.6</ele><time>2026-09-18T16:22:31Z</time></rtept><rtept lat="43.060571" lon="-72.969735"><ele>682.8</ele><time>2026-09-18T16:22:31Z</time></rtept><rtept lat="43.060514" lon="-72.969799"><ele>680.8</ele><time>2026-09-18T16:22:31Z</time></rtept><rtept lat="43.060438" lon="-72.969859"><ele>679.4</ele><time>2026-09-18T16:22:31Z</time></rtept><rtept lat="43.060371" lon="-72.969899"><ele>677.8</ele><time>2026-09-18T16:22:31Z</time></rtept><rtept lat="43.060297" lon="-72.96994"><ele>677.8</ele><time>2026-09-18T16:22:31Z</time></rtept><rtept lat="43.060253" lon="-72.969954"><ele>677.6</ele><time>2026-09-18T16:22:31Z</time></rtept><rtept lat="43.060228" lon="-72.969947"><ele>678.0</ele><time>2026-09-18T16:22:31Z</time></rtept><rtept lat="43.0602" lon="-72.969885"><ele>677.0</ele><time>2026-09-18T16:22:31Z</time></rtept><rtept lat="43.060155" lon="-72.969827"><ele>677.4</ele><time>2026-09-18T16:22:31Z</time></rtept><rtept lat="43.060083" lon="-72.969789"><ele>677.0</ele><time>2026-09-18T16:22:31Z</time></rtept><rtept lat="43.060038" lon="-72.969784"><ele>677.6</ele><time>2026-09-18T16:22:31Z</time></rtept><rtept lat="43.059904" lon="-72.969711"><ele>677.8</ele><time>2026-09-18T16:22:31Z</time></rtept><rtept lat="43.059762" lon="-72.969993"><ele>683.6</ele><time>2026-09-18T16:22:31Z</time></rtept><rtept lat="43.059681" lon="-72.970123"><ele>685.6</ele><time>2026-09-18T16:22:31Z</time></rtept><rtept lat="43.059562" lon="-72.970073"><ele>685.8</ele><time>2026-09-18T16:22:31Z</time></rtept><rtept lat="43.059509" lon="-72.970052"><ele>686.4</ele><time>2026-09-18T16:22:31Z</time></rtept><rtept lat="43.059445" lon="-72.970024"><ele>687.2</ele><time>2026-09-18T16:22:31Z</time></rtept><rtept lat="43.059351" lon="-72.970017"><ele>688.6</ele><time>2026-09-18T16:22:31Z</time></rtept><rtept lat="43.059296" lon="-72.969989"><ele>687.2</ele><time>2026-09-18T16:22:31Z</time></rtept><rtept lat="43.059157" lon="-72.969898"><ele>688.2</ele><time>2026-09-18T16:22:31Z</time></rtept><rtept lat="43.059065" lon="-72.969801"><ele>687.2</ele><time>2026-09-18T16:22:31Z</time></rtept><rtept lat="43.058994" lon="-72.969711"><ele>685.2</ele><time>2026-09-18T16:22:31Z</time></rtept><rtept lat="43.058938" lon="-72.969588"><ele>682.0</ele><time>2026-09-18T16:22:31Z</time></rtept><rtept lat="43.058895" lon="-72.969536"><ele>679.2</ele><time>2026-09-18T16:22:31Z</time></rtept><rtept lat="43.058837" lon="-72.969538"><ele>679.8</ele><time>2026-09-18T16:22:31Z</time></rtept><rtept lat="43.058754" lon="-72.969546"><ele>680.4</ele><time>2026-09-18T16:22:31Z</time></rtept><rtept lat="43.0587" lon="-72.969528"><ele>680.8</ele><time>2026-09-18T16:22:31Z</time></rtept><rtept lat="43.058664" lon="-72.969455"><ele>678.4</ele><time>2026-09-18T16:22:31Z</time></rtept><rtept lat="43.058655" lon="-72.969355"><ele>675.6</ele><time>2026-09-18T16:22:31Z</time></rtept><rtept lat="43.05863" lon="-72.969249"><ele>672.6</ele><time>2026-09-18T16:22:31Z</time></rtept><rtept lat="43.058622" lon="-72.969146"><ele>669.4</ele><time>2026-09-18T16:22:31Z</time></rtept><rtept lat="43.058619" lon="-72.969075"><ele>666.6</ele><time>2026-09-18T16:22:31Z</time></rtept><rtept lat="43.058591" lon="-72.969034"><ele>665.8</ele><time>2026-09-18T16:22:31Z</time></rtept><rtept lat="43.058557" lon="-72.968948"><ele>665.8</ele><time>2026-09-18T16:22:31Z</time></rtept><rtept lat="43.05853" lon="-72.968911"><ele>665.6</ele><time>2026-09-18T16:22:31Z</time></rtept><rtept lat="43.05846" lon="-72.968899"><ele>665.6</ele><time>2026-09-18T16:22:31Z</time></rtept><rtept lat="43.058366" lon="-72.968861"><ele>665.6</ele><time>2026-09-18T16:22:31Z</time></rtept><rtept lat="43.058197" lon="-72.968781"><ele>665.6</ele><time>2026-09-18T16:22:31Z</time></rtept><rtept lat="43.058116" lon="-72.968793"><ele>666.2</ele><time>2026-09-18T16:22:31Z</time></rtept><rtept lat="43.058078" lon="-72.968833"><ele>666.6</ele><time>2026-09-18T16:22:31Z</time></rtept><rtept lat="43.058025" lon="-72.968893"><ele>668.6</ele><time>2026-09-18T16:22:31Z</time></rtept><rtept lat="43.057986" lon="-72.968959"><ele>668.6</ele><time>2026-09-18T16:22:31Z</time></rtept><rtept lat="43.057961" lon="-72.968992"><ele>670.6</ele><time>2026-09-18T16:22:31Z</time></rtept><rtept lat="43.057906" lon="-72.969027"><ele>670.6</ele><time>2026-09-18T16:22:31Z</time></rtept><rtept lat="43.05787" lon="-72.969051"><ele>672.4</ele><time>2026-09-18T16:22:31Z</time></rtept><rtept lat="43.057819" lon="-72.969116"><ele>672.2</ele><time>2026-09-18T16:22:31Z</time></rtept><rtept lat="43.057797" lon="-72.969166"><ele>673.4</ele><time>2026-09-18T16:22:31Z</time></rtept><rtept lat="43.057772" lon="-72.969233"><ele>674.0</ele><time>2026-09-18T16:22:31Z</time></rtept><rtept lat="43.057709" lon="-72.969421"><ele>674.2</ele><time>2026-09-18T16:22:31Z</time></rtept><rtept lat="43.057677" lon="-72.969534"><ele>674.4</ele><time>2026-09-18T16:22:31Z</time></rtept><rtept lat="43.057664" lon="-72.969618"><ele>674.4</ele><time>2026-09-18T16:22:31Z</time></rtept><rtept lat="43.05762" lon="-72.969676"><ele>673.2</ele><time>2026-09-18T16:22:31Z</time></rtept><rtept lat="43.057589" lon="-72.969718"><ele>672.2</ele><time>2026-09-18T16:22:31Z</time></rtept><rtept lat="43.057569" lon="-72.969798"><ele>671.8</ele><time>2026-09-18T16:22:31Z</time></rtept><rtept lat="43.05755" lon="-72.969835"><ele>671.4</ele><time>2026-09-18T16:22:31Z</time></rtept><rtept lat="43.057499" lon="-72.969854"><ele>671.0</ele><time>2026-09-18T16:22:31Z</time></rtept><rtept lat="43.057471" lon="-72.969875"><ele>670.8</ele><time>2026-09-18T16:22:31Z</time></rtept><rtept lat="43.057462" lon="-72.969939"><ele>671.0</ele><time>2026-09-18T16:22:31Z</time></rtept><rtept lat="43.057432" lon="-72.969982"><ele>671.0</ele><time>2026-09-18T16:22:31Z</time></rtept><rtept lat="43.05738" lon="-72.970034"><ele>671.4</ele><time>2026-09-18T16:22:31Z</time></rtept><rtept lat="43.057324" lon="-72.970084"><ele>672.4</ele><time>2026-09-18T16:22:31Z</time></rtept><rtept lat="43.057278" lon="-72.970106"><ele>672.6</ele><time>2026-09-18T16:22:31Z</time></rtept><rtept lat="43.057246" lon="-72.970146"><ele>672.6</ele><time>2026-09-18T16:22:31Z</time></rtept><rtept lat="43.057226" lon="-72.970206"><ele>673.8</ele><time>2026-09-18T16:22:31Z</time></rtept><rtept lat="43.057187" lon="-72.970255"><ele>675.0</ele><time>2026-09-18T16:22:31Z</time></rtept><rtept lat="43.057124" lon="-72.970266"><ele>675.0</ele><time>2026-09-18T16:22:31Z</time></rtept><rtept lat="43.057095" lon="-72.970294"><ele>675.0</ele><time>2026-09-18T16:22:31Z</time></rtept><rtept lat="43.056934" lon="-72.970384"><ele>675.8</ele><time>2026-09-18T16:22:31Z</time></rtept><rtept lat="43.056881" lon="-72.970417"><ele>675.4</ele><time>2026-09-18T16:22:31Z</time></rtept><rtept lat="43.056843" lon="-72.970456"><ele>676.0</ele><time>2026-09-18T16:22:31Z</time></rtept><rtept lat="43.056808" lon="-72.970554"><ele>676.6</ele><time>2026-09-18T16:22:31Z</time></rtept><rtept lat="43.056784" lon="-72.970666"><ele>676.4</ele><time>2026-09-18T16:22:31Z</time></rtept><rtept lat="43.056746" lon="-72.970713"><ele>676.8</ele><time>2026-09-18T16:22:31Z</time></rtept><rtept lat="43.056684" lon="-72.970783"><ele>676.0</ele><time>2026-09-18T16:22:31Z</time></rtept><rtept lat="43.056581" lon="-72.970808"><ele>673.6</ele><time>2026-09-18T16:22:31Z</time></rtept><rtept lat="43.056537" lon="-72.970844"><ele>673.6</ele><time>2026-09-18T16:22:31Z</time></rtept><rtept lat="43.056504" lon="-72.970852"><ele>672.4</ele><time>2026-09-18T16:22:31Z</time></rtept><rtept lat="43.056443" lon="-72.970841"><ele>671.6</ele><time>2026-09-18T16:22:31Z</time></rtept><rtept lat="43.0564" lon="-72.970861"><ele>671.2</ele><time>2026-09-18T16:22:31Z</time></rtept><rtept lat="43.056355" lon="-72.970901"><ele>671.2</ele><time>2026-09-18T16:22:31Z</time></rtept><rtept lat="43.056318" lon="-72.970925"><ele>671.2</ele><time>2026-09-18T16:22:31Z</time></rtept><rtept lat="43.056286" lon="-72.97099"><ele>671.4</ele><time>2026-09-18T16:22:31Z</time></rtept><rtept lat="43.056265" lon="-72.971029"><ele>672.0</ele><time>2026-09-18T16:22:31Z</time></rtept><rtept lat="43.056194" lon="-72.971035"><ele>672.0</ele><time>2026-09-18T16:22:31Z</time></rtept><rtept lat="43.056134" lon="-72.971032"><ele>671.8</ele><time>2026-09-18T16:22:31Z</time></rtept><rtept lat="43.056098" lon="-72.971037"><ele>671.8</ele><time>2026-09-18T16:22:31Z</time></rtept><rtept lat="43.056073" lon="-72.971091"><ele>671.6</ele><time>2026-09-18T16:22:31Z</time></rtept><rtept lat="43.05604" lon="-72.971117"><ele>672.4</ele><time>2026-09-18T16:22:31Z</time></rtept><rtept lat="43.055981" lon="-72.97114"><ele>672.2</ele><time>2026-09-18T16:22:31Z</time></rtept><rtept lat="43.055898" lon="-72.97119"><ele>671.6</ele><time>2026-09-18T16:22:31Z</time></rtept><rtept lat="43.055843" lon="-72.971236"><ele>671.6</ele><time>2026-09-18T16:22:31Z</time></rtept><rtept lat="43.055784" lon="-72.971284"><ele>672.6</ele><time>2026-09-18T16:22:31Z</time></rtept><rtept lat="43.05575" lon="-72.971309"><ele>672.2</ele><time>2026-09-18T16:22:31Z</time></rtept><rtept lat="43.055713" lon="-72.971372"><ele>673.4</ele><time>2026-09-18T16:22:31Z</time></rtept><rtept lat="43.055677" lon="-72.971384"><ele>673.4</ele><time>2026-09-18T16:22:31Z</time></rtept><rtept lat="43.055634" lon="-72.971386"><ele>673.8</ele><time>2026-09-18T16:22:31Z</time></rtept><rtept lat="43.055585" lon="-72.971382"><ele>674.6</ele><time>2026-09-18T16:22:31Z</time></rtept><rtept lat="43.055524" lon="-72.97139"><ele>675.6</ele><time>2026-09-18T16:22:31Z</time></rtept><rtept lat="43.05546" lon="-72.971419"><ele>677.0</ele><time>2026-09-18T16:22:31Z</time></rtept><rtept lat="43.05538" lon="-72.971431"><ele>678.2</ele><time>2026-09-18T16:22:31Z</time></rtept><rtept lat="43.055294" lon="-72.971434"><ele>679.6</ele><time>2026-09-18T16:22:31Z</time></rtept><rtept lat="43.055238" lon="-72.971447"><ele>681.0</ele><time>2026-09-18T16:22:31Z</time></rtept><rtept lat="43.055186" lon="-72.971467"><ele>682.8</ele><time>2026-09-18T16:22:31Z</time></rtept><rtept lat="43.055084" lon="-72.971482"><ele>685.6</ele><time>2026-09-18T16:22:31Z</time></rtept><rtept lat="43.054985" lon="-72.971501"><ele>687.2</ele><time>2026-09-18T16:22:31Z</time></rtept><rtept lat="43.054911" lon="-72.971505"><ele>688.8</ele><time>2026-09-18T16:22:31Z</time></rtept><rtept lat="43.054882" lon="-72.971511"><ele>689.8</ele><time>2026-09-18T16:22:31Z</time></rtept><rtept lat="43.054808" lon="-72.971487"><ele>690.4</ele><time>2026-09-18T16:22:31Z</time></rtept><rtept lat="43.054707" lon="-72.971404"><ele>690.6</ele><time>2026-09-18T16:22:31Z</time></rtept><rtept lat="43.054657" lon="-72.971398"><ele>690.6</ele><time>2026-09-18T16:22:31Z</time></rtept><rtept lat="43.054617" lon="-72.971399"><ele>690.6</ele><time>2026-09-18T16:22:31Z</time></rtept><rtept lat="43.054399" lon="-72.971227"><ele>689.6</ele><time>2026-09-18T16:22:31Z</time></rtept><rtept lat="43.054325" lon="-72.97118"><ele>688.2</ele><time>2026-09-18T16:22:31Z</time></rtept><rtept lat="43.054246" lon="-72.971156"><ele>688.0</ele><time>2026-09-18T16:22:31Z</time></rtept><rtept lat="43.05414" lon="-72.971157"><ele>687.2</ele><time>2026-09-18T16:22:31Z</time></rtept><rtept lat="43.054082" lon="-72.971182"><ele>687.0</ele><time>2026-09-18T16:22:31Z</time></rtept><rtept lat="43.054049" lon="-72.971188"><ele>687.0</ele><time>2026-09-18T16:22:31Z</time></rtept><rtept lat="43.054045" lon="-72.971266"><ele>687.8</ele><time>2026-09-18T16:22:31Z</time></rtept><rtept lat="43.054038" lon="-72.971329"><ele>688.6</ele><time>2026-09-18T16:22:31Z</time></rtept><rtept lat="43.054028" lon="-72.971374"><ele>689.2</ele><time>2026-09-18T16:22:31Z</time></rtept><rtept lat="43.053959" lon="-72.971434"><ele>688.4</ele><time>2026-09-18T16:22:31Z</time></rtept><rtept lat="43.053879" lon="-72.971544"><ele>689.2</ele><time>2026-09-18T16:22:31Z</time></rtept><rtept lat="43.053839" lon="-72.971635"><ele>689.6</ele><time>2026-09-18T16:22:31Z</time></rtept><rtept lat="43.05363" lon="-72.971715"><ele>687.6</ele><time>2026-09-18T16:22:31Z</time></rtept><rtept lat="43.053535" lon="-72.971765"><ele>687.0</ele><time>2026-09-18T16:22:31Z</time></rtept><rtept lat="43.053364" lon="-72.971897"><ele>684.8</ele><time>2026-09-18T16:22:31Z</time></rtept><rtept lat="43.053294" lon="-72.972087"><ele>684.0</ele><time>2026-09-18T16:22:31Z</time></rtept><rtept lat="43.053207" lon="-72.972347"><ele>684.0</ele><time>2026-09-18T16:22:31Z</time></rtept><rtept lat="43.053124" lon="-72.972558"><ele>686.2</ele><time>2026-09-18T16:22:31Z</time></rtept><rtept lat="43.05304" lon="-72.972727"><ele>689.2</ele><time>2026-09-18T16:22:31Z</time></rtept><rtept lat="43.052977" lon="-72.972831"><ele>690.8</ele><time>2026-09-18T16:22:31Z</time></rtept><rtept lat="43.052881" lon="-72.972961"><ele>691.0</ele><time>2026-09-18T16:22:31Z</time></rtept><rtept lat="43.052819" lon="-72.973056"><ele>691.0</ele><time>2026-09-18T16:22:31Z</time></rtept><rtept lat="43.05277" lon="-72.973196"><ele>691.0</ele><time>2026-09-18T16:22:31Z</time></rtept><rtept lat="43.052714" lon="-72.973304"><ele>691.0</ele><time>2026-09-18T16:22:31Z</time></rtept><rtept lat="43.052681" lon="-72.9734"><ele>690.6</ele><time>2026-09-18T16:22:31Z</time></rtept><rtept lat="43.052667" lon="-72.973502"><ele>690.4</ele><time>2026-09-18T16:22:31Z</time></rtept><rtept lat="43.052686" lon="-72.973621"><ele>689.0</ele><time>2026-09-18T16:22:31Z</time></rtept><rtept lat="43.052728" lon="-72.9737"><ele>688.4</ele><time>2026-09-18T16:22:31Z</time></rtept><rtept lat="43.0528" lon="-72.973771"><ele>687.6</ele><time>2026-09-18T16:22:31Z</time></rtept><rtept lat="43.053019" lon="-72.974059"><ele>684.2</ele><time>2026-09-18T16:22:31Z</time></rtept><rtept lat="43.053149" lon="-72.974279"><ele>682.2</ele><time>2026-09-18T16:22:31Z</time></rtept><rtept lat="43.053202" lon="-72.974391"><ele>679.4</ele><time>2026-09-18T16:22:31Z</time></rtept><rtept lat="43.053242" lon="-72.974487"><ele>678.4</ele><time>2026-09-18T16:22:31Z</time></rtept><rtept lat="43.053281" lon="-72.974549"><ele>677.6</ele><time>2026-09-18T16:22:31Z</time></rtept><rtept lat="43.053347" lon="-72.974647"><ele>677.2</ele><time>2026-09-18T16:22:31Z</time></rtept><rtept lat="43.053351" lon="-72.974824"><ele>676.0</ele><time>2026-09-18T16:22:31Z</time></rtept><rtept lat="43.053211" lon="-72.974856"><ele>675.2</ele><time>2026-09-18T16:22:31Z</time></rtept><rtept lat="43.053099" lon="-72.974885"><ele>674.8</ele><time>2026-09-18T16:22:31Z</time></rtept><rtept lat="43.05298" lon="-72.97494"><ele>674.8</ele><time>2026-09-18T16:22:31Z</time></rtept><rtept lat="43.052892" lon="-72.974958"><ele>674.8</ele><time>2026-09-18T16:22:31Z</time></rtept><rtept lat="43.052873" lon="-72.974973"><ele>675.8</ele><time>2026-09-18T16:22:31Z</time></rtept><rtept lat="43.05285" lon="-72.975049"><ele>675.8</ele><time>2026-09-18T16:22:31Z</time></rtept><rtept lat="43.052859" lon="-72.975157"><ele>678.0</ele><time>2026-09-18T16:22:31Z</time></rtept><rtept lat="43.052859" lon="-72.975157"><ele>678.0</ele><time>2026-09-18T16:22:31Z</time></rtept><rtept lat="43.052859" lon="-72.975157"><ele>678.0</ele><time>2026-09-18T16:22:31Z</time></rtept><rtept lat="43.052963" lon="-72.97539"><ele>680.0</ele><time>2026-09-18T16:22:31Z</time></rtept><rtept lat="43.053015" lon="-72.975468"><ele>681.4</ele><time>2026-09-18T16:22:31Z</time></rtept><rtept lat="43.053027" lon="-72.975514"><ele>682.4</ele><time>2026-09-18T16:22:31Z</time></rtept><rtept lat="43.053021" lon="-72.975569"><ele>684.2</ele><time>2026-09-18T16:22:31Z</time></rtept><rtept lat="43.053015" lon="-72.975637"><ele>684.2</ele><time>2026-09-18T16:22:31Z</time></rtept><rtept lat="43.053037" lon="-72.975682"><ele>684.8</ele><time>2026-09-18T16:22:31Z</time></rtept><rtept lat="43.053101" lon="-72.975688"><ele>684.4</ele><time>2026-09-18T16:22:31Z</time></rtept><rtept lat="43.053128" lon="-72.975703"><ele>684.4</ele><time>2026-09-18T16:22:31Z</time></rtept><rtept lat="43.053161" lon="-72.975796"><ele>684.8</ele><time>2026-09-18T16:22:31Z</time></rtept><rtept lat="43.053219" lon="-72.975903"><ele>685.0</ele><time>2026-09-18T16:22:31Z</time></rtept><rtept lat="43.053275" lon="-72.976078"><ele>686.0</ele><time>2026-09-18T16:22:31Z</time></rtept><rtept lat="43.053267" lon="-72.976113"><ele>687.4</ele><time>2026-09-18T16:22:31Z</time></rtept><rtept lat="43.053248" lon="-72.976177"><ele>688.2</ele><time>2026-09-18T16:22:31Z</time></rtept><rtept lat="43.053226" lon="-72.976203"><ele>688.2</ele><time>2026-09-18T16:22:31Z</time></rtept><rtept lat="43.053175" lon="-72.976252"><ele>688.8</ele><time>2026-09-18T16:22:31Z</time></rtept><rtept lat="43.053119" lon="-72.976286"><ele>690.2</ele><time>2026-09-18T16:22:31Z</time></rtept><rtept lat="43.053105" lon="-72.976311"><ele>690.2</ele><time>2026-09-18T16:22:31Z</time></rtept><rtept lat="43.0531" lon="-72.97634"><ele>690.2</ele><time>2026-09-18T16:22:31Z</time></rtept><rtept lat="43.053053" lon="-72.97637"><ele>691.6</ele><time>2026-09-18T16:22:31Z</time></rtept><rtept lat="43.053024" lon="-72.976419"><ele>691.6</ele><time>2026-09-18T16:22:31Z</time></rtept><rtept lat="43.052997" lon="-72.976467"><ele>693.0</ele><time>2026-09-18T16:22:31Z</time></rtept><rtept lat="43.052991" lon="-72.976529"><ele>693.8</ele><time>2026-09-18T16:22:31Z</time></rtept><rtept lat="43.052994" lon="-72.976574"><ele>693.8</ele><time>2026-09-18T16:22:31Z</time></rtept><rtept lat="43.053075" lon="-72.976596"><ele>693.0</ele><time>2026-09-18T16:22:31Z</time></rtept><rtept lat="43.053081" lon="-72.976614"><ele>693.8</ele><time>2026-09-18T16:22:31Z</time></rtept><rtept lat="43.053062" lon="-72.976652"><ele>693.8</ele><time>2026-09-18T16:22:31Z</time></rtept><rtept lat="43.053061" lon="-72.976704"><ele>694.6</ele><time>2026-09-18T16:22:31Z</time></rtept><rtept lat="43.053088" lon="-72.976735"><ele>693.8</ele><time>2026-09-18T16:22:31Z</time></rtept><rtept lat="43.05311" lon="-72.976755"><ele>693.8</ele><time>2026-09-18T16:22:31Z</time></rtept><rtept lat="43.053109" lon="-72.976823"><ele>694.4</ele><time>2026-09-18T16:22:31Z</time></rtept><rtept lat="43.053107" lon="-72.976906"><ele>695.0</ele><time>2026-09-18T16:22:31Z</time></rtept><rtept lat="43.053102" lon="-72.976997"><ele>695.4</ele><time>2026-09-18T16:22:31Z</time></rtept><rtept lat="43.053092" lon="-72.977125"><ele>697.0</ele><time>2026-09-18T16:22:31Z</time></rtept><rtept lat="43.05309" lon="-72.977217"><ele>698.0</ele><time>2026-09-18T16:22:31Z</time></rtept><rtept lat="43.053081" lon="-72.977277"><ele>698.4</ele><time>2026-09-18T16:22:31Z</time></rtept><rtept lat="43.053043" lon="-72.977301"><ele>699.4</ele><time>2026-09-18T16:22:31Z</time></rtept><rtept lat="43.052996" lon="-72.977362"><ele>699.8</ele><time>2026-09-18T16:22:31Z</time></rtept><rtept lat="43.053022" lon="-72.97741"><ele>700.4</ele><time>2026-09-18T16:22:31Z</time></rtept><rtept lat="43.053" lon="-72.977447"><ele>700.4</ele><time>2026-09-18T16:22:31Z</time></rtept><rtept lat="43.053" lon="-72.977498"><ele>701.2</ele><time>2026-09-18T16:22:31Z</time></rtept><rtept lat="43.053022" lon="-72.977528"><ele>701.2</ele><time>2026-09-18T16:22:31Z</time></rtept><rtept lat="43.053018" lon="-72.977605"><ele>702.2</ele><time>2026-09-18T16:22:31Z</time></rtept><rtept lat="43.05304" lon="-72.977692"><ele>703.2</ele><time>2026-09-18T16:22:31Z</time></rtept><rtept lat="43.053047" lon="-72.977803"><ele>706.0</ele><time>2026-09-18T16:22:31Z</time></rtept><rtept lat="43.053035" lon="-72.977871"><ele>706.0</ele><time>2026-09-18T16:22:31Z</time></rtept><rtept lat="43.053016" lon="-72.977912"><ele>707.6</ele><time>2026-09-18T16:22:31Z</time></rtept><rtept lat="43.053027" lon="-72.977962"><ele>707.4</ele><time>2026-09-18T16:22:31Z</time></rtept><rtept lat="43.053161" lon="-72.978109"><ele>708.8</ele><time>2026-09-18T16:22:31Z</time></rtept><rtept lat="43.053276" lon="-72.978246"><ele>709.4</ele><time>2026-09-18T16:22:31Z</time></rtept><rtept lat="43.053387" lon="-72.978484"><ele>710.0</ele><time>2026-09-18T16:22:31Z</time></rtept><rtept lat="43.053429" lon="-72.97856"><ele>709.6</ele><time>2026-09-18T16:22:31Z</time></rtept><rtept lat="43.053439" lon="-72.978638"><ele>710.0</ele><time>2026-09-18T16:22:31Z</time></rtept><rtept lat="43.05342" lon="-72.97872"><ele>710.4</ele><time>2026-09-18T16:22:31Z</time></rtept><rtept lat="43.053406" lon="-72.978808"><ele>711.0</ele><time>2026-09-18T16:22:31Z</time></rtept><rtept lat="43.053419" lon="-72.97886"><ele>711.8</ele><time>2026-09-18T16:22:31Z</time></rtept><rtept lat="43.053395" lon="-72.978944"><ele>713.4</ele><time>2026-09-18T16:22:31Z</time></rtept><rtept lat="43.053398" lon="-72.979045"><ele>714.0</ele><time>2026-09-18T16:22:31Z</time></rtept><rtept lat="43.05343" lon="-72.97928"><ele>715.2</ele><time>2026-09-18T16:22:31Z</time></rtept><rtept lat="43.053479" lon="-72.979475"><ele>716.8</ele><time>2026-09-18T16:22:31Z</time></rtept><rtept lat="43.053549" lon="-72.979707"><ele>719.2</ele><time>2026-09-18T16:22:31Z</time></rtept><rtept lat="43.053566" lon="-72.979813"><ele>720.2</ele><time>2026-09-18T16:22:31Z</time></rtept><rtept lat="43.053565" lon="-72.979936"><ele>721.6</ele><time>2026-09-18T16:22:31Z</time></rtept><rtept lat="43.053531" lon="-72.98016"><ele>725.4</ele><time>2026-09-18T16:22:31Z</time></rtept><rtept lat="43.053471" lon="-72.980379"><ele>729.6</ele><time>2026-09-18T16:22:31Z</time></rtept><rtept lat="43.053431" lon="-72.980571"><ele>731.8</ele><time>2026-09-18T16:22:31Z</time></rtept><rtept lat="43.053358" lon="-72.980763"><ele>732.6</ele><time>2026-09-18T16:22:31Z</time></rtept><rtept lat="43.053302" lon="-72.980864"><ele>733.0</ele><time>2026-09-18T16:22:31Z</time></rtept><rtept lat="43.053246" lon="-72.98096"><ele>733.2</ele><time>2026-09-18T16:22:31Z</time></rtept><rtept lat="43.053204" lon="-72.981016"><ele>733.2</ele><time>2026-09-18T16:22:31Z</time></rtept><rtept lat="43.053167" lon="-72.981112"><ele>733.2</ele><time>2026-09-18T16:22:31Z</time></rtept><rtept lat="43.053126" lon="-72.981134"><ele>733.2</ele><time>2026-09-18T16:22:31Z</time></rtept><rtept lat="43.053057" lon="-72.981221"><ele>733.2</ele><time>2026-09-18T16:22:31Z</time></rtept><rtept lat="43.052943" lon="-72.981353"><ele>733.0</ele><time>2026-09-18T16:22:31Z</time></rtept><rtept lat="43.052882" lon="-72.981403"><ele>733.0</ele><time>2026-09-18T16:22:31Z</time></rtept><rtept lat="43.052818" lon="-72.981457"><ele>732.8</ele><time>2026-09-18T16:22:31Z</time></rtept><rtept lat="43.052713" lon="-72.981518"><ele>732.8</ele><time>2026-09-18T16:22:31Z</time></rtept><rtept lat="43.052665" lon="-72.981531"><ele>732.8</ele><time>2026-09-18T16:22:31Z</time></rtept><rtept lat="43.052616" lon="-72.981558"><ele>732.8</ele><time>2026-09-18T16:22:31Z</time></rtept><rtept lat="43.052595" lon="-72.981597"><ele>732.6</ele><time>2026-09-18T16:22:31Z</time></rtept><rtept lat="43.052587" lon="-72.981666"><ele>732.2</ele><time>2026-09-18T16:22:31Z</time></rtept><rtept lat="43.052556" lon="-72.981721"><ele>732.4</ele><time>2026-09-18T16:22:31Z</time></rtept><rtept lat="43.052522" lon="-72.981734"><ele>732.4</ele><time>2026-09-18T16:22:31Z</time></rtept><rtept lat="43.052462" lon="-72.981779"><ele>732.2</ele><time>2026-09-18T16:22:31Z</time></rtept><rtept lat="43.052331" lon="-72.98192"><ele>732.2</ele><time>2026-09-18T16:22:31Z</time></rtept><rtept lat="43.052278" lon="-72.981975"><ele>732.2</ele><time>2026-09-18T16:22:31Z</time></rtept><rtept lat="43.052247" lon="-72.982007"><ele>732.2</ele><time>2026-09-18T16:22:31Z</time></rtept><rtept lat="43.052212" lon="-72.982087"><ele>732.2</ele><time>2026-09-18T16:22:31Z</time></rtept><rtept lat="43.052154" lon="-72.982135"><ele>732.2</ele><time>2026-09-18T16:22:31Z</time></rtept><rtept lat="43.05209" lon="-72.982153"><ele>732.2</ele><time>2026-09-18T16:22:31Z</time></rtept><rtept lat="43.052031" lon="-72.982168"><ele>732.4</ele><time>2026-09-18T16:22:31Z</time></rtept><rtept lat="43.051956" lon="-72.982166"><ele>732.6</ele><time>2026-09-18T16:22:31Z</time></rtept><rtept lat="43.051909" lon="-72.982172"><ele>732.8</ele><time>2026-09-18T16:22:31Z</time></rtept><rtept lat="43.05186" lon="-72.982213"><ele>732.6</ele><time>2026-09-18T16:22:31Z</time></rtept><rtept lat="43.051831" lon="-72.982259"><ele>732.6</ele><time>2026-09-18T16:22:31Z</time></rtept><rtept lat="43.051781" lon="-72.982315"><ele>732.6</ele><time>2026-09-18T16:22:31Z</time></rtept><rtept lat="43.051726" lon="-72.982383"><ele>732.4</ele><time>2026-09-18T16:22:31Z</time></rtept><rtept lat="43.051677" lon="-72.982433"><ele>732.6</ele><time>2026-09-18T16:22:31Z</time></rtept><rtept lat="43.051632" lon="-72.982472"><ele>732.6</ele><time>2026-09-18T16:22:31Z</time></rtept><rtept lat="43.051607" lon="-72.982559"><ele>732.2</ele><time>2026-09-18T16:22:31Z</time></rtept><rtept lat="43.05159" lon="-72.982821"><ele>733.2</ele><time>2026-09-18T16:22:31Z</time></rtept><rtept lat="43.051582" lon="-72.982927"><ele>734.0</ele><time>2026-09-18T16:22:31Z</time></rtept><rtept lat="43.05154" lon="-72.983003"><ele>735.6</ele><time>2026-09-18T16:22:31Z</time></rtept><rtept lat="43.051531" lon="-72.983113"><ele>736.4</ele><time>2026-09-18T16:22:31Z</time></rtept><rtept lat="43.05154" lon="-72.983242"><ele>737.8</ele><time>2026-09-18T16:22:31Z</time></rtept><rtept lat="43.051572" lon="-72.983393"><ele>738.4</ele><time>2026-09-18T16:22:31Z</time></rtept><rtept lat="43.05157" lon="-72.9835"><ele>738.4</ele><time>2026-09-18T16:22:31Z</time></rtept><rtept lat="43.051552" lon="-72.983776"><ele>737.2</ele><time>2026-09-18T16:22:31Z</time></rtept><rtept lat="43.051558" lon="-72.983907"><ele>735.6</ele><time>2026-09-18T16:22:31Z</time></rtept><rtept lat="43.051598" lon="-72.983993"><ele>735.2</ele><time>2026-09-18T16:22:31Z</time></rtept><rtept lat="43.051626" lon="-72.984139"><ele>734.6</ele><time>2026-09-18T16:22:31Z</time></rtept><rtept lat="43.051666" lon="-72.984384"><ele>733.6</ele><time>2026-09-18T16:22:31Z</time></rtept><rtept lat="43.0517" lon="-72.984639"><ele>732.8</ele><time>2026-09-18T16:22:31Z</time></rtept><rtept lat="43.051728" lon="-72.984978"><ele>732.2</ele><time>2026-09-18T16:22:31Z</time></rtept><rtept lat="43.051794" lon="-72.985232"><ele>733.0</ele><time>2026-09-18T16:22:31Z</time></rtept><rtept lat="43.051869" lon="-72.985318"><ele>734.8</ele><time>2026-09-18T16:22:31Z</time></rtept><rtept lat="43.051972" lon="-72.985341"><ele>736.4</ele><time>2026-09-18T16:22:31Z</time></rtept><rtept lat="43.052049" lon="-72.98536"><ele>737.4</ele><time>2026-09-18T16:22:31Z</time></rtept><rtept lat="43.052161" lon="-72.985418"><ele>737.6</ele><time>2026-09-18T16:22:31Z</time></rtept><rtept lat="43.052222" lon="-72.985485"><ele>738.0</ele><time>2026-09-18T16:22:31Z</time></rtept><rtept lat="43.05235" lon="-72.985728"><ele>738.6</ele><time>2026-09-18T16:22:31Z</time></rtept><rtept lat="43.052454" lon="-72.985832"><ele>738.4</ele><time>2026-09-18T16:22:31Z</time></rtept><rtept lat="43.052491" lon="-72.985888"><ele>738.2</ele><time>2026-09-18T16:22:31Z</time></rtept><rtept lat="43.052503" lon="-72.985994"><ele>738.6</ele><time>2026-09-18T16:22:31Z</time></rtept><rtept lat="43.052638" lon="-72.986176"><ele>737.8</ele><time>2026-09-18T16:22:31Z</time></rtept><rtept lat="43.052782" lon="-72.986291"><ele>737.2</ele><time>2026-09-18T16:22:31Z</time></rtept><rtept lat="43.052843" lon="-72.986452"><ele>738.0</ele><time>2026-09-18T16:22:31Z</time></rtept><rtept lat="43.052966" lon="-72.98658"><ele>740.2</ele><time>2026-09-18T16:22:31Z</time></rtept><rtept lat="43.053071" lon="-72.986728"><ele>741.8</ele><time>2026-09-18T16:22:31Z</time></rtept><rtept lat="43.053179" lon="-72.986903"><ele>743.8</ele><time>2026-09-18T16:22:31Z</time></rtept><rtept lat="43.053198" lon="-72.986989"><ele>744.2</ele><time>2026-09-18T16:22:31Z</time></rtept><rtept lat="43.053192" lon="-72.987079"><ele>744.6</ele><time>2026-09-18T16:22:31Z</time></rtept><rtept lat="43.053172" lon="-72.987153"><ele>744.6</ele><time>2026-09-18T16:22:31Z</time></rtept><rtept lat="43.053212" lon="-72.987212"><ele>745.2</ele><time>2026-09-18T16:22:31Z</time></rtept><rtept lat="43.053229" lon="-72.987304"><ele>745.6</ele><time>2026-09-18T16:22:31Z</time></rtept><rtept lat="43.053249" lon="-72.987476"><ele>746.4</ele><time>2026-09-18T16:22:31Z</time></rtept><rtept lat="43.053272" lon="-72.987644"><ele>747.6</ele><time>2026-09-18T16:22:31Z</time></rtept><rtept lat="43.053284" lon="-72.987765"><ele>748.4</ele><time>2026-09-18T16:22:31Z</time></rtept><rtept lat="43.053301" lon="-72.98797"><ele>749.2</ele><time>2026-09-18T16:22:31Z</time></rtept><rtept lat="43.053375" lon="-72.988155"><ele>750.0</ele><time>2026-09-18T16:22:31Z</time></rtept><rtept lat="43.053426" lon="-72.988382"><ele>753.0</ele><time>2026-09-18T16:22:31Z</time></rtept><rtept lat="43.053436" lon="-72.988564"><ele>755.0</ele><time>2026-09-18T16:22:31Z</time></rtept><rtept lat="43.053449" lon="-72.988644"><ele>755.8</ele><time>2026-09-18T16:22:31Z</time></rtept><rtept lat="43.053457" lon="-72.988819"><ele>756.6</ele><time>2026-09-18T16:22:31Z</time></rtept><rtept lat="43.05347" lon="-72.989289"><ele>756.8</ele><time>2026-09-18T16:22:31Z</time></rtept><rtept lat="43.053686" lon="-72.989806"><ele>759.4</ele><time>2026-09-18T16:22:31Z</time></rtept><rtept lat="43.053778" lon="-72.990132"><ele>760.2</ele><time>2026-09-18T16:22:31Z</time></rtept><rtept lat="43.053825" lon="-72.990203"><ele>760.4</ele><time>2026-09-18T16:22:31Z</time></rtept><rtept lat="43.053872" lon="-72.990322"><ele>760.6</ele><time>2026-09-18T16:22:31Z</time></rtept><rtept lat="43.053907" lon="-72.990415"><ele>761.2</ele><time>2026-09-18T16:22:31Z</time></rtept><rtept lat="43.053949" lon="-72.990571"><ele>762.2</ele><time>2026-09-18T16:22:31Z</time></rtept><rtept lat="43.053989" lon="-72.99074"><ele>764.8</ele><time>2026-09-18T16:22:31Z</time></rtept><rtept lat="43.054023" lon="-72.990837"><ele>765.8</ele><time>2026-09-18T16:22:31Z</time></rtept><rtept lat="43.054095" lon="-72.990893"><ele>768.0</ele><time>2026-09-18T16:22:31Z</time></rtept><rtept lat="43.05418" lon="-72.990945"><ele>769.2</ele><time>2026-09-18T16:22:31Z</time></rtept><rtept lat="43.054333" lon="-72.991065"><ele>771.0</ele><time>2026-09-18T16:22:31Z</time></rtept><rtept lat="43.054478" lon="-72.991185"><ele>773.2</ele><time>2026-09-18T16:22:31Z</time></rtept><rtept lat="43.054581" lon="-72.991273"><ele>774.0</ele><time>2026-09-18T16:22:31Z</time></rtept><rtept lat="43.054678" lon="-72.991322"><ele>774.8</ele><time>2026-09-18T16:22:31Z</time></rtept><rtept lat="43.054769" lon="-72.991368"><ele>775.6</ele><time>2026-09-18T16:22:31Z</time></rtept><rtept lat="43.054838" lon="-72.991417"><ele>775.6</ele><time>2026-09-18T16:22:31Z</time></rtept><rtept lat="43.054894" lon="-72.991467"><ele>776.4</ele><time>2026-09-18T16:22:31Z</time></rtept><rtept lat="43.054951" lon="-72.991511"><ele>776.4</ele><time>2026-09-18T16:22:31Z</time></rtept><rtept lat="43.055017" lon="-72.991558"><ele>777.2</ele><time>2026-09-18T16:22:31Z</time></rtept><rtept lat="43.055083" lon="-72.991597"><ele>777.0</ele><time>2026-09-18T16:22:31Z</time></rtept><rtept lat="43.055124" lon="-72.991651"><ele>777.8</ele><time>2026-09-18T16:22:31Z</time></rtept><rtept lat="43.055168" lon="-72.99175"><ele>778.8</ele><time>2026-09-18T16:22:31Z</time></rtept><rtept lat="43.055221" lon="-72.99185"><ele>779.6</ele><time>2026-09-18T16:22:31Z</time></rtept><rtept lat="43.055267" lon="-72.991937"><ele>780.4</ele><time>2026-09-18T16:22:31Z</time></rtept><rtept lat="43.055348" lon="-72.992102"><ele>781.4</ele><time>2026-09-18T16:22:31Z</time></rtept><rtept lat="43.055371" lon="-72.992294"><ele>782.6</ele><time>2026-09-18T16:22:31Z</time></rtept><rtept lat="43.055403" lon="-72.992435"><ele>783.6</ele><time>2026-09-18T16:22:31Z</time></rtept><rtept lat="43.055425" lon="-72.992543"><ele>784.4</ele><time>2026-09-18T16:22:31Z</time></rtept><rtept lat="43.055439" lon="-72.992652"><ele>785.4</ele><time>2026-09-18T16:22:31Z</time></rtept><rtept lat="43.055449" lon="-72.992768"><ele>786.0</ele><time>2026-09-18T16:22:31Z</time></rtept><rtept lat="43.055455" lon="-72.992883"><ele>786.4</ele><time>2026-09-18T16:22:31Z</time></rtept><rtept lat="43.055474" lon="-72.992969"><ele>787.2</ele><time>2026-09-18T16:22:31Z</time></rtept><rtept lat="43.055474" lon="-72.993038"><ele>787.6</ele><time>2026-09-18T16:22:31Z</time></rtept><rtept lat="43.055469" lon="-72.993089"><ele>788.0</ele><time>2026-09-18T16:22:31Z</time></rtept><rtept lat="43.055453" lon="-72.993138"><ele>787.6</ele><time>2026-09-18T16:22:31Z</time></rtept><rtept lat="43.055432" lon="-72.99318"><ele>788.0</ele><time>2026-09-18T16:22:31Z</time></rtept><rtept lat="43.055415" lon="-72.99327"><ele>788.2</ele><time>2026-09-18T16:22:31Z</time></rtept><rtept lat="43.055439" lon="-72.993356"><ele>788.2</ele><time>2026-09-18T16:22:31Z</time></rtept><rtept lat="43.055452" lon="-72.993458"><ele>788.2</ele><time>2026-09-18T16:22:31Z</time></rtept><rtept lat="43.055447" lon="-72.99352"><ele>788.2</ele><time>2026-09-18T16:22:31Z</time></rtept><rtept lat="43.055436" lon="-72.993566"><ele>788.2</ele><time>2026-09-18T16:22:31Z</time></rtept><rtept lat="43.055437" lon="-72.993616"><ele>788.0</ele><time>2026-09-18T16:22:31Z</time></rtept><rtept lat="43.055456" lon="-72.993671"><ele>788.0</ele><time>2026-09-18T16:22:31Z</time></rtept><rtept lat="43.055465" lon="-72.993723"><ele>787.8</ele><time>2026-09-18T16:22:31Z</time></rtept><rtept lat="43.055477" lon="-72.993861"><ele>789.0</ele><time>2026-09-18T16:22:31Z</time></rtept><rtept lat="43.055482" lon="-72.993991"><ele>789.2</ele><time>2026-09-18T16:22:31Z</time></rtept><rtept lat="43.055485" lon="-72.994086"><ele>789.4</ele><time>2026-09-18T16:22:31Z</time></rtept><rtept lat="43.055498" lon="-72.994209"><ele>790.0</ele><time>2026-09-18T16:22:31Z</time></rtept><rtept lat="43.055521" lon="-72.994439"><ele>790.8</ele><time>2026-09-18T16:22:31Z</time></rtept><rtept lat="43.055523" lon="-72.994572"><ele>791.4</ele><time>2026-09-18T16:22:31Z</time></rtept><rtept lat="43.055525" lon="-72.994798"><ele>791.8</ele><time>2026-09-18T16:22:31Z</time></rtept><rtept lat="43.055534" lon="-72.994909"><ele>792.8</ele><time>2026-09-18T16:22:31Z</time></rtept><rtept lat="43.055553" lon="-72.995061"><ele>793.6</ele><time>2026-09-18T16:22:31Z</time></rtept><rtept lat="43.05556" lon="-72.995169"><ele>794.2</ele><time>2026-09-18T16:22:31Z</time></rtept><rtept lat="43.055563" lon="-72.995266"><ele>795.2</ele><time>2026-09-18T16:22:31Z</time></rtept><rtept lat="43.055561" lon="-72.995372"><ele>796.0</ele><time>2026-09-18T16:22:31Z</time></rtept><rtept lat="43.055575" lon="-72.995474"><ele>796.6</ele><time>2026-09-18T16:22:31Z</time></rtept><rtept lat="43.055612" lon="-72.995563"><ele>797.2</ele><time>2026-09-18T16:22:31Z</time></rtept><rtept lat="43.05565" lon="-72.995672"><ele>798.2</ele><time>2026-09-18T16:22:31Z</time></rtept><rtept lat="43.055663" lon="-72.995764"><ele>798.8</ele><time>2026-09-18T16:22:31Z</time></rtept><rtept lat="43.055691" lon="-72.995881"><ele>799.2</ele><time>2026-09-18T16:22:31Z</time></rtept><rtept lat="43.055721" lon="-72.995974"><ele>799.8</ele><time>2026-09-18T16:22:31Z</time></rtept><rtept lat="43.055758" lon="-72.996061"><ele>800.4</ele><time>2026-09-18T16:22:31Z</time></rtept><rtept lat="43.055822" lon="-72.996243"><ele>801.4</ele><time>2026-09-18T16:22:31Z</time></rtept><rtept lat="43.055785" lon="-72.996386"><ele>802.2</ele><time>2026-09-18T16:22:31Z</time></rtept><rtept lat="43.055753" lon="-72.996456"><ele>802.6</ele><time>2026-09-18T16:22:31Z</time></rtept><rtept lat="43.055749" lon="-72.996554"><ele>802.8</ele><time>2026-09-18T16:22:31Z</time></rtept><rtept lat="43.055737" lon="-72.996674"><ele>803.2</ele><time>2026-09-18T16:22:31Z</time></rtept><rtept lat="43.055726" lon="-72.996805"><ele>804.2</ele><time>2026-09-18T16:22:31Z</time></rtept><rtept lat="43.055715" lon="-72.996897"><ele>804.4</ele><time>2026-09-18T16:22:31Z</time></rtept><rtept lat="43.055677" lon="-72.996985"><ele>805.2</ele><time>2026-09-18T16:22:31Z</time></rtept><rtept lat="43.055656" lon="-72.997049"><ele>805.8</ele><time>2026-09-18T16:22:31Z</time></rtept><rtept lat="43.05564" lon="-72.997117"><ele>806.6</ele><time>2026-09-18T16:22:31Z</time></rtept><rtept lat="43.055628" lon="-72.997169"><ele>806.6</ele><time>2026-09-18T16:22:31Z</time></rtept><rtept lat="43.055588" lon="-72.997225"><ele>807.2</ele><time>2026-09-18T16:22:31Z</time></rtept><rtept lat="43.055546" lon="-72.997272"><ele>807.2</ele><time>2026-09-18T16:22:31Z</time></rtept><rtept lat="43.05547" lon="-72.997332"><ele>807.6</ele><time>2026-09-18T16:22:31Z</time></rtept><rtept lat="43.055428" lon="-72.997339"><ele>807.6</ele><time>2026-09-18T16:22:31Z</time></rtept><rtept lat="43.055386" lon="-72.997345"><ele>807.6</ele><time>2026-09-18T16:22:31Z</time></rtept><rtept lat="43.055359" lon="-72.99736"><ele>807.6</ele><time>2026-09-18T16:22:31Z</time></rtept><rtept lat="43.055335" lon="-72.997387"><ele>808.0</ele><time>2026-09-18T16:22:31Z</time></rtept><rtept lat="43.055312" lon="-72.997417"><ele>808.0</ele><time>2026-09-18T16:22:31Z</time></rtept><rtept lat="43.055267" lon="-72.997426"><ele>808.2</ele><time>2026-09-18T16:22:31Z</time></rtept><rtept lat="43.055225" lon="-72.99744"><ele>808.2</ele><time>2026-09-18T16:22:31Z</time></rtept><rtept lat="43.0552" lon="-72.997453"><ele>808.2</ele><time>2026-09-18T16:22:31Z</time></rtept><rtept lat="43.055129" lon="-72.997468"><ele>809.0</ele><time>2026-09-18T16:22:31Z</time></rtept><rtept lat="43.055076" lon="-72.997475"><ele>809.2</ele><time>2026-09-18T16:22:31Z</time></rtept><rtept lat="43.055043" lon="-72.997489"><ele>809.2</ele><time>2026-09-18T16:22:31Z</time></rtept><rtept lat="43.055032" lon="-72.997502"><ele>809.2</ele><time>2026-09-18T16:22:31Z</time></rtept><rtept lat="43.054996" lon="-72.99754"><ele>809.4</ele><time>2026-09-18T16:22:31Z</time></rtept><rtept lat="43.054966" lon="-72.997558"><ele>810.2</ele><time>2026-09-18T16:22:31Z</time></rtept><rtept lat="43.054931" lon="-72.997583"><ele>810.2</ele><time>2026-09-18T16:22:31Z</time></rtept><rtept lat="43.054903" lon="-72.99761"><ele>810.4</ele><time>2026-09-18T16:22:31Z</time></rtept><rtept lat="43.054894" lon="-72.997649"><ele>810.8</ele><time>2026-09-18T16:22:31Z</time></rtept><rtept lat="43.054893" lon="-72.997693"><ele>810.8</ele><time>2026-09-18T16:22:31Z</time></rtept><rtept lat="43.054888" lon="-72.997734"><ele>811.4</ele><time>2026-09-18T16:22:31Z</time></rtept><rtept lat="43.054872" lon="-72.99776"><ele>811.4</ele><time>2026-09-18T16:22:31Z</time></rtept><rtept lat="43.054845" lon="-72.997792"><ele>811.4</ele><time>2026-09-18T16:22:31Z</time></rtept><rtept lat="43.054817" lon="-72.997819"><ele>812.0</ele><time>2026-09-18T16:22:31Z</time></rtept><rtept lat="43.054794" lon="-72.99784"><ele>812.0</ele><time>2026-09-18T16:22:31Z</time></rtept><rtept lat="43.054778" lon="-72.99787"><ele>812.0</ele><time>2026-09-18T16:22:31Z</time></rtept><rtept lat="43.05478" lon="-72.997925"><ele>812.4</ele><time>2026-09-18T16:22:31Z</time></rtept><rtept lat="43.054766" lon="-72.99799"><ele>813.2</ele><time>2026-09-18T16:22:31Z</time></rtept><rtept lat="43.054774" lon="-72.998049"><ele>813.2</ele><time>2026-09-18T16:22:31Z</time></rtept><rtept lat="43.054811" lon="-72.998096"><ele>813.8</ele><time>2026-09-18T16:22:31Z</time></rtept><rtept lat="43.054865" lon="-72.998145"><ele>814.6</ele><time>2026-09-18T16:22:31Z</time></rtept><rtept lat="43.054922" lon="-72.998203"><ele>814.6</ele><time>2026-09-18T16:22:31Z</time></rtept><rtept lat="43.05506" lon="-72.998362"><ele>815.8</ele><time>2026-09-18T16:22:31Z</time></rtept><rtept lat="43.055078" lon="-72.998418"><ele>816.6</ele><time>2026-09-18T16:22:31Z</time></rtept><rtept lat="43.055112" lon="-72.998588"><ele>817.8</ele><time>2026-09-18T16:22:31Z</time></rtept><rtept lat="43.055113" lon="-72.998645"><ele>817.8</ele><time>2026-09-18T16:22:31Z</time></rtept><rtept lat="43.055104" lon="-72.998683"><ele>818.6</ele><time>2026-09-18T16:22:31Z</time></rtept><rtept lat="43.055101" lon="-72.998731"><ele>818.6</ele><time>2026-09-18T16:22:31Z</time></rtept><rtept lat="43.055099" lon="-72.998794"><ele>819.2</ele><time>2026-09-18T16:22:31Z</time></rtept><rtept lat="43.055094" lon="-72.998891"><ele>820.0</ele><time>2026-09-18T16:22:31Z</time></rtept><rtept lat="43.055108" lon="-72.999006"><ele>821.6</ele><time>2026-09-18T16:22:31Z</time></rtept><rtept lat="43.055107" lon="-72.999078"><ele>821.6</ele><time>2026-09-18T16:22:31Z</time></rtept><rtept lat="43.055113" lon="-72.999164"><ele>822.4</ele><time>2026-09-18T16:22:31Z</time></rtept><rtept lat="43.055153" lon="-72.999268"><ele>823.8</ele><time>2026-09-18T16:22:31Z</time></rtept><rtept lat="43.055229" lon="-72.999397"><ele>824.4</ele><time>2026-09-18T16:22:31Z</time></rtept><rtept lat="43.05528" lon="-72.999419"><ele>824.4</ele><time>2026-09-18T16:22:31Z</time></rtept><rtept lat="43.055282" lon="-72.999456"><ele>825.4</ele><time>2026-09-18T16:22:31Z</time></rtept><rtept lat="43.055281" lon="-72.999508"><ele>825.4</ele><time>2026-09-18T16:22:31Z</time></rtept><rtept lat="43.055247" lon="-72.99956"><ele>826.2</ele><time>2026-09-18T16:22:31Z</time></rtept><rtept lat="43.055242" lon="-72.999642"><ele>826.8</ele><time>2026-09-18T16:22:31Z</time></rtept><rtept lat="43.055234" lon="-72.999699"><ele>827.4</ele><time>2026-09-18T16:22:31Z</time></rtept><rtept lat="43.055165" lon="-72.999752"><ele>827.2</ele><time>2026-09-18T16:22:31Z</time></rtept><rtept lat="43.055109" lon="-72.999791"><ele>827.6</ele><time>2026-09-18T16:22:31Z</time></rtept><rtept lat="43.05507" lon="-72.999816"><ele>827.4</ele><time>2026-09-18T16:22:31Z</time></rtept><rtept lat="43.05511" lon="-72.999895"><ele>828.6</ele><time>2026-09-18T16:22:31Z</time></rtept><rtept lat="43.055202" lon="-73.000089"><ele>830.8</ele><time>2026-09-18T16:22:31Z</time></rtept><rtept lat="43.055248" lon="-73.000153"><ele>832.2</ele><time>2026-09-18T16:22:31Z</time></rtept><rtept lat="43.055324" lon="-73.000155"><ele>832.6</ele><time>2026-09-18T16:22:31Z</time></rtept><rtept lat="43.055385" lon="-73.000156"><ele>832.8</ele><time>2026-09-18T16:22:31Z</time></rtept><rtept lat="43.055385" lon="-73.000156"><ele>832.8</ele><time>2026-09-18T16:22:31Z</time></rtept><rtept lat="43.055385" lon="-73.000156"><ele>832.8</ele><time>2026-09-18T16:22:31Z</time></rtept><rtept lat="43.055397" lon="-73.000199"><ele>832.8</ele><time>2026-09-18T16:22:31Z</time></rtept><rtept lat="43.055394" lon="-73.000328"><ele>834.6</ele><time>2026-09-18T16:22:31Z</time></rtept><rtept lat="43.055426" lon="-73.000371"><ele>835.0</ele><time>2026-09-18T16:22:31Z</time></rtept><rtept lat="43.055555" lon="-73.000398"><ele>836.2</ele><time>2026-09-18T16:22:31Z</time></rtept><rtept lat="43.055607" lon="-73.000403"><ele>836.6</ele><time>2026-09-18T16:22:31Z</time></rtept><rtept lat="43.055635" lon="-73.000422"><ele>836.6</ele><time>2026-09-18T16:22:31Z</time></rtept><rtept lat="43.055649" lon="-73.000586"><ele>837.8</ele><time>2026-09-18T16:22:31Z</time></rtept><rtept lat="43.055744" lon="-73.000779"><ele>839.6</ele><time>2026-09-18T16:22:31Z</time></rtept><rtept lat="43.055753" lon="-73.000855"><ele>840.2</ele><time>2026-09-18T16:22:31Z</time></rtept><rtept lat="43.055744" lon="-73.000922"><ele>840.8</ele><time>2026-09-18T16:22:31Z</time></rtept><rtept lat="43.055735" lon="-73.000982"><ele>841.2</ele><time>2026-09-18T16:22:31Z</time></rtept><rtept lat="43.055687" lon="-73.001064"><ele>841.2</ele><time>2026-09-18T16:22:31Z</time></rtept><rtept lat="43.055676" lon="-73.001119"><ele>841.2</ele><time>2026-09-18T16:22:31Z</time></rtept><rtept lat="43.055655" lon="-73.001178"><ele>841.6</ele><time>2026-09-18T16:22:31Z</time></rtept><rtept lat="43.05566" lon="-73.001205"><ele>842.0</ele><time>2026-09-18T16:22:31Z</time></rtept><rtept lat="43.055758" lon="-73.001218"><ele>842.6</ele><time>2026-09-18T16:22:31Z</time></rtept><rtept lat="43.055816" lon="-73.00123"><ele>843.4</ele><time>2026-09-18T16:22:31Z</time></rtept><rtept lat="43.055835" lon="-73.001289"><ele>844.0</ele><time>2026-09-18T16:22:31Z</time></rtept><rtept lat="43.055866" lon="-73.001455"><ele>846.0</ele><time>2026-09-18T16:22:31Z</time></rtept><rtept lat="43.055908" lon="-73.00158"><ele>848.0</ele><time>2026-09-18T16:22:31Z</time></rtept><rtept lat="43.055933" lon="-73.001711"><ele>848.8</ele><time>2026-09-18T16:22:31Z</time></rtept><rtept lat="43.055956" lon="-73.001851"><ele>850.6</ele><time>2026-09-18T16:22:31Z</time></rtept><rtept lat="43.05596" lon="-73.001962"><ele>851.4</ele><time>2026-09-18T16:22:31Z</time></rtept><rtept lat="43.055936" lon="-73.002015"><ele>852.2</ele><time>2026-09-18T16:22:31Z</time></rtept><rtept lat="43.055891" lon="-73.002091"><ele>852.8</ele><time>2026-09-18T16:22:31Z</time></rtept><rtept lat="43.055845" lon="-73.002156"><ele>852.8</ele><time>2026-09-18T16:22:31Z</time></rtept><rtept lat="43.05584" lon="-73.002203"><ele>853.6</ele><time>2026-09-18T16:22:31Z</time></rtept><rtept lat="43.055812" lon="-73.002267"><ele>854.8</ele><time>2026-09-18T16:22:31Z</time></rtept><rtept lat="43.055755" lon="-73.002295"><ele>854.8</ele><time>2026-09-18T16:22:31Z</time></rtept><rtept lat="43.055682" lon="-73.002356"><ele>856.0</ele><time>2026-09-18T16:22:31Z</time></rtept><rtept lat="43.055655" lon="-73.002384"><ele>856.2</ele><time>2026-09-18T16:22:31Z</time></rtept><rtept lat="43.055587" lon="-73.002381"><ele>856.6</ele><time>2026-09-18T16:22:31Z</time></rtept><rtept lat="43.055498" lon="-73.002283"><ele>855.6</ele><time>2026-09-18T16:22:31Z</time></rtept><rtept lat="43.055423" lon="-73.00224"><ele>855.0</ele><time>2026-09-18T16:22:31Z</time></rtept><rtept lat="43.055365" lon="-73.002237"><ele>855.6</ele><time>2026-09-18T16:22:31Z</time></rtept><rtept lat="43.055317" lon="-73.002256"><ele>856.0</ele><time>2026-09-18T16:22:31Z</time></rtept><rtept lat="43.055282" lon="-73.002288"><ele>857.0</ele><time>2026-09-18T16:22:31Z</time></rtept><rtept lat="43.055249" lon="-73.002276"><ele>857.6</ele><time>2026-09-18T16:22:31Z</time></rtept><rtept lat="43.055216" lon="-73.002261"><ele>857.0</ele><time>2026-09-18T16:22:31Z</time></rtept><rtept lat="43.055153" lon="-73.002264"><ele>858.4</ele><time>2026-09-18T16:22:31Z</time></rtept><rtept lat="43.055105" lon="-73.002265"><ele>858.4</ele><time>2026-09-18T16:22:31Z</time></rtept><rtept lat="43.055076" lon="-73.002285"><ele>859.0</ele><time>2026-09-18T16:22:31Z</time></rtept><rtept lat="43.055006" lon="-73.002291"><ele>859.4</ele><time>2026-09-18T16:22:31Z</time></rtept><rtept lat="43.054959" lon="-73.00228"><ele>860.0</ele><time>2026-09-18T16:22:31Z</time></rtept><rtept lat="43.054917" lon="-73.002294"><ele>860.0</ele><time>2026-09-18T16:22:31Z</time></rtept><rtept lat="43.054864" lon="-73.002317"><ele>860.4</ele><time>2026-09-18T16:22:31Z</time></rtept><rtept lat="43.054823" lon="-73.002334"><ele>861.0</ele><time>2026-09-18T16:22:31Z</time></rtept><rtept lat="43.054751" lon="-73.002341"><ele>861.4</ele><time>2026-09-18T16:22:31Z</time></rtept><rtept lat="43.05472" lon="-73.002349"><ele>862.6</ele><time>2026-09-18T16:22:31Z</time></rtept><rtept lat="43.054691" lon="-73.002377"><ele>863.0</ele><time>2026-09-18T16:22:31Z</time></rtept><rtept lat="43.054672" lon="-73.002397"><ele>863.0</ele><time>2026-09-18T16:22:31Z</time></rtept><rtept lat="43.054654" lon="-73.002465"><ele>864.2</ele><time>2026-09-18T16:22:31Z</time></rtept><rtept lat="43.054632" lon="-73.002502"><ele>864.6</ele><time>2026-09-18T16:22:31Z</time></rtept><rtept lat="43.054593" lon="-73.002645"><ele>866.8</ele><time>2026-09-18T16:22:31Z</time></rtept><rtept lat="43.054568" lon="-73.002704"><ele>868.4</ele><time>2026-09-18T16:22:31Z</time></rtept><rtept lat="43.054543" lon="-73.002716"><ele>868.4</ele><time>2026-09-18T16:22:31Z</time></rtept><rtept lat="43.054481" lon="-73.002744"><ele>868.8</ele><time>2026-09-18T16:22:31Z</time></rtept><rtept lat="43.054449" lon="-73.002791"><ele>870.2</ele><time>2026-09-18T16:22:31Z</time></rtept><rtept lat="43.054428" lon="-73.00284"><ele>870.2</ele><time>2026-09-18T16:22:31Z</time></rtept><rtept lat="43.05439" lon="-73.002865"><ele>871.6</ele><time>2026-09-18T16:22:31Z</time></rtept><rtept lat="43.054357" lon="-73.002893"><ele>871.6</ele><time>2026-09-18T16:22:31Z</time></rtept><rtept lat="43.054339" lon="-73.002961"><ele>872.8</ele><time>2026-09-18T16:22:31Z</time></rtept><rtept lat="43.054312" lon="-73.003483"><ele>878.0</ele><time>2026-09-18T16:22:31Z</time></rtept><rtept lat="43.054304" lon="-73.003541"><ele>878.0</ele><time>2026-09-18T16:22:31Z</time></rtept><rtept lat="43.054269" lon="-73.003571"><ele>879.0</ele><time>2026-09-18T16:22:31Z</time></rtept><rtept lat="43.05426" lon="-73.003626"><ele>879.0</ele><time>2026-09-18T16:22:31Z</time></rtept><rtept lat="43.054247" lon="-73.003725"><ele>880.4</ele><time>2026-09-18T16:22:31Z</time></rtept><rtept lat="43.054258" lon="-73.003783"><ele>880.4</ele><time>2026-09-18T16:22:31Z</time></rtept><rtept lat="43.054286" lon="-73.003844"><ele>880.8</ele><time>2026-09-18T16:22:31Z</time></rtept><rtept lat="43.054481" lon="-73.004329"><ele>883.6</ele><time>2026-09-18T16:22:31Z</time></rtept><rtept lat="43.054929" lon="-73.004849"><ele>884.0</ele><time>2026-09-18T16:22:31Z</time></rtept><rtept lat="43.055082" lon="-73.005264"><ele>885.6</ele><time>2026-09-18T16:22:31Z</time></rtept><rtept lat="43.055088" lon="-73.005365"><ele>887.2</ele><time>2026-09-18T16:22:31Z</time></rtept><rtept lat="43.055099" lon="-73.005522"><ele>886.8</ele><time>2026-09-18T16:22:31Z</time></rtept><rtept lat="43.055206" lon="-73.005514"><ele>885.8</ele><time>2026-09-18T16:22:31Z</time></rtept><rtept lat="43.05529" lon="-73.005514"><ele>883.8</ele><time>2026-09-18T16:22:31Z</time></rtept><rtept lat="43.055379" lon="-73.005504"><ele>883.0</ele><time>2026-09-18T16:22:31Z</time></rtept><rtept lat="43.055443" lon="-73.005504"><ele>882.0</ele><time>2026-09-18T16:22:31Z</time></rtept><rtept lat="43.0555" lon="-73.0055"><ele>881.2</ele><time>2026-09-18T16:22:31Z</time></rtept><rtept lat="43.055554" lon="-73.005516"><ele>880.2</ele><time>2026-09-18T16:22:31Z</time></rtept><rtept lat="43.055629" lon="-73.005551"><ele>879.4</ele><time>2026-09-18T16:22:31Z</time></rtept><rtept lat="43.055729" lon="-73.005613"><ele>877.4</ele><time>2026-09-18T16:22:31Z</time></rtept><rtept lat="43.055822" lon="-73.005675"><ele>876.4</ele><time>2026-09-18T16:22:31Z</time></rtept><rtept lat="43.055965" lon="-73.005774"><ele>874.2</ele><time>2026-09-18T16:22:31Z</time></rtept><rtept lat="43.056129" lon="-73.005871"><ele>871.4</ele><time>2026-09-18T16:22:31Z</time></rtept><rtept lat="43.056254" lon="-73.005962"><ele>869.8</ele><time>2026-09-18T16:22:31Z</time></rtept><rtept lat="43.056336" lon="-73.006011"><ele>868.4</ele><time>2026-09-18T16:22:31Z</time></rtept><rtept lat="43.056518" lon="-73.006194"><ele>865.4</ele><time>2026-09-18T16:22:31Z</time></rtept><rtept lat="43.056586" lon="-73.006262"><ele>864.6</ele><time>2026-09-18T16:22:31Z</time></rtept><rtept lat="43.056703" lon="-73.006366"><ele>862.8</ele><time>2026-09-18T16:22:31Z</time></rtept><rtept lat="43.056799" lon="-73.006429"><ele>861.0</ele><time>2026-09-18T16:22:31Z</time></rtept><rtept lat="43.05692" lon="-73.006514"><ele>859.4</ele><time>2026-09-18T16:22:31Z</time></rtept><rtept lat="43.057004" lon="-73.00656"><ele>858.8</ele><time>2026-09-18T16:22:31Z</time></rtept><rtept lat="43.057004" lon="-73.00656"><ele>858.8</ele><time>2026-09-18T16:22:31Z</time></rtept><rtept lat="43.057018" lon="-73.006568"><ele>858.8</ele><time>2026-09-18T16:22:31Z</time></rtept><rtept lat="43.057141" lon="-73.006623"><ele>856.6</ele><time>2026-09-18T16:22:31Z</time></rtept><rtept lat="43.057304" lon="-73.006695"><ele>854.0</ele><time>2026-09-18T16:22:31Z</time></rtept><rtept lat="43.057465" lon="-73.00678"><ele>852.8</ele><time>2026-09-18T16:22:31Z</time></rtept><rtept lat="43.057688" lon="-73.006854"><ele>851.0</ele><time>2026-09-18T16:22:31Z</time></rtept><rtept lat="43.057834" lon="-73.006903"><ele>849.8</ele><time>2026-09-18T16:22:31Z</time></rtept><rtept lat="43.057909" lon="-73.006924"><ele>849.4</ele><time>2026-09-18T16:22:31Z</time></rtept><rtept lat="43.057971" lon="-73.00692"><ele>849.0</ele><time>2026-09-18T16:22:31Z</time></rtept><rtept lat="43.058049" lon="-73.006883"><ele>848.6</ele><time>2026-09-18T16:22:31Z</time></rtept><rtept lat="43.058116" lon="-73.006842"><ele>848.2</ele><time>2026-09-18T16:22:31Z</time></rtept><rtept lat="43.0582" lon="-73.006817"><ele>847.8</ele><time>2026-09-18T16:22:31Z</time></rtept><rtept lat="43.058262" lon="-73.006838"><ele>847.6</ele><time>2026-09-18T16:22:31Z</time></rtept><rtept lat="43.058361" lon="-73.006899"><ele>846.8</ele><time>2026-09-18T16:22:31Z</time></rtept><rtept lat="43.058458" lon="-73.006941"><ele>846.6</ele><time>2026-09-18T16:22:31Z</time></rtept><rtept lat="43.058527" lon="-73.006978"><ele>846.4</ele><time>2026-09-18T16:22:31Z</time></rtept><rtept lat="43.058478" lon="-73.007085"><ele>846.6</ele><time>2026-09-18T16:22:31Z</time></rtept><rtept lat="43.058398" lon="-73.007281"><ele>846.4</ele><time>2026-09-18T16:22:31Z</time></rtept><rtept lat="43.058289" lon="-73.007597"><ele>845.8</ele><time>2026-09-18T16:22:31Z</time></rtept><rtept lat="43.058289" lon="-73.007597"><ele>845.8</ele><time>2026-09-18T16:22:31Z</time></rtept><rtept lat="43.058712" lon="-73.008197"><ele>843.2</ele><time>2026-09-18T16:22:31Z</time></rtept><rtept lat="43.059022" lon="-73.008304"><ele>842.6</ele><time>2026-09-18T16:22:31Z</time></rtept><rtept lat="43.059286" lon="-73.008152"><ele>843.8</ele><time>2026-09-18T16:22:31Z</time></rtept><rtept lat="43.059732" lon="-73.007434"><ele>847.0</ele><time>2026-09-18T16:22:31Z</time></rtept><rtept lat="43.060956" lon="-73.007305"><ele>856.8</ele><time>2026-09-18T16:22:31Z</time></rtept><rtept lat="43.061691" lon="-73.0077"><ele>866.4</ele><time>2026-09-18T16:22:31Z</time></rtept><rtept lat="43.061701" lon="-73.007707"><ele>866.4</ele><time>2026-09-18T16:22:31Z</time></rtept><rtept lat="43.061701" lon="-73.007707"><ele>866.4</ele><time>2026-09-18T16:22:31Z</time></rtept><rtept lat="43.062088" lon="-73.007968"><ele>870.8</ele><time>2026-09-18T16:22:31Z</time></rtept><rtept lat="43.062828" lon="-73.00877"><ele>872.0</ele><time>2026-09-18T16:22:31Z</time></rtept><rtept lat="43.063218" lon="-73.009708"><ele>865.6</ele><time>2026-09-18T16:22:31Z</time></rtept><rtept lat="43.063155" lon="-73.010593"><ele>857.2</ele><time>2026-09-18T16:22:31Z</time></rtept><rtept lat="43.063286" lon="-73.011003"><ele>859.0</ele><time>2026-09-18T16:22:31Z</time></rtept><rtept lat="43.063605" lon="-73.011024"><ele>861.6</ele><time>2026-09-18T16:22:31Z</time></rtept><rtept lat="43.063855" lon="-73.011271"><ele>863.6</ele><time>2026-09-18T16:22:31Z</time></rtept><rtept lat="43.064329" lon="-73.012194"><ele>877.2</ele><time>2026-09-18T16:22:31Z</time></rtept><rtept lat="43.064404" lon="-73.012264"><ele>879.0</ele><time>2026-09-18T16:22:31Z</time></rtept><rtept lat="43.064884" lon="-73.01272"><ele>885.6</ele><time>2026-09-18T16:22:31Z</time></rtept><rtept lat="43.06627" lon="-73.013656"><ele>898.2</ele><time>2026-09-18T16:22:31Z</time></rtept><rtept lat="43.067172" lon="-73.013799"><ele>908.4</ele><time>2026-09-18T16:22:31Z</time></rtept><rtept lat="43.067699" lon="-73.013717"><ele>906.2</ele><time>2026-09-18T16:22:31Z</time></rtept><rtept lat="43.068799" lon="-73.01312"><ele>881.6</ele><time>2026-09-18T16:22:31Z</time></rtept><rtept lat="43.069758" lon="-73.013462"><ele>878.6</ele><time>2026-09-18T16:22:31Z</time></rtept><rtept lat="43.070237" lon="-73.013515"><ele>875.8</ele><time>2026-09-18T16:22:31Z</time></rtept><rtept lat="43.071034" lon="-73.013229"><ele>874.4</ele><time>2026-09-18T16:22:31Z</time></rtept><rtept lat="43.071378" lon="-73.013269"><ele>876.2</ele><time>2026-09-18T16:22:31Z</time></rtept><rtept lat="43.071653" lon="-73.013401"><ele>877.6</ele><time>2026-09-18T16:22:31Z</time></rtept><rtept lat="43.071998" lon="-73.013664"><ele>879.6</ele><time>2026-09-18T16:22:31Z</time></rtept><rtept lat="43.072228" lon="-73.013741"><ele>880.2</ele><time>2026-09-18T16:22:31Z</time></rtept><rtept lat="43.073077" lon="-73.013721"><ele>876.2</ele><time>2026-09-18T16:22:31Z</time></rtept><rtept lat="43.074681" lon="-73.013574"><ele>859.2</ele><time>2026-09-18T16:22:31Z</time></rtept><rtept lat="43.076535" lon="-73.012722"><ele>843.0</ele><time>2026-09-18T16:22:31Z</time></rtept><rtept lat="43.076731" lon="-73.012632"><ele>842.6</ele><time>2026-09-18T16:22:31Z</time></rtept><rtept lat="43.078127" lon="-73.012287"><ele>829.8</ele><time>2026-09-18T16:22:31Z</time></rtept><rtept lat="43.078252" lon="-73.012299"><ele>827.8</ele><time>2026-09-18T16:22:31Z</time></rtept><rtept lat="43.078422" lon="-73.012411"><ele>824.4</ele><time>2026-09-18T16:22:31Z</time></rtept><rtept lat="43.078734" lon="-73.012656"><ele>818.8</ele><time>2026-09-18T16:22:31Z</time></rtept><rtept lat="43.078847" lon="-73.012685"><ele>818.0</ele><time>2026-09-18T16:22:31Z</time></rtept><rtept lat="43.078904" lon="-73.012672"><ele>817.2</ele><time>2026-09-18T16:22:31Z</time></rtept><rtept lat="43.078961" lon="-73.012623"><ele>816.6</ele><time>2026-09-18T16:22:31Z</time></rtept><rtept lat="43.079059" lon="-73.012578"><ele>814.8</ele><time>2026-09-18T16:22:31Z</time></rtept><rtept lat="43.079255" lon="-73.012597"><ele>812.4</ele><time>2026-09-18T16:22:31Z</time></rtept><rtept lat="43.079763" lon="-73.012571"><ele>806.6</ele><time>2026-09-18T16:22:31Z</time></rtept><rtept lat="43.07999" lon="-73.012827"><ele>804.4</ele><time>2026-09-18T16:22:31Z</time></rtept><rtept lat="43.080046" lon="-73.013101"><ele>804.2</ele><time>2026-09-18T16:22:31Z</time></rtept><rtept lat="43.080118" lon="-73.013286"><ele>803.8</ele><time>2026-09-18T16:22:31Z</time></rtept><rtept lat="43.080355" lon="-73.013354"><ele>803.6</ele><time>2026-09-18T16:22:31Z</time></rtept><rtept lat="43.080466" lon="-73.013395"><ele>803.6</ele><time>2026-09-18T16:22:31Z</time></rtept><rtept lat="43.080562" lon="-73.01352"><ele>803.6</ele><time>2026-09-18T16:22:31Z</time></rtept><rtept lat="43.080853" lon="-73.013721"><ele>803.6</ele><time>2026-09-18T16:22:31Z</time></rtept><rtept lat="43.081178" lon="-73.013854"><ele>803.8</ele><time>2026-09-18T16:22:31Z</time></rtept><rtept lat="43.081437" lon="-73.014054"><ele>804.2</ele><time>2026-09-18T16:22:31Z</time></rtept><rtept lat="43.081805" lon="-73.014029"><ele>806.8</ele><time>2026-09-18T16:22:31Z</time></rtept><rtept lat="43.082053" lon="-73.014194"><ele>807.2</ele><time>2026-09-18T16:22:31Z</time></rtept><rtept lat="43.082361" lon="-73.0144"><ele>807.6</ele><time>2026-09-18T16:22:31Z</time></rtept><rtept lat="43.082595" lon="-73.014535"><ele>808.6</ele><time>2026-09-18T16:22:31Z</time></rtept><rtept lat="43.082853" lon="-73.014681"><ele>809.6</ele><time>2026-09-18T16:22:31Z</time></rtept><rtept lat="43.083121" lon="-73.015072"><ele>809.8</ele><time>2026-09-18T16:22:31Z</time></rtept><rtept lat="43.083307" lon="-73.01557"><ele>810.0</ele><time>2026-09-18T16:22:31Z</time></rtept><rtept lat="43.085833" lon="-73.014627"><ele>801.8</ele><time>2026-09-18T16:22:31Z</time></rtept><rtept lat="43.08681" lon="-73.015273"><ele>797.6</ele><time>2026-09-18T16:22:31Z</time></rtept><rtept lat="43.08796" lon="-73.016033"><ele>800.6</ele><time>2026-09-18T16:22:31Z</time></rtept><rtept lat="43.088842" lon="-73.017044"><ele>806.8</ele><time>2026-09-18T16:22:31Z</time></rtept><rtept lat="43.090524" lon="-73.016392"><ele>802.4</ele><time>2026-09-18T16:22:31Z</time></rtept><rtept lat="43.090798" lon="-73.015967"><ele>800.8</ele><time>2026-09-18T16:22:31Z</time></rtept><rtept lat="43.090873" lon="-73.015421"><ele>799.0</ele><time>2026-09-18T16:22:31Z</time></rtept><rtept lat="43.090945" lon="-73.014741"><ele>793.4</ele><time>2026-09-18T16:22:31Z</time></rtept><rtept lat="43.091971" lon="-73.012999"><ele>792.2</ele><time>2026-09-18T16:22:31Z</time></rtept><rtept lat="43.092012" lon="-73.012359"><ele>792.8</ele><time>2026-09-18T16:22:31Z</time></rtept><rtept lat="43.091766" lon="-73.01172"><ele>793.6</ele><time>2026-09-18T16:22:31Z</time></rtept><rtept lat="43.092142" lon="-73.01075"><ele>798.8</ele><time>2026-09-18T16:22:31Z</time></rtept><rtept lat="43.092125" lon="-73.010197"><ele>799.2</ele><time>2026-09-18T16:22:31Z</time></rtept><rtept lat="43.092109" lon="-73.009936"><ele>799.0</ele><time>2026-09-18T16:22:31Z</time></rtept><rtept lat="43.092198" lon="-73.009728"><ele>798.6</ele><time>2026-09-18T16:22:31Z</time></rtept><rtept lat="43.092301" lon="-73.00959"><ele>798.0</ele><time>2026-09-18T16:22:31Z</time></rtept><rtept lat="43.09246" lon="-73.009486"><ele>797.0</ele><time>2026-09-18T16:22:31Z</time></rtept><rtept lat="43.09266" lon="-73.00946"><ele>795.6</ele><time>2026-09-18T16:22:31Z</time></rtept><rtept lat="43.092988" lon="-73.009562"><ele>793.2</ele><time>2026-09-18T16:22:31Z</time></rtept><rtept lat="43.093114" lon="-73.00957"><ele>792.6</ele><time>2026-09-18T16:22:31Z</time></rtept><rtept lat="43.093274" lon="-73.009489"><ele>792.0</ele><time>2026-09-18T16:22:31Z</time></rtept><rtept lat="43.094" lon="-73.009099"><ele>787.8</ele><time>2026-09-18T16:22:31Z</time></rtept><rtept lat="43.094263" lon="-73.009128"><ele>787.8</ele><time>2026-09-18T16:22:31Z</time></rtept><rtept lat="43.09477" lon="-73.009247"><ele>787.2</ele><time>2026-09-18T16:22:31Z</time></rtept><rtept lat="43.095311" lon="-73.00911"><ele>787.4</ele><time>2026-09-18T16:22:31Z</time></rtept><rtept lat="43.095626" lon="-73.009183"><ele>787.6</ele><time>2026-09-18T16:22:31Z</time></rtept><rtept lat="43.095746" lon="-73.009121"><ele>787.6</ele><time>2026-09-18T16:22:31Z</time></rtept><rtept lat="43.095821" lon="-73.008997"><ele>787.4</ele><time>2026-09-18T16:22:31Z</time></rtept><rtept lat="43.095799" lon="-73.008773"><ele>787.6</ele><time>2026-09-18T16:22:31Z</time></rtept><rtept lat="43.095805" lon="-73.008573"><ele>788.8</ele><time>2026-09-18T16:22:31Z</time></rtept><rtept lat="43.095906" lon="-73.008415"><ele>791.2</ele><time>2026-09-18T16:22:31Z</time></rtept><rtept lat="43.096494" lon="-73.008211"><ele>792.4</ele><time>2026-09-18T16:22:31Z</time></rtept><rtept lat="43.097156" lon="-73.008426"><ele>787.0</ele><time>2026-09-18T16:22:31Z</time></rtept><rtept lat="43.09736" lon="-73.008227"><ele>786.2</ele><time>2026-09-18T16:22:31Z</time></rtept><rtept lat="43.097852" lon="-73.008585"><ele>785.6</ele><time>2026-09-18T16:22:31Z</time></rtept><rtept lat="43.098075" lon="-73.008673"><ele>785.0</ele><time>2026-09-18T16:22:31Z</time></rtept><rtept lat="43.098212" lon="-73.008663"><ele>784.8</ele><time>2026-09-18T16:22:31Z</time></rtept><rtept lat="43.098362" lon="-73.008524"><ele>785.4</ele><time>2026-09-18T16:22:31Z</time></rtept><rtept lat="43.098651" lon="-73.008206"><ele>785.8</ele><time>2026-09-18T16:22:31Z</time></rtept><rtept lat="43.098846" lon="-73.00808"><ele>787.2</ele><time>2026-09-18T16:22:31Z</time></rtept><rtept lat="43.099784" lon="-73.008024"><ele>788.6</ele><time>2026-09-18T16:22:31Z</time></rtept><rtept lat="43.100638" lon="-73.007906"><ele>790.2</ele><time>2026-09-18T16:22:31Z</time></rtept><rtept lat="43.10119" lon="-73.007512"><ele>790.2</ele><time>2026-09-18T16:22:31Z</time></rtept><rtept lat="43.101547" lon="-73.006961"><ele>789.8</ele><time>2026-09-18T16:22:31Z</time></rtept><rtept lat="43.101725" lon="-73.006474"><ele>789.0</ele><time>2026-09-18T16:22:31Z</time></rtept><rtept lat="43.101806" lon="-73.006058"><ele>788.4</ele><time>2026-09-18T16:22:31Z</time></rtept><rtept lat="43.101806" lon="-73.006058"><ele>788.4</ele><time>2026-09-18T16:22:31Z</time></rtept><rtept lat="43.101838" lon="-73.005897"><ele>788.8</ele><time>2026-09-18T16:22:31Z</time></rtept><rtept lat="43.102195" lon="-73.005134"><ele>787.6</ele><time>2026-09-18T16:22:31Z</time></rtept><rtept lat="43.102372" lon="-73.004973"><ele>788.0</ele><time>2026-09-18T16:22:31Z</time></rtept><rtept lat="43.102577" lon="-73.004851"><ele>787.2</ele><time>2026-09-18T16:22:31Z</time></rtept><rtept lat="43.102818" lon="-73.004811"><ele>784.8</ele><time>2026-09-18T16:22:31Z</time></rtept><rtept lat="43.10298" lon="-73.004837"><ele>782.4</ele><time>2026-09-18T16:22:31Z</time></rtept><rtept lat="43.103175" lon="-73.004887"><ele>781.0</ele><time>2026-09-18T16:22:31Z</time></rtept><rtept lat="43.103251" lon="-73.005062"><ele>784.4</ele><time>2026-09-18T16:22:31Z</time></rtept><rtept lat="43.103316" lon="-73.005233"><ele>787.0</ele><time>2026-09-18T16:22:31Z</time></rtept><rtept lat="43.103475" lon="-73.005085"><ele>786.2</ele><time>2026-09-18T16:22:31Z</time></rtept><rtept lat="43.10362" lon="-73.00507"><ele>786.4</ele><time>2026-09-18T16:22:31Z</time></rtept><rtept lat="43.103896" lon="-73.005303"><ele>787.8</ele><time>2026-09-18T16:22:31Z</time></rtept><rtept lat="43.104196" lon="-73.005538"><ele>785.8</ele><time>2026-09-18T16:22:31Z</time></rtept><rtept lat="43.104461" lon="-73.005764"><ele>782.4</ele><time>2026-09-18T16:22:31Z</time></rtept><rtept lat="43.104595" lon="-73.006399"><ele>787.8</ele><time>2026-09-18T16:22:31Z</time></rtept><rtept lat="43.104927" lon="-73.006727"><ele>784.8</ele><time>2026-09-18T16:22:31Z</time></rtept><rtept lat="43.105477" lon="-73.00651"><ele>780.2</ele><time>2026-09-18T16:22:31Z</time></rtept><rtept lat="43.105906" lon="-73.006026"><ele>781.2</ele><time>2026-09-18T16:22:31Z</time></rtept><rtept lat="43.106059" lon="-73.005406"><ele>778.6</ele><time>2026-09-18T16:22:31Z</time></rtept><rtept lat="43.106398" lon="-73.005033"><ele>777.8</ele><time>2026-09-18T16:22:31Z</time></rtept><rtept lat="43.106914" lon="-73.004837"><ele>778.0</ele><time>2026-09-18T16:22:31Z</time></rtept><rtept lat="43.107739" lon="-73.004508"><ele>779.6</ele><time>2026-09-18T16:22:31Z</time></rtept><rtept lat="43.108091" lon="-73.004298"><ele>779.8</ele><time>2026-09-18T16:22:31Z</time></rtept><rtept lat="43.108314" lon="-73.00406"><ele>780.2</ele><time>2026-09-18T16:22:31Z</time></rtept><rtept lat="43.108615" lon="-73.003757"><ele>782.4</ele><time>2026-09-18T16:22:31Z</time></rtept><rtept lat="43.108782" lon="-73.003615"><ele>782.2</ele><time>2026-09-18T16:22:31Z</time></rtept><rtept lat="43.108833" lon="-73.003571"><ele>782.0</ele><time>2026-09-18T16:22:31Z</time></rtept><rtept lat="43.109315" lon="-73.003325"><ele>780.0</ele><time>2026-09-18T16:22:31Z</time></rtept><rtept lat="43.109499" lon="-73.003174"><ele>780.0</ele><time>2026-09-18T16:22:31Z</time></rtept><rtept lat="43.109642" lon="-73.003013"><ele>779.6</ele><time>2026-09-18T16:22:31Z</time></rtept><rtept lat="43.109758" lon="-73.002787"><ele>779.4</ele><time>2026-09-18T16:22:31Z</time></rtept><rtept lat="43.109863" lon="-73.002531"><ele>779.0</ele><time>2026-09-18T16:22:31Z</time></rtept><rtept lat="43.110109" lon="-73.001827"><ele>777.2</ele><time>2026-09-18T16:22:31Z</time></rtept><rtept lat="43.110126" lon="-73.001796"><ele>777.2</ele><time>2026-09-18T16:22:31Z</time></rtept><rtept lat="43.110126" lon="-73.001796"><ele>777.2</ele><time>2026-09-18T16:22:31Z</time></rtept><rtept lat="43.110109" lon="-73.001827"><ele>777.2</ele><time>2026-09-18T16:22:31Z</time></rtept><rtept lat="43.110181" lon="-73.00169"><ele>776.8</ele><time>2026-09-18T16:22:31Z</time></rtept><rtept lat="43.110293" lon="-73.001624"><ele>776.2</ele><time>2026-09-18T16:22:31Z</time></rtept><rtept lat="43.110434" lon="-73.001639"><ele>776.0</ele><time>2026-09-18T16:22:31Z</time></rtept><rtept lat="43.11065" lon="-73.001525"><ele>775.6</ele><time>2026-09-18T16:22:31Z</time></rtept><rtept lat="43.111198" lon="-73.000824"><ele>774.2</ele><time>2026-09-18T16:22:31Z</time></rtept><rtept lat="43.1114" lon="-73.000425"><ele>771.2</ele><time>2026-09-18T16:22:31Z</time></rtept><rtept lat="43.111649" lon="-73.000149"><ele>768.6</ele><time>2026-09-18T16:22:31Z</time></rtept><rtept lat="43.112086" lon="-73.00018"><ele>766.4</ele><time>2026-09-18T16:22:31Z</time></rtept><rtept lat="43.112341" lon="-73.000236"><ele>766.8</ele><time>2026-09-18T16:22:31Z</time></rtept><rtept lat="43.112691" lon="-73.000186"><ele>764.4</ele><time>2026-09-18T16:22:31Z</time></rtept><rtept lat="43.112997" lon="-73.000029"><ele>762.6</ele><time>2026-09-18T16:22:31Z</time></rtept><rtept lat="43.113205" lon="-72.999718"><ele>762.6</ele><time>2026-09-18T16:22:31Z</time></rtept><rtept lat="43.113318" lon="-72.999443"><ele>762.8</ele><time>2026-09-18T16:22:31Z</time></rtept><rtept lat="43.113501" lon="-72.999115"><ele>762.0</ele><time>2026-09-18T16:22:31Z</time></rtept><rtept lat="43.113775" lon="-72.998715"><ele>761.6</ele><time>2026-09-18T16:22:31Z</time></rtept><rtept lat="43.114" lon="-72.998356"><ele>760.8</ele><time>2026-09-18T16:22:31Z</time></rtept><rtept lat="43.114119" lon="-72.998082"><ele>759.6</ele><time>2026-09-18T16:22:31Z</time></rtept><rtept lat="43.114243" lon="-72.997771"><ele>756.6</ele><time>2026-09-18T16:22:31Z</time></rtept><rtept lat="43.11439" lon="-72.997536"><ele>755.0</ele><time>2026-09-18T16:22:31Z</time></rtept><rtept lat="43.114808" lon="-72.997114"><ele>754.4</ele><time>2026-09-18T16:22:31Z</time></rtept><rtept lat="43.115307" lon="-72.996713"><ele>749.6</ele><time>2026-09-18T16:22:31Z</time></rtept><rtept lat="43.115541" lon="-72.996599"><ele>748.4</ele><time>2026-09-18T16:22:31Z</time></rtept><rtept lat="43.116096" lon="-72.99652"><ele>746.4</ele><time>2026-09-18T16:22:31Z</time></rtept><rtept lat="43.116197" lon="-72.996491"><ele>745.4</ele><time>2026-09-18T16:22:31Z</time></rtept><rtept lat="43.116311" lon="-72.996459"><ele>745.2</ele><time>2026-09-18T16:22:31Z</time></rtept><rtept lat="43.116464" lon="-72.996334"><ele>743.2</ele><time>2026-09-18T16:22:31Z</time></rtept><rtept lat="43.11662" lon="-72.996185"><ele>742.0</ele><time>2026-09-18T16:22:31Z</time></rtept><rtept lat="43.11705" lon="-72.995268"><ele>737.6</ele><time>2026-09-18T16:22:31Z</time></rtept><rtept lat="43.117156" lon="-72.995144"><ele>740.0</ele><time>2026-09-18T16:22:31Z</time></rtept><rtept lat="43.117313" lon="-72.995059"><ele>743.2</ele><time>2026-09-18T16:22:31Z</time></rtept><rtept lat="43.118487" lon="-72.994584"><ele>761.8</ele><time>2026-09-18T16:22:31Z</time></rtept><rtept lat="43.118895" lon="-72.994582"><ele>763.4</ele><time>2026-09-18T16:22:31Z</time></rtept><rtept lat="43.119316" lon="-72.994687"><ele>762.4</ele><time>2026-09-18T16:22:31Z</time></rtept><rtept lat="43.120065" lon="-72.994664"><ele>763.0</ele><time>2026-09-18T16:22:31Z</time></rtept><rtept lat="43.12045" lon="-72.994545"><ele>762.0</ele><time>2026-09-18T16:22:31Z</time></rtept><rtept lat="43.120633" lon="-72.994372"><ele>761.6</ele><time>2026-09-18T16:22:31Z</time></rtept><rtept lat="43.121753" lon="-72.992993"><ele>757.8</ele><time>2026-09-18T16:22:31Z</time></rtept><rtept lat="43.122454" lon="-72.99255"><ele>754.4</ele><time>2026-09-18T16:22:31Z</time></rtept><rtept lat="43.123076" lon="-72.991893"><ele>740.0</ele><time>2026-09-18T16:22:31Z</time></rtept><rtept lat="43.123262" lon="-72.991626"><ele>736.2</ele><time>2026-09-18T16:22:31Z</time></rtept><rtept lat="43.123414" lon="-72.991484"><ele>733.6</ele><time>2026-09-18T16:22:31Z</time></rtept><rtept lat="43.123616" lon="-72.991353"><ele>731.6</ele><time>2026-09-18T16:22:31Z</time></rtept><rtept lat="43.123738" lon="-72.991166"><ele>732.0</ele><time>2026-09-18T16:22:31Z</time></rtept><rtept lat="43.124157" lon="-72.990022"><ele>737.6</ele><time>2026-09-18T16:22:31Z</time></rtept><rtept lat="43.124431" lon="-72.989042"><ele>735.0</ele><time>2026-09-18T16:22:31Z</time></rtept><rtept lat="43.124491" lon="-72.988744"><ele>734.6</ele><time>2026-09-18T16:22:31Z</time></rtept><rtept lat="43.124592" lon="-72.988688"><ele>733.8</ele><time>2026-09-18T16:22:31Z</time></rtept><rtept lat="43.124665" lon="-72.988675"><ele>732.2</ele><time>2026-09-18T16:22:31Z</time></rtept><rtept lat="43.124866" lon="-72.988745"><ele>730.2</ele><time>2026-09-18T16:22:31Z</time></rtept><rtept lat="43.12502" lon="-72.988663"><ele>729.6</ele><time>2026-09-18T16:22:31Z</time></rtept><rtept lat="43.125168" lon="-72.988483"><ele>728.6</ele><time>2026-09-18T16:22:31Z</time></rtept><rtept lat="43.125312" lon="-72.988092"><ele>727.0</ele><time>2026-09-18T16:22:31Z</time></rtept><rtept lat="43.125441" lon="-72.987938"><ele>726.4</ele><time>2026-09-18T16:22:31Z</time></rtept><rtept lat="43.125647" lon="-72.987827"><ele>726.0</ele><time>2026-09-18T16:22:31Z</time></rtept><rtept lat="43.125837" lon="-72.987803"><ele>726.0</ele><time>2026-09-18T16:22:31Z</time></rtept><rtept lat="43.126031" lon="-72.987732"><ele>727.0</ele><time>2026-09-18T16:22:31Z</time></rtept><rtept lat="43.126426" lon="-72.987365"><ele>729.6</ele><time>2026-09-18T16:22:31Z</time></rtept><rtept lat="43.126736" lon="-72.987273"><ele>731.0</ele><time>2026-09-18T16:22:31Z</time></rtept><rtept lat="43.127077" lon="-72.987224"><ele>732.4</ele><time>2026-09-18T16:22:31Z</time></rtept><rtept lat="43.127462" lon="-72.986976"><ele>733.8</ele><time>2026-09-18T16:22:31Z</time></rtept><rtept lat="43.12847" lon="-72.986628"><ele>733.8</ele><time>2026-09-18T16:22:31Z</time></rtept><rtept lat="43.129477" lon="-72.986431"><ele>732.4</ele><time>2026-09-18T16:22:31Z</time></rtept><rtept lat="43.129755" lon="-72.986485"><ele>731.2</ele><time>2026-09-18T16:22:31Z</time></rtept><rtept lat="43.130394" lon="-72.98684"><ele>727.6</ele><time>2026-09-18T16:22:31Z</time></rtept><rtept lat="43.131192" lon="-72.986439"><ele>724.6</ele><time>2026-09-18T16:22:31Z</time></rtept><rtept lat="43.131446" lon="-72.986485"><ele>723.2</ele><time>2026-09-18T16:22:31Z</time></rtept><rtept lat="43.131684" lon="-72.986682"><ele>720.4</ele><time>2026-09-18T16:22:31Z</time></rtept><rtept lat="43.132021" lon="-72.986645"><ele>720.6</ele><time>2026-09-18T16:22:31Z</time></rtept><rtept lat="43.13238" lon="-72.986829"><ele>717.8</ele><time>2026-09-18T16:22:31Z</time></rtept><rtept lat="43.133642" lon="-72.986971"><ele>705.4</ele><time>2026-09-18T16:22:31Z</time></rtept><rtept lat="43.135555" lon="-72.987814"><ele>686.4</ele><time>2026-09-18T16:22:31Z</time></rtept><rtept lat="43.135555" lon="-72.987814"><ele>686.4</ele><time>2026-09-18T16:22:31Z</time></rtept><rtept lat="43.135583" lon="-72.987826"><ele>686.0</ele><time>2026-09-18T16:22:31Z</time></rtept><rtept lat="43.135986" lon="-72.987912"><ele>685.0</ele><time>2026-09-18T16:22:31Z</time></rtept><rtept lat="43.136187" lon="-72.987908"><ele>685.8</ele><time>2026-09-18T16:22:31Z</time></rtept><rtept lat="43.136371" lon="-72.987837"><ele>687.0</ele><time>2026-09-18T16:22:31Z</time></rtept><rtept lat="43.136846" lon="-72.987672"><ele>688.0</ele><time>2026-09-18T16:22:31Z</time></rtept><rtept lat="43.137271" lon="-72.987536"><ele>691.0</ele><time>2026-09-18T16:22:31Z</time></rtept><rtept lat="43.13766" lon="-72.987515"><ele>691.4</ele><time>2026-09-18T16:22:31Z</time></rtept><rtept lat="43.137964" lon="-72.987418"><ele>692.0</ele><time>2026-09-18T16:22:31Z</time></rtept><rtept lat="43.138331" lon="-72.987313"><ele>693.6</ele><time>2026-09-18T16:22:31Z</time></rtept><rtept lat="43.138516" lon="-72.987288"><ele>693.4</ele><time>2026-09-18T16:22:31Z</time></rtept><rtept lat="43.1387" lon="-72.987296"><ele>693.2</ele><time>2026-09-18T16:22:31Z</time></rtept><rtept lat="43.138974" lon="-72.987383"><ele>692.0</ele><time>2026-09-18T16:22:31Z</time></rtept><rtept lat="43.140004" lon="-72.988299"><ele>675.0</ele><time>2026-09-18T16:22:31Z</time></rtept><rtept lat="43.14056" lon="-72.989404"><ele>670.8</ele><time>2026-09-18T16:22:31Z</time></rtept><rtept lat="43.140909" lon="-72.989972"><ele>670.8</ele><time>2026-09-18T16:22:31Z</time></rtept><rtept lat="43.14108" lon="-72.990244"><ele>670.8</ele><time>2026-09-18T16:22:31Z</time></rtept><rtept lat="43.141297" lon="-72.990481"><ele>670.4</ele><time>2026-09-18T16:22:31Z</time></rtept><rtept lat="43.141747" lon="-72.990701"><ele>670.0</ele><time>2026-09-18T16:22:31Z</time></rtept><rtept lat="43.142047" lon="-72.990783"><ele>669.2</ele><time>2026-09-18T16:22:31Z</time></rtept><rtept lat="43.142487" lon="-72.990689"><ele>669.4</ele><time>2026-09-18T16:22:31Z</time></rtept><rtept lat="43.142952" lon="-72.990492"><ele>673.8</ele><time>2026-09-18T16:22:31Z</time></rtept><rtept lat="43.143507" lon="-72.990549"><ele>680.6</ele><time>2026-09-18T16:22:31Z</time></rtept><rtept lat="43.143996" lon="-72.99063"><ele>678.2</ele><time>2026-09-18T16:22:31Z</time></rtept><rtept lat="43.144304" lon="-72.990677"><ele>674.6</ele><time>2026-09-18T16:22:31Z</time></rtept><rtept lat="43.144689" lon="-72.990854"><ele>675.2</ele><time>2026-09-18T16:22:31Z</time></rtept><rtept lat="43.1451" lon="-72.990973"><ele>674.8</ele><time>2026-09-18T16:22:31Z</time></rtept><rtept lat="43.145338" lon="-72.991011"><ele>674.4</ele><time>2026-09-18T16:22:31Z</time></rtept><rtept lat="43.145541" lon="-72.990994"><ele>675.6</ele><time>2026-09-18T16:22:31Z</time></rtept><rtept lat="43.145987" lon="-72.990982"><ele>685.4</ele><time>2026-09-18T16:22:31Z</time></rtept><rtept lat="43.146433" lon="-72.991015"><ele>691.6</ele><time>2026-09-18T16:22:31Z</time></rtept><rtept lat="43.146735" lon="-72.991131"><ele>691.0</ele><time>2026-09-18T16:22:31Z</time></rtept><rtept lat="43.147026" lon="-72.991315"><ele>689.4</ele><time>2026-09-18T16:22:31Z</time></rtept><rtept lat="43.147519" lon="-72.992144"><ele>685.6</ele><time>2026-09-18T16:22:31Z</time></rtept><rtept lat="43.147645" lon="-72.992385"><ele>690.4</ele><time>2026-09-18T16:22:31Z</time></rtept><rtept lat="43.147803" lon="-72.992591"><ele>694.0</ele><time>2026-09-18T16:22:31Z</time></rtept><rtept lat="43.14805" lon="-72.992785"><ele>695.2</ele><time>2026-09-18T16:22:31Z</time></rtept><rtept lat="43.14834" lon="-72.99282"><ele>696.2</ele><time>2026-09-18T16:22:31Z</time></rtept><rtept lat="43.14867" lon="-72.992704"><ele>696.8</ele><time>2026-09-18T16:22:31Z</time></rtept><rtept lat="43.148895" lon="-72.992588"><ele>697.2</ele><time>2026-09-18T16:22:31Z</time></rtept><rtept lat="43.148895" lon="-72.992588"><ele>697.2</ele><time>2026-09-18T16:22:31Z</time></rtept><rtept lat="43.148991" lon="-72.992538"><ele>697.4</ele><time>2026-09-18T16:22:31Z</time></rtept><rtept lat="43.149149" lon="-72.992444"><ele>697.8</ele><time>2026-09-18T16:22:31Z</time></rtept><rtept lat="43.1498" lon="-72.992058"><ele>697.4</ele><time>2026-09-18T16:22:31Z</time></rtept><rtept lat="43.15006" lon="-72.991842"><ele>697.8</ele><time>2026-09-18T16:22:31Z</time></rtept><rtept lat="43.150309" lon="-72.991689"><ele>698.0</ele><time>2026-09-18T16:22:31Z</time></rtept><rtept lat="43.150383" lon="-72.991644"><ele>697.8</ele><time>2026-09-18T16:22:31Z</time></rtept><rtept lat="43.150483" lon="-72.991667"><ele>697.2</ele><time>2026-09-18T16:22:31Z</time></rtept><rtept lat="43.150571" lon="-72.991757"><ele>696.6</ele><time>2026-09-18T16:22:31Z</time></rtept><rtept lat="43.150585" lon="-72.991864"><ele>696.0</ele><time>2026-09-18T16:22:31Z</time></rtept><rtept lat="43.150507" lon="-72.991939"><ele>695.4</ele><time>2026-09-18T16:22:31Z</time></rtept><rtept lat="43.150312" lon="-72.992285"><ele>694.4</ele><time>2026-09-18T16:22:31Z</time></rtept><rtept lat="43.150236" lon="-72.992408"><ele>694.4</ele><time>2026-09-18T16:22:31Z</time></rtept><rtept lat="43.150198" lon="-72.992485"><ele>694.2</ele><time>2026-09-18T16:22:31Z</time></rtept><rtept lat="43.150176" lon="-72.99255"><ele>694.2</ele><time>2026-09-18T16:22:31Z</time></rtept><rtept lat="43.150172" lon="-72.992633"><ele>694.8</ele><time>2026-09-18T16:22:31Z</time></rtept><rtept lat="43.150174" lon="-72.992796"><ele>696.0</ele><time>2026-09-18T16:22:31Z</time></rtept><rtept lat="43.150174" lon="-72.992889"><ele>696.4</ele><time>2026-09-18T16:22:31Z</time></rtept><rtept lat="43.150139" lon="-72.993195"><ele>697.0</ele><time>2026-09-18T16:22:31Z</time></rtept><rtept lat="43.150121" lon="-72.993349"><ele>697.6</ele><time>2026-09-18T16:22:31Z</time></rtept><rtept lat="43.150043" lon="-72.99399"><ele>697.6</ele><time>2026-09-18T16:22:31Z</time></rtept><rtept lat="43.150041" lon="-72.994028"><ele>697.6</ele><time>2026-09-18T16:22:31Z</time></rtept><rtept lat="43.150036" lon="-72.99414"><ele>697.6</ele><time>2026-09-18T16:22:31Z</time></rtept><rtept lat="43.15003" lon="-72.994295"><ele>696.0</ele><time>2026-09-18T16:22:31Z</time></rtept><rtept lat="43.150049" lon="-72.994461"><ele>696.8</ele><time>2026-09-18T16:22:31Z</time></rtept><rtept lat="43.150167" lon="-72.995062"><ele>695.4</ele><time>2026-09-18T16:22:31Z</time></rtept><rtept lat="43.150299" lon="-72.995699"><ele>694.8</ele><time>2026-09-18T16:22:31Z</time></rtept><rtept lat="43.150347" lon="-72.995925"><ele>694.4</ele><time>2026-09-18T16:22:31Z</time></rtept><rtept lat="43.150401" lon="-72.996114"><ele>693.2</ele><time>2026-09-18T16:22:31Z</time></rtept><rtept lat="43.150481" lon="-72.996299"><ele>694.6</ele><time>2026-09-18T16:22:31Z</time></rtept><rtept lat="43.15065" lon="-72.996664"><ele>694.2</ele><time>2026-09-18T16:22:31Z</time></rtept><rtept lat="43.150708" lon="-72.996807"><ele>694.0</ele><time>2026-09-18T16:22:31Z</time></rtept><rtept lat="43.150744" lon="-72.996898"><ele>694.6</ele><time>2026-09-18T16:22:31Z</time></rtept><rtept lat="43.150798" lon="-72.997067"><ele>695.0</ele><time>2026-09-18T16:22:31Z</time></rtept><rtept lat="43.150817" lon="-72.997171"><ele>694.6</ele><time>2026-09-18T16:22:31Z</time></rtept><rtept lat="43.15083" lon="-72.997272"><ele>694.4</ele><time>2026-09-18T16:22:31Z</time></rtept><rtept lat="43.150843" lon="-72.997465"><ele>694.0</ele><time>2026-09-18T16:22:31Z</time></rtept><rtept lat="43.150853" lon="-72.99769"><ele>695.4</ele><time>2026-09-18T16:22:31Z</time></rtept><rtept lat="43.150865" lon="-72.997833"><ele>694.6</ele><time>2026-09-18T16:22:31Z</time></rtept><rtept lat="43.150885" lon="-72.997963"><ele>694.0</ele><time>2026-09-18T16:22:31Z</time></rtept><rtept lat="43.150937" lon="-72.998175"><ele>694.0</ele><time>2026-09-18T16:22:31Z</time></rtept><rtept lat="43.150979" lon="-72.998356"><ele>694.2</ele><time>2026-09-18T16:22:31Z</time></rtept><rtept lat="43.151046" lon="-72.998547"><ele>694.2</ele><time>2026-09-18T16:22:31Z</time></rtept><rtept lat="43.151121" lon="-72.998723"><ele>694.2</ele><time>2026-09-18T16:22:31Z</time></rtept><rtept lat="43.151163" lon="-72.998852"><ele>694.2</ele><time>2026-09-18T16:22:31Z</time></rtept><rtept lat="43.151194" lon="-72.998975"><ele>693.6</ele><time>2026-09-18T16:22:31Z</time></rtept><rtept lat="43.151218" lon="-72.999098"><ele>691.8</ele><time>2026-09-18T16:22:31Z</time></rtept><rtept lat="43.151231" lon="-72.999201"><ele>692.4</ele><time>2026-09-18T16:22:31Z</time></rtept><rtept lat="43.15124" lon="-72.999333"><ele>691.4</ele><time>2026-09-18T16:22:31Z</time></rtept><rtept lat="43.151252" lon="-72.999496"><ele>690.0</ele><time>2026-09-18T16:22:31Z</time></rtept><rtept lat="43.151264" lon="-72.99975"><ele>687.4</ele><time>2026-09-18T16:22:31Z</time></rtept><rtept lat="43.151252" lon="-72.99992"><ele>686.2</ele><time>2026-09-18T16:22:31Z</time></rtept><rtept lat="43.15124" lon="-73.000107"><ele>684.8</ele><time>2026-09-18T16:22:31Z</time></rtept><rtept lat="43.151199" lon="-73.000496"><ele>680.8</ele><time>2026-09-18T16:22:31Z</time></rtept><rtept lat="43.151162" lon="-73.000877"><ele>678.8</ele><time>2026-09-18T16:22:31Z</time></rtept><rtept lat="43.151132" lon="-73.00124"><ele>674.2</ele><time>2026-09-18T16:22:31Z</time></rtept><rtept lat="43.151127" lon="-73.001416"><ele>673.2</ele><time>2026-09-18T16:22:31Z</time></rtept><rtept lat="43.151127" lon="-73.001558"><ele>672.6</ele><time>2026-09-18T16:22:31Z</time></rtept><rtept lat="43.15113" lon="-73.001674"><ele>671.8</ele><time>2026-09-18T16:22:31Z</time></rtept><rtept lat="43.151146" lon="-73.001785"><ele>671.4</ele><time>2026-09-18T16:22:31Z</time></rtept><rtept lat="43.151165" lon="-73.00186"><ele>673.2</ele><time>2026-09-18T16:22:31Z</time></rtept><rtept lat="43.151274" lon="-73.002171"><ele>673.6</ele><time>2026-09-18T16:22:31Z</time></rtept><rtept lat="43.151371" lon="-73.002443"><ele>674.2</ele><time>2026-09-18T16:22:31Z</time></rtept><rtept lat="43.151424" lon="-73.002598"><ele>675.0</ele><time>2026-09-18T16:22:31Z</time></rtept><rtept lat="43.151456" lon="-73.002752"><ele>672.6</ele><time>2026-09-18T16:22:31Z</time></rtept><rtept lat="43.151468" lon="-73.002836"><ele>671.4</ele><time>2026-09-18T16:22:31Z</time></rtept><rtept lat="43.151464" lon="-73.002966"><ele>668.8</ele><time>2026-09-18T16:22:31Z</time></rtept><rtept lat="43.151455" lon="-73.003107"><ele>667.4</ele><time>2026-09-18T16:22:31Z</time></rtept><rtept lat="43.151444" lon="-73.003264"><ele>665.2</ele><time>2026-09-18T16:22:31Z</time></rtept><rtept lat="43.151444" lon="-73.003384"><ele>663.6</ele><time>2026-09-18T16:22:31Z</time></rtept><rtept lat="43.151448" lon="-73.00347"><ele>663.0</ele><time>2026-09-18T16:22:31Z</time></rtept><rtept lat="43.151478" lon="-73.003557"><ele>664.2</ele><time>2026-09-18T16:22:31Z</time></rtept><rtept lat="43.151537" lon="-73.003686"><ele>665.6</ele><time>2026-09-18T16:22:31Z</time></rtept><rtept lat="43.151597" lon="-73.003836"><ele>664.2</ele><time>2026-09-18T16:22:31Z</time></rtept><rtept lat="43.151736" lon="-73.004243"><ele>667.6</ele><time>2026-09-18T16:22:31Z</time></rtept><rtept lat="43.151827" lon="-73.004549"><ele>667.6</ele><time>2026-09-18T16:22:31Z</time></rtept><rtept lat="43.151893" lon="-73.004757"><ele>667.0</ele><time>2026-09-18T16:22:31Z</time></rtept><rtept lat="43.151993" lon="-73.00503"><ele>667.8</ele><time>2026-09-18T16:22:31Z</time></rtept><rtept lat="43.152049" lon="-73.005223"><ele>667.6</ele><time>2026-09-18T16:22:31Z</time></rtept><rtept lat="43.152083" lon="-73.005346"><ele>666.8</ele><time>2026-09-18T16:22:31Z</time></rtept><rtept lat="43.152162" lon="-73.005749"><ele>663.6</ele><time>2026-09-18T16:22:31Z</time></rtept><rtept lat="43.152191" lon="-73.005892"><ele>663.0</ele><time>2026-09-18T16:22:31Z</time></rtept><rtept lat="43.152203" lon="-73.005998"><ele>662.2</ele><time>2026-09-18T16:22:31Z</time></rtept><rtept lat="43.152206" lon="-73.006112"><ele>661.2</ele><time>2026-09-18T16:22:31Z</time></rtept><rtept lat="43.152242" lon="-73.00617"><ele>661.4</ele><time>2026-09-18T16:22:31Z</time></rtept><rtept lat="43.15227" lon="-73.006307"><ele>659.6</ele><time>2026-09-18T16:22:31Z</time></rtept><rtept lat="43.152302" lon="-73.006432"><ele>659.6</ele><time>2026-09-18T16:22:31Z</time></rtept><rtept lat="43.152402" lon="-73.00684"><ele>655.6</ele><time>2026-09-18T16:22:31Z</time></rtept><rtept lat="43.152435" lon="-73.006954"><ele>655.4</ele><time>2026-09-18T16:22:31Z</time></rtept><rtept lat="43.152501" lon="-73.007094"><ele>654.0</ele><time>2026-09-18T16:22:31Z</time></rtept><rtept lat="43.152568" lon="-73.007275"><ele>652.2</ele><time>2026-09-18T16:22:31Z</time></rtept><rtept lat="43.152645" lon="-73.007432"><ele>650.4</ele><time>2026-09-18T16:22:31Z</time></rtept><rtept lat="43.152726" lon="-73.007578"><ele>650.2</ele><time>2026-09-18T16:22:31Z</time></rtept><rtept lat="43.152817" lon="-73.007719"><ele>648.4</ele><time>2026-09-18T16:22:31Z</time></rtept><rtept lat="43.152899" lon="-73.00784"><ele>647.6</ele><time>2026-09-18T16:22:31Z</time></rtept><rtept lat="43.153056" lon="-73.007941"><ele>646.2</ele><time>2026-09-18T16:22:31Z</time></rtept><rtept lat="43.153283" lon="-73.008075"><ele>645.2</ele><time>2026-09-18T16:22:31Z</time></rtept><rtept lat="43.153412" lon="-73.008129"><ele>643.8</ele><time>2026-09-18T16:22:31Z</time></rtept><rtept lat="43.153486" lon="-73.008176"><ele>643.6</ele><time>2026-09-18T16:22:31Z</time></rtept><rtept lat="43.15359" lon="-73.008197"><ele>642.0</ele><time>2026-09-18T16:22:31Z</time></rtept><rtept lat="43.153656" lon="-73.008243"><ele>641.8</ele><time>2026-09-18T16:22:31Z</time></rtept><rtept lat="43.153778" lon="-73.008301"><ele>639.0</ele><time>2026-09-18T16:22:31Z</time></rtept><rtept lat="43.154023" lon="-73.008365"><ele>632.6</ele><time>2026-09-18T16:22:31Z</time></rtept><rtept lat="43.154026" lon="-73.008349"><ele>636.8</ele><time>2026-09-18T16:22:31Z</time></rtept><rtept lat="43.154046" lon="-73.008377"><ele>632.0</ele><time>2026-09-18T16:22:31Z</time></rtept><rtept lat="43.15405" lon="-73.008364"><ele>632.0</ele><time>2026-09-18T16:22:31Z</time></rtept><rtept lat="43.15405" lon="-73.008364"><ele>632.0</ele><time>2026-09-18T16:22:31Z</time></rtept><rtept lat="43.154206" lon="-73.008389"><ele>630.8</ele><time>2026-09-18T16:22:31Z</time></rtept><rtept lat="43.154336" lon="-73.008384"><ele>629.0</ele><time>2026-09-18T16:22:31Z</time></rtept><rtept lat="43.154501" lon="-73.008357"><ele>624.4</ele><time>2026-09-18T16:22:31Z</time></rtept><rtept lat="43.154606" lon="-73.008344"><ele>625.8</ele><time>2026-09-18T16:22:31Z</time></rtept><rtept lat="43.154817" lon="-73.008344"><ele>622.0</ele><time>2026-09-18T16:22:31Z</time></rtept><rtept lat="43.155015" lon="-73.008351"><ele>620.0</ele><time>2026-09-18T16:22:31Z</time></rtept><rtept lat="43.155138" lon="-73.008348"><ele>619.6</ele><time>2026-09-18T16:22:31Z</time></rtept><rtept lat="43.155485" lon="-73.008335"><ele>616.6</ele><time>2026-09-18T16:22:31Z</time></rtept><rtept lat="43.155654" lon="-73.008311"><ele>614.6</ele><time>2026-09-18T16:22:31Z</time></rtept><rtept lat="43.15576" lon="-73.008301"><ele>612.2</ele><time>2026-09-18T16:22:31Z</time></rtept><rtept lat="43.155897" lon="-73.008302"><ele>610.2</ele><time>2026-09-18T16:22:31Z</time></rtept><rtept lat="43.155974" lon="-73.008321"><ele>610.2</ele><time>2026-09-18T16:22:31Z</time></rtept><rtept lat="43.156043" lon="-73.008355"><ele>610.6</ele><time>2026-09-18T16:22:31Z</time></rtept><rtept lat="43.156217" lon="-73.008439"><ele>609.6</ele><time>2026-09-18T16:22:31Z</time></rtept><rtept lat="43.156296" lon="-73.00847"><ele>606.6</ele><time>2026-09-18T16:22:31Z</time></rtept><rtept lat="43.156444" lon="-73.008518"><ele>607.4</ele><time>2026-09-18T16:22:31Z</time></rtept><rtept lat="43.156601" lon="-73.008554"><ele>602.8</ele><time>2026-09-18T16:22:31Z</time></rtept><rtept lat="43.156718" lon="-73.008577"><ele>602.8</ele><time>2026-09-18T16:22:31Z</time></rtept><rtept lat="43.156949" lon="-73.008614"><ele>594.2</ele><time>2026-09-18T16:22:31Z</time></rtept><rtept lat="43.157073" lon="-73.008634"><ele>593.0</ele><time>2026-09-18T16:22:31Z</time></rtept><rtept lat="43.157183" lon="-73.008638"><ele>591.2</ele><time>2026-09-18T16:22:31Z</time></rtept><rtept lat="43.15728" lon="-73.008622"><ele>590.4</ele><time>2026-09-18T16:22:31Z</time></rtept><rtept lat="43.157679" lon="-73.008511"><ele>594.2</ele><time>2026-09-18T16:22:31Z</time></rtept><rtept lat="43.157854" lon="-73.008456"><ele>591.8</ele><time>2026-09-18T16:22:31Z</time></rtept><rtept lat="43.157963" lon="-73.008422"><ele>594.4</ele><time>2026-09-18T16:22:31Z</time></rtept><rtept lat="43.158077" lon="-73.008401"><ele>592.0</ele><time>2026-09-18T16:22:31Z</time></rtept><rtept lat="43.158199" lon="-73.008378"><ele>590.4</ele><time>2026-09-18T16:22:31Z</time></rtept><rtept lat="43.158309" lon="-73.008375"><ele>590.2</ele><time>2026-09-18T16:22:31Z</time></rtept><rtept lat="43.158407" lon="-73.008382"><ele>590.6</ele><time>2026-09-18T16:22:31Z</time></rtept><rtept lat="43.158475" lon="-73.008401"><ele>591.4</ele><time>2026-09-18T16:22:31Z</time></rtept><rtept lat="43.158558" lon="-73.008442"><ele>589.0</ele><time>2026-09-18T16:22:31Z</time></rtept><rtept lat="43.158682" lon="-73.008515"><ele>592.0</ele><time>2026-09-18T16:22:31Z</time></rtept><rtept lat="43.158779" lon="-73.008552"><ele>590.4</ele><time>2026-09-18T16:22:31Z</time></rtept><rtept lat="43.158844" lon="-73.008598"><ele>592.6</ele><time>2026-09-18T16:22:31Z</time></rtept><rtept lat="43.1589" lon="-73.008655"><ele>591.6</ele><time>2026-09-18T16:22:31Z</time></rtept><rtept lat="43.158955" lon="-73.00874"><ele>590.6</ele><time>2026-09-18T16:22:31Z</time></rtept><rtept lat="43.159011" lon="-73.008856"><ele>589.8</ele><time>2026-09-18T16:22:31Z</time></rtept><rtept lat="43.159074" lon="-73.008977"><ele>587.0</ele><time>2026-09-18T16:22:31Z</time></rtept><rtept lat="43.159135" lon="-73.009049"><ele>586.6</ele><time>2026-09-18T16:22:31Z</time></rtept><rtept lat="43.159269" lon="-73.009196"><ele>587.4</ele><time>2026-09-18T16:22:31Z</time></rtept><rtept lat="43.159407" lon="-73.009334"><ele>586.0</ele><time>2026-09-18T16:22:31Z</time></rtept><rtept lat="43.159486" lon="-73.009414"><ele>585.0</ele><time>2026-09-18T16:22:31Z</time></rtept><rtept lat="43.159486" lon="-73.009414"><ele>585.0</ele><time>2026-09-18T16:22:31Z</time></rtept><rtept lat="43.159732" lon="-73.009666"><ele>580.0</ele><time>2026-09-18T16:22:31Z</time></rtept><rtept lat="43.159941" lon="-73.00988"><ele>571.8</ele><time>2026-09-18T16:22:31Z</time></rtept><rtept lat="43.160072" lon="-73.009983"><ele>569.6</ele><time>2026-09-18T16:22:31Z</time></rtept><rtept lat="43.160166" lon="-73.010035"><ele>568.2</ele><time>2026-09-18T16:22:31Z</time></rtept><rtept lat="43.160255" lon="-73.010078"><ele>566.0</ele><time>2026-09-18T16:22:31Z</time></rtept><rtept lat="43.160315" lon="-73.010117"><ele>565.4</ele><time>2026-09-18T16:22:31Z</time></rtept><rtept lat="43.160366" lon="-73.010178"><ele>564.0</ele><time>2026-09-18T16:22:31Z</time></rtept><rtept lat="43.1604" lon="-73.010227"><ele>564.0</ele><time>2026-09-18T16:22:31Z</time></rtept><rtept lat="43.160438" lon="-73.010296"><ele>562.4</ele><time>2026-09-18T16:22:31Z</time></rtept><rtept lat="43.160455" lon="-73.010356"><ele>561.4</ele><time>2026-09-18T16:22:31Z</time></rtept><rtept lat="43.160472" lon="-73.010438"><ele>560.2</ele><time>2026-09-18T16:22:31Z</time></rtept><rtept lat="43.160484" lon="-73.010574"><ele>558.8</ele><time>2026-09-18T16:22:31Z</time></rtept><rtept lat="43.160493" lon="-73.010722"><ele>555.2</ele><time>2026-09-18T16:22:31Z</time></rtept><rtept lat="43.160506" lon="-73.010791"><ele>554.2</ele><time>2026-09-18T16:22:31Z</time></rtept><rtept lat="43.160587" lon="-73.010967"><ele>552.6</ele><time>2026-09-18T16:22:31Z</time></rtept><rtept lat="43.160619" lon="-73.011054"><ele>551.6</ele><time>2026-09-18T16:22:31Z</time></rtept><rtept lat="43.160658" lon="-73.011217"><ele>550.4</ele><time>2026-09-18T16:22:31Z</time></rtept><rtept lat="43.16068" lon="-73.011337"><ele>549.4</ele><time>2026-09-18T16:22:31Z</time></rtept><rtept lat="43.160702" lon="-73.0115"><ele>547.6</ele><time>2026-09-18T16:22:31Z</time></rtept><rtept lat="43.160767" lon="-73.011914"><ele>541.0</ele><time>2026-09-18T16:22:31Z</time></rtept><rtept lat="43.160785" lon="-73.012028"><ele>539.8</ele><time>2026-09-18T16:22:31Z</time></rtept><rtept lat="43.160814" lon="-73.012086"><ele>538.2</ele><time>2026-09-18T16:22:31Z</time></rtept><rtept lat="43.160815" lon="-73.012086"><ele>538.2</ele><time>2026-09-18T16:22:31Z</time></rtept><rtept lat="43.160846" lon="-73.012119"><ele>538.2</ele><time>2026-09-18T16:22:31Z</time></rtept><rtept lat="43.160966" lon="-73.012206"><ele>536.0</ele><time>2026-09-18T16:22:31Z</time></rtept><rtept lat="43.161029" lon="-73.012253"><ele>534.2</ele><time>2026-09-18T16:22:31Z</time></rtept><rtept lat="43.161155" lon="-73.012297"><ele>533.0</ele><time>2026-09-18T16:22:31Z</time></rtept><rtept lat="43.161303" lon="-73.012338"><ele>530.2</ele><time>2026-09-18T16:22:31Z</time></rtept><rtept lat="43.161404" lon="-73.012361"><ele>528.4</ele><time>2026-09-18T16:22:31Z</time></rtept><rtept lat="43.161707" lon="-73.012401"><ele>523.4</ele><time>2026-09-18T16:22:31Z</time></rtept><rtept lat="43.161867" lon="-73.012404"><ele>522.0</ele><time>2026-09-18T16:22:31Z</time></rtept><rtept lat="43.162055" lon="-73.012395"><ele>518.6</ele><time>2026-09-18T16:22:31Z</time></rtept><rtept lat="43.162339" lon="-73.012372"><ele>515.6</ele><time>2026-09-18T16:22:31Z</time></rtept><rtept lat="43.162491" lon="-73.012349"><ele>513.4</ele><time>2026-09-18T16:22:31Z</time></rtept><rtept lat="43.162661" lon="-73.012312"><ele>511.2</ele><time>2026-09-18T16:22:31Z</time></rtept><rtept lat="43.16297" lon="-73.012226"><ele>507.4</ele><time>2026-09-18T16:22:31Z</time></rtept><rtept lat="43.163257" lon="-73.012142"><ele>503.4</ele><time>2026-09-18T16:22:31Z</time></rtept><rtept lat="43.163667" lon="-73.011993"><ele>498.8</ele><time>2026-09-18T16:22:31Z</time></rtept><rtept lat="43.163888" lon="-73.011917"><ele>496.2</ele><time>2026-09-18T16:22:31Z</time></rtept><rtept lat="43.163996" lon="-73.011879"><ele>494.4</ele><time>2026-09-18T16:22:31Z</time></rtept><rtept lat="43.164066" lon="-73.011845"><ele>493.2</ele><time>2026-09-18T16:22:31Z</time></rtept><rtept lat="43.164138" lon="-73.01179"><ele>492.4</ele><time>2026-09-18T16:22:31Z</time></rtept><rtept lat="43.164672" lon="-73.011335"><ele>485.4</ele><time>2026-09-18T16:22:31Z</time></rtept><rtept lat="43.164769" lon="-73.01125"><ele>483.4</ele><time>2026-09-18T16:22:31Z</time></rtept><rtept lat="43.164886" lon="-73.01114"><ele>481.0</ele><time>2026-09-18T16:22:31Z</time></rtept><rtept lat="43.164964" lon="-73.011059"><ele>479.6</ele><time>2026-09-18T16:22:31Z</time></rtept><rtept lat="43.16502" lon="-73.01098"><ele>478.0</ele><time>2026-09-18T16:22:31Z</time></rtept><rtept lat="43.165096" lon="-73.01086"><ele>476.6</ele><time>2026-09-18T16:22:31Z</time></rtept><rtept lat="43.165144" lon="-73.010798"><ele>475.6</ele><time>2026-09-18T16:22:31Z</time></rtept><rtept lat="43.165198" lon="-73.010758"><ele>475.4</ele><time>2026-09-18T16:22:31Z</time></rtept><rtept lat="43.165255" lon="-73.010744"><ele>474.2</ele><time>2026-09-18T16:22:31Z</time></rtept><rtept lat="43.165322" lon="-73.010749"><ele>473.0</ele><time>2026-09-18T16:22:31Z</time></rtept><rtept lat="43.165385" lon="-73.010743"><ele>471.6</ele><time>2026-09-18T16:22:31Z</time></rtept><rtept lat="43.165491" lon="-73.010696"><ele>470.2</ele><time>2026-09-18T16:22:31Z</time></rtept><rtept lat="43.165793" lon="-73.010596"><ele>461.6</ele><time>2026-09-18T16:22:31Z</time></rtept><rtept lat="43.16607" lon="-73.010523"><ele>454.4</ele><time>2026-09-18T16:22:31Z</time></rtept><rtept lat="43.166254" lon="-73.010471"><ele>452.6</ele><time>2026-09-18T16:22:31Z</time></rtept><rtept lat="43.166385" lon="-73.010447"><ele>450.8</ele><time>2026-09-18T16:22:31Z</time></rtept><rtept lat="43.166541" lon="-73.010441"><ele>448.8</ele><time>2026-09-18T16:22:31Z</time></rtept><rtept lat="43.166612" lon="-73.010457"><ele>447.6</ele><time>2026-09-18T16:22:31Z</time></rtept><rtept lat="43.166739" lon="-73.010499"><ele>445.8</ele><time>2026-09-18T16:22:31Z</time></rtept><rtept lat="43.166843" lon="-73.010548"><ele>443.4</ele><time>2026-09-18T16:22:31Z</time></rtept><rtept lat="43.166949" lon="-73.010636"><ele>440.8</ele><time>2026-09-18T16:22:31Z</time></rtept><rtept lat="43.167019" lon="-73.010703"><ele>439.4</ele><time>2026-09-18T16:22:31Z</time></rtept><rtept lat="43.167098" lon="-73.010752"><ele>438.4</ele><time>2026-09-18T16:22:31Z</time></rtept><rtept lat="43.167221" lon="-73.010792"><ele>435.6</ele><time>2026-09-18T16:22:31Z</time></rtept><rtept lat="43.167367" lon="-73.01083"><ele>433.8</ele><time>2026-09-18T16:22:31Z</time></rtept><rtept lat="43.167513" lon="-73.010863"><ele>429.8</ele><time>2026-09-18T16:22:31Z</time></rtept><rtept lat="43.167717" lon="-73.010884"><ele>426.4</ele><time>2026-09-18T16:22:31Z</time></rtept><rtept lat="43.167929" lon="-73.010895"><ele>422.0</ele><time>2026-09-18T16:22:31Z</time></rtept><rtept lat="43.168006" lon="-73.010887"><ele>419.8</ele><time>2026-09-18T16:22:31Z</time></rtept><rtept lat="43.168116" lon="-73.010854"><ele>418.4</ele><time>2026-09-18T16:22:31Z</time></rtept><rtept lat="43.168225" lon="-73.01079"><ele>415.6</ele><time>2026-09-18T16:22:31Z</time></rtept><rtept lat="43.168333" lon="-73.010752"><ele>413.0</ele><time>2026-09-18T16:22:31Z</time></rtept><rtept lat="43.168524" lon="-73.010657"><ele>409.6</ele><time>2026-09-18T16:22:31Z</time></rtept><rtept lat="43.168589" lon="-73.010638"><ele>408.2</ele><time>2026-09-18T16:22:31Z</time></rtept><rtept lat="43.168794" lon="-73.010624"><ele>402.4</ele><time>2026-09-18T16:22:31Z</time></rtept><rtept lat="43.168887" lon="-73.010623"><ele>398.0</ele><time>2026-09-18T16:22:31Z</time></rtept><rtept lat="43.168946" lon="-73.010606"><ele>396.0</ele><time>2026-09-18T16:22:31Z</time></rtept><rtept lat="43.169004" lon="-73.010582"><ele>395.8</ele><time>2026-09-18T16:22:31Z</time></rtept><rtept lat="43.169144" lon="-73.010517"><ele>391.6</ele><time>2026-09-18T16:22:31Z</time></rtept><rtept lat="43.169244" lon="-73.010472"><ele>391.6</ele><time>2026-09-18T16:22:31Z</time></rtept><rtept lat="43.169295" lon="-73.010457"><ele>389.8</ele><time>2026-09-18T16:22:31Z</time></rtept><rtept lat="43.169369" lon="-73.01046"><ele>388.0</ele><time>2026-09-18T16:22:31Z</time></rtept><rtept lat="43.169426" lon="-73.010477"><ele>386.4</ele><time>2026-09-18T16:22:31Z</time></rtept><rtept lat="43.169529" lon="-73.010501"><ele>383.4</ele><time>2026-09-18T16:22:31Z</time></rtept><rtept lat="43.169645" lon="-73.010512"><ele>379.4</ele><time>2026-09-18T16:22:31Z</time></rtept><rtept lat="43.169714" lon="-73.01051"><ele>378.6</ele><time>2026-09-18T16:22:31Z</time></rtept><rtept lat="43.169762" lon="-73.010527"><ele>378.0</ele><time>2026-09-18T16:22:31Z</time></rtept><rtept lat="43.169829" lon="-73.010592"><ele>376.2</ele><time>2026-09-18T16:22:31Z</time></rtept><rtept lat="43.169905" lon="-73.010635"><ele>375.6</ele><time>2026-09-18T16:22:31Z</time></rtept><rtept lat="43.169977" lon="-73.010668"><ele>375.0</ele><time>2026-09-18T16:22:31Z</time></rtept><rtept lat="43.170064" lon="-73.010679"><ele>372.2</ele><time>2026-09-18T16:22:31Z</time></rtept><rtept lat="43.170158" lon="-73.010668"><ele>372.8</ele><time>2026-09-18T16:22:31Z</time></rtept><rtept lat="43.170316" lon="-73.010622"><ele>370.6</ele><time>2026-09-18T16:22:31Z</time></rtept><rtept lat="43.170428" lon="-73.010602"><ele>367.8</ele><time>2026-09-18T16:22:31Z</time></rtept><rtept lat="43.170593" lon="-73.010599"><ele>364.0</ele><time>2026-09-18T16:22:31Z</time></rtept><rtept lat="43.170643" lon="-73.010604"><ele>362.4</ele><time>2026-09-18T16:22:31Z</time></rtept><rtept lat="43.170736" lon="-73.010627"><ele>360.8</ele><time>2026-09-18T16:22:31Z</time></rtept><rtept lat="43.170851" lon="-73.0107"><ele>355.8</ele><time>2026-09-18T16:22:31Z</time></rtept><rtept lat="43.17094" lon="-73.010727"><ele>355.0</ele><time>2026-09-18T16:22:31Z</time></rtept><rtept lat="43.171039" lon="-73.010741"><ele>354.0</ele><time>2026-09-18T16:22:31Z</time></rtept><rtept lat="43.171127" lon="-73.010719"><ele>353.4</ele><time>2026-09-18T16:22:31Z</time></rtept><rtept lat="43.171227" lon="-73.010693"><ele>352.0</ele><time>2026-09-18T16:22:31Z</time></rtept><rtept lat="43.171362" lon="-73.010657"><ele>353.0</ele><time>2026-09-18T16:22:31Z</time></rtept><rtept lat="43.171543" lon="-73.01061"><ele>350.2</ele><time>2026-09-18T16:22:31Z</time></rtept><rtept lat="43.171631" lon="-73.010603"><ele>349.4</ele><time>2026-09-18T16:22:31Z</time></rtept><rtept lat="43.17194" lon="-73.0106"><ele>345.4</ele><time>2026-09-18T16:22:31Z</time></rtept><rtept lat="43.172148" lon="-73.010609"><ele>343.8</ele><time>2026-09-18T16:22:31Z</time></rtept><rtept lat="43.172285" lon="-73.010589"><ele>343.0</ele><time>2026-09-18T16:22:31Z</time></rtept><rtept lat="43.172398" lon="-73.010577"><ele>343.8</ele><time>2026-09-18T16:22:31Z</time></rtept><rtept lat="43.172476" lon="-73.010578"><ele>343.4</ele><time>2026-09-18T16:22:31Z</time></rtept><rtept lat="43.172541" lon="-73.010589"><ele>341.4</ele><time>2026-09-18T16:22:31Z</time></rtept><rtept lat="43.172607" lon="-73.010613"><ele>340.8</ele><time>2026-09-18T16:22:31Z</time></rtept><rtept lat="43.172662" lon="-73.010649"><ele>340.0</ele><time>2026-09-18T16:22:31Z</time></rtept><rtept lat="43.172731" lon="-73.010733"><ele>337.0</ele><time>2026-09-18T16:22:31Z</time></rtept><rtept lat="43.172768" lon="-73.010816"><ele>334.4</ele><time>2026-09-18T16:22:31Z</time></rtept><rtept lat="43.172797" lon="-73.010953"><ele>332.0</ele><time>2026-09-18T16:22:31Z</time></rtept><rtept lat="43.172803" lon="-73.011046"><ele>330.8</ele><time>2026-09-18T16:22:31Z</time></rtept><rtept lat="43.1728" lon="-73.011168"><ele>329.6</ele><time>2026-09-18T16:22:31Z</time></rtept><rtept lat="43.172787" lon="-73.011255"><ele>328.4</ele><time>2026-09-18T16:22:31Z</time></rtept><rtept lat="43.172781" lon="-73.011283"><ele>327.4</ele><time>2026-09-18T16:22:31Z</time></rtept><rtept lat="43.172781" lon="-73.011283"><ele>327.4</ele><time>2026-09-18T16:22:31Z</time></rtept><rtept lat="43.172755" lon="-73.011402"><ele>326.8</ele><time>2026-09-18T16:22:31Z</time></rtept><rtept lat="43.172707" lon="-73.011515"><ele>325.8</ele><time>2026-09-18T16:22:31Z</time></rtept><rtept lat="43.17264" lon="-73.011658"><ele>324.2</ele><time>2026-09-18T16:22:31Z</time></rtept><rtept lat="43.172571" lon="-73.011754"><ele>323.0</ele><time>2026-09-18T16:22:31Z</time></rtept><rtept lat="43.172371" lon="-73.012078"><ele>319.8</ele><time>2026-09-18T16:22:31Z</time></rtept></rte></gpx>